
  EPA STORM WATER MANAGEMENT MODEL - VERSION 5.2 (Build 5.2.4)
  PYSWMM TOOLKIT API - VERSION v1.0 (2026-02-26)
  ------------------------------------------------------------

  Gravity-consistent road-derived conceptual drainage network 
  
  ****************
  Analysis Options
  ****************
  Flow Units ............... CMS
  Process Models:
    Rainfall/Runoff ........ NO
    RDII ................... NO
    Snowmelt ............... NO
    Groundwater ............ NO
    Flow Routing ........... YES
    Ponding Allowed ........ NO
    Water Quality .......... NO
  Flow Routing Method ...... DYNWAVE
  Surcharge Method ......... SLOT
  Starting Date ............ 01/01/2026 00:00:00
  Ending Date .............. 01/01/2026 06:00:00
  Antecedent Dry Days ...... 0.0
  Report Time Step ......... 00:05:00
  Routing Time Step ........ 0.50 sec
  Variable Time Step ....... YES
  Maximum Trials ........... 50
  Number of Threads ........ 1
  Head Tolerance ........... 0.001500 m
  
  
  **************************        Volume        Volume
  Flow Routing Continuity        hectare-m      10^6 ltr
  **************************     ---------     ---------
  Dry Weather Inflow .......         0.000         0.000
  Wet Weather Inflow .......         0.000         0.000
  Groundwater Inflow .......         0.000         0.000
  RDII Inflow ..............         0.000         0.000
  External Inflow ..........        85.657       856.583
  External Outflow .........        84.004       840.049
  Flooding Loss ............         0.000         0.000
  Evaporation Loss .........         0.000         0.000
  Exfiltration Loss ........         0.000         0.000
  Initial Stored Volume ....         0.000         0.001
  Final Stored Volume ......         1.705        17.053
  Continuity Error (%) .....        -0.060
  
  
  *************************
  Highest Continuity Errors
  *************************
  Node N01520 (59.89%)
  Node N01757 (44.33%)
  Node N00184 (36.57%)
  Node N01012 (28.06%)
  Node N01629 (27.09%)
  
  
  ***************************
  Time-Step Critical Elements
  ***************************
  Link G01434 (5.33%)
  Link O00098 (4.53%)
  Link O00181 (4.22%)
  Link O00069 (2.81%)
  Link G01781 (2.40%)
  
  
  ********************************
  Highest Flow Instability Indexes
  ********************************
  Link G00253 (22)
  Link G01587 (20)
  Link G00227 (16)
  Link O00106 (15)
  Link G01810 (15)
  
  
  *********************************
  Most Frequent Nonconverging Nodes
  *********************************
  Node N01812 (0.02%)
  Node OUT01 (0.02%)
  Node OUT02 (0.02%)
  Node OUT03 (0.02%)
  Node OUT04 (0.02%)
  
  
  *************************
  Routing Time Step Summary
  *************************
  Minimum Time Step           :     0.05 sec
  Average Time Step           :     0.35 sec
  Maximum Time Step           :     0.50 sec
  % of Time in Steady State   :     0.00
  Average Iterations per Step :     2.06
  % of Steps Not Converging   :     0.02
  Time Step Frequencies       :
      0.500 -  0.315 sec      :    61.87 %
      0.315 -  0.199 sec      :    14.40 %
      0.199 -  0.126 sec      :     9.91 %
      0.126 -  0.079 sec      :     8.32 %
      0.079 -  0.050 sec      :     5.50 %
  
  
  ******************
  Node Depth Summary
  ******************
  
  ---------------------------------------------------------------------------------
                                 Average  Maximum  Maximum  Time of Max    Reported
                                   Depth    Depth      HGL   Occurrence   Max Depth
  Node                 Type       Meters   Meters   Meters  days hr:min      Meters
  ---------------------------------------------------------------------------------
  N00628               JUNCTION     0.00     0.00     8.05     0  01:35        0.00
  N01956               JUNCTION     0.00     0.01     7.13     0  01:00        0.00
  N02258               JUNCTION     0.20     0.75    18.10     0  01:43        0.00
  N00669               JUNCTION     0.01     0.01    31.79     0  01:40        0.00
  N01249               JUNCTION     0.37     0.57     2.82     0  02:04        0.00
  N02568               JUNCTION     0.49     0.91    20.34     0  03:36        0.00
  N00585               JUNCTION     0.01     0.03    21.66     0  01:37        0.00
  N01724               JUNCTION     0.13     0.46     5.50     0  02:09        0.00
  N00510               JUNCTION     0.23     0.83    16.80     0  02:08        0.00
  N00387               JUNCTION     0.07     0.18     4.13     0  01:40        0.00
  N00356               JUNCTION     0.04     0.09     5.75     0  01:40        0.00
  N02092               JUNCTION     0.03     0.08    26.73     0  01:40        0.00
  N01145               JUNCTION     0.00     0.00    41.46     0  01:00        0.00
  N01689               JUNCTION     0.01     0.03     5.04     0  01:00        0.00
  N01047               JUNCTION     0.06     0.13    26.48     0  01:41        0.00
  N00695               JUNCTION     0.05     0.12    27.22     0  01:39        0.00
  N00385               JUNCTION     0.25     0.44     4.45     0  02:04        0.00
  N02472               JUNCTION     0.82     1.16     6.62     0  01:56        0.00
  N00184               JUNCTION     0.72     1.01     4.79     0  03:12        0.00
  N02647               JUNCTION     0.18     0.35    12.13     0  02:02        0.00
  N01011               JUNCTION     0.09     0.19    20.13     0  01:40        0.00
  N00197               JUNCTION     0.03     0.13     3.82     0  02:04        0.00
  N02319               JUNCTION     0.12     0.22     4.23     0  01:41        0.00
  N02652               JUNCTION     0.24     0.36    11.61     0  01:43        0.00
  N00373               JUNCTION     0.02     0.06     2.82     0  01:41        0.00
  N00825               JUNCTION     0.01     0.03     7.55     0  01:40        0.00
  N02538               JUNCTION     0.00     0.00    41.10     0  01:35        0.00
  N00714               JUNCTION     0.12     0.20    24.94     0  01:40        0.00
  N02661               JUNCTION     0.10     0.21     9.08     0  02:05        0.00
  N02078               JUNCTION     0.07     0.14    14.28     0  02:00        0.00
  N01009               JUNCTION     0.16     0.31    19.82     0  02:24        0.00
  N01264               JUNCTION     0.08     0.18    19.42     0  01:40        0.00
  N02021               JUNCTION     0.02     0.04    12.54     0  01:58        0.00
  N02307               JUNCTION     0.02     0.05    43.60     0  01:40        0.00
  N00303               JUNCTION     0.01     0.03     6.80     0  01:36        0.00
  N01498               JUNCTION     0.00     0.01     8.41     0  01:35        0.00
  N01077               JUNCTION     0.00     0.02    10.12     0  01:00        0.00
  N00856               JUNCTION     0.05     0.14    13.13     0  01:43        0.00
  N02146               JUNCTION     0.00     0.01     7.93     0  01:35        0.00
  N00210               JUNCTION     0.00     0.01     8.94     0  01:00        0.00
  N01821               JUNCTION     0.00     0.01    13.62     0  01:34        0.00
  N02392               JUNCTION     0.29     0.57     5.85     0  01:44        0.00
  N01053               JUNCTION     0.01     0.03    40.28     0  01:40        0.00
  N01787               JUNCTION     0.00     0.01     6.30     0  01:01        0.00
  N01939               JUNCTION     0.01     0.03    20.27     0  01:40        0.00
  N02261               JUNCTION     0.46     1.22    18.03     0  01:43        0.00
  N00163               JUNCTION     0.00     0.01    10.93     0  01:00        0.00
  N00096               JUNCTION     0.39     1.01     4.86     0  01:40        0.00
  N00010               JUNCTION     0.33     0.55     8.25     0  02:08        0.00
  N01601               JUNCTION     0.03     0.06    47.27     0  01:40        0.00
  N02811               JUNCTION     0.00     0.00     8.28     0  01:00        0.00
  N00769               JUNCTION     0.08     0.21    17.43     0  01:41        0.00
  N00206               JUNCTION     0.28     0.50     6.64     0  01:48        0.00
  N01850               JUNCTION     0.01     0.04     9.56     0  01:40        0.00
  N02503               JUNCTION     0.06     0.15    20.57     0  01:41        0.00
  N00668               JUNCTION     0.01     0.03    26.83     0  01:37        0.00
  N02604               JUNCTION     0.00     0.00     6.30     0  01:00        0.00
  N02141               JUNCTION     0.71     1.07     6.65     0  01:55        0.00
  N00651               JUNCTION     0.19     0.27     2.92     0  02:44        0.00
  N02785               JUNCTION     0.12     0.32    10.20     0  01:42        0.00
  N01121               JUNCTION     0.01     0.04     8.49     0  01:00        0.00
  N02671               JUNCTION     0.01     0.03    11.17     0  01:00        0.00
  N02818               JUNCTION     0.29     0.63     4.72     0  02:00        0.00
  N01856               JUNCTION     0.35     0.60     6.58     0  02:04        0.00
  N00697               JUNCTION     0.00     0.01    16.75     0  01:00        0.00
  N01343               JUNCTION     0.91     1.18     4.81     0  01:54        0.00
  N02016               JUNCTION     0.05     0.08    13.43     0  02:41        0.00
  N02312               JUNCTION     0.00     0.00     8.44     0  00:59        0.00
  N00361               JUNCTION     0.00     0.00     8.71     0  01:00        0.00
  N01786               JUNCTION     0.00     0.01     6.17     0  01:00        0.00
  N01733               JUNCTION     0.08     0.32     5.50     0  02:08        0.00
  N00094               JUNCTION     0.26     0.54     6.68     0  01:41        0.00
  N01581               JUNCTION     0.00     0.01    15.55     0  01:00        0.00
  N02607               JUNCTION     0.01     0.02     5.91     0  01:40        0.00
  N01166               JUNCTION     0.00     0.01    22.16     0  01:00        0.00
  N00947               JUNCTION     0.00     0.01    45.80     0  01:40        0.00
  N02656               JUNCTION     0.21     0.40    12.12     0  02:03        0.00
  N01752               JUNCTION     0.00     0.01     5.98     0  01:35        0.00
  N01537               JUNCTION     0.05     0.12     5.00     0  01:38        0.00
  N01823               JUNCTION     0.00     0.01    17.93     0  01:00        0.00
  N00485               JUNCTION     0.46     0.96    16.54     0  02:10        0.00
  N01477               JUNCTION     0.00     0.01     4.90     0  01:35        0.00
  N01924               JUNCTION     0.10     0.21     9.50     0  01:41        0.00
  N00691               JUNCTION     0.17     0.41    21.46     0  01:42        0.00
  N00990               JUNCTION     0.00     0.01    23.80     0  01:00        0.00
  N01024               JUNCTION     0.01     0.03    27.57     0  01:00        0.00
  N01826               JUNCTION     0.05     0.15     9.22     0  02:08        0.00
  N00034               JUNCTION     0.00     0.02    21.90     0  01:00        0.00
  N00070               JUNCTION     0.04     0.07     4.65     0  02:44        0.00
  N02231               JUNCTION     0.01     0.04    24.23     0  01:00        0.00
  N01753               JUNCTION     0.07     0.20     4.58     0  01:39        0.00
  N00917               JUNCTION     0.00     0.01    18.74     0  01:00        0.00
  N02123               JUNCTION     0.22     0.34    10.16     0  02:04        0.00
  N00304               JUNCTION     1.22     1.64     7.18     0  02:28        0.00
  N01271               JUNCTION     0.57     1.34     5.54     0  02:06        0.00
  N02100               JUNCTION     0.29     0.56    32.03     0  01:40        0.00
  N01208               JUNCTION     0.01     0.02     6.10     0  01:40        0.00
  N02147               JUNCTION     1.30     1.84     7.29     0  01:55        0.00
  N01512               JUNCTION     0.00     0.02    19.77     0  01:00        0.00
  N01935               JUNCTION     0.09     0.21    20.33     0  01:40        0.00
  N01060               JUNCTION     0.02     0.07    39.84     0  01:40        0.00
  N00612               JUNCTION     0.03     0.09    25.52     0  01:40        0.00
  N02706               JUNCTION     0.00     0.01     5.66     0  01:00        0.00
  N02057               JUNCTION     0.08     0.18    12.04     0  01:41        0.00
  N02130               JUNCTION     0.28     0.51     6.04     0  02:09        0.00
  N02088               JUNCTION     0.76     1.16     4.14     0  02:06        0.00
  N00399               JUNCTION     0.21     0.38     4.41     0  02:06        0.00
  N00164               JUNCTION     0.08     0.20    20.16     0  01:42        0.00
  N00353               JUNCTION     0.00     0.01     7.09     0  01:00        0.00
  N02461               JUNCTION     0.69     0.97    13.99     0  02:21        0.00
  N00203               JUNCTION     0.18     0.52     8.16     0  02:10        0.00
  N01904               JUNCTION     0.02     0.06    15.33     0  01:40        0.00
  N00998               JUNCTION     0.09     0.20    21.06     0  01:42        0.00
  N02256               JUNCTION     0.00     0.01    25.62     0  01:00        0.00
  N00852               JUNCTION     0.01     0.02    21.24     0  01:01        0.00
  N02437               JUNCTION     0.07     0.18    18.10     0  01:40        0.00
  N00810               JUNCTION     0.16     0.41     5.85     0  01:42        0.00
  N01629               JUNCTION     0.66     0.94     3.74     0  02:03        0.00
  N00934               JUNCTION     0.22     0.33     3.06     0  02:43        0.00
  N02485               JUNCTION     0.56     0.90     4.52     0  02:23        0.00
  N01491               JUNCTION     0.00     0.02     5.32     0  01:00        0.00
  N02821               JUNCTION     0.01     0.04    14.72     0  01:02        0.00
  N02000               JUNCTION     0.11     0.23    10.20     0  01:41        0.00
  N00631               JUNCTION     0.00     0.01     3.16     0  01:00        0.00
  N00931               JUNCTION     0.00     0.01    43.25     0  01:00        0.00
  N02531               JUNCTION     0.02     0.04    39.47     0  01:40        0.00
  N00908               JUNCTION     0.01     0.02     6.73     0  01:35        0.00
  N00377               JUNCTION     0.01     0.02     4.72     0  01:37        0.00
  N01080               JUNCTION     0.08     0.16     4.06     0  01:41        0.00
  N01854               JUNCTION     0.12     0.33     8.04     0  01:42        0.00
  N00225               JUNCTION     0.06     0.13     9.99     0  01:40        0.00
  N01075               JUNCTION     0.02     0.04    14.06     0  01:40        0.00
  N00221               JUNCTION     0.64     1.40     5.50     0  02:06        0.00
  N02454               JUNCTION     0.34     0.81     6.45     0  03:40        0.00
  N01062               JUNCTION     0.18     0.61    20.95     0  01:45        0.00
  N02044               JUNCTION     0.04     0.11    17.41     0  01:40        0.00
  N01902               JUNCTION     0.00     0.01    14.13     0  01:00        0.00
  N01393               JUNCTION     0.00     0.01     8.17     0  01:00        0.00
  N02052               JUNCTION     0.12     0.37    21.54     0  01:41        0.00
  N02705               JUNCTION     0.78     1.28     5.35     0  02:41        0.00
  N02212               JUNCTION     0.01     0.09     6.46     0  02:41        0.00
  N01665               JUNCTION     0.01     0.02    12.10     0  01:40        0.00
  N01609               JUNCTION     0.02     0.04     3.90     0  01:41        0.00
  N02842               JUNCTION     0.43     0.79     3.18     0  02:43        0.00
  N00398               JUNCTION     0.03     0.09     4.58     0  01:40        0.00
  N00814               JUNCTION     0.28     0.89     5.51     0  02:07        0.00
  N00132               JUNCTION     0.00     0.01     4.67     0  01:00        0.00
  N01578               JUNCTION     0.01     0.03     6.33     0  01:40        0.00
  N01212               JUNCTION     0.00     0.01    33.48     0  01:35        0.00
  N00246               JUNCTION     0.00     0.01     7.34     0  01:00        0.00
  N02093               JUNCTION     0.04     0.11    26.71     0  01:40        0.00
  N01331               JUNCTION     0.54     0.96    15.30     0  02:45        0.00
  N01734               JUNCTION     0.14     0.45     5.50     0  02:09        0.00
  N00188               JUNCTION     0.00     0.01     7.73     0  01:40        0.00
  N00195               JUNCTION     0.06     0.14     6.04     0  01:42        0.00
  N00220               JUNCTION     0.03     0.06    10.94     0  01:42        0.00
  N00292               JUNCTION     0.00     0.00    12.47     0  00:58        0.00
  N01916               JUNCTION     0.06     0.16    12.16     0  02:03        0.00
  N01089               JUNCTION     0.15     0.34    38.51     0  01:40        0.00
  N01372               JUNCTION     0.05     0.10    14.57     0  02:04        0.00
  N01484               JUNCTION     0.01     0.01    10.63     0  01:40        0.00
  N00490               JUNCTION     0.28     0.75    16.54     0  02:28        0.00
  N01726               JUNCTION     0.15     0.31     5.28     0  02:08        0.00
  N02623               JUNCTION     0.98     1.22     4.77     0  02:39        0.00
  N02094               JUNCTION     0.03     0.11    26.93     0  01:40        0.00
  N01606               JUNCTION     0.01     0.02     4.94     0  01:37        0.00
  N01667               JUNCTION     0.58     0.78    11.67     0  02:05        0.00
  N00569               JUNCTION     0.00     0.02    22.10     0  01:02        0.00
  N00241               JUNCTION     0.31     0.50     5.33     0  02:09        0.00
  N01572               JUNCTION     0.24     0.42     4.86     0  02:09        0.00
  N00056               JUNCTION     0.02     0.04    13.47     0  01:40        0.00
  N00617               JUNCTION     0.06     0.15    35.63     0  01:40        0.00
  N00156               JUNCTION     0.16     0.40     9.76     0  01:43        0.00
  N00087               JUNCTION     0.00     0.01     3.17     0  01:00        0.00
  N01564               JUNCTION     0.07     0.13    19.61     0  01:40        0.00
  N02751               JUNCTION     0.03     0.05    44.66     0  01:41        0.00
  N01876               JUNCTION     0.81     1.07     6.06     0  02:26        0.00
  N01901               JUNCTION     0.08     0.19    10.15     0  01:41        0.00
  N01710               JUNCTION     0.81     1.19     6.14     0  03:40        0.00
  N00924               JUNCTION     0.02     0.04    27.24     0  01:40        0.00
  N02725               JUNCTION     0.26     0.63    12.41     0  02:01        0.00
  N00525               JUNCTION     0.00     0.01    19.82     0  01:35        0.00
  N01306               JUNCTION     0.02     0.06    25.73     0  01:39        0.00
  N02125               JUNCTION     0.00     0.01    15.30     0  01:00        0.00
  N01076               JUNCTION     0.04     0.13    12.16     0  02:00        0.00
  N00872               JUNCTION     0.41     0.96     4.04     0  02:08        0.00
  N00624               JUNCTION     0.00     0.00     9.15     0  01:00        0.00
  N01515               JUNCTION     0.36     0.59     8.25     0  02:09        0.00
  N02029               JUNCTION     0.01     0.02    18.67     0  01:39        0.00
  N01613               JUNCTION     0.16     0.26     2.79     0  01:40        0.00
  N00234               JUNCTION     0.00     0.01     3.06     0  01:38        0.00
  N00694               JUNCTION     0.04     0.09     8.67     0  01:02        0.00
  N00703               JUNCTION     0.06     0.11    17.11     0  01:41        0.00
  N01283               JUNCTION     0.00     0.01    45.14     0  01:00        0.00
  N02246               JUNCTION     0.01     0.04    22.85     0  01:40        0.00
  N01641               JUNCTION     0.26     0.46     2.83     0  02:05        0.00
  N02082               JUNCTION     1.21     1.51     4.61     0  02:05        0.00
  N02779               JUNCTION     0.03     0.07    17.03     0  01:40        0.00
  N00791               JUNCTION     0.01     0.03    44.60     0  01:00        0.00
  N01945               JUNCTION     0.01     0.02     5.22     0  01:00        0.00
  N01574               JUNCTION     0.33     0.50     5.40     0  02:09        0.00
  N01114               JUNCTION     0.56     1.00     7.76     0  02:31        0.00
  N00138               JUNCTION     0.00     0.01     3.95     0  01:00        0.00
  N01524               JUNCTION     0.01     0.03    18.68     0  01:40        0.00
  N00227               JUNCTION     0.00     0.01     5.69     0  01:37        0.00
  N01344               JUNCTION     0.88     1.30     4.76     0  02:41        0.00
  N01353               JUNCTION     0.03     0.05    46.48     0  01:41        0.00
  N01632               JUNCTION     0.01     0.10     3.64     0  01:42        0.00
  N01029               JUNCTION     0.09     0.26     4.38     0  01:42        0.00
  N00586               JUNCTION     0.01     0.02    21.91     0  01:35        0.00
  N02681               JUNCTION     0.05     0.10    13.53     0  02:00        0.00
  N01012               JUNCTION     0.20     0.28     3.63     0  03:36        0.00
  N01040               JUNCTION     0.00     0.01    31.42     0  01:00        0.00
  N01616               JUNCTION     0.00     0.01     3.32     0  01:38        0.00
  N02662               JUNCTION     0.14     0.29    11.68     0  02:03        0.00
  N02450               JUNCTION     0.02     0.03    12.83     0  01:40        0.00
  N01746               JUNCTION     0.03     0.07     5.24     0  01:40        0.00
  N02315               JUNCTION     0.11     0.18     4.74     0  02:03        0.00
  N00567               JUNCTION     0.05     0.13    21.54     0  01:38        0.00
  N00101               JUNCTION     0.29     0.66     5.29     0  02:42        0.00
  N01620               JUNCTION     0.02     0.05     4.67     0  01:37        0.00
  N01930               JUNCTION     0.27     0.49     9.17     0  02:04        0.00
  N02586               JUNCTION     0.31     0.52    16.54     0  01:48        0.00
  N02642               JUNCTION     0.48     1.28     8.81     0  01:43        0.00
  N00656               JUNCTION     0.05     0.09     3.14     0  03:11        0.00
  N01776               JUNCTION     0.33     0.51     5.40     0  02:09        0.00
  N02658               JUNCTION     0.01     0.03    11.15     0  01:37        0.00
  N01074               JUNCTION     0.00     0.01    14.69     0  01:00        0.00
  N00196               JUNCTION     0.68     1.03     3.83     0  02:06        0.00
  N01035               JUNCTION     0.02     0.07     5.63     0  01:40        0.00
  N01298               JUNCTION     0.01     0.02     5.40     0  01:00        0.00
  N00566               JUNCTION     0.02     0.04    11.43     0  02:45        0.00
  N00543               JUNCTION     0.69     0.94    13.94     0  02:21        0.00
  N00962               JUNCTION     0.37     0.71     4.64     0  01:57        0.00
  N01270               JUNCTION     0.73     1.19     5.27     0  02:42        0.00
  N00166               JUNCTION     0.12     0.30    20.10     0  01:43        0.00
  N01844               JUNCTION     0.00     0.01     9.93     0  01:00        0.00
  N02741               JUNCTION     0.00     0.01    18.72     0  01:35        0.00
  N02164               JUNCTION     0.14     0.34    11.18     0  01:41        0.00
  N02001               JUNCTION     0.11     0.23    10.21     0  01:41        0.00
  N00659               JUNCTION     0.06     0.14     3.86     0  01:40        0.00
  N01258               JUNCTION     0.01     0.04    23.60     0  01:40        0.00
  N00395               JUNCTION     0.08     0.13     5.09     0  01:41        0.00
  N00629               JUNCTION     0.15     0.22     2.89     0  02:00        0.00
  N00614               JUNCTION     0.03     0.07    26.75     0  01:42        0.00
  N01987               JUNCTION     0.03     0.08    13.69     0  01:41        0.00
  N00773               JUNCTION     0.00     0.01    30.85     0  01:00        0.00
  N02311               JUNCTION     0.59     1.03     4.79     0  02:03        0.00
  N02425               JUNCTION     0.02     0.05    21.60     0  01:40        0.00
  N02488               JUNCTION     0.04     0.06     3.61     0  03:30        0.00
  N01516               JUNCTION     0.07     0.22     8.25     0  02:09        0.00
  N02676               JUNCTION     0.10     0.22    13.10     0  02:01        0.00
  N02199               JUNCTION     0.07     0.14     5.41     0  01:43        0.00
  N01370               JUNCTION     0.51     1.21     9.06     0  01:43        0.00
  N02273               JUNCTION     0.01     0.02    40.17     0  01:40        0.00
  N02514               JUNCTION     1.02     1.56    17.50     0  02:44        0.00
  N01966               JUNCTION     0.00     0.01     8.34     0  01:00        0.00
  N01327               JUNCTION     0.11     0.20    18.19     0  01:44        0.00
  N01069               JUNCTION     0.50     0.91    17.44     0  02:32        0.00
  N01725               JUNCTION     0.00     0.00     8.01     0  02:52        0.00
  N01715               JUNCTION     0.34     0.56     5.52     0  02:07        0.00
  N02588               JUNCTION     0.02     0.05    21.59     0  01:00        0.00
  N00855               JUNCTION     0.64     0.86    13.78     0  01:49        0.00
  N01287               JUNCTION     0.98     1.52    12.40     0  03:08        0.00
  N02370               JUNCTION     0.09     0.21     3.44     0  01:37        0.00
  N01728               JUNCTION     0.46     0.90     5.49     0  02:11        0.00
  N01500               JUNCTION     0.01     0.03     4.87     0  01:37        0.00
  N01332               JUNCTION     0.00     0.00    47.69     0  02:48        0.00
  N02693               JUNCTION     0.04     0.09    23.84     0  01:40        0.00
  N01745               JUNCTION     0.01     0.04     4.52     0  01:38        0.00
  N00296               JUNCTION     0.01     0.04     9.01     0  01:00        0.00
  N01896               JUNCTION     0.03     0.08     9.76     0  01:01        0.00
  N01137               JUNCTION     0.02     0.03    19.44     0  01:00        0.00
  N01282               JUNCTION     0.00     0.01    40.67     0  01:00        0.00
  N01559               JUNCTION     0.47     0.91     5.50     0  02:12        0.00
  N02563               JUNCTION     0.00     0.01    27.15     0  01:00        0.00
  N01928               JUNCTION     0.84     1.35     4.88     0  02:31        0.00
  N00135               JUNCTION     0.00     0.01     4.81     0  01:00        0.00
  N01070               JUNCTION     0.08     0.17    11.00     0  01:57        0.00
  N02815               JUNCTION     0.26     0.41     5.23     0  02:05        0.00
  N01932               JUNCTION     0.23     0.56     7.40     0  02:13        0.00
  N02299               JUNCTION     0.29     0.46    20.37     0  02:08        0.00
  N02115               JUNCTION     0.07     0.17     7.61     0  01:42        0.00
  N01645               JUNCTION     0.05     0.12     6.53     0  01:41        0.00
  N00284               JUNCTION     0.37     0.91     6.16     0  02:02        0.00
  N01315               JUNCTION     0.01     0.02    15.51     0  01:40        0.00
  N02079               JUNCTION     0.01     0.03    14.45     0  01:40        0.00
  N00200               JUNCTION     0.55     0.89     7.18     0  03:14        0.00
  N02376               JUNCTION     0.04     0.09     3.47     0  02:09        0.00
  N00327               JUNCTION     0.31     0.68     4.51     0  01:48        0.00
  N00640               JUNCTION     0.00     0.01     3.22     0  01:00        0.00
  N01595               JUNCTION     0.00     0.01    21.82     0  01:00        0.00
  N01626               JUNCTION     0.04     0.09     3.92     0  01:41        0.00
  N01503               JUNCTION     0.01     0.01    28.61     0  01:41        0.00
  N01250               JUNCTION     0.00     0.01    47.81     0  01:35        0.00
  N02540               JUNCTION     0.02     0.05     4.59     0  01:40        0.00
  N00384               JUNCTION     0.26     0.45     4.41     0  02:05        0.00
  N02099               JUNCTION     0.02     0.04    32.08     0  01:37        0.00
  N01723               JUNCTION     0.05     0.12     5.54     0  01:40        0.00
  N00339               JUNCTION     0.17     0.31     4.39     0  01:43        0.00
  N00280               JUNCTION     1.19     1.59     7.11     0  03:37        0.00
  N01955               JUNCTION     0.44     0.80     4.76     0  02:44        0.00
  N01953               JUNCTION     0.98     1.51     5.32     0  02:41        0.00
  N02752               JUNCTION     0.00     0.00    47.96     0  01:00        0.00
  N02495               JUNCTION     0.50     0.70     2.17     0  02:45        0.00
  N01313               JUNCTION     0.01     0.04    19.43     0  01:40        0.00
  N02830               JUNCTION     0.14     0.27    22.37     0  01:44        0.00
  N02708               JUNCTION     0.29     0.53     4.84     0  01:53        0.00
  N00907               JUNCTION     0.71     0.98     4.12     0  02:42        0.00
  N01636               JUNCTION     0.29     0.49     2.82     0  02:04        0.00
  N00891               JUNCTION     0.19     0.27     4.25     0  01:44        0.00
  N00858               JUNCTION     0.24     0.41    13.80     0  01:28        0.00
  N00553               JUNCTION     0.00     0.01    30.01     0  01:00        0.00
  N00664               JUNCTION     0.00     0.01    36.30     0  01:00        0.00
  N02524               JUNCTION     0.04     0.13    24.77     0  01:38        0.00
  N01457               JUNCTION     0.18     0.35     4.87     0  03:42        0.00
  N01054               JUNCTION     0.01     0.03    37.56     0  01:40        0.00
  N02745               JUNCTION     0.05     0.11     2.96     0  01:40        0.00
  N02236               JUNCTION     0.00     0.01    28.79     0  01:00        0.00
  N01436               JUNCTION     0.02     0.07     7.35     0  01:39        0.00
  N02385               JUNCTION     0.44     0.63     2.75     0  02:10        0.00
  N00963               JUNCTION     0.71     1.58     5.29     0  02:08        0.00
  N02084               JUNCTION     0.77     0.98     4.27     0  01:55        0.00
  N02019               JUNCTION     0.02     0.04    21.04     0  01:37        0.00
  N00497               JUNCTION     0.09     0.35    16.54     0  02:16        0.00
  N02610               JUNCTION     0.04     0.10     4.36     0  01:42        0.00
  N02090               JUNCTION     0.80     1.04     3.93     0  02:06        0.00
  N00351               JUNCTION     0.17     0.35     6.04     0  03:37        0.00
  N00363               JUNCTION     0.00     0.01     6.93     0  01:00        0.00
  N01326               JUNCTION     0.03     0.09    17.75     0  01:00        0.00
  N02028               JUNCTION     0.04     0.11    19.34     0  01:40        0.00
  N00704               JUNCTION     0.04     0.06    16.73     0  01:42        0.00
  N01596               JUNCTION     0.10     0.31    19.40     0  01:44        0.00
  N02145               JUNCTION     1.06     1.52     7.25     0  02:39        0.00
  N01452               JUNCTION     0.52     0.97     5.49     0  02:09        0.00
  N01044               JUNCTION     0.02     0.05    42.73     0  01:39        0.00
  N01648               JUNCTION     0.39     0.62     8.24     0  02:09        0.00
  N01007               JUNCTION     0.22     0.42    18.48     0  01:43        0.00
  N01873               JUNCTION     0.61     0.82     4.53     0  02:41        0.00
  N02678               JUNCTION     0.08     0.17    10.44     0  01:40        0.00
  N01055               JUNCTION     0.01     0.02    34.77     0  01:42        0.00
  N02009               JUNCTION     0.01     0.02    10.89     0  01:40        0.00
  N01408               JUNCTION     0.10     0.28    15.17     0  01:41        0.00
  N00281               JUNCTION     1.25     1.75     7.20     0  03:30        0.00
  N00055               JUNCTION     0.01     0.01    13.33     0  01:36        0.00
  N01594               JUNCTION     0.01     0.03    21.41     0  01:38        0.00
  N00713               JUNCTION     0.01     0.04    33.93     0  01:35        0.00
  N02301               JUNCTION     0.00     0.01    36.31     0  01:00        0.00
  N01960               JUNCTION     0.01     0.03    23.11     0  01:00        0.00
  N00067               JUNCTION     0.19     0.40     8.25     0  02:09        0.00
  N01267               JUNCTION     0.00     0.01    16.59     0  01:00        0.00
  N02692               JUNCTION     0.25     0.62    22.06     0  01:43        0.00
  N00193               JUNCTION     0.63     1.32     5.10     0  02:11        0.00
  N00625               JUNCTION     0.00     0.01     6.59     0  01:00        0.00
  N02378               JUNCTION     0.00     0.01     6.16     0  01:35        0.00
  N00064               JUNCTION     0.01     0.05     8.01     0  02:06        0.00
  N02302               JUNCTION     0.00     0.01    45.14     0  01:37        0.00
  N00802               JUNCTION     0.00     0.01     7.24     0  01:00        0.00
  N00111               JUNCTION     0.03     0.11     3.41     0  02:10        0.00
  N01642               JUNCTION     0.00     0.01     3.10     0  01:00        0.00
  N01444               JUNCTION     0.00     0.00    14.07     0  01:00        0.00
  N01794               JUNCTION     0.62     1.04     9.32     0  01:44        0.00
  N00833               JUNCTION     0.13     0.19     2.75     0  01:41        0.00
  N01886               JUNCTION     0.45     1.03     6.10     0  02:00        0.00
  N02061               JUNCTION     0.00     0.01    20.80     0  01:00        0.00
  N02143               JUNCTION     0.02     0.11     5.26     0  02:12        0.00
  N01899               JUNCTION     0.00     0.01    10.36     0  01:00        0.00
  N00329               JUNCTION     0.36     0.61     4.25     0  02:41        0.00
  N00232               JUNCTION     0.00     0.01     3.19     0  01:00        0.00
  N00654               JUNCTION     0.09     0.13     2.78     0  02:04        0.00
  N02313               JUNCTION     0.00     0.00     9.22     0  00:59        0.00
  N02368               JUNCTION     0.11     0.22     3.47     0  02:09        0.00
  N01782               JUNCTION     0.31     0.50     5.38     0  02:06        0.00
  N01544               JUNCTION     0.08     0.22     3.83     0  02:08        0.00
  N00951               JUNCTION     0.01     0.01    40.07     0  01:40        0.00
  N00114               JUNCTION     0.15     0.32     6.68     0  02:00        0.00
  N02630               JUNCTION     0.05     0.11     7.31     0  01:41        0.00
  N00133               JUNCTION     0.00     0.01     4.97     0  01:00        0.00
  N00676               JUNCTION     0.51     0.71     4.53     0  02:14        0.00
  N02677               JUNCTION     0.10     0.27    10.41     0  01:40        0.00
  N01652               JUNCTION     0.07     0.14     7.06     0  01:42        0.00
  N00413               JUNCTION     0.01     0.02    19.61     0  01:00        0.00
  N02639               JUNCTION     0.05     0.13    11.95     0  01:41        0.00
  N00032               JUNCTION     0.01     0.03    22.13     0  01:37        0.00
  N01123               JUNCTION     0.20     0.32     4.93     0  02:07        0.00
  N02408               JUNCTION     0.01     0.01    21.90     0  01:00        0.00
  N00236               JUNCTION     0.03     0.07     2.78     0  01:40        0.00
  N01461               JUNCTION     0.20     0.43     9.46     0  01:45        0.00
  N00863               JUNCTION     0.02     0.07    31.77     0  01:40        0.00
  N00180               JUNCTION     0.74     1.60     5.28     0  01:58        0.00
  N02213               JUNCTION     0.23     0.95     7.32     0  02:34        0.00
  N01772               JUNCTION     0.28     0.46     5.38     0  02:06        0.00
  N01022               JUNCTION     0.00     0.00    47.13     0  01:00        0.00
  N00326               JUNCTION     0.37     0.74     4.51     0  02:05        0.00
  N00854               JUNCTION     0.85     1.51    14.53     0  02:00        0.00
  N01907               JUNCTION     0.03     0.07    14.12     0  01:41        0.00
  N00331               JUNCTION     0.32     0.58     5.07     0  03:40        0.00
  N00242               JUNCTION     0.00     0.02     5.18     0  01:00        0.00
  N01100               JUNCTION     0.21     0.36     4.00     0  02:05        0.00
  N01034               JUNCTION     0.02     0.06     6.41     0  01:02        0.00
  N00991               JUNCTION     0.10     0.24    17.66     0  01:42        0.00
  N01291               JUNCTION     0.09     0.21    21.05     0  01:40        0.00
  N00602               JUNCTION     0.14     0.30    35.64     0  01:40        0.00
  N02798               JUNCTION     0.21     0.31    19.45     0  02:10        0.00
  N01853               JUNCTION     0.01     0.04     8.12     0  01:00        0.00
  N01317               JUNCTION     0.06     0.15    24.77     0  01:40        0.00
  N00504               JUNCTION     0.09     0.34    16.58     0  02:10        0.00
  N00479               JUNCTION     0.53     0.91    16.17     0  02:15        0.00
  N01280               JUNCTION     0.00     0.01    22.74     0  01:40        0.00
  N01529               JUNCTION     0.00     0.01    23.47     0  01:00        0.00
  N00122               JUNCTION     0.68     1.17     5.30     0  02:35        0.00
  N01881               JUNCTION     0.04     0.10     6.47     0  01:41        0.00
  N02805               JUNCTION     0.01     0.01    13.93     0  01:00        0.00
  N01386               JUNCTION     0.20     0.28     3.35     0  02:06        0.00
  N02701               JUNCTION     0.18     0.32     6.31     0  02:39        0.00
  N01013               JUNCTION     0.28     0.36     3.63     0  03:32        0.00
  N02729               JUNCTION     0.04     0.10    18.79     0  01:37        0.00
  N01870               JUNCTION     0.54     1.35     7.37     0  02:34        0.00
  N00371               JUNCTION     0.01     0.04     3.59     0  01:40        0.00
  N01068               JUNCTION     0.15     0.40    17.44     0  02:05        0.00
  N02132               JUNCTION     0.77     1.17     6.68     0  01:56        0.00
  N01767               JUNCTION     0.01     0.04     4.84     0  01:40        0.00
  N00687               JUNCTION     0.70     0.94    12.85     0  03:17        0.00
  N00439               JUNCTION     0.03     0.07    24.77     0  01:39        0.00
  N00006               JUNCTION     0.01     0.04     6.84     0  01:37        0.00
  N01318               JUNCTION     0.06     0.14    12.85     0  01:41        0.00
  N00442               JUNCTION     0.09     0.20    20.24     0  01:42        0.00
  N02803               JUNCTION     0.04     0.07    19.59     0  02:04        0.00
  N01133               JUNCTION     0.00     0.00     9.16     0  02:52        0.00
  N00298               JUNCTION     1.25     1.59     7.00     0  03:07        0.00
  N00871               JUNCTION     0.01     0.04     3.08     0  01:46        0.00
  N01285               JUNCTION     0.02     0.06    24.98     0  01:40        0.00
  N00110               JUNCTION     0.00     0.01     6.72     0  01:00        0.00
  N00247               JUNCTION     0.19     0.27     4.77     0  02:40        0.00
  N00089               JUNCTION     0.06     0.10     2.78     0  01:40        0.00
  N01478               JUNCTION     0.00     0.01     4.51     0  01:00        0.00
  N01031               JUNCTION     0.85     1.21     6.46     0  02:42        0.00
  N00297               JUNCTION     0.00     0.01    11.70     0  01:00        0.00
  N02766               JUNCTION     0.20     0.32     4.63     0  02:47        0.00
  N02819               JUNCTION     0.16     0.32     4.60     0  02:46        0.00
  N00053               JUNCTION     0.01     0.03    19.58     0  01:00        0.00
  N00290               JUNCTION     0.00     0.01     8.96     0  01:00        0.00
  N00906               JUNCTION     0.00     0.01     4.34     0  01:00        0.00
  N01788               JUNCTION     0.84     1.22     6.15     0  03:40        0.00
  N01913               JUNCTION     0.01     0.03     7.46     0  01:35        0.00
  N00932               JUNCTION     0.00     0.01    40.37     0  01:37        0.00
  N01296               JUNCTION     0.00     0.01     6.68     0  01:38        0.00
  N02072               JUNCTION     0.08     0.15    11.93     0  02:00        0.00
  N00706               JUNCTION     0.01     0.02    48.04     0  01:40        0.00
  N02843               JUNCTION     0.03     0.09    19.29     0  01:37        0.00
  N01467               JUNCTION     0.57     0.99     4.79     0  02:43        0.00
  N01051               JUNCTION     0.01     0.02    40.66     0  01:36        0.00
  N00813               JUNCTION     0.07     0.16     9.90     0  01:41        0.00
  N00888               JUNCTION     0.43     0.71     4.57     0  02:44        0.00
  N00219               JUNCTION     0.03     0.06     5.81     0  01:45        0.00
  N00140               JUNCTION     0.03     0.19     3.18     0  02:44        0.00
  N02026               JUNCTION     0.06     0.14    17.98     0  01:45        0.00
  N00708               JUNCTION     0.18     0.25    16.47     0  02:06        0.00
  N02136               JUNCTION     0.00     0.00    11.88     0  01:00        0.00
  N02440               JUNCTION     0.02     0.05    15.13     0  01:38        0.00
  N00176               JUNCTION     0.82     1.23     4.76     0  02:43        0.00
  N00405               JUNCTION     0.31     0.51     4.13     0  03:12        0.00
  N00360               JUNCTION     0.00     0.01     7.29     0  01:37        0.00
  N02804               JUNCTION     0.00     0.01    20.54     0  01:00        0.00
  N02840               JUNCTION     0.01     0.03    20.82     0  01:37        0.00
  N00337               JUNCTION     0.14     0.58     6.82     0  02:41        0.00
  N01146               JUNCTION     0.04     0.09    28.45     0  01:40        0.00
  N02383               JUNCTION     0.04     0.08     2.97     0  02:41        0.00
  N01455               JUNCTION     0.66     0.94     4.03     0  02:08        0.00
  N01102               JUNCTION     0.72     0.97     3.99     0  02:07        0.00
  N00013               JUNCTION     0.14     0.23     8.01     0  02:06        0.00
  N01963               JUNCTION     0.07     0.17    10.16     0  01:41        0.00
  N01755               JUNCTION     0.02     0.04     5.04     0  01:36        0.00
  N02502               JUNCTION     0.13     0.27    15.51     0  01:45        0.00
  N00870               JUNCTION     0.00     0.00    11.02     0  01:33        0.00
  N01056               JUNCTION     0.02     0.04    28.90     0  01:40        0.00
  N01162               JUNCTION     0.31     0.46     3.03     0  03:33        0.00
  N01615               JUNCTION     0.40     0.75     3.18     0  02:44        0.00
  N01822               JUNCTION     0.02     0.05     7.28     0  01:41        0.00
  N02746               JUNCTION     0.01     0.01     7.68     0  01:00        0.00
  N01048               JUNCTION     0.03     0.05    33.60     0  01:40        0.00
  N02087               JUNCTION     0.79     0.98     4.25     0  01:54        0.00
  N01727               JUNCTION     0.24     0.41     5.28     0  02:06        0.00
  N01209               JUNCTION     0.01     0.02    13.03     0  01:36        0.00
  N01016               JUNCTION     0.01     0.02    15.19     0  01:36        0.00
  N00457               JUNCTION     0.06     0.13    16.72     0  01:44        0.00
  N00348               JUNCTION     0.01     0.03     4.27     0  02:07        0.00
  N00481               JUNCTION     0.01     0.03    16.76     0  01:40        0.00
  N02294               JUNCTION     0.01     0.02    34.30     0  01:00        0.00
  N02439               JUNCTION     0.01     0.02    16.71     0  01:36        0.00
  N01464               JUNCTION     0.25     0.54     7.24     0  01:57        0.00
  N00597               JUNCTION     0.00     0.01    22.24     0  01:00        0.00
  N00017               JUNCTION     0.03     0.07     4.53     0  01:40        0.00
  N02465               JUNCTION     0.01     0.03    14.09     0  01:01        0.00
  N00139               JUNCTION     0.02     0.13     3.22     0  02:43        0.00
  N01694               JUNCTION     0.53     1.00     6.37     0  03:41        0.00
  N01754               JUNCTION     0.46     0.90     5.49     0  02:11        0.00
  N02672               JUNCTION     0.05     0.12    11.55     0  01:40        0.00
  N01510               JUNCTION     0.29     0.60    19.41     0  01:45        0.00
  N02476               JUNCTION     0.02     0.04     8.57     0  02:45        0.00
  N01122               JUNCTION     0.01     0.03     6.61     0  01:40        0.00
  N02685               JUNCTION     0.01     0.02    16.87     0  01:00        0.00
  N01704               JUNCTION     0.19     0.42     6.14     0  03:39        0.00
  N01944               JUNCTION     0.06     0.13     4.22     0  02:42        0.00
  N02501               JUNCTION     0.45     1.00     4.05     0  02:08        0.00
  N01504               JUNCTION     0.01     0.02    30.09     0  01:37        0.00
  N00167               JUNCTION     0.37     1.15     5.28     0  02:09        0.00
  N01350               JUNCTION     0.05     0.12     2.91     0  01:41        0.00
  N00681               JUNCTION     0.05     0.13    20.79     0  01:41        0.00
  N02280               JUNCTION     0.67     0.94    20.42     0  03:24        0.00
  N00819               JUNCTION     0.02     0.05     9.91     0  01:38        0.00
  N00826               JUNCTION     0.01     0.03    14.52     0  01:37        0.00
  N01654               JUNCTION     0.04     0.12     4.95     0  02:06        0.00
  N02640               JUNCTION     0.46     1.05     8.28     0  02:05        0.00
  N01847               JUNCTION     0.51     1.16    10.11     0  01:40        0.00
  N01462               JUNCTION     0.01     0.03    10.49     0  01:36        0.00
  N00539               JUNCTION     0.01     0.04    14.11     0  01:00        0.00
  N01877               JUNCTION     0.00     0.01    19.26     0  01:00        0.00
  N02712               JUNCTION     0.01     0.03    16.44     0  01:01        0.00
  N01810               JUNCTION     0.35     0.74     9.45     0  01:44        0.00
  N00609               JUNCTION     0.02     0.03    43.45     0  01:40        0.00
  N01483               JUNCTION     0.56     1.30     5.50     0  02:06        0.00
  N02536               JUNCTION     0.00     0.01    38.84     0  01:35        0.00
  N01663               JUNCTION     0.15     0.28     3.08     0  01:48        0.00
  N02318               JUNCTION     0.21     0.37     4.14     0  02:06        0.00
  N02845               JUNCTION     0.03     0.14    22.47     0  01:44        0.00
  N01698               JUNCTION     0.03     0.06     6.09     0  01:40        0.00
  N02738               JUNCTION     0.00     0.01    19.84     0  01:36        0.00
  N00618               JUNCTION     0.07     0.18    32.22     0  01:40        0.00
  N02835               JUNCTION     0.12     0.27    22.47     0  01:41        0.00
  N02644               JUNCTION     0.07     0.15    12.06     0  01:42        0.00
  N02175               JUNCTION     0.29     0.42     3.53     0  01:42        0.00
  N00263               JUNCTION     0.00     0.01     6.25     0  01:00        0.00
  N01588               JUNCTION     0.26     0.58    30.44     0  01:40        0.00
  N02413               JUNCTION     0.00     0.01    45.52     0  01:40        0.00
  N01002               JUNCTION     0.01     0.02    24.16     0  01:38        0.00
  N01551               JUNCTION     0.90     1.24     7.13     0  02:45        0.00
  N01768               JUNCTION     0.03     0.15     5.33     0  01:42        0.00
  N02557               JUNCTION     0.12     0.31    25.51     0  01:42        0.00
  N00194               JUNCTION     0.00     0.01     6.30     0  01:00        0.00
  N00317               JUNCTION     0.04     0.09    27.84     0  01:40        0.00
  N00365               JUNCTION     0.53     0.93     5.33     0  03:41        0.00
  N02641               JUNCTION     0.03     0.26     8.73     0  01:49        0.00
  N01910               JUNCTION     0.23     0.37    12.30     0  02:01        0.00
  N01358               JUNCTION     0.00     0.01     9.70     0  01:00        0.00
  N00424               JUNCTION     0.05     0.21    13.08     0  02:09        0.00
  N02792               JUNCTION     0.27     0.54     8.94     0  02:09        0.00
  N01465               JUNCTION     0.06     0.16     8.22     0  01:37        0.00
  N02724               JUNCTION     0.34     0.54    16.54     0  01:49        0.00
  N00158               JUNCTION     0.05     0.10    10.10     0  01:42        0.00
  N01662               JUNCTION     0.01     0.03     7.20     0  01:38        0.00
  N02047               JUNCTION     0.05     0.12    14.44     0  01:42        0.00
  N01697               JUNCTION     0.01     0.02     5.94     0  01:40        0.00
  N02427               JUNCTION     0.13     0.31    12.65     0  01:40        0.00
  N01861               JUNCTION     0.22     0.44     9.64     0  01:57        0.00
  N00117               JUNCTION     0.01     0.04    11.86     0  01:38        0.00
  N02083               JUNCTION     1.09     1.37     4.38     0  02:07        0.00
  N02372               JUNCTION     0.23     0.34     4.12     0  02:40        0.00
  N02699               JUNCTION     0.47     0.73     3.74     0  02:05        0.00
  N02703               JUNCTION     0.00     0.01     6.80     0  01:38        0.00
  N00702               JUNCTION     0.04     0.07    19.40     0  01:41        0.00
  N00310               JUNCTION     0.16     0.32     7.14     0  03:35        0.00
  N02120               JUNCTION     0.03     0.04    10.63     0  02:00        0.00
  N01112               JUNCTION     0.24     0.46     6.99     0  02:17        0.00
  N00859               JUNCTION     0.10     0.21    20.76     0  01:42        0.00
  N00701               JUNCTION     0.02     0.06    22.31     0  01:41        0.00
  N01969               JUNCTION     0.00     0.00    18.68     0  01:00        0.00
  N01251               JUNCTION     0.23     0.37    10.23     0  02:06        0.00
  N01625               JUNCTION     0.08     0.15     3.50     0  01:41        0.00
  N00379               JUNCTION     0.00     0.00    10.49     0  01:00        0.00
  N01528               JUNCTION     0.01     0.03    23.07     0  01:00        0.00
  N02259               JUNCTION     0.10     0.31    19.75     0  01:46        0.00
  N02108               JUNCTION     0.01     0.03    27.39     0  01:35        0.00
  N02096               JUNCTION     0.02     0.05    28.92     0  01:40        0.00
  N00333               JUNCTION     0.53     1.33     7.32     0  02:34        0.00
  N01769               JUNCTION     0.24     0.43     5.32     0  01:44        0.00
  N02271               JUNCTION     0.25     0.55    22.47     0  01:40        0.00
  N00173               JUNCTION     0.91     1.16     4.78     0  01:56        0.00
  N00131               JUNCTION     0.00     0.00     4.92     0  00:59        0.00
  N01947               JUNCTION     0.04     0.20     5.25     0  02:43        0.00
  N02160               JUNCTION     0.04     0.09     5.64     0  01:42        0.00
  N01379               JUNCTION     0.05     0.14    11.24     0  01:41        0.00
  N02747               JUNCTION     0.82     1.13     6.13     0  02:26        0.00
  N02204               JUNCTION     0.00     0.01     7.34     0  01:35        0.00
  N01400               JUNCTION     0.03     0.07    16.24     0  01:39        0.00
  N01621               JUNCTION     0.82     1.19     5.13     0  03:41        0.00
  N01421               JUNCTION     0.56     1.80    11.25     0  01:44        0.00
  N00513               JUNCTION     1.01     1.51    17.44     0  02:40        0.00
  N02262               JUNCTION     0.12     0.37    20.06     0  01:46        0.00
  N01834               JUNCTION     0.02     0.03    10.10     0  02:43        0.00
  N01519               JUNCTION     0.87     1.22     5.07     0  03:43        0.00
  N02112               JUNCTION     0.91     1.19    11.73     0  02:08        0.00
  N00684               JUNCTION     0.01     0.02    11.89     0  01:39        0.00
  N00237               JUNCTION     0.25     0.40     1.99     0  02:09        0.00
  N01523               JUNCTION     0.00     0.00     9.38     0  01:33        0.00
  N02622               JUNCTION     0.91     1.20     4.82     0  01:53        0.00
  N02690               JUNCTION     0.14     0.33    23.85     0  01:42        0.00
  N00287               JUNCTION     0.01     0.03     6.25     0  01:38        0.00
  N02267               JUNCTION     0.25     0.55    22.39     0  01:43        0.00
  N00332               JUNCTION     0.38     1.03     7.91     0  02:03        0.00
  N01073               JUNCTION     0.09     0.21    12.96     0  01:42        0.00
  N00109               JUNCTION     0.67     1.25     5.42     0  02:08        0.00
  N00692               JUNCTION     0.57     1.36     8.15     0  02:10        0.00
  N02458               JUNCTION     0.01     0.02    34.23     0  02:42        0.00
  N02139               JUNCTION     0.16     0.38     7.97     0  01:42        0.00
  N01988               JUNCTION     0.03     0.07    13.25     0  02:08        0.00
  N02794               JUNCTION     0.97     1.51    12.40     0  01:43        0.00
  N00482               JUNCTION     0.15     0.31    16.50     0  01:44        0.00
  N00693               JUNCTION     0.28     1.03     8.17     0  02:09        0.00
  N01541               JUNCTION     0.26     0.44     5.34     0  02:09        0.00
  N02730               JUNCTION     0.00     0.01    20.00     0  01:37        0.00
  N01448               JUNCTION     0.01     0.02    16.56     0  01:01        0.00
  N00352               JUNCTION     0.00     0.01     7.45     0  01:00        0.00
  N02352               JUNCTION     0.74     1.01     4.11     0  02:42        0.00
  N00152               JUNCTION     0.03     0.09     4.46     0  01:38        0.00
  N01394               JUNCTION     0.05     0.13    12.44     0  01:40        0.00
  N01295               JUNCTION     0.00     0.01     6.48     0  01:00        0.00
  N00532               JUNCTION     0.09     0.21    17.37     0  01:41        0.00
  N02298               JUNCTION     0.11     0.24    21.21     0  01:41        0.00
  N01691               JUNCTION     0.12     0.26     5.24     0  02:04        0.00
  N00271               JUNCTION     0.00     0.01     6.05     0  01:00        0.00
  N02277               JUNCTION     0.46     0.88    20.36     0  03:36        0.00
  N02566               JUNCTION     0.70     0.96    20.39     0  03:24        0.00
  N00958               JUNCTION     0.03     0.15     3.64     0  01:43        0.00
  N00369               JUNCTION     0.00     0.01     7.13     0  01:00        0.00
  N02389               JUNCTION     0.02     0.05     5.58     0  01:40        0.00
  N00930               JUNCTION     0.00     0.01    40.62     0  01:00        0.00
  N01391               JUNCTION     0.00     0.01     2.92     0  01:35        0.00
  N01240               JUNCTION     0.09     0.19    19.59     0  01:40        0.00
  N00257               JUNCTION     0.01     0.01     5.94     0  01:00        0.00
  N02187               JUNCTION     0.02     0.04     2.97     0  01:40        0.00
  N00829               JUNCTION     0.53     1.06     6.04     0  02:09        0.00
  N01933               JUNCTION     0.01     0.03     6.82     0  01:40        0.00
  N02179               JUNCTION     0.18     0.25     3.32     0  02:05        0.00
  N00168               JUNCTION     0.64     1.01     4.64     0  01:41        0.00
  N00266               JUNCTION     0.28     0.54     4.96     0  01:44        0.00
  N01845               JUNCTION     0.03     0.07    10.42     0  01:37        0.00
  N01756               JUNCTION     0.21     0.40     5.33     0  01:44        0.00
  N01339               JUNCTION     0.21     0.36    11.75     0  02:03        0.00
  N01920               JUNCTION     0.03     0.06    15.59     0  01:37        0.00
  N01369               JUNCTION     0.06     0.17    14.68     0  01:40        0.00
  N02590               JUNCTION     0.05     0.13    21.56     0  01:40        0.00
  N00243               JUNCTION     0.17     0.26     5.04     0  01:44        0.00
  N01647               JUNCTION     0.18     0.38     8.24     0  02:10        0.00
  N02434               JUNCTION     0.00     0.01     3.46     0  01:00        0.00
  N01371               JUNCTION     0.05     0.10    12.53     0  02:06        0.00
  N00244               JUNCTION     0.04     0.13     5.34     0  02:08        0.00
  N02774               JUNCTION     0.34     0.50    24.99     0  02:43        0.00
  N01735               JUNCTION     0.01     0.03     5.82     0  01:00        0.00
  N01293               JUNCTION     0.09     0.24     5.39     0  02:08        0.00
  N00142               JUNCTION     0.06     0.16     8.45     0  01:40        0.00
  N00453               JUNCTION     0.00     0.01    13.25     0  01:35        0.00
  N01534               JUNCTION     0.00     0.01    21.43     0  01:40        0.00
  N01623               JUNCTION     0.06     0.11     3.08     0  01:46        0.00
  N01778               JUNCTION     0.19     0.35     5.40     0  02:09        0.00
  N00916               JUNCTION     0.32     1.05    13.51     0  01:39        0.00
  N00798               JUNCTION     0.73     1.20     5.30     0  02:42        0.00
  N01951               JUNCTION     1.05     1.46     5.09     0  02:41        0.00
  N00223               JUNCTION     0.51     0.90     4.83     0  02:54        0.00
  N01744               JUNCTION     0.35     0.72     4.52     0  02:04        0.00
  N02167               JUNCTION     0.01     0.02    12.14     0  01:37        0.00
  N02384               JUNCTION     0.45     0.63     2.87     0  02:09        0.00
  N00045               JUNCTION     0.30     0.63    15.16     0  02:06        0.00
  N02444               JUNCTION     0.62     1.02     4.71     0  02:00        0.00
  N02020               JUNCTION     0.07     0.15    11.16     0  01:42        0.00
  N02695               JUNCTION     0.00     0.01    42.37     0  01:00        0.00
  N02391               JUNCTION     0.00     0.02     5.85     0  01:43        0.00
  N00115               JUNCTION     0.02     0.04     7.28     0  01:42        0.00
  N01413               JUNCTION     0.14     0.25    19.76     0  01:47        0.00
  N00500               JUNCTION     0.72     1.07    16.20     0  01:45        0.00
  N01583               JUNCTION     0.07     0.18    16.09     0  01:40        0.00
  N02407               JUNCTION     0.00     0.01    23.62     0  01:00        0.00
  N01489               JUNCTION     0.11     0.23     4.26     0  02:37        0.00
  N00919               JUNCTION     0.02     0.06    14.04     0  01:36        0.00
  N01445               JUNCTION     0.01     0.02    12.40     0  01:00        0.00
  N02289               JUNCTION     0.06     0.12    26.88     0  01:40        0.00
  N00357               JUNCTION     0.00     0.01     9.29     0  01:00        0.00
  N01488               JUNCTION     0.69     1.00     4.25     0  02:32        0.00
  N01340               JUNCTION     0.07     0.17     7.32     0  01:40        0.00
  N02441               JUNCTION     0.24     0.35     5.60     0  02:43        0.00
  N00248               JUNCTION     0.07     0.20     5.07     0  01:44        0.00
  N00635               JUNCTION     0.02     0.06     2.62     0  01:37        0.00
  N01709               JUNCTION     0.42     0.88     6.42     0  03:41        0.00
  N00894               JUNCTION     0.01     0.03     9.54     0  01:01        0.00
  N01440               JUNCTION     0.08     0.19     7.31     0  01:42        0.00
  N02814               JUNCTION     0.08     0.12     5.19     0  02:43        0.00
  N02740               JUNCTION     0.00     0.01    20.06     0  01:00        0.00
  N01602               JUNCTION     0.00     0.01    48.31     0  01:00        0.00
  N02653               JUNCTION     0.04     0.09    11.22     0  01:44        0.00
  N02131               JUNCTION     0.12     0.22     5.59     0  02:09        0.00
  N02466               JUNCTION     0.01     0.07     8.92     0  02:08        0.00
  N00075               JUNCTION     0.01     0.03    20.74     0  01:36        0.00
  N02583               JUNCTION     0.00     0.01    20.25     0  01:01        0.00
  N01058               JUNCTION     0.04     0.28    29.86     0  01:42        0.00
  N01927               JUNCTION     0.12     0.20    10.61     0  02:03        0.00
  N02354               JUNCTION     0.75     1.04     4.13     0  03:30        0.00
  N00592               JUNCTION     0.44     1.05    16.78     0  02:05        0.00
  N01624               JUNCTION     0.11     0.22     3.26     0  01:44        0.00
  N00827               JUNCTION     0.00     0.01     6.51     0  01:40        0.00
  N01066               JUNCTION     0.34     0.84     6.17     0  02:02        0.00
  N02489               JUNCTION     0.07     0.15     4.08     0  01:40        0.00
  N02651               JUNCTION     0.00     0.01    11.49     0  01:35        0.00
  N00999               JUNCTION     0.05     0.12    21.55     0  01:40        0.00
  N02649               JUNCTION     0.12     0.22    11.54     0  02:04        0.00
  N01964               JUNCTION     0.02     0.05    15.70     0  01:40        0.00
  N02274               JUNCTION     0.14     0.27    22.33     0  01:44        0.00
  N00009               JUNCTION     0.01     0.02     8.24     0  01:40        0.00
  N01548               JUNCTION     0.53     0.83     4.57     0  02:44        0.00
  N01762               JUNCTION     0.15     0.38     4.39     0  01:42        0.00
  N01838               JUNCTION     0.06     0.15    10.38     0  01:41        0.00
  N00355               JUNCTION     0.00     0.01     6.66     0  01:00        0.00
  N01126               JUNCTION     0.00     0.02     3.76     0  01:37        0.00
  N00834               JUNCTION     0.08     0.19     2.93     0  01:40        0.00
  N00279               JUNCTION     0.31     0.52     6.06     0  03:41        0.00
  N00328               JUNCTION     0.11     0.25     4.26     0  02:37        0.00
  N01972               JUNCTION     0.01     0.02    23.45     0  01:40        0.00
  N00445               JUNCTION     0.02     0.04    27.31     0  01:40        0.00
  N01961               JUNCTION     0.00     0.01    25.87     0  01:00        0.00
  N02161               JUNCTION     0.03     0.08     9.14     0  01:41        0.00
  N02127               JUNCTION     0.07     0.12    10.46     0  02:04        0.00
  N01539               JUNCTION     0.00     0.01     6.70     0  01:00        0.00
  N01619               JUNCTION     0.00     0.01     4.87     0  01:00        0.00
  N00997               JUNCTION     0.01     0.02    21.90     0  01:00        0.00
  N02281               JUNCTION     0.07     0.14    23.84     0  01:40        0.00
  N00673               JUNCTION     0.06     0.18    13.51     0  01:39        0.00
  N01140               JUNCTION     0.08     0.19    20.86     0  01:40        0.00
  N00799               JUNCTION     0.22     0.37     5.42     0  02:42        0.00
  N01272               JUNCTION     0.24     0.45     4.71     0  02:03        0.00
  N00616               JUNCTION     0.01     0.03    36.35     0  01:35        0.00
  N01131               JUNCTION     0.28     0.55     4.59     0  02:45        0.00
  N00249               JUNCTION     0.35     0.53     4.76     0  02:43        0.00
  N02606               JUNCTION     0.00     0.01     4.51     0  01:35        0.00
  N02138               JUNCTION     0.03     0.08    11.97     0  01:38        0.00
  N01898               JUNCTION     0.01     0.03    15.83     0  01:37        0.00
  N01967               JUNCTION     0.51     1.15     8.32     0  02:21        0.00
  N00491               JUNCTION     0.09     0.47    16.77     0  02:09        0.00
  N02689               JUNCTION     0.15     0.38    26.45     0  01:42        0.00
  N02232               JUNCTION     0.00     0.01    26.93     0  01:00        0.00
  N00914               JUNCTION     0.02     0.04    13.59     0  02:00        0.00
  N01884               JUNCTION     0.53     1.06     6.08     0  02:05        0.00
  N02080               JUNCTION     0.01     0.03    11.86     0  01:40        0.00
  N00984               JUNCTION     0.09     0.19    22.61     0  01:41        0.00
  N01378               JUNCTION     0.00     0.02    12.98     0  01:40        0.00
  N00397               JUNCTION     0.04     0.08     5.77     0  01:40        0.00
  N00425               JUNCTION     0.04     0.09    13.24     0  01:41        0.00
  N01365               JUNCTION     0.03     0.12    26.22     0  01:43        0.00
  N00674               JUNCTION     0.10     0.14     5.13     0  02:42        0.00
  N01256               JUNCTION     0.01     0.03    23.52     0  01:40        0.00
  N00031               JUNCTION     0.06     0.11    19.37     0  01:44        0.00
  N01878               JUNCTION     0.00     0.00    20.27     0  01:00        0.00
  N01472               JUNCTION     0.19     0.27     3.34     0  02:09        0.00
  N01086               JUNCTION     0.16     0.24     4.84     0  02:44        0.00
  N02166               JUNCTION     0.00     0.01    14.16     0  01:00        0.00
  N02795               JUNCTION     0.01     0.02    12.86     0  01:35        0.00
  N00965               JUNCTION     0.00     0.01     7.24     0  01:00        0.00
  N01840               JUNCTION     0.01     0.03     9.59     0  01:00        0.00
  N00502               JUNCTION     0.24     0.67    16.53     0  02:21        0.00
  N00026               JUNCTION     0.00     0.01     6.30     0  01:00        0.00
  N00667               JUNCTION     0.01     0.02    35.83     0  01:00        0.00
  N00374               JUNCTION     0.01     0.01     3.09     0  01:00        0.00
  N01640               JUNCTION     0.08     0.13     2.62     0  01:41        0.00
  N01499               JUNCTION     0.01     0.02     6.85     0  01:00        0.00
  N00107               JUNCTION     0.18     0.35     8.12     0  01:44        0.00
  N01111               JUNCTION     0.02     0.05     9.25     0  01:36        0.00
  N00063               JUNCTION     0.01     0.02     7.75     0  01:40        0.00
  N02331               JUNCTION     0.00     0.02    13.97     0  01:00        0.00
  N00890               JUNCTION     0.55     0.85     4.59     0  02:45        0.00
  N01911               JUNCTION     0.03     0.08     7.18     0  01:40        0.00
  N02829               JUNCTION     0.05     0.10    27.09     0  02:03        0.00
  N02188               JUNCTION     0.02     0.05     2.90     0  01:42        0.00
  N01281               JUNCTION     0.00     0.01    46.06     0  01:00        0.00
  N00915               JUNCTION     0.07     0.34    13.48     0  01:32        0.00
  N01128               JUNCTION     0.26     0.35     4.06     0  03:34        0.00
  N00151               JUNCTION     0.05     0.10     4.52     0  01:37        0.00
  N01948               JUNCTION     0.00     0.01     5.40     0  01:00        0.00
  N02618               JUNCTION     0.04     0.12     3.08     0  01:48        0.00
  N01912               JUNCTION     0.01     0.03     8.27     0  01:36        0.00
  N02646               JUNCTION     0.01     0.02    46.08     0  03:01        0.00
  N01798               JUNCTION     0.33     0.66     8.22     0  01:43        0.00
  N01098               JUNCTION     0.25     0.41     4.00     0  02:08        0.00
  N02062               JUNCTION     0.01     0.02    15.89     0  01:01        0.00
  N00709               JUNCTION     0.28     0.38    19.06     0  02:06        0.00
  N01521               JUNCTION     0.00     0.01     8.46     0  01:40        0.00
  N01377               JUNCTION     0.01     0.02     8.23     0  01:00        0.00
  N00289               JUNCTION     0.27     0.52     6.48     0  02:08        0.00
  N02765               JUNCTION     0.16     0.27     4.85     0  02:08        0.00
  N00879               JUNCTION     0.74     1.19     4.21     0  02:07        0.00
  N01471               JUNCTION     0.21     0.29     3.32     0  02:05        0.00
  N01363               JUNCTION     0.00     0.01    41.18     0  01:00        0.00
  N02679               JUNCTION     0.09     0.20    13.71     0  02:01        0.00
  N01422               JUNCTION     0.00     0.02     8.57     0  01:00        0.00
  N01004               JUNCTION     0.19     0.33    22.79     0  01:40        0.00
  N00778               JUNCTION     0.11     0.26    29.39     0  01:42        0.00
  N00952               JUNCTION     0.01     0.02    33.79     0  01:35        0.00
  N02827               JUNCTION     0.00     0.02    29.62     0  01:00        0.00
  N00945               JUNCTION     0.00     0.01    45.11     0  01:40        0.00
  N02769               JUNCTION     0.10     0.30     4.60     0  02:46        0.00
  N01411               JUNCTION     0.19     0.43     8.63     0  01:42        0.00
  N02006               JUNCTION     0.05     0.12    10.83     0  01:58        0.00
  N00100               JUNCTION     0.40     0.91     5.43     0  02:10        0.00
  N02629               JUNCTION     0.06     0.15    10.00     0  01:40        0.00
  N02777               JUNCTION     0.02     0.04    17.12     0  01:38        0.00
  N01466               JUNCTION     0.67     1.07     4.82     0  02:42        0.00
  N00025               JUNCTION     0.01     0.04    17.95     0  01:40        0.00
  N02366               JUNCTION     0.24     0.37     3.47     0  02:08        0.00
  N00792               JUNCTION     0.73     1.15     4.78     0  02:41        0.00
  N00175               JUNCTION     1.02     1.26     4.77     0  02:41        0.00
  N02565               JUNCTION     0.06     0.12     5.08     0  01:40        0.00
  N00902               JUNCTION     0.68     0.99     3.80     0  02:07        0.00
  N00685               JUNCTION     0.71     0.91    12.82     0  03:54        0.00
  N02268               JUNCTION     0.02     0.05    26.51     0  01:40        0.00
  N01716               JUNCTION     0.23     0.39     5.42     0  02:10        0.00
  N00723               JUNCTION     0.31     0.57    23.21     0  01:41        0.00
  N01367               JUNCTION     0.02     0.05    13.40     0  01:37        0.00
  N01482               JUNCTION     0.93     1.17     4.80     0  02:41        0.00
  N01294               JUNCTION     0.02     0.07     4.83     0  01:01        0.00
  N02723               JUNCTION     0.17     0.24    16.90     0  02:14        0.00
  N00238               JUNCTION     0.00     0.00     9.82     0  01:35        0.00
  N02253               JUNCTION     0.51     0.88    20.94     0  01:47        0.00
  N00979               JUNCTION     0.10     0.24     5.13     0  01:42        0.00
  N00550               JUNCTION     0.03     0.07    15.83     0  01:39        0.00
  N01553               JUNCTION     0.01     0.02     8.86     0  01:00        0.00
  N00299               JUNCTION     1.25     1.63     7.13     0  03:32        0.00
  N00319               JUNCTION     0.05     0.14    22.65     0  01:40        0.00
  N01747               JUNCTION     0.01     0.01     7.17     0  01:00        0.00
  N00531               JUNCTION     0.33     0.53    16.54     0  01:49        0.00
  N00652               JUNCTION     0.24     0.35     3.06     0  02:43        0.00
  N01443               JUNCTION     0.14     0.27     8.28     0  01:40        0.00
  N00386               JUNCTION     0.01     0.02     4.53     0  01:35        0.00
  N02575               JUNCTION     0.47     0.73     3.75     0  02:05        0.00
  N02055               JUNCTION     0.01     0.03    20.83     0  01:35        0.00
  N00216               JUNCTION     0.00     0.01     9.09     0  01:00        0.00
  N00307               JUNCTION     1.22     1.86     7.42     0  02:13        0.00
  N01001               JUNCTION     0.01     0.02    21.20     0  01:37        0.00
  N00218               JUNCTION     0.00     0.01     6.60     0  01:40        0.00
  N00170               JUNCTION     0.00     0.01     6.56     0  01:35        0.00
  N01469               JUNCTION     0.97     1.30     4.95     0  03:56        0.00
  N00993               JUNCTION     0.07     0.18    18.40     0  01:40        0.00
  N00933               JUNCTION     0.12     0.54     4.04     0  02:03        0.00
  N01851               JUNCTION     0.28     0.69     9.49     0  01:09        0.00
  N01431               JUNCTION     0.01     0.03     7.84     0  01:01        0.00
  N02003               JUNCTION     0.10     0.22    10.21     0  01:41        0.00
  N02247               JUNCTION     0.00     0.01    26.18     0  01:00        0.00
  N02101               JUNCTION     0.00     0.01    36.14     0  02:53        0.00
  N01562               JUNCTION     0.01     0.03    21.01     0  01:35        0.00
  N02636               JUNCTION     0.18     0.45    12.78     0  01:58        0.00
  N01692               JUNCTION     0.01     0.03     5.43     0  01:15        0.00
  N00118               JUNCTION     0.01     0.03    14.55     0  01:36        0.00
  N02512               JUNCTION     0.00     0.01    21.48     0  01:00        0.00
  N01032               JUNCTION     0.01     0.03     6.77     0  01:37        0.00
  N00648               JUNCTION     0.01     0.02     2.72     0  01:36        0.00
  N00987               JUNCTION     0.06     0.13    17.05     0  01:40        0.00
  N00255               JUNCTION     0.00     0.01     6.55     0  01:00        0.00
  N00346               JUNCTION     0.20     0.42     4.76     0  02:00        0.00
  N01740               JUNCTION     0.16     0.53     5.50     0  02:11        0.00
  N02515               JUNCTION     0.35     0.69    17.46     0  02:04        0.00
  N01998               JUNCTION     0.01     0.02    10.08     0  02:01        0.00
  N01061               JUNCTION     0.03     0.06    24.69     0  01:37        0.00
  N01468               JUNCTION     0.91     1.28     5.01     0  03:51        0.00
  N02173               JUNCTION     0.01     0.03     5.47     0  01:38        0.00
  N00182               JUNCTION     0.43     0.80     4.80     0  03:11        0.00
  N01959               JUNCTION     0.03     0.08    23.37     0  01:38        0.00
  N01253               JUNCTION     0.01     0.03    13.28     0  01:40        0.00
  N02114               JUNCTION     0.75     1.22    12.08     0  01:42        0.00
  N01143               JUNCTION     0.02     0.05    28.33     0  01:40        0.00
  N01863               JUNCTION     0.46     1.16     7.98     0  02:03        0.00
  N01446               JUNCTION     0.41     0.72     9.52     0  01:45        0.00
  N01210               JUNCTION     0.01     0.05    22.16     0  01:00        0.00
  N02355               JUNCTION     0.53     0.72     3.98     0  02:41        0.00
  N00316               JUNCTION     0.00     0.01    31.56     0  01:40        0.00
  N01790               JUNCTION     0.02     0.04     5.08     0  01:40        0.00
  N02717               JUNCTION     0.17     0.41     6.50     0  02:42        0.00
  N02737               JUNCTION     0.01     0.02    18.47     0  01:40        0.00
  N00443               JUNCTION     0.04     0.13    20.24     0  01:44        0.00
  N01777               JUNCTION     0.00     0.01     5.51     0  01:35        0.00
  N02462               JUNCTION     0.05     0.09    10.05     0  02:01        0.00
  N01036               JUNCTION     0.27     0.53     6.46     0  02:09        0.00
  N02719               JUNCTION     0.41     0.79     7.41     0  02:14        0.00
  N01216               JUNCTION     0.00     0.00    48.35     0  01:00        0.00
  N01825               JUNCTION     0.09     0.21    12.92     0  01:42        0.00
  N01561               JUNCTION     0.81     1.04    12.82     0  02:51        0.00
  N02326               JUNCTION     0.46     0.99     4.03     0  02:01        0.00
  N01067               JUNCTION     0.16     0.62     6.17     0  02:04        0.00
  N02491               JUNCTION     0.00     0.01     3.09     0  01:00        0.00
  N02841               JUNCTION     0.10     0.28    20.00     0  01:39        0.00
  N02726               JUNCTION     0.27     0.45    16.49     0  02:04        0.00
  N01887               JUNCTION     0.03     0.09     8.39     0  01:38        0.00
  N00671               JUNCTION     0.01     0.02    37.51     0  01:37        0.00
  N00358               JUNCTION     0.03     0.16     5.07     0  03:42        0.00
  N01341               JUNCTION     0.15     0.26    12.15     0  02:02        0.00
  N01554               JUNCTION     0.07     0.16     7.72     0  01:45        0.00
  N00630               JUNCTION     0.12     0.19     2.86     0  02:03        0.00
  N01868               JUNCTION     0.67     1.23     7.41     0  01:46        0.00
  N02032               JUNCTION     0.00     0.02    21.35     0  01:36        0.00
  N01862               JUNCTION     0.41     1.36     8.37     0  02:10        0.00
  N01656               JUNCTION     1.44     1.98     7.40     0  02:14        0.00
  N00027               JUNCTION     0.00     0.02     5.14     0  02:00        0.00
  N02688               JUNCTION     0.00     0.02    17.93     0  01:00        0.00
  N01325               JUNCTION     0.22     0.38    18.41     0  01:43        0.00
  N00795               JUNCTION     0.71     1.12     4.76     0  02:43        0.00
  N01213               JUNCTION     0.03     0.07    33.16     0  01:40        0.00
  N01949               JUNCTION     0.02     0.05     5.62     0  01:38        0.00
  N01458               JUNCTION     0.01     0.03    21.65     0  01:00        0.00
  N02670               JUNCTION     0.06     0.13     8.72     0  01:00        0.00
  N00927               JUNCTION     0.22     0.49    35.07     0  01:42        0.00
  N01135               JUNCTION     0.01     0.04    25.02     0  01:40        0.00
  N00408               JUNCTION     0.01     0.04    17.29     0  01:38        0.00
  N00921               JUNCTION     0.01     0.02    34.34     0  01:01        0.00
  N01118               JUNCTION     0.19     0.50     7.76     0  02:26        0.00
  N00793               JUNCTION     0.12     0.15     3.78     0  02:41        0.00
  N00305               JUNCTION     0.35     0.74     7.76     0  02:41        0.00
  N02585               JUNCTION     0.01     0.03    18.75     0  01:40        0.00
  N02627               JUNCTION     0.17     0.35    10.21     0  01:40        0.00
  N00647               JUNCTION     0.30     0.65     3.18     0  02:44        0.00
  N02826               JUNCTION     0.01     0.02    25.14     0  01:37        0.00
  N01026               JUNCTION     0.38     0.79     8.60     0  01:44        0.00
  N02721               JUNCTION     0.36     0.80    19.70     0  02:43        0.00
  N01299               JUNCTION     0.08     0.34     4.51     0  02:04        0.00
  N01307               JUNCTION     0.00     0.01    25.44     0  01:35        0.00
  N01309               JUNCTION     0.02     0.04    16.29     0  01:40        0.00
  N00068               JUNCTION     0.02     0.05     7.06     0  01:40        0.00
  N01441               JUNCTION     0.00     0.01    10.22     0  01:00        0.00
  N00368               JUNCTION     0.00     0.00     9.06     0  01:00        0.00
  N02113               JUNCTION     0.42     0.82    11.70     0  02:08        0.00
  N01879               JUNCTION     0.00     0.01    16.53     0  01:35        0.00
  N01533               JUNCTION     0.06     0.16    20.80     0  01:40        0.00
  N01835               JUNCTION     0.01     0.04     9.06     0  01:40        0.00
  N00574               JUNCTION     0.11     0.16    16.09     0  03:33        0.00
  N00183               JUNCTION     0.00     0.02     6.89     0  01:38        0.00
  N02091               JUNCTION     0.00     0.01    31.08     0  01:00        0.00
  N00487               JUNCTION     0.67     1.15    16.41     0  02:32        0.00
  N01476               JUNCTION     0.07     0.16     4.45     0  01:40        0.00
  N00033               JUNCTION     0.01     0.02    22.43     0  01:01        0.00
  N02532               JUNCTION     0.01     0.02    39.36     0  01:40        0.00
  N00438               JUNCTION     0.31     0.46    19.41     0  01:43        0.00
  N01535               JUNCTION     0.07     0.18    19.20     0  01:40        0.00
  N02036               JUNCTION     0.11     0.29    17.42     0  01:40        0.00
  N00260               JUNCTION     0.01     0.02     5.77     0  01:00        0.00
  N01989               JUNCTION     0.03     0.06    14.27     0  02:05        0.00
  N01630               JUNCTION     0.34     0.51     2.88     0  02:09        0.00
  N02665               JUNCTION     0.15     0.28    11.27     0  02:04        0.00
  N02673               JUNCTION     0.04     0.10    11.56     0  01:40        0.00
  N02547               JUNCTION     0.48     0.91    20.39     0  03:36        0.00
  N00604               JUNCTION     0.11     0.26    28.27     0  01:43        0.00
  N00322               JUNCTION     0.25     0.46    11.86     0  01:49        0.00
  N02497               JUNCTION     0.53     1.31     8.08     0  02:04        0.00
  N02543               JUNCTION     0.04     0.10    20.90     0  01:40        0.00
  N02448               JUNCTION     0.01     0.02    15.63     0  01:40        0.00
  N00273               JUNCTION     0.00     0.01     8.04     0  01:00        0.00
  N02443               JUNCTION     0.57     0.97     4.73     0  02:01        0.00
  N02428               JUNCTION     0.21     0.46     5.07     0  03:43        0.00
  N00822               JUNCTION     0.33     0.52     5.32     0  02:09        0.00
  N01803               JUNCTION     0.26     0.48     9.51     0  01:42        0.00
  N00620               JUNCTION     0.01     0.02    28.89     0  01:00        0.00
  N01485               JUNCTION     0.55     0.88     4.51     0  02:13        0.00
  N02254               JUNCTION     0.05     0.14    19.72     0  01:40        0.00
  N02813               JUNCTION     0.13     0.19     5.48     0  02:42        0.00
  N02702               JUNCTION     0.31     0.58     6.44     0  02:09        0.00
  N02614               JUNCTION     0.10     0.20     6.82     0  01:41        0.00
  N02816               JUNCTION     0.12     0.17     5.22     0  02:45        0.00
  N01634               JUNCTION     0.00     0.01     3.09     0  01:00        0.00
  N01946               JUNCTION     0.00     0.01     5.71     0  01:00        0.00
  N01279               JUNCTION     0.02     0.08    19.32     0  01:43        0.00
  N01707               JUNCTION     0.82     1.04     5.88     0  03:39        0.00
  N00410               JUNCTION     0.04     0.10    17.69     0  01:40        0.00
  N00148               JUNCTION     0.06     0.15     7.73     0  01:42        0.00
  N02219               JUNCTION     0.00     0.01    28.67     0  01:00        0.00
  N00832               JUNCTION     0.07     0.19     2.58     0  01:40        0.00
  N02433               JUNCTION     0.26     0.36     2.63     0  02:04        0.00
  N02007               JUNCTION     0.01     0.02    11.62     0  01:36        0.00
  N02810               JUNCTION     0.00     0.00    10.12     0  01:00        0.00
  N01345               JUNCTION     0.81     1.24     4.77     0  02:40        0.00
  N01971               JUNCTION     0.32     0.88     8.16     0  02:17        0.00
  N01248               JUNCTION     0.00     0.01     2.89     0  01:40        0.00
  N00892               JUNCTION     0.03     0.06     9.13     0  01:39        0.00
  N00816               JUNCTION     0.60     1.40     5.60     0  02:05        0.00
  N00021               JUNCTION     0.00     0.01     8.69     0  01:00        0.00
  N00426               JUNCTION     0.28     0.56    13.08     0  02:09        0.00
  N00023               JUNCTION     0.00     0.01    46.17     0  01:00        0.00
  N02417               JUNCTION     0.10     0.23    37.30     0  01:37        0.00
  N01824               JUNCTION     0.00     0.02    12.86     0  01:35        0.00
  N01693               JUNCTION     0.21     0.35     5.01     0  02:04        0.00
  N00556               JUNCTION     0.01     0.02    24.31     0  01:00        0.00
  N00860               JUNCTION     0.39     0.75    20.15     0  02:05        0.00
  N00690               JUNCTION     0.00     0.00    23.89     0  01:35        0.00
  N00775               JUNCTION     0.03     0.07    31.18     0  01:40        0.00
  N02286               JUNCTION     0.02     0.09    19.94     0  01:40        0.00
  N00605               JUNCTION     0.16     0.37    29.42     0  01:42        0.00
  N02786               JUNCTION     0.16     0.31     8.85     0  01:57        0.00
  N00086               JUNCTION     0.37     0.89     4.03     0  02:01        0.00
  N00016               JUNCTION     0.05     0.11     4.64     0  01:41        0.00
  N00330               JUNCTION     0.91     1.26     5.07     0  03:43        0.00
  N01028               JUNCTION     0.04     0.20     4.39     0  01:42        0.00
  N01997               JUNCTION     0.04     0.10    10.00     0  01:37        0.00
  N01965               JUNCTION     0.01     0.02    11.02     0  01:37        0.00
  N01186               JUNCTION     0.03     0.10    19.42     0  01:36        0.00
  N02817               JUNCTION     0.28     0.42     4.76     0  02:43        0.00
  N02608               JUNCTION     0.16     0.31     5.10     0  01:44        0.00
  N01113               JUNCTION     0.50     0.91     7.76     0  02:43        0.00
  N02500               JUNCTION     0.01     0.02    36.47     0  01:00        0.00
  N00212               JUNCTION     0.00     0.01     3.40     0  01:40        0.00
  N00383               JUNCTION     0.00     0.01     5.09     0  01:36        0.00
  N00555               JUNCTION     0.02     0.05    17.14     0  02:00        0.00
  N00416               JUNCTION     0.01     0.03    19.39     0  01:00        0.00
  N00265               JUNCTION     0.22     0.47     4.97     0  01:45        0.00
  N00343               JUNCTION     0.84     1.51     6.01     0  04:04        0.00
  N02409               JUNCTION     0.02     0.05    25.11     0  01:38        0.00
  N02382               JUNCTION     0.08     0.29     4.58     0  02:24        0.00
  N01451               JUNCTION     0.27     0.63     5.50     0  02:09        0.00
  N01497               JUNCTION     0.11     0.23     4.01     0  02:04        0.00
  N02698               JUNCTION     0.01     0.02    26.71     0  01:00        0.00
  N00964               JUNCTION     0.93     1.18     4.81     0  02:41        0.00
  N01995               JUNCTION     0.01     0.01    10.37     0  01:35        0.00
  N02174               JUNCTION     0.24     0.35     3.57     0  02:45        0.00
  N02251               JUNCTION     0.05     0.10    22.89     0  01:42        0.00
  N02181               JUNCTION     0.24     0.32     3.34     0  02:09        0.00
  N02182               JUNCTION     0.01     0.02     3.51     0  01:36        0.00
  N00800               JUNCTION     0.05     0.09     6.73     0  02:02        0.00
  N01688               JUNCTION     0.01     0.03     4.93     0  01:37        0.00
  N02126               JUNCTION     0.00     0.01    16.38     0  01:00        0.00
  N01486               JUNCTION     0.46     0.84     4.82     0  03:11        0.00
  N00245               JUNCTION     0.38     0.57     4.76     0  02:42        0.00
  N01811               JUNCTION     0.01     0.04     9.28     0  01:35        0.00
  N01329               JUNCTION     0.51     0.89    15.27     0  02:09        0.00
  N00201               JUNCTION     0.00     0.02     7.62     0  01:00        0.00
  N02279               JUNCTION     0.01     0.02    21.05     0  01:00        0.00
  N02634               JUNCTION     0.07     0.17    18.41     0  01:40        0.00
  N01083               JUNCTION     0.00     0.01     8.42     0  01:00        0.00
  N02744               JUNCTION     0.00     0.01     3.08     0  01:00        0.00
  N01741               JUNCTION     0.22     0.62     5.50     0  02:10        0.00
  N02470               JUNCTION     0.16     0.35     8.93     0  02:09        0.00
  N02018               JUNCTION     0.01     0.02    25.96     0  01:01        0.00
  N01463               JUNCTION     0.17     0.37     6.99     0  01:58        0.00
  N02414               JUNCTION     0.02     0.06    26.82     0  01:37        0.00
  N01617               JUNCTION     0.15     0.22     2.96     0  02:42        0.00
  N00922               JUNCTION     0.08     0.31    13.49     0  01:31        0.00
  N01779               JUNCTION     0.16     0.31     5.40     0  02:09        0.00
  N02241               JUNCTION     0.02     0.07    26.52     0  01:37        0.00
  N02735               JUNCTION     0.01     0.01    17.65     0  01:40        0.00
  N01759               JUNCTION     0.24     0.40     5.40     0  02:09        0.00
  N02548               JUNCTION     0.00     0.01    24.05     0  01:36        0.00
  N02504               JUNCTION     0.22     0.42    18.50     0  01:41        0.00
  N02471               JUNCTION     0.80     1.15     6.64     0  01:57        0.00
  N00449               JUNCTION     0.20     0.38    13.40     0  02:07        0.00
  N02300               JUNCTION     0.01     0.04    29.02     0  01:00        0.00
  N01905               JUNCTION     0.02     0.06    21.04     0  01:40        0.00
  N01480               JUNCTION     0.00     0.01     5.92     0  01:00        0.00
  N02599               JUNCTION     0.04     0.09    15.39     0  01:40        0.00
  N02442               JUNCTION     0.59     1.03     4.79     0  02:03        0.00
  N01714               JUNCTION     0.31     0.54     5.52     0  02:08        0.00
  N00190               JUNCTION     0.60     1.60     5.45     0  02:06        0.00
  N00095               JUNCTION     0.00     0.01     5.97     0  01:00        0.00
  N02802               JUNCTION     0.92     1.27     5.07     0  03:41        0.00
  N00372               JUNCTION     0.15     0.28     2.57     0  01:43        0.00
  N00878               JUNCTION     0.62     0.94     4.58     0  02:45        0.00
  N01450               JUNCTION     0.13     0.21     5.56     0  02:06        0.00
  N02332               JUNCTION     0.00     0.01    26.59     0  01:00        0.00
  N02468               JUNCTION     0.17     0.40     8.94     0  02:08        0.00
  N00401               JUNCTION     0.34     0.55     4.13     0  03:30        0.00
  N02556               JUNCTION     0.05     0.13    29.28     0  01:41        0.00
  N01084               JUNCTION     0.15     0.30     5.08     0  01:44        0.00
  N02650               JUNCTION     0.45     1.04     9.89     0  01:45        0.00
  N00650               JUNCTION     0.10     0.15     2.61     0  02:45        0.00
  N01125               JUNCTION     0.09     0.23     4.09     0  01:41        0.00
  N01833               JUNCTION     0.18     0.30     6.70     0  01:41        0.00
  N00975               JUNCTION     0.01     0.15     7.91     0  02:04        0.00
  N02846               JUNCTION     0.14     0.20     3.94     0  02:00        0.00
  N02582               JUNCTION     0.04     0.09    19.08     0  01:41        0.00
  N00341               JUNCTION     0.35     0.62     5.07     0  03:42        0.00
  N00191               JUNCTION     0.97     1.22     4.81     0  02:41        0.00
  N00431               JUNCTION     0.00     0.01    22.72     0  01:40        0.00
  N00869               JUNCTION     0.00     0.01     4.36     0  01:00        0.00
  N00480               JUNCTION     0.08     0.18    16.27     0  01:44        0.00
  N00809               JUNCTION     0.01     0.05     9.97     0  01:40        0.00
  N00621               JUNCTION     0.05     0.16     4.13     0  01:40        0.00
  N02056               JUNCTION     0.17     0.45     8.18     0  02:07        0.00
  N01635               JUNCTION     0.28     0.47     2.84     0  02:05        0.00
  N00012               JUNCTION     0.01     0.09     8.24     0  02:07        0.00
  N00925               JUNCTION     0.01     0.02    29.00     0  01:40        0.00
  N00911               JUNCTION     0.05     0.08    18.79     0  02:02        0.00
  N01092               JUNCTION     0.00     0.00    38.82     0  01:33        0.00
  N02655               JUNCTION     0.45     1.03     9.85     0  01:48        0.00
  N01550               JUNCTION     0.41     0.82    11.71     0  02:00        0.00
  N02278               JUNCTION     0.00     0.01    21.87     0  01:35        0.00
  N00318               JUNCTION     0.19     0.36    26.22     0  01:43        0.00
  N00213               JUNCTION     0.09     0.16     3.06     0  02:42        0.00
  N02435               JUNCTION     0.03     0.08    13.07     0  01:40        0.00
  N00611               JUNCTION     0.03     0.06    38.92     0  01:41        0.00
  N01019               JUNCTION     0.00     0.01    34.51     0  01:00        0.00
  N01683               JUNCTION     0.05     0.12     4.96     0  01:40        0.00
  N02381               JUNCTION     0.06     0.13     2.87     0  02:08        0.00
  N02243               JUNCTION     0.02     0.04    24.59     0  01:37        0.00
  N01658               JUNCTION     0.00     0.02     7.15     0  01:00        0.00
  N01352               JUNCTION     0.00     0.00     6.66     0  02:54        0.00
  N00226               JUNCTION     0.01     0.01    13.83     0  01:40        0.00
  N00776               JUNCTION     0.02     0.06    37.18     0  01:40        0.00
  N02356               JUNCTION     0.00     0.01     4.07     0  01:40        0.00
  N02085               JUNCTION     1.02     1.26     4.28     0  02:14        0.00
  N02140               JUNCTION     0.01     0.02    12.79     0  01:01        0.00
  N00552               JUNCTION     0.01     0.03    27.08     0  01:00        0.00
  N01639               JUNCTION     0.57     0.95     3.18     0  02:42        0.00
  N00688               JUNCTION     0.01     0.02    10.57     0  01:40        0.00
  N01257               JUNCTION     0.01     0.04    23.63     0  01:40        0.00
  N02426               JUNCTION     0.01     0.02    13.85     0  01:00        0.00
  N01308               JUNCTION     0.01     0.02    15.95     0  01:37        0.00
  N01717               JUNCTION     0.01     0.04     6.10     0  01:00        0.00
  N01757               JUNCTION     0.74     1.12     6.15     0  03:38        0.00
  N01429               JUNCTION     0.08     0.17     9.16     0  02:04        0.00
  N00154               JUNCTION     0.12     0.26     8.35     0  01:37        0.00
  N00824               JUNCTION     0.02     0.04     6.36     0  01:42        0.00
  N00302               JUNCTION     1.19     1.56     7.10     0  03:13        0.00
  N00782               JUNCTION     0.15     0.22    43.45     0  01:40        0.00
  N00683               JUNCTION     0.00     0.01    15.08     0  01:00        0.00
  N01837               JUNCTION     0.02     0.04    10.42     0  01:40        0.00
  N02135               JUNCTION     0.00     0.00    11.14     0  01:00        0.00
  N00083               JUNCTION     0.23     0.73     4.03     0  02:03        0.00
  N00639               JUNCTION     0.02     0.05     2.51     0  01:36        0.00
  N00573               JUNCTION     0.05     0.07    17.86     0  03:30        0.00
  N00436               JUNCTION     0.00     0.01    24.35     0  01:36        0.00
  N01739               JUNCTION     0.46     0.90     5.49     0  02:09        0.00
  N01207               JUNCTION     0.00     0.01     8.53     0  01:35        0.00
  N00861               JUNCTION     0.68     1.07    20.14     0  02:08        0.00
  N02555               JUNCTION     0.05     0.13    26.64     0  01:36        0.00
  N02527               JUNCTION     0.02     0.06    27.77     0  01:40        0.00
  N02252               JUNCTION     0.03     0.09    23.00     0  01:40        0.00
  N01970               JUNCTION     0.00     0.01    22.81     0  01:35        0.00
  N01555               JUNCTION     0.49     1.08     8.16     0  02:21        0.00
  N00542               JUNCTION     0.02     0.05    14.02     0  01:40        0.00
  N00926               JUNCTION     0.04     0.09    15.42     0  01:40        0.00
  N00989               JUNCTION     0.01     0.02    16.95     0  01:40        0.00
  N02551               JUNCTION     0.00     0.00    34.46     0  01:00        0.00
  N00003               JUNCTION     0.00     0.01     7.15     0  01:00        0.00
  N00441               JUNCTION     0.02     0.05    21.74     0  01:47        0.00
  N02364               JUNCTION     0.27     0.38     4.05     0  02:06        0.00
  N01934               JUNCTION     0.01     0.03     6.15     0  01:40        0.00
  N00099               JUNCTION     0.27     0.47     6.87     0  02:10        0.00
  N00831               JUNCTION     0.18     0.41     8.09     0  01:43        0.00
  N01999               JUNCTION     0.29     0.56     8.47     0  02:24        0.00
  N01543               JUNCTION     0.00     0.01     4.28     0  01:33        0.00
  N00084               JUNCTION     0.49     1.02     4.02     0  02:08        0.00
  N00174               JUNCTION     0.77     1.19     4.81     0  02:54        0.00
  N02316               JUNCTION     0.00     0.01     7.21     0  01:00        0.00
  N02296               JUNCTION     0.06     0.12    35.86     0  01:41        0.00
  N01273               JUNCTION     0.18     0.45     4.53     0  02:22        0.00
  N01974               JUNCTION     0.05     0.12    22.90     0  01:40        0.00
  N02715               JUNCTION     0.82     1.20     6.49     0  02:42        0.00
  N00823               JUNCTION     0.21     0.38     5.33     0  02:09        0.00
  N01774               JUNCTION     0.28     0.46     5.38     0  02:06        0.00
  N02285               JUNCTION     0.00     0.00    22.21     0  00:59        0.00
  N00486               JUNCTION     0.29     0.74    16.53     0  02:07        0.00
  N01661               JUNCTION     0.01     0.03     6.06     0  01:38        0.00
  N01052               JUNCTION     0.12     0.27    31.44     0  01:41        0.00
  N01732               JUNCTION     0.31     0.54     5.52     0  02:07        0.00
  N00700               JUNCTION     0.01     0.02    46.94     0  01:24        0.00
  N02406               JUNCTION     0.02     0.04    18.32     0  01:41        0.00
  N00777               JUNCTION     0.09     0.27    29.42     0  01:42        0.00
  N00090               JUNCTION     0.02     0.04    12.64     0  01:40        0.00
  N01430               JUNCTION     0.25     0.39     6.81     0  01:40        0.00
  N01908               JUNCTION     0.13     0.39    13.36     0  01:43        0.00
  N00944               JUNCTION     0.01     0.03    47.87     0  01:37        0.00
  N00596               JUNCTION     0.01     0.02    21.90     0  01:00        0.00
  N01962               JUNCTION     0.00     0.01    23.02     0  01:00        0.00
  N01738               JUNCTION     0.03     0.08     5.25     0  01:40        0.00
  N00342               JUNCTION     0.31     0.76     6.01     0  04:02        0.00
  N00423               JUNCTION     0.01     0.03    13.33     0  01:37        0.00
  N02306               JUNCTION     0.06     0.17    43.84     0  01:36        0.00
  N01888               JUNCTION     0.15     0.46     8.02     0  02:09        0.00
  N00850               JUNCTION     0.16     0.31    18.24     0  01:40        0.00
  N02754               JUNCTION     0.06     0.43     7.90     0  02:03        0.00
  N02240               JUNCTION     0.03     0.09    22.21     0  01:40        0.00
  N01585               JUNCTION     0.15     0.37    30.18     0  01:41        0.00
  N01021               JUNCTION     0.00     0.01    39.51     0  01:37        0.00
  N00774               JUNCTION     0.00     0.00    47.43     0  01:38        0.00
  N02700               JUNCTION     0.75     1.01     6.30     0  02:42        0.00
  N02284               JUNCTION     0.01     0.02    21.85     0  01:00        0.00
  N01154               JUNCTION     0.01     0.02    45.59     0  01:40        0.00
  N00074               JUNCTION     0.03     0.07    17.97     0  01:40        0.00
  N01342               JUNCTION     0.26     0.48    10.38     0  01:46        0.00
  N00435               JUNCTION     0.00     0.00    35.69     0  01:00        0.00
  N00780               JUNCTION     0.70     0.97    17.00     0  03:09        0.00
  N00483               JUNCTION     0.11     0.27    17.00     0  01:43        0.00
  N00157               JUNCTION     0.15     0.34    21.57     0  01:41        0.00
  N01573               JUNCTION     0.00     0.01     6.37     0  01:00        0.00
  N02828               JUNCTION     0.04     0.11    33.11     0  01:40        0.00
  N01241               JUNCTION     0.19     0.67    18.07     0  01:43        0.00
  N00783               JUNCTION     0.05     0.09    43.23     0  01:41        0.00
  N01185               JUNCTION     0.01     0.03    21.58     0  01:36        0.00
  N01849               JUNCTION     0.34     0.61     6.44     0  02:06        0.00
  N00113               JUNCTION     0.21     0.36     4.77     0  02:02        0.00
  N00199               JUNCTION     0.61     1.03     7.41     0  02:14        0.00
  N00610               JUNCTION     0.02     0.04    40.80     0  01:41        0.00
  N02812               JUNCTION     0.51     0.73     6.30     0  02:42        0.00
  N02611               JUNCTION     0.68     1.03     3.83     0  02:04        0.00
  N00948               JUNCTION     0.00     0.02    46.07     0  01:40        0.00
  N01773               JUNCTION     0.07     0.21     5.38     0  02:09        0.00
  N00626               JUNCTION     0.00     0.00    11.53     0  02:56        0.00
  N01015               JUNCTION     0.01     0.04    14.37     0  01:35        0.00
  N00251               JUNCTION     0.43     0.63     4.75     0  02:42        0.00
  N01433               JUNCTION     0.00     0.01     7.39     0  01:40        0.00
  N00634               JUNCTION     0.01     0.01     2.61     0  01:01        0.00
  N00452               JUNCTION     0.01     0.02    13.15     0  01:36        0.00
  N02058               JUNCTION     0.02     0.05    13.74     0  01:40        0.00
  N00130               JUNCTION     0.25     0.38     2.89     0  02:09        0.00
  N01780               JUNCTION     0.09     0.23     5.40     0  02:10        0.00
  N00283               JUNCTION     1.37     1.90     7.49     0  03:02        0.00
  N01387               JUNCTION     0.02     0.06     3.50     0  01:40        0.00
  N01127               JUNCTION     0.00     0.00    11.25     0  02:56        0.00
  N00134               JUNCTION     0.00     0.00     5.08     0  01:00        0.00
  N01566               JUNCTION     0.00     0.01    21.06     0  01:02        0.00
  N02663               JUNCTION     0.10     0.19    10.44     0  01:40        0.00
  N01406               JUNCTION     0.01     0.05    26.22     0  01:00        0.00
  N00359               JUNCTION     0.50     0.89     5.34     0  03:41        0.00
  N01785               JUNCTION     0.37     0.88     6.17     0  02:02        0.00
  N01690               JUNCTION     0.31     0.52     6.01     0  03:41        0.00
  N01082               JUNCTION     0.71     1.03     4.24     0  03:03        0.00
  N00276               JUNCTION     0.23     0.30     7.93     0  02:42        0.00
  N02619               JUNCTION     0.01     0.03     6.90     0  01:39        0.00
  N00646               JUNCTION     0.44     0.81     3.18     0  02:42        0.00
  N02156               JUNCTION     0.04     0.10    11.34     0  01:40        0.00
  N01839               JUNCTION     0.03     0.07    10.39     0  01:41        0.00
  N01525               JUNCTION     0.54     0.88     6.64     0  01:49        0.00
  N00179               JUNCTION     0.70     1.07     4.64     0  01:57        0.00
  N00171               JUNCTION     0.93     1.18     4.81     0  02:40        0.00
  N01398               JUNCTION     0.06     0.16    14.64     0  01:39        0.00
  N01906               JUNCTION     0.11     0.18    14.27     0  01:40        0.00
  N02445               JUNCTION     0.23     0.47     4.60     0  02:46        0.00
  N01742               JUNCTION     0.17     0.53     5.50     0  02:10        0.00
  N01410               JUNCTION     0.09     0.22    10.67     0  01:42        0.00
  N02390               JUNCTION     0.11     0.36     5.85     0  01:43        0.00
  N00959               JUNCTION     0.00     0.01     6.97     0  01:00        0.00
  N00946               JUNCTION     0.01     0.03    40.13     0  01:40        0.00
  N01517               JUNCTION     0.01     0.03     8.07     0  01:40        0.00
  N01401               JUNCTION     0.01     0.03    24.51     0  01:40        0.00
  N00909               JUNCTION     0.00     0.00     9.80     0  01:00        0.00
  N00014               JUNCTION     0.05     0.10     5.28     0  01:41        0.00
  N02834               JUNCTION     0.03     0.09    23.16     0  01:40        0.00
  N02327               JUNCTION     0.07     0.13     5.84     0  01:40        0.00
  N02750               JUNCTION     0.01     0.02    44.87     0  01:35        0.00
  N02596               JUNCTION     0.01     0.02    19.14     0  01:00        0.00
  N02570               JUNCTION     0.07     0.16    19.94     0  01:41        0.00
  N00655               JUNCTION     0.04     0.07     3.14     0  01:40        0.00
  N00434               JUNCTION     0.01     0.03    19.06     0  01:48        0.00
  N02137               JUNCTION     0.00     0.01    13.87     0  01:00        0.00
  N01397               JUNCTION     0.00     0.01    15.48     0  01:00        0.00
  N02172               JUNCTION     0.00     0.01    15.18     0  01:36        0.00
  N02275               JUNCTION     0.47     0.68    20.39     0  02:29        0.00
  N02617               JUNCTION     0.23     0.35     3.08     0  01:49        0.00
  N00274               JUNCTION     0.00     0.01     8.10     0  01:00        0.00
  N01813               JUNCTION     0.04     0.13     9.55     0  01:40        0.00
  N02024               JUNCTION     0.69     1.12    16.33     0  02:32        0.00
  N01940               JUNCTION     0.49     0.95     5.41     0  02:41        0.00
  N02609               JUNCTION     0.01     0.03     5.52     0  01:01        0.00
  N00211               JUNCTION     0.38     0.56     1.97     0  02:09        0.00
  N00505               JUNCTION     0.80     1.12    17.06     0  03:08        0.00
  N02675               JUNCTION     0.01     0.03    10.73     0  01:01        0.00
  N01164               JUNCTION     0.50     0.70     2.21     0  02:44        0.00
  N02449               JUNCTION     0.01     0.02    14.18     0  01:40        0.00
  N01584               JUNCTION     0.91     1.15     4.77     0  01:50        0.00
  N02065               JUNCTION     0.02     0.05    24.32     0  01:40        0.00
  N02303               JUNCTION     0.07     0.14    37.66     0  01:41        0.00
  N01793               JUNCTION     0.05     0.14     8.39     0  01:37        0.00
  N00458               JUNCTION     0.05     0.11    22.16     0  01:44        0.00
  N02603               JUNCTION     0.62     1.05     4.78     0  02:03        0.00
  N02775               JUNCTION     0.06     0.13    25.02     0  01:41        0.00
  N01681               JUNCTION     0.10     0.22     5.15     0  01:40        0.00
  N00214               JUNCTION     0.20     0.36     5.07     0  01:43        0.00
  N02293               JUNCTION     0.01     0.02    30.50     0  01:01        0.00
  N02589               JUNCTION     0.10     0.24    20.46     0  01:41        0.00
  N00403               JUNCTION     0.01     0.01     3.17     0  01:00        0.00
  N00682               JUNCTION     0.32     0.47    12.38     0  01:43        0.00
  N00815               JUNCTION     0.00     0.01     8.48     0  01:00        0.00
  N02632               JUNCTION     0.05     0.12    17.53     0  01:41        0.00
  N01618               JUNCTION     0.67     0.95     4.13     0  03:29        0.00
  N00619               JUNCTION     0.01     0.03    26.35     0  01:01        0.00
  N00085               JUNCTION     0.43     0.96     4.03     0  02:01        0.00
  N02008               JUNCTION     0.02     0.03    12.22     0  01:40        0.00
  N00533               JUNCTION     0.04     0.10    16.74     0  01:43        0.00
  N01748               JUNCTION     0.11     0.40     4.51     0  02:04        0.00
  N01890               JUNCTION     0.01     0.02    26.35     0  01:40        0.00
  N02513               JUNCTION     1.01     1.64    17.57     0  02:34        0.00
  N01039               JUNCTION     1.17     1.54     7.08     0  03:25        0.00
  N01215               JUNCTION     0.02     0.05    26.78     0  01:40        0.00
  N02004               JUNCTION     0.50     0.73    10.73     0  03:14        0.00
  N00535               JUNCTION     0.04     0.11    19.71     0  01:40        0.00
  N01832               JUNCTION     0.58     1.48    10.81     0  01:40        0.00
  N00545               JUNCTION     0.01     0.03    13.49     0  01:00        0.00
  N01894               JUNCTION     0.00     0.00    18.64     0  01:00        0.00
  N02544               JUNCTION     0.09     0.22    19.03     0  01:41        0.00
  N00291               JUNCTION     0.00     0.01    10.04     0  01:00        0.00
  N00633               JUNCTION     0.00     0.00     3.07     0  01:00        0.00
  N00903               JUNCTION     0.28     0.46     3.83     0  02:08        0.00
  N02373               JUNCTION     0.01     0.02     3.50     0  01:00        0.00
  N02163               JUNCTION     0.02     0.05    11.52     0  01:40        0.00
  N02069               JUNCTION     0.06     0.18    22.16     0  01:39        0.00
  N02237               JUNCTION     0.00     0.01    27.41     0  01:00        0.00
  N00178               JUNCTION     0.65     1.02     4.65     0  02:18        0.00
  N02761               JUNCTION     0.45     1.02     6.09     0  02:08        0.00
  N00680               JUNCTION     0.43     0.66    10.57     0  01:44        0.00
  N02416               JUNCTION     0.02     0.06    38.31     0  01:40        0.00
  N02768               JUNCTION     0.15     0.49     5.50     0  02:10        0.00
  N02496               JUNCTION     0.00     0.02     2.95     0  01:39        0.00
  N02484               JUNCTION     0.39     0.71     4.53     0  02:23        0.00
  N02509               JUNCTION     0.02     0.06    19.20     0  01:41        0.00
  N01116               JUNCTION     0.01     0.03     7.19     0  01:35        0.00
  N01479               JUNCTION     0.11     0.20     5.58     0  01:40        0.00
  N02103               JUNCTION     0.02     0.05    29.63     0  01:40        0.00
  N00615               JUNCTION     0.07     0.17    26.93     0  01:40        0.00
  N00141               JUNCTION     0.01     0.01     3.03     0  00:35        0.00
  N00036               JUNCTION     0.05     0.11    20.31     0  01:40        0.00
  N02308               JUNCTION     0.01     0.03    43.22     0  01:35        0.00
  N01897               JUNCTION     0.07     0.16    14.92     0  01:40        0.00
  N01993               JUNCTION     0.27     0.56     9.19     0  02:01        0.00
  N02351               JUNCTION     0.79     1.02     3.98     0  02:41        0.00
  N02833               JUNCTION     0.00     0.00    28.43     0  01:00        0.00
  N01918               JUNCTION     0.03     0.07    15.74     0  01:40        0.00
  N00313               JUNCTION     0.00     0.01    47.40     0  01:00        0.00
  N01682               JUNCTION     1.23     1.66     7.20     0  02:29        0.00
  N00143               JUNCTION     0.03     0.07    10.17     0  01:40        0.00
  N01399               JUNCTION     0.01     0.03    25.55     0  01:40        0.00
  N02129               JUNCTION     0.82     1.23     6.71     0  01:56        0.00
  N00392               JUNCTION     0.01     0.04     6.41     0  01:38        0.00
  N02438               JUNCTION     0.12     0.31    17.25     0  01:42        0.00
  N00705               JUNCTION     0.00     0.00    34.33     0  01:00        0.00
  N00707               JUNCTION     0.80     1.15    17.08     0  02:31        0.00
  N02707               JUNCTION     0.68     1.17     5.38     0  02:41        0.00
  N01864               JUNCTION     0.53     1.21     7.92     0  02:03        0.00
  N00446               JUNCTION     0.00     0.01    18.91     0  01:40        0.00
  N00638               JUNCTION     0.00     0.01     2.79     0  01:00        0.00
  N01297               JUNCTION     0.01     0.04     4.77     0  01:40        0.00
  N01514               JUNCTION     0.00     0.01     9.61     0  01:35        0.00
  N01333               JUNCTION     0.49     1.34     5.29     0  02:05        0.00
  N00726               JUNCTION     0.01     0.01    13.16     0  01:35        0.00
  N02553               JUNCTION     0.00     0.02    47.20     0  01:00        0.00
  N01349               JUNCTION     0.66     1.24     4.94     0  03:33        0.00
  N02776               JUNCTION     0.01     0.02    28.69     0  01:40        0.00
  N00340               JUNCTION     0.33     0.55     4.26     0  02:09        0.00
  N00812               JUNCTION     0.00     0.01    15.18     0  01:36        0.00
  N00588               JUNCTION     0.30     0.62    19.40     0  01:45        0.00
  N01653               JUNCTION     0.91     1.14     4.77     0  02:41        0.00
  N02511               JUNCTION     0.00     0.01    22.56     0  01:00        0.00
  N02612               JUNCTION     0.01     0.02     8.90     0  01:00        0.00
  N01903               JUNCTION     0.05     0.12    20.21     0  01:41        0.00
  N01003               JUNCTION     0.01     0.02    27.80     0  01:37        0.00
  N02023               JUNCTION     0.03     0.07    20.68     0  01:37        0.00
  N02060               JUNCTION     0.01     0.03    22.90     0  01:40        0.00
  N01043               JUNCTION     0.01     0.02    42.77     0  01:36        0.00
  N00272               JUNCTION     0.00     0.02     8.98     0  01:00        0.00
  N01390               JUNCTION     0.24     0.46     3.64     0  01:44        0.00
  N01917               JUNCTION     0.01     0.03    17.79     0  01:37        0.00
  N01459               JUNCTION     0.13     0.34    17.60     0  01:40        0.00
  N01580               JUNCTION     0.00     0.01    15.61     0  01:40        0.00
  N00347               JUNCTION     0.31     0.52     4.27     0  02:07        0.00
  N02664               JUNCTION     0.13     0.23     8.27     0  02:05        0.00
  N01846               JUNCTION     0.01     0.03    10.45     0  01:37        0.00
  N02304               JUNCTION     0.01     0.03    43.57     0  01:00        0.00
  N01893               JUNCTION     0.00     0.01    28.19     0  01:40        0.00
  N01651               JUNCTION     0.06     0.13     7.47     0  01:42        0.00
  N02755               JUNCTION     0.00     0.01    12.79     0  01:00        0.00
  N01346               JUNCTION     0.83     1.24     4.77     0  02:43        0.00
  N01815               JUNCTION     0.01     0.01     9.04     0  01:00        0.00
  N02523               JUNCTION     0.04     0.12    26.71     0  01:37        0.00
  N01437               JUNCTION     0.00     0.01     9.12     0  01:00        0.00
  N01968               JUNCTION     0.22     0.54     8.39     0  02:24        0.00
  N01218               JUNCTION     0.02     0.06    47.26     0  01:40        0.00
  N00259               JUNCTION     0.14     0.31     4.86     0  02:10        0.00
  N01637               JUNCTION     0.55     0.94     3.22     0  02:42        0.00
  N01409               JUNCTION     0.07     0.19    13.78     0  01:41        0.00
  N00325               JUNCTION     0.11     0.22     5.03     0  01:40        0.00
  N01814               JUNCTION     0.06     0.23     9.45     0  01:43        0.00
  N02628               JUNCTION     0.00     0.02    15.71     0  01:36        0.00
  N02107               JUNCTION     0.00     0.01    30.68     0  01:00        0.00
  N02486               JUNCTION     0.30     0.57     4.57     0  02:23        0.00
  N01563               JUNCTION     0.07     0.18    20.03     0  01:41        0.00
  N00162               JUNCTION     0.17     0.40     9.46     0  01:45        0.00
  N01926               JUNCTION     0.27     0.49     9.14     0  02:04        0.00
  N00983               JUNCTION     0.00     0.01    22.11     0  01:36        0.00
  N00725               JUNCTION     0.01     0.03     7.06     0  01:35        0.00
  N01072               JUNCTION     0.05     0.12    13.79     0  01:40        0.00
  N00069               JUNCTION     0.03     0.12     6.98     0  01:44        0.00
  N00286               JUNCTION     0.15     0.24     5.84     0  02:05        0.00
  N02269               JUNCTION     0.14     0.24    45.34     0  01:40        0.00
  N02638               JUNCTION     0.01     0.02    12.99     0  01:40        0.00
  N02330               JUNCTION     0.72     1.00     4.15     0  02:41        0.00
  N01474               JUNCTION     0.13     0.28     3.75     0  02:01        0.00
  N00344               JUNCTION     0.00     0.01     6.36     0  01:40        0.00
  N02584               JUNCTION     0.01     0.02    18.86     0  01:40        0.00
  N01775               JUNCTION     0.11     0.27     5.27     0  02:04        0.00
  N01396               JUNCTION     0.13     0.28     6.35     0  01:42        0.00
  N00205               JUNCTION     0.30     0.59     6.94     0  01:45        0.00
  N00040               JUNCTION     0.17     0.53     7.77     0  02:29        0.00
  N00568               JUNCTION     0.00     0.01    24.02     0  01:00        0.00
  N00412               JUNCTION     0.01     0.02    24.66     0  01:00        0.00
  N01713               JUNCTION     0.26     0.47     5.52     0  02:09        0.00
  N02148               JUNCTION     0.51     0.85     7.18     0  02:42        0.00
  N00696               JUNCTION     0.23     0.52    15.78     0  01:43        0.00
  N01198               JUNCTION     0.12     0.18    14.01     0  02:05        0.00
  N00261               JUNCTION     0.00     0.00    10.34     0  01:33        0.00
  N00149               JUNCTION     0.76     1.20     5.20     0  02:09        0.00
  N01855               JUNCTION     0.01     0.07     6.81     0  01:43        0.00
  N00288               JUNCTION     0.15     0.24     6.52     0  02:03        0.00
  N02014               JUNCTION     0.02     0.06     9.18     0  01:40        0.00
  N01522               JUNCTION     0.00     0.00    10.54     0  00:59        0.00
  N02613               JUNCTION     0.00     0.01     8.78     0  01:35        0.00
  N00811               JUNCTION     0.06     0.13     9.99     0  01:40        0.00
  N00367               JUNCTION     0.00     0.00     8.52     0  02:52        0.00
  N02291               JUNCTION     0.03     0.08    28.94     0  01:38        0.00
  N02310               JUNCTION     0.01     0.02    45.27     0  01:00        0.00
  N00672               JUNCTION     0.07     0.13    39.65     0  01:40        0.00
  N02526               JUNCTION     0.03     0.06    48.40     0  01:40        0.00
  N00335               JUNCTION     0.24     0.35     5.64     0  02:42        0.00
  N01943               JUNCTION     0.05     0.11     6.17     0  02:13        0.00
  N02822               JUNCTION     0.01     0.04    15.04     0  01:01        0.00
  N02050               JUNCTION     0.26     0.36    13.20     0  02:07        0.00
  N01475               JUNCTION     0.73     1.07     3.80     0  02:06        0.00
  N02102               JUNCTION     0.00     0.01    30.67     0  01:00        0.00
  N02118               JUNCTION     0.03     0.09     7.65     0  01:40        0.00
  N01865               JUNCTION     0.27     0.70     7.42     0  01:41        0.00
  N01454               JUNCTION     0.92     1.12     4.25     0  02:18        0.00
  N01337               JUNCTION     0.00     0.00    47.50     0  01:00        0.00
  N01984               JUNCTION     0.02     0.05    17.83     0  01:38        0.00
  N02192               JUNCTION     0.09     0.13     2.89     0  02:43        0.00
  N01867               JUNCTION     0.01     0.02     6.65     0  01:00        0.00
  N02718               JUNCTION     0.19     0.44     7.18     0  02:42        0.00
  N01508               JUNCTION     0.00     0.01    13.30     0  01:00        0.00
  N00177               JUNCTION     0.38     0.65     4.76     0  02:41        0.00
  N02463               JUNCTION     0.00     0.01    12.72     0  01:40        0.00
  N00455               JUNCTION     0.02     0.04    13.45     0  01:40        0.00
  N01255               JUNCTION     0.00     0.01    15.59     0  01:00        0.00
  N02464               JUNCTION     0.07     0.13     9.05     0  02:01        0.00
  N01290               JUNCTION     0.56     0.86     4.59     0  02:45        0.00
  N01119               JUNCTION     0.45     0.90     6.44     0  03:41        0.00
  N01818               JUNCTION     0.01     0.03    33.02     0  01:01        0.00
  N00711               JUNCTION     0.23     0.30    42.61     0  02:42        0.00
  N01708               JUNCTION     0.41     0.76     6.19     0  03:40        0.00
  N00644               JUNCTION     0.47     0.86     3.23     0  02:42        0.00
  N00770               JUNCTION     0.44     1.00    16.71     0  02:05        0.00
  N01538               JUNCTION     0.40     0.59     4.75     0  02:42        0.00
  N00637               JUNCTION     0.00     0.01     2.90     0  01:00        0.00
  N02637               JUNCTION     0.00     0.01    14.41     0  01:00        0.00
  N01705               JUNCTION     0.20     0.29     5.27     0  01:40        0.00
  N00536               JUNCTION     0.00     0.01    11.64     0  01:00        0.00
  N00239               JUNCTION     0.32     0.50     4.75     0  02:40        0.00
  N01761               JUNCTION     0.23     0.51     4.73     0  01:58        0.00
  N00494               JUNCTION     0.87     1.15    16.98     0  02:42        0.00
  N00549               JUNCTION     0.01     0.03    13.95     0  01:40        0.00
  N01650               JUNCTION     0.07     0.16     7.76     0  01:45        0.00
  N02429               JUNCTION     0.09     0.20     8.84     0  01:46        0.00
  N02388               JUNCTION     0.75     1.05     3.74     0  02:02        0.00
  N01736               JUNCTION     0.00     0.00     9.33     0  01:00        0.00
  N01677               JUNCTION     0.39     0.59     4.01     0  02:30        0.00
  N01495               JUNCTION     0.00     0.01     4.75     0  01:40        0.00
  N00554               JUNCTION     0.13     0.23    22.32     0  01:42        0.00
  N00853               JUNCTION     0.08     0.16    18.93     0  01:40        0.00
  N01265               JUNCTION     0.03     0.09    15.49     0  01:40        0.00
  N02716               JUNCTION     0.06     0.12     5.79     0  02:10        0.00
  N01115               JUNCTION     0.49     0.90     7.76     0  02:43        0.00
  N00565               JUNCTION     0.00     0.01    14.53     0  01:00        0.00
  N00740               JUNCTION     0.10     0.22    17.59     0  01:40        0.00
  N00670               JUNCTION     0.05     0.11    36.39     0  01:41        0.00
  N00393               JUNCTION     0.01     0.03     5.33     0  01:40        0.00
  N02778               JUNCTION     0.01     0.03    17.78     0  01:40        0.00
  N02457               JUNCTION     0.00     0.01    33.95     0  01:00        0.00
  N00311               JUNCTION     0.00     0.01     9.43     0  02:00        0.00
  N00005               JUNCTION     0.00     0.01     7.01     0  01:40        0.00
  N00817               JUNCTION     0.64     1.40     5.51     0  02:05        0.00
  N02248               JUNCTION     0.07     0.16    20.08     0  02:03        0.00
  N00097               JUNCTION     0.25     0.49     6.61     0  01:41        0.00
  N02242               JUNCTION     0.05     0.33    20.90     0  01:44        0.00
  N02542               JUNCTION     0.05     0.14    25.92     0  01:36        0.00
  N01427               JUNCTION     0.19     0.40     8.04     0  01:42        0.00
  N01432               JUNCTION     1.17     1.52     7.15     0  03:37        0.00
  N02209               JUNCTION     0.00     0.01     6.55     0  01:00        0.00
  N01144               JUNCTION     0.02     0.06    28.86     0  01:00        0.00
  N02739               JUNCTION     0.07     0.12    18.92     0  02:13        0.00
  N02704               JUNCTION     0.01     0.04     5.60     0  02:42        0.00
  N01487               JUNCTION     0.64     0.97     4.29     0  03:25        0.00
  N02508               JUNCTION     0.00     0.01    21.89     0  01:00        0.00
  N00268               JUNCTION     0.41     0.63     5.04     0  02:09        0.00
  N01722               JUNCTION     0.00     0.01     6.34     0  01:35        0.00
  N02157               JUNCTION     0.04     0.10    10.76     0  01:41        0.00
  N02071               JUNCTION     0.10     0.21    12.22     0  02:03        0.00
  N00675               JUNCTION     0.01     0.02     5.49     0  01:00        0.00
  N00275               JUNCTION     0.00     0.01     7.80     0  01:00        0.00
  N01859               JUNCTION     0.35     0.63     9.15     0  01:59        0.00
  N00876               JUNCTION     0.40     0.91     7.45     0  02:04        0.00
  N01103               JUNCTION     0.78     1.04     3.98     0  02:09        0.00
  N02793               JUNCTION     0.12     0.20    18.50     0  01:44        0.00
  N01063               JUNCTION     0.00     0.01    22.05     0  01:00        0.00
  N02002               JUNCTION     0.68     1.06     9.22     0  02:00        0.00
  N00252               JUNCTION     0.01     0.02     5.17     0  01:40        0.00
  N02377               JUNCTION     0.28     0.43     3.37     0  02:09        0.00
  N00324               JUNCTION     0.01     0.02     9.23     0  01:37        0.00
  N01447               JUNCTION     0.20     0.33    10.69     0  01:40        0.00
  N02170               JUNCTION     0.01     0.02    12.04     0  01:37        0.00
  N02836               JUNCTION     0.13     0.24    22.34     0  01:42        0.00
  N02025               JUNCTION     0.05     0.12    19.32     0  01:44        0.00
  N00112               JUNCTION     0.00     0.01     4.56     0  01:36        0.00
  N00501               JUNCTION     0.70     1.08    16.25     0  02:32        0.00
  N01020               JUNCTION     0.01     0.04    27.55     0  01:39        0.00
  N02696               JUNCTION     0.24     0.98     8.21     0  02:13        0.00
  N00354               JUNCTION     0.38     0.66     5.07     0  03:43        0.00
  N01292               JUNCTION     0.00     0.01     6.01     0  01:00        0.00
  N01812               JUNCTION     0.54     1.06     7.25     0  01:56        0.00
  N02742               JUNCTION     0.00     0.02    18.32     0  01:00        0.00
  N02832               JUNCTION     0.00     0.01    23.32     0  02:00        0.00
  N02595               JUNCTION     0.00     0.00    25.07     0  01:33        0.00
  N02521               JUNCTION     0.00     0.02    26.27     0  01:00        0.00
  N00444               JUNCTION     0.06     0.12    21.89     0  01:44        0.00
  N01305               JUNCTION     0.00     0.01    29.56     0  01:00        0.00
  N00235               JUNCTION     0.02     0.05     2.82     0  01:40        0.00
  N00018               JUNCTION     0.00     0.01     8.03     0  01:37        0.00
  N01706               JUNCTION     0.85     1.23     6.14     0  03:40        0.00
  N01064               JUNCTION     0.00     0.00    45.02     0  01:00        0.00
  N01938               JUNCTION     0.02     0.04    17.27     0  01:40        0.00
  N01158               JUNCTION     0.00     0.01    42.53     0  01:00        0.00
  N00269               JUNCTION     0.20     0.44     4.97     0  01:44        0.00
  N01892               JUNCTION     0.07     0.13    14.86     0  02:03        0.00
  N01311               JUNCTION     0.00     0.01    18.29     0  01:37        0.00
  N01259               JUNCTION     0.08     0.15    19.27     0  02:26        0.00
  N01802               JUNCTION     0.02     0.04     7.48     0  01:40        0.00
  N01668               JUNCTION     0.18     0.30    11.67     0  02:04        0.00
  N00632               JUNCTION     0.21     0.32     2.69     0  02:03        0.00
  N01348               JUNCTION     0.75     1.18     4.78     0  02:41        0.00
  N00066               JUNCTION     0.34     0.56     8.25     0  02:09        0.00
  N01093               JUNCTION     0.01     0.02    22.51     0  01:36        0.00
  N02657               JUNCTION     0.17     0.34    12.13     0  02:03        0.00
  N02367               JUNCTION     0.28     0.43     3.39     0  02:08        0.00
  N01631               JUNCTION     0.41     0.59     2.88     0  02:09        0.00
  N01751               JUNCTION     0.11     0.26     4.59     0  01:40        0.00
  N02086               JUNCTION     1.03     1.25     4.24     0  02:08        0.00
  N02569               JUNCTION     0.01     0.04    21.04     0  01:40        0.00
  N01385               JUNCTION     0.19     0.27     3.34     0  02:09        0.00
  N01542               JUNCTION     0.58     0.80     4.55     0  03:13        0.00
  N00835               JUNCTION     0.00     0.01     6.88     0  01:38        0.00
  N00035               JUNCTION     0.09     0.18    21.52     0  01:41        0.00
  N01460               JUNCTION     0.13     0.34     9.67     0  01:44        0.00
  N02144               JUNCTION     0.22     0.42     5.26     0  02:11        0.00
  N02162               JUNCTION     0.16     0.36    11.17     0  01:41        0.00
  N01895               JUNCTION     0.00     0.00    16.42     0  01:34        0.00
  N02415               JUNCTION     0.00     0.01    29.89     0  01:00        0.00
  N00282               JUNCTION     0.82     1.55     8.04     0  02:21        0.00
  N02122               JUNCTION     0.20     0.32    10.05     0  02:09        0.00
  N01091               JUNCTION     0.00     0.01    18.85     0  01:00        0.00
  N01407               JUNCTION     0.00     0.01    25.86     0  01:00        0.00
  N01059               JUNCTION     0.01     0.05    30.14     0  01:01        0.00
  N01957               JUNCTION     0.03     0.07    19.43     0  01:38        0.00
  N01046               JUNCTION     0.05     0.10    28.49     0  01:41        0.00
  N02410               JUNCTION     0.15     0.28    20.02     0  01:44        0.00
  N01319               JUNCTION     0.08     0.20    14.48     0  01:40        0.00
  N00430               JUNCTION     0.02     0.05    25.66     0  01:40        0.00
  N01277               JUNCTION     0.11     0.16    27.24     0  02:04        0.00
  N02345               JUNCTION     0.26     0.45     4.14     0  02:44        0.00
  N00192               JUNCTION     1.00     1.25     4.80     0  02:41        0.00
  N02767               JUNCTION     0.28     0.63     4.71     0  02:04        0.00
  N02017               JUNCTION     0.08     0.18    13.12     0  01:41        0.00
  N00836               JUNCTION     0.02     0.05     5.65     0  01:35        0.00
  N02474               JUNCTION     0.35     0.65     4.51     0  02:17        0.00
  N02518               JUNCTION     0.16     0.30     5.30     0  01:51        0.00
  N01730               JUNCTION     0.50     0.95     5.50     0  02:10        0.00
  N02109               JUNCTION     0.14     0.23    19.11     0  01:44        0.00
  N01871               JUNCTION     0.26     1.03     7.39     0  02:34        0.00
  N02379               JUNCTION     0.25     0.38     3.50     0  02:09        0.00
  N00986               JUNCTION     0.26     0.59    17.73     0  01:43        0.00
  N01874               JUNCTION     0.60     1.36     5.53     0  02:06        0.00
  N00665               JUNCTION     0.00     0.00    47.51     0  01:00        0.00
  N00649               JUNCTION     0.00     0.02     2.75     0  01:00        0.00
  N01891               JUNCTION     0.04     0.09    14.80     0  02:05        0.00
  N01841               JUNCTION     0.04     0.10    10.54     0  01:40        0.00
  N00572               JUNCTION     0.02     0.06    17.72     0  01:36        0.00
  N00092               JUNCTION     0.37     1.04     4.96     0  01:40        0.00
  N02013               JUNCTION     0.00     0.01    25.85     0  01:35        0.00
  N00015               JUNCTION     0.03     0.08     4.62     0  01:01        0.00
  N02287               JUNCTION     0.00     0.00    21.82     0  01:35        0.00
  N00024               JUNCTION     0.02     0.07    41.43     0  01:38        0.00
  N01771               JUNCTION     0.25     0.42     5.27     0  02:06        0.00
  N00054               JUNCTION     0.00     0.01    15.69     0  01:35        0.00
  N01819               JUNCTION     0.04     0.13    11.02     0  01:40        0.00
  N01807               JUNCTION     0.30     0.63     9.47     0  01:45        0.00
  N01610               JUNCTION     0.30     0.48     3.69     0  02:06        0.00
  N01582               JUNCTION     0.01     0.03    16.07     0  01:37        0.00
  N02620               JUNCTION     0.50     0.89     4.71     0  02:00        0.00
  N01204               JUNCTION     0.31     0.44    19.70     0  02:08        0.00
  N01718               JUNCTION     0.02     0.05     6.08     0  01:37        0.00
  N01883               JUNCTION     0.01     0.02    12.40     0  01:40        0.00
  N01312               JUNCTION     0.07     0.18    19.67     0  01:40        0.00
  N01712               JUNCTION     0.25     0.41     5.40     0  02:10        0.00
  N01885               JUNCTION     0.01     0.01     6.50     0  01:35        0.00
  N02077               JUNCTION     0.08     0.17    13.46     0  02:00        0.00
  N01505               JUNCTION     0.01     0.02    17.25     0  01:40        0.00
  N00396               JUNCTION     0.05     0.09     5.78     0  01:40        0.00
  N00808               JUNCTION     0.01     0.02    11.07     0  01:00        0.00
  N00515               JUNCTION     0.02     0.04    18.92     0  01:40        0.00
  N01737               JUNCTION     0.07     0.17     5.98     0  01:40        0.00
  N00710               JUNCTION     0.14     0.25    21.51     0  01:43        0.00
  N01163               JUNCTION     0.25     0.36     2.91     0  03:34        0.00
  N01435               JUNCTION     0.05     0.13     7.34     0  01:40        0.00
  N01320               JUNCTION     0.16     0.39    15.32     0  01:40        0.00
  N02211               JUNCTION     0.01     0.02     5.55     0  01:40        0.00
  N02106               JUNCTION     0.00     0.01    28.52     0  01:00        0.00
  N00301               JUNCTION     1.21     1.61     7.10     0  03:09        0.00
  N01428               JUNCTION     0.03     0.07     8.98     0  02:06        0.00
  N00661               JUNCTION     0.25     0.37     3.56     0  02:45        0.00
  N02074               JUNCTION     0.49     1.03    15.36     0  01:27        0.00
  N02116               JUNCTION     0.12     0.29     8.20     0  01:41        0.00
  N00724               JUNCTION     0.14     0.33    13.97     0  01:41        0.00
  N02687               JUNCTION     0.71     1.24    15.33     0  01:28        0.00
  N02142               JUNCTION     0.01     0.02     6.42     0  01:39        0.00
  N00985               JUNCTION     0.11     0.24    18.09     0  01:41        0.00
  N01057               JUNCTION     0.18     0.46    26.99     0  01:42        0.00
  N00389               JUNCTION     0.03     0.08     4.27     0  01:37        0.00
  N01147               JUNCTION     0.01     0.02    36.60     0  01:00        0.00
  N01796               JUNCTION     0.00     0.01     8.82     0  01:00        0.00
  N00698               JUNCTION     0.00     0.00    47.22     0  01:33        0.00
  N02371               JUNCTION     0.01     0.02     3.78     0  01:35        0.00
  N00887               JUNCTION     0.60     1.06     9.44     0  01:10        0.00
  N01836               JUNCTION     0.02     0.06     9.12     0  01:40        0.00
  N01687               JUNCTION     0.00     0.01     7.92     0  01:38        0.00
  N02134               JUNCTION     0.01     0.02     9.20     0  01:00        0.00
  N01666               JUNCTION     0.86     1.17    11.87     0  02:06        0.00
  N01797               JUNCTION     1.09     1.53     7.29     0  02:32        0.00
  N00575               JUNCTION     0.00     0.01    44.09     0  01:00        0.00
  N00334               JUNCTION     0.58     1.15     6.82     0  02:41        0.00
  N00643               JUNCTION     0.31     0.50     2.83     0  02:04        0.00
  N01622               JUNCTION     0.04     0.14     3.08     0  01:46        0.00
  N00362               JUNCTION     0.01     0.01     5.22     0  01:37        0.00
  N01493               JUNCTION     0.05     0.15     4.95     0  02:05        0.00
  N00103               JUNCTION     0.80     1.44     5.63     0  02:34        0.00
  N02033               JUNCTION     0.01     0.03    19.79     0  01:36        0.00
  N00849               JUNCTION     0.02     0.04    16.81     0  01:25        0.00
  N02276               JUNCTION     0.00     0.01    21.73     0  01:40        0.00
  N01513               JUNCTION     0.01     0.01    19.71     0  01:36        0.00
  N00779               JUNCTION     0.10     0.23    32.87     0  01:41        0.00
  N00974               JUNCTION     0.03     0.08    25.78     0  01:37        0.00
  N00427               JUNCTION     0.02     0.04    13.74     0  01:36        0.00
  N01731               JUNCTION     0.06     0.21     5.52     0  02:06        0.00
  N00547               JUNCTION     0.01     0.01    11.96     0  01:40        0.00
  N00217               JUNCTION     0.58     0.80     4.54     0  02:41        0.00
  N00889               JUNCTION     0.62     0.93     4.59     0  02:45        0.00
  N00957               JUNCTION     0.76     1.17     4.78     0  02:43        0.00
  N00587               JUNCTION     0.01     0.04    19.45     0  01:40        0.00
  N00432               JUNCTION     0.00     0.01    18.89     0  01:34        0.00
  N02734               JUNCTION     0.00     0.01    19.42     0  01:00        0.00
  N00295               JUNCTION     0.01     0.02     7.60     0  01:39        0.00
  N01770               JUNCTION     0.30     0.48     5.38     0  02:06        0.00
  N02015               JUNCTION     0.00     0.01    14.77     0  01:00        0.00
  N01492               JUNCTION     0.07     0.20     4.60     0  01:39        0.00
  N00102               JUNCTION     0.06     0.13     6.54     0  01:40        0.00
  N02288               JUNCTION     0.00     0.01    29.04     0  01:00        0.00
  N01374               JUNCTION     0.36     0.61     7.05     0  02:10        0.00
  N02558               JUNCTION     0.01     0.04     6.16     0  01:36        0.00
  N02669               JUNCTION     0.08     0.21    10.25     0  01:41        0.00
  N02436               JUNCTION     0.00     0.01    22.80     0  01:00        0.00
  N02046               JUNCTION     0.50     0.75    10.78     0  03:13        0.00
  N01914               JUNCTION     0.00     0.01     9.28     0  01:00        0.00
  N02533               JUNCTION     0.01     0.03    31.83     0  01:40        0.00
  N00645               JUNCTION     0.54     0.93     3.22     0  02:42        0.00
  N00240               JUNCTION     0.19     0.33     5.08     0  01:43        0.00
  N02238               JUNCTION     0.00     0.01    26.93     0  01:00        0.00
  N02493               JUNCTION     0.01     0.02     3.76     0  02:08        0.00
  N01685               JUNCTION     0.07     0.18     4.93     0  01:40        0.00
  N00718               JUNCTION     0.03     0.07    26.05     0  01:40        0.00
  N02250               JUNCTION     0.14     0.26    23.13     0  01:41        0.00
  N00116               JUNCTION     0.01     0.04     9.66     0  01:40        0.00
  N02473               JUNCTION     0.59     0.92     4.51     0  02:13        0.00
  N01765               JUNCTION     0.01     0.03     4.99     0  01:40        0.00
  N00020               JUNCTION     0.48     0.92     7.77     0  02:31        0.00
  N00660               JUNCTION     0.28     0.40     3.54     0  01:41        0.00
  N02506               JUNCTION     0.00     0.01    46.08     0  01:00        0.00
  N01314               JUNCTION     0.00     0.01    15.81     0  01:40        0.00
  N00787               JUNCTION     0.26     0.39     3.08     0  01:48        0.00
  N02328               JUNCTION     0.01     0.02     3.43     0  01:00        0.00
  N02104               JUNCTION     0.02     0.06    30.05     0  01:37        0.00
  N02027               JUNCTION     0.04     0.08    17.02     0  01:45        0.00
  N01857               JUNCTION     0.02     0.05     5.87     0  02:04        0.00
  N01023               JUNCTION     0.03     0.09    29.11     0  01:39        0.00
  N01389               JUNCTION     0.09     0.19     3.41     0  02:05        0.00
  N02616               JUNCTION     0.16     0.31     3.51     0  01:40        0.00
  N00057               JUNCTION     0.02     0.03    10.50     0  01:43        0.00
  N01260               JUNCTION     0.08     0.15    19.22     0  02:28        0.00
  N02666               JUNCTION     0.01     0.02     9.29     0  01:36        0.00
  N01869               JUNCTION     0.63     1.08     7.21     0  01:41        0.00
  N02711               JUNCTION     0.00     0.01    17.06     0  01:37        0.00
  N01560               JUNCTION     0.78     1.00    12.90     0  02:41        0.00
  N00411               JUNCTION     0.06     0.16    19.52     0  01:39        0.00
  N00941               JUNCTION     0.02     0.05     5.02     0  01:40        0.00
  N02483               JUNCTION     0.07     0.13     5.77     0  02:08        0.00
  N01090               JUNCTION     0.00     0.01    22.29     0  01:00        0.00
  N02081               JUNCTION     0.84     1.14     4.86     0  03:41        0.00
  N00065               JUNCTION     0.06     0.20     8.25     0  02:10        0.00
  N01336               JUNCTION     0.00     0.00    47.24     0  01:00        0.00
  N01414               JUNCTION     0.37     0.65    20.27     0  01:46        0.00
  N01247               JUNCTION     0.11     0.38     3.18     0  02:42        0.00
  N02686               JUNCTION     0.24     0.61    22.04     0  01:41        0.00
  N02034               JUNCTION     0.00     0.01    19.82     0  01:00        0.00
  N01316               JUNCTION     0.05     0.14    17.08     0  01:40        0.00
  N02535               JUNCTION     0.04     0.10    37.43     0  01:40        0.00
  N00540               JUNCTION     0.18     0.47    14.53     0  01:57        0.00
  N01760               JUNCTION     0.00     0.01     4.73     0  01:00        0.00
  N02731               JUNCTION     0.03     0.08    18.92     0  02:13        0.00
  N00300               JUNCTION     1.18     1.54     7.15     0  03:33        0.00
  N00590               JUNCTION     0.01     0.02    21.12     0  01:38        0.00
  N01784               JUNCTION     0.05     0.22     6.15     0  03:38        0.00
  N00538               JUNCTION     0.00     0.01    13.91     0  01:35        0.00
  N00511               JUNCTION     0.13     0.47    16.53     0  02:15        0.00
  N00382               JUNCTION     0.22     0.43     4.25     0  02:37        0.00
  N02520               JUNCTION     0.03     0.07    10.21     0  01:40        0.00
  N02633               JUNCTION     0.05     0.12    18.17     0  01:41        0.00
  N00250               JUNCTION     0.00     0.00    11.01     0  01:00        0.00
  N00512               JUNCTION     0.08     0.36    16.56     0  02:09        0.00
  N01434               JUNCTION     0.00     0.01    12.53     0  01:35        0.00
  N01586               JUNCTION     0.29     0.62    29.86     0  01:41        0.00
  N01335               JUNCTION     0.02     0.04    43.99     0  01:40        0.00
  N02249               JUNCTION     0.07     0.16    18.12     0  02:04        0.00
  N02244               JUNCTION     0.00     0.01    24.96     0  01:00        0.00
  N00415               JUNCTION     0.01     0.03    11.47     0  01:35        0.00
  N02631               JUNCTION     0.20     0.52    15.22     0  02:04        0.00
  N01045               JUNCTION     0.02     0.06    11.08     0  01:40        0.00
  N00689               JUNCTION     0.02     0.04     8.69     0  01:41        0.00
  N01958               JUNCTION     0.05     0.11    23.65     0  01:40        0.00
  N02110               JUNCTION     0.00     0.01    19.42     0  01:00        0.00
  N00147               JUNCTION     0.01     0.03    12.16     0  01:00        0.00
  N00828               JUNCTION     0.03     0.08     6.15     0  01:37        0.00
  N01703               JUNCTION     0.77     1.14     6.14     0  03:40        0.00
  N01702               JUNCTION     0.66     0.87     5.89     0  03:39        0.00
  N01599               JUNCTION     0.14     0.23    17.58     0  02:03        0.00
  N01804               JUNCTION     0.14     0.26    10.61     0  01:41        0.00
  N01426               JUNCTION     0.10     0.21     8.19     0  01:41        0.00
  N01364               JUNCTION     0.05     0.13    31.22     0  01:40        0.00
  N00570               JUNCTION     0.01     0.02    19.58     0  01:39        0.00
  N02411               JUNCTION     0.00     0.02    48.15     0  01:38        0.00
  N00954               JUNCTION     0.01     0.02     6.03     0  01:40        0.00
  N01816               JUNCTION     0.00     0.01     8.32     0  01:00        0.00
  N00821               JUNCTION     0.00     0.01     6.47     0  01:00        0.00
  N00136               JUNCTION     0.00     0.01     4.90     0  01:00        0.00
  N00165               JUNCTION     0.03     0.08    27.32     0  01:40        0.00
  N01575               JUNCTION     0.27     0.44     5.42     0  02:09        0.00
  N02076               JUNCTION     0.04     0.09    13.14     0  02:01        0.00
  N02176               JUNCTION     0.60     1.02     4.79     0  03:08        0.00
  N00641               JUNCTION     0.26     0.46     2.83     0  02:04        0.00
  N00492               JUNCTION     0.72     1.47    16.80     0  02:18        0.00
  N00503               JUNCTION     0.03     0.07    17.35     0  01:41        0.00
  N02149               JUNCTION     0.01     0.02     6.29     0  01:35        0.00
  N01530               JUNCTION     0.12     0.27    22.47     0  01:43        0.00
  N02171               JUNCTION     0.00     0.01    14.36     0  01:00        0.00
  N02412               JUNCTION     0.00     0.00    42.16     0  00:58        0.00
  N01132               JUNCTION     0.41     0.70     4.59     0  02:45        0.00
  N00001               JUNCTION     0.00     0.02     8.08     0  01:00        0.00
  N01275               JUNCTION     0.65     1.52     8.73     0  01:47        0.00
  N00488               JUNCTION     0.01     0.03    16.35     0  01:36        0.00
  N02177               JUNCTION     0.10     0.20     3.56     0  02:45        0.00
  N01552               JUNCTION     0.55     1.21     8.02     0  02:23        0.00
  N00678               JUNCTION     0.61     0.85     7.98     0  02:13        0.00
  N01286               JUNCTION     0.19     0.50    21.53     0  01:41        0.00
  N00336               JUNCTION     0.19     0.27     5.44     0  02:44        0.00
  N02369               JUNCTION     0.09     0.21     3.39     0  02:08        0.00
  N00185               JUNCTION     0.04     0.11     4.79     0  03:12        0.00
  N02469               JUNCTION     0.01     0.03    10.11     0  01:36        0.00
  N02467               JUNCTION     0.00     0.01    10.00     0  01:00        0.00
  N00456               JUNCTION     0.06     0.14    16.63     0  02:03        0.00
  N02424               JUNCTION     0.01     0.02    20.58     0  01:00        0.00
  N02825               JUNCTION     0.50     0.73    10.68     0  03:11        0.00
  N02374               JUNCTION     0.03     0.08     4.44     0  01:40        0.00
  N00019               JUNCTION     0.19     0.52     7.76     0  02:41        0.00
  N00642               JUNCTION     0.33     0.54     2.83     0  02:05        0.00
  N00929               JUNCTION     0.10     0.20    37.22     0  01:41        0.00
  N00508               JUNCTION     0.15     0.51    16.53     0  02:21        0.00
  N02068               JUNCTION     0.07     0.18    22.07     0  01:41        0.00
  N01831               JUNCTION     0.67     1.61    11.02     0  01:40        0.00
  N02643               JUNCTION     0.05     0.11    11.73     0  01:43        0.00
  N01384               JUNCTION     0.08     0.14     2.59     0  01:44        0.00
  N01608               JUNCTION     0.01     0.03     4.69     0  01:37        0.00
  N01686               JUNCTION     0.08     0.20     4.85     0  01:41        0.00
  N00571               JUNCTION     0.03     0.06    17.70     0  01:37        0.00
  N02290               JUNCTION     0.00     0.00    31.82     0  01:00        0.00
  N02095               JUNCTION     0.03     0.09    26.72     0  01:40        0.00
  N00258               JUNCTION     0.08     0.11     5.11     0  02:41        0.00
  N01453               JUNCTION     0.02     0.05     6.25     0  01:40        0.00
  N00955               JUNCTION     0.04     0.06     6.17     0  01:41        0.00
  N00901               JUNCTION     0.73     1.03     3.75     0  02:06        0.00
  N01729               JUNCTION     0.15     0.49     5.50     0  02:10        0.00
  N02648               JUNCTION     0.03     0.08    11.05     0  01:43        0.00
  N01142               JUNCTION     0.01     0.02    21.02     0  01:40        0.00
  N00400               JUNCTION     0.42     0.65     4.14     0  03:30        0.00
  N01889               JUNCTION     0.01     0.01     7.80     0  01:40        0.00
  N01392               JUNCTION     0.01     0.04     4.52     0  01:37        0.00
  N01699               JUNCTION     0.40     0.84     5.49     0  02:09        0.00
  N01806               JUNCTION     0.00     0.01     8.59     0  01:00        0.00
  N00865               JUNCTION     0.05     0.15    21.24     0  01:40        0.00
  N00105               JUNCTION     0.60     1.00     4.81     0  02:43        0.00
  N01565               JUNCTION     0.00     0.01    22.37     0  01:00        0.00
  N01481               JUNCTION     0.10     0.19     5.41     0  01:43        0.00
  N01050               JUNCTION     0.11     0.23    28.68     0  01:40        0.00
  N01721               JUNCTION     0.00     0.01    12.52     0  01:00        0.00
  N00228               JUNCTION     0.17     0.33     4.75     0  02:44        0.00
  N00786               JUNCTION     0.11     0.17     2.77     0  02:42        0.00
  N02263               JUNCTION     0.18     0.60    20.89     0  01:44        0.00
  N00830               JUNCTION     0.00     0.02     9.45     0  01:00        0.00
  N00409               JUNCTION     0.01     0.04    17.62     0  01:36        0.00
  N02505               JUNCTION     0.00     0.01    22.89     0  01:36        0.00
  N00722               JUNCTION     0.18     0.34    22.74     0  01:42        0.00
  N02264               JUNCTION     0.00     0.01    19.12     0  01:00        0.00
  N01830               JUNCTION     0.01     0.02     8.72     0  01:40        0.00
  N00603               JUNCTION     0.00     0.01    36.16     0  01:37        0.00
  N00721               JUNCTION     0.00     0.01    33.00     0  01:35        0.00
  N01783               JUNCTION     0.13     0.28     5.40     0  02:10        0.00
  N00727               JUNCTION     0.04     0.09    25.72     0  01:40        0.00
  N00308               JUNCTION     0.00     0.01     8.22     0  01:36        0.00
  N00093               JUNCTION     0.11     0.23     7.88     0  01:40        0.00
  N01065               JUNCTION     0.04     0.12    27.68     0  01:37        0.00
  N00394               JUNCTION     0.03     0.06     4.53     0  01:40        0.00
  N00744               JUNCTION     0.13     0.31    10.01     0  02:03        0.00
  N01470               JUNCTION     0.00     0.00     9.25     0  01:00        0.00
  N00857               JUNCTION     0.12     0.24    15.53     0  01:44        0.00
  N01536               JUNCTION     0.03     0.05    18.91     0  03:29        0.00
  N00381               JUNCTION     0.00     0.01     5.39     0  01:00        0.00
  N02049               JUNCTION     0.30     0.41    11.94     0  02:07        0.00
  N02697               JUNCTION     0.01     0.02    24.28     0  01:02        0.00
  N00366               JUNCTION     0.82     1.47     5.95     0  03:59        0.00
  N00454               JUNCTION     0.10     0.32    11.50     0  01:41        0.00
  N02549               JUNCTION     0.02     0.05    25.79     0  01:38        0.00
  N01532               JUNCTION     0.00     0.01    23.55     0  01:00        0.00
  N00996               JUNCTION     0.03     0.08    20.74     0  01:44        0.00
  N02010               JUNCTION     0.00     0.01    16.27     0  01:00        0.00
  N02054               JUNCTION     0.04     0.09    21.05     0  01:42        0.00
  N02128               JUNCTION     0.09     0.18    10.55     0  02:08        0.00
  N00264               JUNCTION     0.01     0.02     5.33     0  01:00        0.00
  N00404               JUNCTION     0.71     1.02     4.16     0  03:08        0.00
  N02119               JUNCTION     0.00     0.00    17.73     0  01:00        0.00
  N02059               JUNCTION     0.01     0.04    17.41     0  01:40        0.00
  N01638               JUNCTION     0.47     0.85     3.22     0  02:43        0.00
  N01527               JUNCTION     0.02     0.09    22.62     0  01:41        0.00
  N01206               JUNCTION     0.49     0.65     5.29     0  02:42        0.00
  N01362               JUNCTION     0.01     0.02    32.66     0  01:00        0.00
  N02499               JUNCTION     0.02     0.05     8.28     0  01:37        0.00
  N02487               JUNCTION     0.83     1.38     5.38     0  02:23        0.00
  N02522               JUNCTION     0.02     0.05    42.69     0  01:40        0.00
  N01587               JUNCTION     0.01     0.03    32.63     0  01:37        0.00
  N01549               JUNCTION     0.68     1.01     4.57     0  02:43        0.00
  N02550               JUNCTION     0.01     0.02    43.49     0  01:00        0.00
  N01941               JUNCTION     0.52     1.01     5.38     0  02:44        0.00
  N00493               JUNCTION     1.02     1.53    17.44     0  02:32        0.00
  N01284               JUNCTION     0.00     0.01    46.79     0  01:35        0.00
  N00309               JUNCTION     1.20     1.84     7.40     0  02:57        0.00
  N02528               JUNCTION     0.29     0.78    26.79     0  01:44        0.00
  N01763               JUNCTION     0.20     0.42     4.77     0  02:00        0.00
  N00186               JUNCTION     0.58     0.99     4.78     0  02:44        0.00
  N02667               JUNCTION     0.44     1.08     8.33     0  01:45        0.00
  N01501               JUNCTION     0.00     0.01    10.35     0  01:37        0.00
  N01696               JUNCTION     0.01     0.14     6.37     0  03:42        0.00
  N00267               JUNCTION     0.32     0.52     5.05     0  02:09        0.00
  N01843               JUNCTION     0.00     0.01    10.86     0  01:00        0.00
  N02270               JUNCTION     0.05     0.10    45.15     0  01:40        0.00
  N00440               JUNCTION     0.00     0.01    29.17     0  01:40        0.00
  N02283               JUNCTION     0.06     0.16    21.28     0  01:40        0.00
  N00312               JUNCTION     0.00     0.01    47.97     0  01:40        0.00
  N01982               JUNCTION     0.01     0.01    19.67     0  01:00        0.00
  N02796               JUNCTION     0.91     1.23     4.85     0  01:51        0.00
  N00920               JUNCTION     0.00     0.01    34.44     0  01:53        0.00
  N00904               JUNCTION     0.29     0.43     3.87     0  02:42        0.00
  N00720               JUNCTION     0.06     0.15    22.63     0  01:41        0.00
  N00923               JUNCTION     0.03     0.06    27.30     0  01:41        0.00
  N01931               JUNCTION     0.30     0.61     7.19     0  02:34        0.00
  N01808               JUNCTION     0.37     0.69     9.46     0  01:44        0.00
  N00198               JUNCTION     1.11     1.60     7.24     0  03:07        0.00
  N01996               JUNCTION     0.05     0.13     8.17     0  01:38        0.00
  N00506               JUNCTION     0.03     0.07    16.99     0  01:40        0.00
  N02490               JUNCTION     0.03     0.05     4.41     0  01:37        0.00
  N02064               JUNCTION     0.00     0.00    47.72     0  01:00        0.00
  N01827               JUNCTION     0.06     0.17     7.32     0  01:42        0.00
  N01442               JUNCTION     0.02     0.06     9.57     0  01:35        0.00
  N01579               JUNCTION     0.00     0.02     6.24     0  01:37        0.00
  N02824               JUNCTION     0.09     0.18     3.25     0  01:42        0.00
  N02809               JUNCTION     0.68     0.90     7.40     0  02:05        0.00
  N01766               JUNCTION     0.46     0.90     5.49     0  02:08        0.00
  N00607               JUNCTION     0.07     0.19    38.33     0  01:41        0.00
  N02325               JUNCTION     0.01     0.03     2.82     0  01:00        0.00
  N00498               JUNCTION     0.20     0.54    16.56     0  02:11        0.00
  N01402               JUNCTION     0.16     0.41    21.70     0  01:40        0.00
  N00803               JUNCTION     0.02     0.04     8.44     0  01:40        0.00
  N01749               JUNCTION     0.05     0.15     4.73     0  01:59        0.00
  N00004               JUNCTION     0.61     1.18     5.42     0  02:08        0.00
  N00320               JUNCTION     0.00     0.00    20.74     0  01:00        0.00
  N02073               JUNCTION     0.04     0.09    11.41     0  02:01        0.00
  N01852               JUNCTION     0.00     0.01    11.37     0  01:00        0.00
  N01801               JUNCTION     0.03     0.08     7.56     0  01:39        0.00
  N02710               JUNCTION     0.72     1.20    12.09     0  01:43        0.00
  N00507               JUNCTION     0.65     1.19    16.54     0  02:15        0.00
  N00169               JUNCTION     0.01     0.02     4.69     0  01:40        0.00
  N01347               JUNCTION     0.41     0.79     4.79     0  02:40        0.00
  N01977               JUNCTION     0.03     0.08    17.76     0  01:36        0.00
  N02208               JUNCTION     0.01     0.01     9.92     0  01:40        0.00
  N02720               JUNCTION     0.01     0.01     7.04     0  01:35        0.00
  N00402               JUNCTION     0.00     0.01     4.69     0  01:38        0.00
  N01915               JUNCTION     0.00     0.01    14.52     0  01:40        0.00
  N01576               JUNCTION     0.21     0.31     5.29     0  02:03        0.00
  N00388               JUNCTION     0.03     0.08     4.83     0  01:37        0.00
  N02063               JUNCTION     0.01     0.02    13.97     0  01:35        0.00
  N00451               JUNCTION     0.28     0.56    13.08     0  02:09        0.00
  N00873               JUNCTION     0.26     0.36     3.10     0  03:32        0.00
  N00256               JUNCTION     0.23     0.42     4.95     0  02:05        0.00
  N00534               JUNCTION     0.03     0.07    19.04     0  01:42        0.00
  N02682               JUNCTION     0.00     0.01    19.67     0  01:00        0.00
  N01646               JUNCTION     0.06     0.16     8.28     0  01:40        0.00
  N02070               JUNCTION     0.02     0.05    42.93     0  01:37        0.00
  N00204               JUNCTION     0.07     0.14     9.52     0  01:37        0.00
  N02694               JUNCTION     0.00     0.00    47.40     0  00:59        0.00
  N00627               JUNCTION     0.00     0.00    10.49     0  00:59        0.00
  N02475               JUNCTION     0.00     0.01     6.45     0  01:00        0.00
  N00229               JUNCTION     0.25     0.44     4.94     0  02:09        0.00
  N01598               JUNCTION     0.02     0.04    21.55     0  01:37        0.00
  N02668               JUNCTION     0.10     0.21     8.39     0  02:06        0.00
  N00124               JUNCTION     0.48     0.74     4.80     0  03:28        0.00
  N01531               JUNCTION     0.07     0.19    22.47     0  01:44        0.00
  N02214               JUNCTION     0.02     0.04    22.04     0  01:40        0.00
  N00820               JUNCTION     0.02     0.04     7.31     0  01:40        0.00
  N01925               JUNCTION     0.06     0.16    15.73     0  01:37        0.00
  N02659               JUNCTION     0.03     0.09    10.30     0  01:40        0.00
  N02329               JUNCTION     0.00     0.01     4.28     0  01:37        0.00
  N00345               JUNCTION     0.00     0.01     4.85     0  01:00        0.00
  N00150               JUNCTION     0.26     0.56     4.79     0  02:42        0.00
  N01612               JUNCTION     0.01     0.01    13.00     0  01:00        0.00
  N00007               JUNCTION     0.41     0.70     7.19     0  02:09        0.00
  N00589               JUNCTION     0.22     0.54    19.43     0  01:44        0.00
  N02245               JUNCTION     0.62     1.51    21.65     0  01:40        0.00
  N00041               JUNCTION     0.48     0.90     7.76     0  02:30        0.00
  N00370               JUNCTION     0.00     0.01     5.68     0  01:39        0.00
  N01304               JUNCTION     0.30     0.43    19.63     0  02:09        0.00
  N00076               JUNCTION     0.02     0.04    20.95     0  01:40        0.00
  N02309               JUNCTION     0.03     0.06    36.79     0  01:40        0.00
  N02714               JUNCTION     0.16     0.32     4.48     0  01:41        0.00
  N01954               JUNCTION     0.71     1.13     4.83     0  02:42        0.00
  N00222               JUNCTION     0.82     1.36     4.99     0  02:10        0.00
  N02800               JUNCTION     0.82     1.08     6.30     0  02:42        0.00
  N01449               JUNCTION     0.01     0.03    18.81     0  01:00        0.00
  N02844               JUNCTION     0.01     0.02    20.21     0  01:39        0.00
  N01049               JUNCTION     0.01     0.02    33.50     0  01:40        0.00
  N01628               JUNCTION     0.00     0.01     3.85     0  01:40        0.00
  N00375               JUNCTION     0.00     0.01     5.68     0  01:00        0.00
  N00784               JUNCTION     0.05     0.07    39.33     0  01:42        0.00
  N00530               JUNCTION     0.03     0.09    11.94     0  01:40        0.00
  N02537               JUNCTION     0.00     0.01    37.13     0  01:37        0.00
  N01025               JUNCTION     0.11     0.27     8.42     0  01:43        0.00
  N02133               JUNCTION     0.21     0.35    10.55     0  02:08        0.00
  N00011               JUNCTION     0.38     0.61     8.25     0  02:08        0.00
  N01033               JUNCTION     0.00     0.00    12.07     0  01:00        0.00
  N02782               JUNCTION     0.08     0.18    19.42     0  01:40        0.00
  N00636               JUNCTION     0.01     0.02     3.04     0  01:00        0.00
  N02210               JUNCTION     0.22     0.48     6.44     0  02:08        0.00
  N02680               JUNCTION     0.00     0.01    14.37     0  02:00        0.00
  N00484               JUNCTION     0.50     1.00    16.52     0  02:21        0.00
  N01547               JUNCTION     0.24     0.35     5.65     0  02:41        0.00
  N02749               JUNCTION     0.00     0.01    44.90     0  01:35        0.00
  N02158               JUNCTION     0.02     0.12     6.05     0  02:09        0.00
  N00600               JUNCTION     0.04     0.11    35.35     0  01:40        0.00
  N02215               JUNCTION     0.00     0.01    32.20     0  01:35        0.00
  N01355               JUNCTION     0.51     1.07     6.14     0  02:03        0.00
  N02713               JUNCTION     0.75     1.01     6.30     0  02:42        0.00
  N00928               JUNCTION     0.08     0.16    35.87     0  01:42        0.00
  N00433               JUNCTION     0.05     0.13    24.45     0  01:37        0.00
  N00886               JUNCTION     0.31     0.58     8.87     0  02:10        0.00
  N01614               JUNCTION     0.33     0.66     3.18     0  02:44        0.00
  N01937               JUNCTION     0.00     0.01    21.70     0  01:00        0.00
  N01678               JUNCTION     0.08     0.29     4.13     0  02:07        0.00
  N02519               JUNCTION     0.12     0.32    10.16     0  01:43        0.00
  N00002               JUNCTION     0.01     0.03     7.93     0  02:43        0.00
  N01511               JUNCTION     0.02     0.04    19.49     0  01:40        0.00
  N01214               JUNCTION     0.08     0.19    25.87     0  01:43        0.00
  N00253               JUNCTION     0.40     0.65     3.75     0  02:06        0.00
  N02626               JUNCTION     0.04     0.10    11.91     0  01:41        0.00
  N02576               JUNCTION     0.47     0.74     3.75     0  02:02        0.00
  N01439               JUNCTION     0.02     0.04     8.25     0  01:40        0.00
  N00546               JUNCTION     0.01     0.01    13.45     0  01:35        0.00
  N01081               JUNCTION     0.18     0.36     3.83     0  01:40        0.00
  N00548               JUNCTION     0.00     0.01    13.59     0  01:35        0.00
  N00161               JUNCTION     0.36     0.93     5.63     0  02:42        0.00
  N01866               JUNCTION     0.32     0.63     7.45     0  02:06        0.00
  N01975               JUNCTION     0.09     0.18    21.17     0  01:41        0.00
  N00537               JUNCTION     0.02     0.06    11.25     0  01:41        0.00
  N02534               JUNCTION     0.03     0.08    31.74     0  01:41        0.00
  N01368               JUNCTION     0.05     0.12    15.67     0  01:42        0.00
  N01000               JUNCTION     0.01     0.02    22.72     0  01:00        0.00
  N02272               JUNCTION     0.02     0.05    22.82     0  01:38        0.00
  N00428               JUNCTION     0.02     0.06    13.51     0  01:02        0.00
  N00125               JUNCTION     0.28     0.44     3.41     0  02:09        0.00
  N01351               JUNCTION     0.02     0.06     4.12     0  01:40        0.00
  N00801               JUNCTION     0.09     0.19     5.64     0  01:37        0.00
  N02446               JUNCTION     0.29     0.59     4.72     0  01:57        0.00
  N02196               JUNCTION     0.02     0.05     5.57     0  01:00        0.00
  N01526               JUNCTION     0.25     0.40    10.20     0  02:07        0.00
  N00390               JUNCTION     0.14     0.21     5.21     0  02:04        0.00
  N02159               JUNCTION     0.00     0.01     7.42     0  01:00        0.00
  N00864               JUNCTION     0.03     0.08    24.84     0  01:40        0.00
  N00104               JUNCTION     0.73     1.14     4.79     0  02:43        0.00
  N02191               JUNCTION     0.26     0.41     2.87     0  02:07        0.00
  N01929               JUNCTION     0.02     0.05     7.13     0  01:36        0.00
  N01310               JUNCTION     0.12     0.31    17.24     0  01:42        0.00
  N02168               JUNCTION     0.04     0.09    11.55     0  01:40        0.00
  N00541               JUNCTION     0.17     0.32    15.14     0  01:37        0.00
  N00088               JUNCTION     0.01     0.02     3.01     0  01:40        0.00
  N01799               JUNCTION     0.17     0.33     9.16     0  01:42        0.00
  N00875               JUNCTION     0.54     1.15     7.81     0  02:04        0.00
  N00796               JUNCTION     0.73     1.16     4.79     0  02:41        0.00
  N01750               JUNCTION     0.03     0.09     4.65     0  01:39        0.00
  N02365               JUNCTION     0.13     0.20     3.78     0  02:07        0.00
  N02507               JUNCTION     0.00     0.01    22.21     0  01:40        0.00
  N02314               JUNCTION     0.06     0.10     4.60     0  01:40        0.00
  N01494               JUNCTION     0.26     0.40     4.17     0  02:04        0.00
  N01456               JUNCTION     0.73     1.01     4.01     0  02:33        0.00
  N00208               JUNCTION     0.34     0.60     7.04     0  02:40        0.00
  N00551               JUNCTION     0.02     0.04    20.86     0  01:37        0.00
  N00159               JUNCTION     0.01     0.03     9.68     0  01:45        0.00
  N00499               JUNCTION     0.37     0.84    16.53     0  02:10        0.00
  N01520               JUNCTION     0.75     1.09     5.07     0  03:42        0.00
  N01919               JUNCTION     0.02     0.05    20.21     0  01:40        0.00
  N01502               JUNCTION     0.01     0.01     5.79     0  01:36        0.00
  N02541               JUNCTION     0.01     0.03     6.67     0  01:36        0.00
  N01720               JUNCTION     0.01     0.04     5.97     0  01:40        0.00
  N00127               JUNCTION     0.00     0.01     5.56     0  01:00        0.00
  N00686               JUNCTION     0.01     0.01    13.39     0  01:00        0.00
  N00745               JUNCTION     0.01     0.02    12.92     0  01:01        0.00
  N01278               JUNCTION     0.10     0.15    30.34     0  02:03        0.00
  N02053               JUNCTION     0.77     0.99    12.90     0  02:41        0.00
  N01597               JUNCTION     0.01     0.03    20.35     0  01:40        0.00
  N02831               JUNCTION     0.15     0.27    20.46     0  01:43        0.00
  N02539               JUNCTION     0.07     0.17     4.77     0  01:37        0.00
  N02498               JUNCTION     0.56     1.52     8.37     0  02:02        0.00
  N01805               JUNCTION     0.01     0.03     8.92     0  01:40        0.00
  N00172               JUNCTION     0.91     1.15     4.77     0  02:39        0.00
  N00677               JUNCTION     0.55     1.16     8.28     0  02:21        0.00
  N02121               JUNCTION     0.25     0.61    12.37     0  02:01        0.00
  N02605               JUNCTION     0.72     1.06     3.81     0  02:08        0.00
  N02260               JUNCTION     0.02     0.04    17.58     0  01:37        0.00
  N00215               JUNCTION     0.07     0.17     5.11     0  01:40        0.00
  N01809               JUNCTION     0.64     1.04     9.28     0  01:44        0.00
  N02645               JUNCTION     0.01     0.02    12.39     0  01:36        0.00
  N01695               JUNCTION     0.81     1.24     6.22     0  03:39        0.00
  N01577               JUNCTION     0.03     0.08     4.66     0  01:39        0.00
  N02266               JUNCTION     0.19     0.48    22.40     0  01:42        0.00
  N01042               JUNCTION     0.01     0.02    16.84     0  01:00        0.00
  N02292               JUNCTION     0.03     0.08    28.19     0  01:41        0.00
  N02124               JUNCTION     0.00     0.00    18.81     0  01:33        0.00
  N01880               JUNCTION     0.01     0.03    15.07     0  01:36        0.00
  N00496               JUNCTION     0.70     1.25    16.54     0  02:15        0.00
  N01649               JUNCTION     0.04     0.09     7.78     0  01:12        0.00
  N02066               JUNCTION     0.01     0.02    24.21     0  01:40        0.00
  N00008               JUNCTION     0.46     0.83     7.54     0  02:06        0.00
  N02447               JUNCTION     0.01     0.01    19.38     0  01:36        0.00
  N00988               JUNCTION     0.02     0.04    17.05     0  01:40        0.00
  N00181               JUNCTION     0.64     1.02     4.65     0  01:56        0.00
  N00414               JUNCTION     0.01     0.02    33.04     0  01:00        0.00
  N02552               JUNCTION     0.00     0.01    34.71     0  01:00        0.00
  N00900               JUNCTION     0.29     0.57     5.79     0  01:44        0.00
  N02169               JUNCTION     0.02     0.06    11.52     0  01:37        0.00
  N00022               JUNCTION     0.12     0.20     7.06     0  02:03        0.00
  N02097               JUNCTION     0.15     0.30    29.61     0  01:42        0.00
  N01420               JUNCTION     0.01     0.04    16.22     0  01:00        0.00
  N01936               JUNCTION     0.00     0.02    22.91     0  01:37        0.00
  N01078               JUNCTION     0.02     0.05    21.33     0  01:40        0.00
  N00123               JUNCTION     0.75     1.04     4.79     0  03:11        0.00
  N01922               JUNCTION     0.05     0.13     9.15     0  01:40        0.00
  N00108               JUNCTION     0.72     1.50     5.74     0  01:49        0.00
  N02317               JUNCTION     0.14     0.29     4.14     0  02:07        0.00
  N01254               JUNCTION     0.24     0.39    10.55     0  02:09        0.00
  N02564               JUNCTION     0.07     0.13     5.81     0  01:40        0.00
  N01701               JUNCTION     0.00     0.01     5.56     0  01:35        0.00
  N00091               JUNCTION     0.27     0.59     6.78     0  01:40        0.00
  N01711               JUNCTION     0.06     0.19     5.52     0  02:11        0.00
  N02105               JUNCTION     0.02     0.05    31.09     0  01:41        0.00
  N01700               JUNCTION     0.01     0.05     5.49     0  02:10        0.00
  N00905               JUNCTION     0.05     0.14     3.87     0  02:10        0.00
  N02418               JUNCTION     0.01     0.02    37.76     0  01:00        0.00
  N01858               JUNCTION     0.45     0.90     9.56     0  01:09        0.00
  N00338               JUNCTION     0.39     1.05     7.91     0  02:04        0.00
  N01994               JUNCTION     0.05     0.16     9.20     0  02:06        0.00
  N01395               JUNCTION     0.40     1.05     4.93     0  01:40        0.00
  N01795               JUNCTION     0.34     0.73     9.42     0  01:44        0.00
  N01719               JUNCTION     0.20     0.35     5.42     0  02:09        0.00
  N01289               JUNCTION     0.61     0.85    11.75     0  02:08        0.00
  N00153               JUNCTION     0.23     0.43     3.67     0  01:41        0.00
  N01591               JUNCTION     0.01     0.02    44.48     0  01:00        0.00
  N01684               JUNCTION     0.05     0.12     4.87     0  01:42        0.00
  N01300               JUNCTION     0.01     0.01     5.80     0  01:40        0.00
  N01328               JUNCTION     0.16     0.46    15.33     0  02:46        0.00
  N00653               JUNCTION     0.17     0.31     2.56     0  01:43        0.00
  N01438               JUNCTION     0.01     0.02     8.43     0  01:40        0.00
  N02117               JUNCTION     0.11     0.27     9.45     0  01:41        0.00
  N01252               JUNCTION     0.01     0.03    10.52     0  01:40        0.00
  N02432               JUNCTION     0.12     0.18     2.38     0  02:05        0.00
  N02635               JUNCTION     0.01     0.01    17.22     0  01:40        0.00
  N01388               JUNCTION     0.09     0.19     3.41     0  02:08        0.00
  N00155               JUNCTION     0.06     0.17    21.35     0  01:41        0.00
  N00376               JUNCTION     0.00     0.00     5.12     0  00:59        0.00
  N01973               JUNCTION     0.05     0.13    23.01     0  01:41        0.00
  N01366               JUNCTION     0.23     0.56    13.36     0  01:41        0.00
  N00591               JUNCTION     0.01     0.04    19.74     0  01:38        0.00
  N01382               JUNCTION     0.01     0.04     4.81     0  01:38        0.00
  N01038               JUNCTION     1.17     1.53     7.12     0  03:08        0.00
  N01792               JUNCTION     0.08     0.23     6.87     0  02:16        0.00
  N02780               JUNCTION     0.02     0.05    17.62     0  01:42        0.00
  N02823               JUNCTION     0.17     0.33     3.50     0  01:41        0.00
  N01383               JUNCTION     0.04     0.11     2.80     0  01:41        0.00
  N01037               JUNCTION     1.21     1.58     7.12     0  03:07        0.00
  N00160               JUNCTION     0.40     1.25     5.97     0  01:44        0.00
  N01643               JUNCTION     0.58     0.90     4.26     0  03:07        0.00
  N02660               JUNCTION     0.10     0.20    10.79     0  02:05        0.00
  N02709               JUNCTION     0.07     0.18     2.88     0  02:08        0.00
  N01921               JUNCTION     0.00     0.01    21.66     0  01:35        0.00
  N00071               JUNCTION     0.14     0.26     4.01     0  02:04        0.00
  N01820               JUNCTION     0.01     0.03     9.14     0  01:36        0.00
  N01992               JUNCTION     0.01     0.03    13.38     0  01:00        0.00
  N02530               JUNCTION     0.03     0.09    31.50     0  01:38        0.00
  N01288               JUNCTION     0.91     1.32    12.09     0  02:03        0.00
  N02787               JUNCTION     0.27     0.56     8.18     0  02:07        0.00
  N00224               JUNCTION     0.08     0.18     6.74     0  01:41        0.00
  N01124               JUNCTION     0.01     0.02    15.90     0  01:36        0.00
  N02722               JUNCTION     0.14     0.20    18.91     0  02:12        0.00
  N01354               JUNCTION     0.00     0.00    35.68     0  01:00        0.00
  N01842               JUNCTION     0.01     0.02    18.59     0  01:00        0.00
  N00209               JUNCTION     0.08     0.19     6.98     0  02:42        0.00
  N02567               JUNCTION     0.78     1.04    20.38     0  02:10        0.00
  N00233               JUNCTION     0.02     0.03     2.73     0  01:40        0.00
  N01942               JUNCTION     0.48     0.90     5.27     0  02:42        0.00
  N01540               JUNCTION     0.22     0.39     5.34     0  02:09        0.00
  N00323               JUNCTION     0.34     0.57    10.38     0  01:46        0.00
  N02510               JUNCTION     0.02     0.04    20.81     0  01:40        0.00
  N00270               JUNCTION     0.05     0.14     4.97     0  01:43        0.00
  N00364               JUNCTION     0.08     0.13     4.51     0  02:42        0.00
  N02305               JUNCTION     0.04     0.08    44.57     0  01:40        0.00
  N02067               JUNCTION     0.00     0.01    24.15     0  01:35        0.00
  N01781               JUNCTION     0.23     0.39     5.40     0  02:25        0.00
  N02529               JUNCTION     0.04     0.10    29.74     0  01:39        0.00
  N01952               JUNCTION     0.99     1.25     4.81     0  02:41        0.00
  N00137               JUNCTION     0.00     0.02     3.59     0  01:00        0.00
  N00380               JUNCTION     0.49     0.78     4.24     0  02:35        0.00
  N02494               JUNCTION     0.69     0.99     3.76     0  02:07        0.00
  N01412               JUNCTION     0.09     0.16    12.07     0  01:42        0.00
  N01607               JUNCTION     0.01     0.02     5.04     0  01:36        0.00
  N01101               JUNCTION     0.31     0.49     4.00     0  02:06        0.00
  N00437               JUNCTION     0.00     0.01    30.20     0  01:40        0.00
  N01669               JUNCTION     0.91     1.14    11.67     0  02:05        0.00
  N00126               JUNCTION     0.22     0.35     3.42     0  02:08        0.00
  N02801               JUNCTION     0.13     0.34     6.46     0  02:42        0.00
  N00882               JUNCTION     0.68     1.00     4.58     0  02:43        0.00
  N02820               JUNCTION     0.16     0.51    14.29     0  01:41        0.00
  N01129               JUNCTION     0.55     0.85     4.59     0  02:44        0.00
  N00699               JUNCTION     0.00     0.00    46.54     0  01:34        0.00
  N01361               JUNCTION     0.67     1.14    17.46     0  02:43        0.00
  N01303               JUNCTION     0.29     0.41    19.60     0  02:08        0.00
  N01800               JUNCTION     0.12     0.23     8.98     0  01:43        0.00
  N01324               JUNCTION     0.84     1.34    17.46     0  02:34        0.00
  N02594               JUNCTION     0.03     0.05    17.86     0  03:31        0.00
  N01657               JUNCTION     1.26     1.63     7.02     0  02:44        0.00
  N02022               JUNCTION     0.09     0.22    13.43     0  01:41        0.00
  N02375               JUNCTION     0.03     0.07     3.97     0  01:40        0.00
  N00262               JUNCTION     0.00     0.01     5.65     0  02:00        0.00
  N00918               JUNCTION     0.00     0.01    33.26     0  01:00        0.00
  N00254               JUNCTION     0.32     0.53     5.05     0  02:09        0.00
  N00314               JUNCTION     0.00     0.00    47.55     0  01:33        0.00
  N02838               JUNCTION     0.02     0.04    18.79     0  01:40        0.00
  N01405               JUNCTION     0.00     0.02    27.66     0  01:00        0.00
  N02239               JUNCTION     0.07     0.17    22.62     0  01:40        0.00
  N00806               JUNCTION     0.07     0.26     5.79     0  01:45        0.00
  N01860               JUNCTION     0.13     0.24     8.65     0  02:00        0.00
  N00350               JUNCTION     0.17     0.38     6.02     0  03:37        0.00
  N02178               JUNCTION     0.20     0.27     3.34     0  02:43        0.00
  N00679               JUNCTION     0.08     0.19     9.04     0  01:41        0.00
  N00406               JUNCTION     0.23     0.37     3.87     0  02:41        0.00
  N02736               JUNCTION     0.09     0.17    15.18     0  02:04        0.00
  N02430               JUNCTION     0.01     0.03    18.73     0  01:37        0.00
  N01030               JUNCTION     0.03     0.14     6.44     0  02:09        0.00
  N00848               JUNCTION     0.00     0.01    36.30     0  01:00        0.00
  N02799               JUNCTION     0.25     0.34    19.10     0  02:11        0.00
  N01611               JUNCTION     0.25     0.43     3.71     0  02:06        0.00
  N01872               JUNCTION     0.00     0.01     7.20     0  01:00        0.00
  N00106               JUNCTION     1.02     1.50     5.20     0  02:08        0.00
  N02674               JUNCTION     0.03     0.07    11.56     0  01:40        0.00
  N00717               JUNCTION     0.16     0.32    27.88     0  01:42        0.00
  N01205               JUNCTION     0.03     0.06    24.96     0  01:39        0.00
  N00489               JUNCTION     0.00     0.01    16.54     0  01:35        0.00
  N01141               JUNCTION     0.01     0.02    21.59     0  01:40        0.00
  N00994               JUNCTION     0.24     0.55    17.11     0  01:42        0.00
  N00128               JUNCTION     0.20     0.27     3.34     0  02:09        0.00
  N00202               JUNCTION     0.51     0.86     7.19     0  02:41        0.00
  N00285               JUNCTION     0.09     0.44     6.15     0  02:01        0.00
  N01302               JUNCTION     0.04     0.15     5.52     0  02:10        0.00
  N02587               JUNCTION     0.00     0.02    19.35     0  01:00        0.00
  N00851               JUNCTION     0.26     0.59    17.71     0  01:44        0.00
  N02615               JUNCTION     0.03     0.08     8.68     0  01:40        0.00
  N00187               JUNCTION     0.00     0.01     6.32     0  01:35        0.00
  N00391               JUNCTION     0.14     0.21     5.27     0  02:03        0.00
  N01274               JUNCTION     0.21     0.45     4.51     0  02:10        0.00
  N02781               JUNCTION     0.06     0.12    17.75     0  01:41        0.00
  N00509               JUNCTION     0.07     0.27    16.52     0  02:18        0.00
  N01276               JUNCTION     0.21     0.40    22.93     0  01:44        0.00
  N01923               JUNCTION     0.17     0.29    11.31     0  02:02        0.00
  N00450               JUNCTION     0.32     0.60    13.08     0  02:09        0.00
  N02753               JUNCTION     0.55     1.22     7.90     0  02:04        0.00
  N00514               JUNCTION     0.23     0.55    17.46     0  02:05        0.00
  N01380               JUNCTION     0.03     0.07    11.47     0  01:40        0.00
  N02035               JUNCTION     0.00     0.02    15.02     0  01:00        0.00
  N00495               JUNCTION     0.31     0.72    16.53     0  02:09        0.00
  N00949               JUNCTION     0.01     0.02    46.11     0  01:06        0.00
  N01130               JUNCTION     0.25     0.33     4.07     0  03:34        0.00
  N01743               JUNCTION     0.03     0.06     5.05     0  01:44        0.00
  N01627               JUNCTION     0.00     0.01     3.13     0  01:00        0.00
  N01425               JUNCTION     0.01     0.02     9.85     0  01:00        0.00
  N01120               JUNCTION     0.51     0.97     6.39     0  03:42        0.00
  N00622               JUNCTION     0.00     0.00     7.38     0  01:00        0.00
  N01071               JUNCTION     0.11     0.25    10.36     0  01:59        0.00
  N00739               JUNCTION     0.04     0.11    16.93     0  01:36        0.00
  N00098               JUNCTION     0.07     0.15     6.88     0  01:40        0.00
  N01764               JUNCTION     0.10     0.28     4.76     0  02:00        0.00
  N01655               JUNCTION     1.45     1.97     7.42     0  02:03        0.00
  N02282               JUNCTION     0.00     0.00    21.71     0  01:35        0.00
  N00378               JUNCTION     0.00     0.01     5.83     0  01:00        0.00
  N00608               JUNCTION     0.00     0.01    47.90     0  01:00        0.00
  N02216               JUNCTION     0.00     0.00    43.50     0  00:59        0.00
  N00992               JUNCTION     0.11     0.29    17.97     0  01:40        0.00
  N02546               JUNCTION     0.01     0.03    21.92     0  01:36        0.00
  N01490               JUNCTION     0.01     0.02     4.83     0  01:36        0.00
  N01791               JUNCTION     0.11     0.19     5.92     0  01:40        0.00
  N00794               JUNCTION     0.48     0.83     4.74     0  02:44        0.00
  N02654               JUNCTION     0.13     0.55     8.16     0  02:10        0.00
  N02111               JUNCTION     0.87     1.19    11.81     0  02:05        0.00
  N00294               JUNCTION     0.14     0.46     7.77     0  02:29        0.00
  N01817               JUNCTION     0.01     0.02     8.16     0  01:00        0.00
  N00980               JUNCTION     0.09     0.24     5.22     0  01:40        0.00
  N00623               JUNCTION     0.00     0.00    11.06     0  01:00        0.00
  N02791               JUNCTION     0.31     0.58     8.92     0  02:09        0.00
  N01266               JUNCTION     0.00     0.01    11.59     0  01:40        0.00
  N01338               JUNCTION     0.43     0.84     6.87     0  02:26        0.00
  N01381               JUNCTION     0.14     0.26     2.57     0  01:43        0.00
  N02727               JUNCTION     0.01     0.03    16.95     0  01:37        0.00
  N01269               JUNCTION     0.83     1.30     5.25     0  02:43        0.00
  N01950               JUNCTION     0.42     0.82     5.26     0  02:43        0.00
  N01660               JUNCTION     0.43     0.75     4.53     0  02:23        0.00
  N00306               JUNCTION     0.03     0.06     7.99     0  01:40        0.00
  N02743               JUNCTION     0.00     0.00     5.64     0  01:00        0.00
  N01008               JUNCTION     0.00     0.01    23.20     0  01:00        0.00
  N01991               JUNCTION     0.01     0.02    13.69     0  01:40        0.00
  N02075               JUNCTION     0.00     0.01    14.60     0  01:36        0.00
  N01330               JUNCTION     0.05     0.14    19.59     0  01:41        0.00
  N00606               JUNCTION     0.14     0.33    33.56     0  01:41        0.00
  N02625               JUNCTION     0.11     0.29    12.22     0  01:40        0.00
  N00349               JUNCTION     0.00     0.00     7.52     0  01:39        0.00
  N01496               JUNCTION     0.00     0.00     8.54     0  01:00        0.00
  N01900               JUNCTION     0.04     0.10    15.36     0  01:37        0.00
  N01211               JUNCTION     0.04     0.08    41.46     0  01:40        0.00
  N01373               JUNCTION     0.10     0.21     6.98     0  01:44        0.00
  N00422               JUNCTION     0.01     0.05     3.08     0  01:48        0.00
  N01117               JUNCTION     0.05     0.11     8.04     0  01:39        0.00
  N00818               JUNCTION     0.01     0.02    10.21     0  01:37        0.00
  N02098               JUNCTION     0.21     0.44    31.88     0  01:41        0.00
  N02748               JUNCTION     0.01     0.03    40.81     0  01:40        0.00
  N01010               JUNCTION     0.03     0.07    19.95     0  01:41        0.00
  N01006               JUNCTION     0.02     0.04    20.09     0  01:39        0.00
  N01882               JUNCTION     0.00     0.01    10.26     0  01:00        0.00
  N01404               JUNCTION     0.00     0.02     3.57     0  01:00        0.00
  N00877               JUNCTION     0.57     0.87     4.59     0  02:46        0.00
  N02048               JUNCTION     0.04     0.12    16.23     0  01:40        0.00
  N00293               JUNCTION     0.34     0.49     7.28     0  02:03        0.00
  N00277               JUNCTION     0.16     0.31     7.91     0  01:44        0.00
  N01334               JUNCTION     0.00     0.01     5.86     0  01:01        0.00
  N02005               JUNCTION     0.04     0.09    13.36     0  01:40        0.00
  N00797               JUNCTION     0.35     0.69     5.72     0  02:40        0.00
  N00189               JUNCTION     0.64     1.01     4.64     0  02:03        0.00
  N00321               JUNCTION     0.22     0.41    13.24     0  01:47        0.00
  N02297               JUNCTION     0.05     0.11    29.44     0  01:42        0.00
  N02728               JUNCTION     0.21     0.51    15.18     0  02:06        0.00
  N00278               JUNCTION     0.07     0.10     7.61     0  02:43        0.00
  N02545               JUNCTION     0.33     0.77    19.70     0  01:47        0.00
  N01659               JUNCTION     0.55     0.88     4.51     0  02:13        0.00
  N02517               JUNCTION     0.19     0.35     6.44     0  01:49        0.00
  N00429               JUNCTION     0.03     0.08    20.97     0  01:40        0.00
  N00315               JUNCTION     0.00     0.00    46.17     0  00:59        0.00
  N01176               JUNCTION     0.05     0.08    16.66     0  02:03        0.00
  OUT01                OUTFALL      0.14     0.23     8.00     0  02:06        0.00
  OUT02                OUTFALL      0.30     0.63    15.15     0  02:06        0.00
  OUT03                OUTFALL      0.48     1.00     4.00     0  01:45        0.00
  OUT04                OUTFALL      0.39     1.00     4.84     0  01:23        0.00
  OUT05                OUTFALL      0.75     1.00     4.74     0  02:03        0.00
  OUT06                OUTFALL      0.28     0.44     3.40     0  02:09        0.00
  OUT07                OUTFALL      0.12     0.30    20.09     0  01:43        0.00
  OUT08                OUTFALL      1.00     1.20     4.69     0  01:39        0.00
  OUT09                OUTFALL      0.68     1.00     4.56     0  01:37        0.00
  OUT10                OUTFALL      0.38     0.56     1.96     0  02:09        0.00
  OUT11                OUTFALL      0.20     0.36     5.06     0  01:43        0.00
  OUT12                OUTFALL      0.17     0.26     5.03     0  01:44        0.00
  OUT13                OUTFALL      0.43     0.63     4.74     0  02:41        0.00
  OUT14                OUTFALL      0.28     0.54     4.95     0  01:44        0.00
  OUT15                OUTFALL      0.41     0.63     5.03     0  02:09        0.00
  OUT16                OUTFALL      0.34     0.49     7.27     0  02:03        0.00
  OUT17                OUTFALL      1.03     1.20     6.60     0  01:26        0.00
  OUT18                OUTFALL      0.37     0.74     4.50     0  02:05        0.00
  OUT19                OUTFALL      0.33     0.55     4.25     0  02:09        0.00
  OUT20                OUTFALL      0.26     0.45     4.40     0  02:05        0.00
  OUT21                OUTFALL      0.01     0.02    24.65     0  01:00        0.00
  OUT22                OUTFALL      0.04     0.09    13.23     0  01:41        0.00
  OUT23                OUTFALL      0.09     0.20    20.23     0  01:42        0.00
  OUT24                OUTFALL      0.32     0.60    13.07     0  02:09        0.00
  OUT25                OUTFALL      0.10     0.32    11.49     0  01:41        0.00
  OUT26                OUTFALL      0.52     0.80    16.05     0  01:54        0.00
  OUT27                OUTFALL      0.82     1.00    16.82     0  01:47        0.00
  OUT28                OUTFALL      0.69     1.20    16.48     0  02:00        0.00
  OUT29                OUTFALL      0.71     1.00    16.12     0  01:36        0.00
  OUT30                OUTFALL      0.65     0.80    13.80     0  01:30        0.00
  OUT31                OUTFALL      0.11     0.16    16.08     0  03:33        0.00
  OUT32                OUTFALL      0.30     0.62    19.39     0  01:45        0.00
  OUT33                OUTFALL      0.17     0.31     2.55     0  01:43        0.00
  OUT34                OUTFALL      0.01     0.02    35.82     0  01:00        0.00
  OUT35                OUTFALL      0.60     0.80     7.92     0  01:34        0.00
  OUT36                OUTFALL      0.32     0.47    12.37     0  01:43        0.00
  OUT37                OUTFALL      0.23     0.30    42.60     0  02:42        0.00
  OUT38                OUTFALL      0.01     0.03     7.05     0  01:35        0.00
  OUT39                OUTFALL      0.04     0.11    16.92     0  01:36        0.00
  OUT40                OUTFALL      0.13     0.31    10.00     0  02:03        0.00
  OUT41                OUTFALL      0.43     1.00    16.69     0  01:43        0.00
  OUT42                OUTFALL      0.26     0.39     3.07     0  01:48        0.00
  OUT43                OUTFALL      0.01     0.03    44.59     0  01:00        0.00
  OUT44                OUTFALL      0.12     0.15     3.77     0  02:41        0.00
  OUT45                OUTFALL      0.09     0.19     5.63     0  01:37        0.00
  OUT46                OUTFALL      0.33     0.52     5.31     0  02:09        0.00
  OUT47                OUTFALL      0.53     1.00     5.97     0  01:40        0.00
  OUT48                OUTFALL      0.07     0.19     2.57     0  01:40        0.00
  OUT49                OUTFALL      0.26     0.59    17.70     0  01:44        0.00
  OUT50                OUTFALL      0.62     0.80    13.70     0  01:23        0.00
  OUT51                OUTFALL      0.66     1.00    20.06     0  01:32        0.00
  OUT52                OUTFALL      0.26     0.36     3.09     0  03:32        0.00
  OUT53                OUTFALL      0.31     0.58     8.86     0  02:10        0.00
  OUT54                OUTFALL      0.58     1.00     9.36     0  01:07        0.00
  OUT55                OUTFALL      0.03     0.06     9.12     0  01:39        0.00
  OUT56                OUTFALL      0.29     0.57     5.78     0  01:44        0.00
  OUT57                OUTFALL      0.32     1.00    13.44     0  01:14        0.00
  OUT58                OUTFALL      0.22     0.49    35.06     0  01:42        0.00
  OUT59                OUTFALL      0.10     0.24     5.12     0  01:42        0.00
  OUT60                OUTFALL      0.24     0.55    17.10     0  01:42        0.00
  OUT61                OUTFALL      0.16     0.31    19.81     0  02:24        0.00
  OUT62                OUTFALL      0.28     0.36     3.62     0  03:32        0.00
  OUT63                OUTFALL      0.01     0.03    27.56     0  01:00        0.00
  OUT64                OUTFALL      0.11     0.25    10.35     0  01:59        0.00
  OUT65                OUTFALL      0.18     0.36     3.82     0  01:40        0.00
  OUT66                OUTFALL      0.70     1.00     4.21     0  02:06        0.00
  OUT67                OUTFALL      0.16     0.24     4.83     0  02:44        0.00
  OUT68                OUTFALL      0.24     0.46     6.98     0  02:17        0.00
  OUT69                OUTFALL      0.56     1.00     7.75     0  01:59        0.00
  OUT70                OUTFALL      0.01     0.03     6.60     0  01:40        0.00
  OUT71                OUTFALL      0.09     0.23     4.08     0  01:41        0.00
  OUT72                OUTFALL      0.26     0.35     4.05     0  03:34        0.00
  OUT73                OUTFALL      0.03     0.10    19.41     0  01:36        0.00
  OUT74                OUTFALL      0.12     0.18    14.00     0  02:05        0.00
  OUT75                OUTFALL      0.49     0.65     5.28     0  02:42        0.00
  OUT76                OUTFALL      0.08     0.19    25.86     0  01:43        0.00
  OUT77                OUTFALL      0.37     0.57     2.81     0  02:04        0.00
  OUT78                OUTFALL      0.24     0.39    10.54     0  02:09        0.00
  OUT79                OUTFALL      0.08     0.15    19.21     0  02:28        0.00
  OUT80                OUTFALL      0.19     0.50    21.52     0  01:41        0.00
  OUT81                OUTFALL      0.12     0.31    17.23     0  01:42        0.00
  OUT82                OUTFALL      0.54     0.96    15.29     0  02:45        0.00
  OUT83                OUTFALL      0.02     0.04    43.98     0  01:40        0.00
  OUT84                OUTFALL      0.43     0.80     6.82     0  01:49        0.00
  OUT85                OUTFALL      0.86     1.20     4.65     0  02:08        0.00
  OUT86                OUTFALL      0.23     0.56    13.35     0  01:41        0.00
  OUT87                OUTFALL      0.10     0.21     6.97     0  01:44        0.00
  OUT88                OUTFALL      0.05     0.14    11.23     0  01:41        0.00
  OUT89                OUTFALL      0.24     0.46     3.63     0  01:44        0.00
  OUT90                OUTFALL      0.19     0.40     8.03     0  01:42        0.00
  OUT91                OUTFALL      0.08     0.19     7.30     0  01:42        0.00
  OUT92                OUTFALL      0.02     0.06     9.56     0  01:35        0.00
  OUT93                OUTFALL      0.52     0.97     5.48     0  02:09        0.00
  OUT94                OUTFALL      0.95     1.20     4.84     0  01:28        0.00
  OUT95                OUTFALL      0.21     0.29     3.31     0  02:05        0.00
  OUT96                OUTFALL      0.25     0.40    10.19     0  02:07        0.00
  OUT97                OUTFALL      0.07     0.18    19.19     0  01:40        0.00
  OUT98                OUTFALL      0.67     1.00     4.56     0  02:20        0.00
  OUT99                OUTFALL      0.81     1.00    12.77     0  02:02        0.00
  OUT100               OUTFALL      0.24     0.42     4.85     0  02:09        0.00
  OUT101               OUTFALL      0.21     0.31     5.28     0  02:03        0.00
  OUT102               OUTFALL      0.01     0.02    44.47     0  01:00        0.00
  OUT103               OUTFALL      0.30     0.48     3.68     0  02:06        0.00
  OUT104               OUTFALL      0.56     1.00     3.22     0  02:07        0.00
  OUT105               OUTFALL      0.39     0.62     8.23     0  02:09        0.00
  OUT106               OUTFALL      1.05     1.20     6.58     0  01:13        0.00
  OUT107               OUTFALL      0.85     1.00    11.52     0  01:19        0.00
  OUT108               OUTFALL      0.05     0.12     4.86     0  01:42        0.00
  OUT109               OUTFALL      0.08     0.20     4.84     0  01:41        0.00
  OUT110               OUTFALL      0.31     0.52     6.00     0  03:41        0.00
  OUT111               OUTFALL      0.20     0.29     5.26     0  01:40        0.00
  OUT112               OUTFALL      0.81     1.00     5.83     0  01:56        0.00
  OUT113               OUTFALL      0.34     0.56     5.51     0  02:07        0.00
  OUT114               OUTFALL      0.03     0.09     4.64     0  01:39        0.00
  OUT115               OUTFALL      0.07     0.20     4.57     0  01:39        0.00
  OUT116               OUTFALL      0.15     0.38     4.38     0  01:42        0.00
  OUT117               OUTFALL      0.01     0.04     4.83     0  01:40        0.00
  OUT118               OUTFALL      0.24     0.43     5.31     0  01:44        0.00
  OUT119               OUTFALL      0.25     0.42     5.26     0  02:06        0.00
  OUT120               OUTFALL      0.33     0.51     5.39     0  02:09        0.00
  OUT121               OUTFALL      0.31     0.50     5.37     0  02:06        0.00
  OUT122               OUTFALL      0.11     0.19     5.91     0  01:40        0.00
  OUT123               OUTFALL      0.33     0.66     8.21     0  01:43        0.00
  OUT124               OUTFALL      0.63     1.00     9.24     0  01:12        0.00
  OUT125               OUTFALL      0.52     0.80     6.98     0  01:28        0.00
  OUT126               OUTFALL      0.04     0.13     9.54     0  01:40        0.00
  OUT127               OUTFALL      0.01     0.03    33.01     0  01:02        0.00
  OUT128               OUTFALL      0.09     0.21    12.91     0  01:42        0.00
  OUT129               OUTFALL      0.06     0.15    10.37     0  01:41        0.00
  OUT130               OUTFALL      0.34     0.61     6.43     0  02:06        0.00
  OUT131               OUTFALL      0.35     0.60     6.57     0  02:04        0.00
  OUT132               OUTFALL      0.62     1.00     7.12     0  01:34        0.00
  OUT133               OUTFALL      0.60     0.80     4.50     0  01:44        0.00
  OUT134               OUTFALL      0.79     1.00     5.97     0  01:36        0.00
  OUT135               OUTFALL      0.27     0.49     9.13     0  02:04        0.00
  OUT136               OUTFALL      0.83     1.20     4.72     0  01:41        0.00
  OUT137               OUTFALL      0.06     0.13     4.21     0  02:42        0.00
  OUT138               OUTFALL      0.03     0.07    19.42     0  01:38        0.00
  OUT139               OUTFALL      0.01     0.03    23.10     0  01:00        0.00
  OUT140               OUTFALL      0.11     0.23    10.19     0  01:41        0.00
  OUT141               OUTFALL      0.67     1.00     9.15     0  01:42        0.00
  OUT142               OUTFALL      0.04     0.09    13.35     0  01:40        0.00
  OUT143               OUTFALL      0.02     0.06     9.17     0  01:40        0.00
  OUT144               OUTFALL      0.05     0.08    13.42     0  02:41        0.00
  OUT145               OUTFALL      0.03     0.07    20.67     0  01:37        0.00
  OUT146               OUTFALL      0.11     0.29    17.41     0  01:40        0.00
  OUT147               OUTFALL      0.07     0.18    22.06     0  01:41        0.00
  OUT148               OUTFALL      0.02     0.05    42.92     0  01:37        0.00
  OUT149               OUTFALL      1.02     1.20     4.19     0  01:30        0.00
  OUT150               OUTFALL      0.78     1.00     3.88     0  01:47        0.00
  OUT151               OUTFALL      0.04     0.11    26.70     0  01:40        0.00
  OUT152               OUTFALL      0.42     0.80    11.67     0  01:57        0.00
  OUT153               OUTFALL      0.25     0.61    12.36     0  02:01        0.00
  OUT154               OUTFALL      0.20     0.32    10.04     0  02:09        0.00
  OUT155               OUTFALL      0.16     0.38     7.96     0  01:42        0.00
  OUT156               OUTFALL      0.22     0.42     5.25     0  02:11        0.00
  OUT157               OUTFALL      0.16     0.36    11.16     0  01:41        0.00
  OUT158               OUTFALL      0.29     0.42     3.52     0  01:42        0.00
  OUT159               OUTFALL      0.24     0.32     3.33     0  02:09        0.00
  OUT160               OUTFALL      0.09     0.13     2.88     0  02:43        0.00
  OUT161               OUTFALL      0.02     0.04    22.03     0  01:40        0.00
  OUT162               OUTFALL      0.01     0.04    24.22     0  01:00        0.00
  OUT163               OUTFALL      0.49     0.80    20.85     0  01:08        0.00
  OUT164               OUTFALL      0.46     1.20    18.00     0  01:36        0.00
  OUT165               OUTFALL      0.25     0.55    22.38     0  01:43        0.00
  OUT166               OUTFALL      0.25     0.55    22.46     0  01:40        0.00
  OUT167               OUTFALL      0.02     0.05    22.81     0  01:38        0.00
  OUT168               OUTFALL      0.14     0.27    22.32     0  01:44        0.00
  OUT169               OUTFALL      0.03     0.08    28.93     0  01:38        0.00
  OUT170               OUTFALL      0.06     0.17    43.83     0  01:36        0.00
  OUT171               OUTFALL      0.06     0.10     4.59     0  01:40        0.00
  OUT172               OUTFALL      0.21     0.37     4.13     0  02:06        0.00
  OUT173               OUTFALL      0.01     0.02     3.42     0  01:00        0.00
  OUT174               OUTFALL      0.78     1.00     3.94     0  02:06        0.00
  OUT175               OUTFALL      0.23     0.34     4.11     0  02:40        0.00
  OUT176               OUTFALL      0.28     0.43     3.36     0  02:09        0.00
  OUT177               OUTFALL      0.44     0.63     2.74     0  02:10        0.00
  OUT178               OUTFALL      0.74     1.00     3.68     0  01:42        0.00
  OUT179               OUTFALL      0.01     0.02    48.14     0  01:38        0.00
  OUT180               OUTFALL      0.24     0.35     5.59     0  02:43        0.00
  OUT181               OUTFALL      0.61     1.00     4.68     0  01:39        0.00
  OUT182               OUTFALL      0.79     1.00     6.44     0  01:19        0.00
  OUT183               OUTFALL      0.59     0.92     4.50     0  02:13        0.00
  OUT184               OUTFALL      0.07     0.13     5.76     0  02:08        0.00
  OUT185               OUTFALL      0.50     0.70     2.16     0  02:45        0.00
  OUT186               OUTFALL      0.01     0.02    36.46     0  01:00        0.00
  OUT187               OUTFALL      0.02     0.04    20.80     0  01:40        0.00
  OUT188               OUTFALL      0.12     0.32    10.15     0  01:43        0.00
  OUT189               OUTFALL      0.02     0.05    42.68     0  01:40        0.00
  OUT190               OUTFALL      0.29     0.78    26.78     0  01:44        0.00
  OUT191               OUTFALL      0.01     0.02    43.48     0  01:00        0.00
  OUT192               OUTFALL      0.01     0.02    47.19     0  01:00        0.00
  OUT193               OUTFALL      0.12     0.31    25.50     0  01:42        0.00
  OUT194               OUTFALL      0.77     1.00    20.33     0  01:51        0.00
  OUT195               OUTFALL      0.49     1.00    20.42     0  03:31        0.00
  OUT196               OUTFALL      0.07     0.16    19.93     0  01:41        0.00
  OUT197               OUTFALL      0.04     0.09    19.07     0  01:41        0.00
  OUT198               OUTFALL      0.10     0.24    20.45     0  01:41        0.00
  OUT199               OUTFALL      0.01     0.02    19.13     0  01:00        0.00
  OUT200               OUTFALL      0.04     0.09    15.38     0  01:40        0.00
  OUT201               OUTFALL      0.16     0.31     5.09     0  01:44        0.00
  OUT202               OUTFALL      0.45     1.00     8.22     0  01:37        0.00
  OUT203               OUTFALL      0.01     0.02    46.07     0  03:01        0.00
  OUT204               OUTFALL      0.45     1.00     9.81     0  01:39        0.00
  OUT205               OUTFALL      0.70     1.20    15.28     0  01:21        0.00
  OUT206               OUTFALL      0.00     0.02    17.92     0  01:00        0.00
  OUT207               OUTFALL      0.36     0.80    19.69     0  01:41        0.00
  OUT208               OUTFALL      0.34     0.54    16.53     0  01:49        0.00
  OUT209               OUTFALL      0.27     0.45    16.48     0  02:04        0.00
  OUT210               OUTFALL      0.01     0.02    18.31     0  01:00        0.00
  OUT211               OUTFALL      0.34     0.50    24.98     0  02:43        0.00
  OUT212               OUTFALL      0.16     0.31     8.84     0  01:57        0.00
  OUT213               OUTFALL      0.27     0.56     8.17     0  02:07        0.00
  OUT214               OUTFALL      0.80     1.00     6.20     0  01:36        0.00
  OUT215               OUTFALL      0.66     0.80     7.29     0  01:19        0.00
  OUT216               OUTFALL      0.26     0.41     5.22     0  02:05        0.00
  OUT217               OUTFALL      0.28     0.42     4.75     0  02:43        0.00
  OUT218               OUTFALL      0.16     0.51    14.28     0  01:41        0.00
  OUT219               OUTFALL      0.50     0.73    10.67     0  03:11        0.00
  OUT220               OUTFALL      0.10     0.28    19.99     0  01:39        0.00
  OUT221               OUTFALL      0.14     0.20     3.93     0  02:00        0.00
  
  
  *******************
  Node Inflow Summary
  *******************
  
  -------------------------------------------------------------------------------------------------
                                  Maximum  Maximum                  Lateral       Total        Flow
                                  Lateral    Total  Time of Max      Inflow      Inflow     Balance
                                   Inflow   Inflow   Occurrence      Volume      Volume       Error
  Node                 Type           CMS      CMS  days hr:min    10^6 ltr    10^6 ltr     Percent
  -------------------------------------------------------------------------------------------------
  N00628               JUNCTION     0.000    0.000     0  00:57     0.00108     0.00108      -1.419
  N01956               JUNCTION     0.001    0.001     0  01:00     0.00286     0.00286      -0.961
  N02258               JUNCTION     0.331    0.794     0  01:45        1.29        3.39       0.077
  N00669               JUNCTION     0.001    0.001     0  01:40     0.00464     0.00858       0.289
  N01249               JUNCTION     0.034    0.341     0  02:03       0.412        3.36       0.921
  N02568               JUNCTION     0.000    0.542     0  03:31     0.00121        5.54       0.600
  N00585               JUNCTION     0.002    0.003     0  01:35     0.00824      0.0119      -0.116
  N01724               JUNCTION     0.003    0.003     0  01:40      0.0128      0.0129      -0.081
  N00510               JUNCTION     0.002    0.058     0  01:51      0.0101      0.0534      -0.147
  N00387               JUNCTION     0.025    0.031     0  01:35       0.121       0.143       0.201
  N00356               JUNCTION     0.057    0.057     0  01:40       0.318       0.318       0.022
  N02092               JUNCTION     0.005    0.005     0  01:00      0.0205      0.0235       0.426
  N01145               JUNCTION     0.000    0.000     0  00:58     0.00106     0.00106      -0.688
  N01689               JUNCTION     0.001    0.001     0  01:00     0.00515     0.00515      -1.106
  N01047               JUNCTION     0.014    0.070     0  01:40      0.0538       0.348       0.148
  N00695               JUNCTION     0.012    0.078     0  01:39       0.047       0.341      -0.002
  N00385               JUNCTION     0.079    0.170     0  01:40       0.578        1.31       0.378
  N02472               JUNCTION     0.543    2.246     0  01:57        4.61        17.3       0.353
  N00184               JUNCTION     0.005    0.046     0  03:13      0.0181       0.109      57.662
  N02647               JUNCTION     0.103    0.103     0  02:00       0.798       0.798       0.093
  N01011               JUNCTION     0.032    0.032     0  01:40        0.14        0.14       0.286
  N00197               JUNCTION     0.001    0.038     0  01:48     0.00239      0.0249      -1.660
  N02319               JUNCTION     0.084    0.084     0  01:40       0.592       0.592       0.321
  N02652               JUNCTION     0.214    0.766     0  01:43        1.05        7.97       0.125
  N00373               JUNCTION     0.001    0.013     0  01:40     0.00566      0.0621      -0.036
  N00825               JUNCTION     0.002    0.002     0  01:40        0.01        0.01      -0.485
  N02538               JUNCTION     0.000    0.000     0  01:35     0.00114     0.00114      -1.026
  N00714               JUNCTION     0.258    0.286     0  01:40        2.18         2.3       0.054
  N02661               JUNCTION     0.003    0.212     0  02:05      0.0107        1.17       0.156
  N02078               JUNCTION     0.105    0.105     0  02:00       0.575        0.58       0.105
  N01009               JUNCTION     0.087    0.096     0  02:23       0.556       0.631       0.102
  N01264               JUNCTION     0.051    0.051     0  01:40       0.225       0.225       0.093
  N02021               JUNCTION     0.011    0.011     0  01:57      0.0625      0.0625      -0.008
  N02307               JUNCTION     0.006    0.027     0  01:40      0.0248       0.137       0.047
  N00303               JUNCTION     0.002    0.002     0  01:35     0.00768     0.00899      -0.151
  N01498               JUNCTION     0.000    0.000     0  00:59    0.000833    0.000833     -13.239
  N01077               JUNCTION     0.001    0.001     0  01:00      0.0042      0.0042      -1.408
  N00856               JUNCTION     0.000    0.002     0  01:03     0.00149     0.00281      -0.353
  N02146               JUNCTION     0.000    0.000     0  01:35     0.00269     0.00269      -0.010
  N00210               JUNCTION     0.000    0.000     0  00:55     0.00263     0.00263      -1.562
  N01821               JUNCTION     0.001    0.001     0  01:33     0.00309     0.00309      -0.272
  N02392               JUNCTION     0.186    0.334     0  01:42        1.48        2.29       0.402
  N01053               JUNCTION     0.003    0.003     0  01:40       0.012       0.012      -0.155
  N01787               JUNCTION     0.000    0.000     0  01:00     0.00158     0.00158     -14.583
  N01939               JUNCTION     0.005    0.005     0  01:40      0.0147      0.0162       0.502
  N02261               JUNCTION     0.005    1.375     0  01:44      0.0198        6.31       0.125
  N00163               JUNCTION     0.000    0.000     0  01:00     0.00152     0.00152     -10.029
  N00096               JUNCTION     0.000    0.778     0  01:41     0.00274        4.16       0.066
  N00010               JUNCTION     0.061    0.061     0  01:40       0.291       0.291       2.394
  N01601               JUNCTION     0.001    0.015     0  01:40     0.00177         0.1       0.171
  N02811               JUNCTION     0.000    0.000     0  00:59     0.00168     0.00168      -1.039
  N00769               JUNCTION     0.015    0.167     0  01:40      0.0865       0.743      -0.022
  N00206               JUNCTION     0.013    0.390     0  01:45      0.0537        2.63       0.773
  N01850               JUNCTION     0.005    0.005     0  01:38      0.0173      0.0173      -3.077
  N02503               JUNCTION     0.012    0.106     0  01:40      0.0423       0.473      -0.018
  N00668               JUNCTION     0.006    0.006     0  01:36      0.0282      0.0282      -0.202
  N02604               JUNCTION     0.000    0.000     0  01:00     0.00107     0.00107      -1.206
  N02141               JUNCTION     0.141    0.141     0  01:57        0.55       0.576       1.890
  N00651               JUNCTION     0.001    0.136     0  02:43     0.00432        1.42       0.812
  N02785               JUNCTION     0.001    0.103     0  01:40     0.00406       0.487       0.223
  N01121               JUNCTION     0.005    0.005     0  01:00      0.0178      0.0178      -0.339
  N02671               JUNCTION     0.003    0.003     0  01:00      0.0111      0.0111      -0.096
  N02818               JUNCTION     0.001    0.063     0  01:57     0.00411       0.458       0.187
  N01856               JUNCTION     0.066    0.362     0  02:03       0.285        3.18       0.174
  N00697               JUNCTION     0.001    0.001     0  01:00     0.00315     0.00315      -1.004
  N01343               JUNCTION     0.052    0.052     0  03:33       0.714       0.714       2.319
  N02016               JUNCTION     0.007    0.007     0  02:40      0.0476      0.0476       0.186
  N02312               JUNCTION     0.000    0.000     0  00:58    0.000477    0.000477      -4.131
  N00361               JUNCTION     0.000    0.000     0  00:55     0.00285     0.00285      -0.279
  N01786               JUNCTION     0.000    0.000     0  01:00     0.00143     0.00143      -0.312
  N01733               JUNCTION     0.008    0.025     0  02:02      0.0328      0.0509       0.238
  N00094               JUNCTION     0.018    0.474     0  01:40      0.0739        2.77       0.113
  N01581               JUNCTION     0.000    0.000     0  01:00     0.00155     0.00155      -2.268
  N02607               JUNCTION     0.000    0.002     0  01:40     0.00323     0.00762      -0.745
  N01166               JUNCTION     0.000    0.000     0  00:58     0.00113     0.00113      -0.389
  N00947               JUNCTION     0.000    0.001     0  01:39     0.00108     0.00291       0.021
  N02656               JUNCTION     0.110    0.405     0  02:02        0.85        2.93       0.290
  N01752               JUNCTION     0.001    0.001     0  01:00     0.00241     0.00241      -2.268
  N01537               JUNCTION     0.002    0.060     0  01:37      0.0142       0.298      -0.030
  N01823               JUNCTION     0.001    0.001     0  00:59      0.0027      0.0027      -0.390
  N00485               JUNCTION     0.004    0.027     0  01:56      0.0236      0.0523       7.573
  N01477               JUNCTION     0.001    0.001     0  01:35     0.00229     0.00229      -1.524
  N01924               JUNCTION     0.003    0.163     0  01:41     0.00884       0.869       0.115
  N00691               JUNCTION     0.022    1.312     0  01:41       0.101        6.46       0.061
  N00990               JUNCTION     0.000    0.000     0  00:58     0.00107     0.00107      -0.401
  N01024               JUNCTION     0.001    0.001     0  01:00      0.0044      0.0044       0.114
  N01826               JUNCTION     0.005    0.015     0  02:07      0.0207      0.0273       0.471
  N00034               JUNCTION     0.001    0.001     0  01:00     0.00229     0.00452       0.001
  N00070               JUNCTION     0.008    0.008     0  02:43      0.0513      0.0513       0.192
  N02231               JUNCTION     0.001    0.001     0  01:00     0.00524     0.00524       0.141
  N01753               JUNCTION     0.001    0.039     0  01:39     0.00281       0.155       0.111
  N00917               JUNCTION     0.001    0.001     0  01:00     0.00332     0.00551      -0.333
  N02123               JUNCTION     0.117    0.117     0  02:02        1.06        1.06       0.418
  N00304               JUNCTION     0.524    0.524     0  04:08        2.42        2.42       0.659
  N01271               JUNCTION     0.147    0.147     0  02:23        1.27        1.27       0.209
  N02100               JUNCTION     0.426    0.507     0  01:40        3.07        3.47       0.194
  N01208               JUNCTION     0.001    0.001     0  01:40     0.00376     0.00483      -1.097
  N02147               JUNCTION     1.360    1.360     0  04:10        8.22        8.22       0.266
  N01512               JUNCTION     0.001    0.001     0  01:00     0.00346     0.00346      -1.328
  N01935               JUNCTION     0.054    0.064     0  01:40        0.23       0.273       0.461
  N01060               JUNCTION     0.031    0.031     0  01:39       0.136       0.137      -0.065
  N00612               JUNCTION     0.021    0.037     0  01:40      0.0811       0.151       0.091
  N02706               JUNCTION     0.000    0.000     0  01:00     0.00266     0.00266      -1.223
  N02057               JUNCTION     0.026    0.040     0  01:40       0.117       0.189       0.238
  N02130               JUNCTION     0.206    0.206     0  02:02        1.34        1.36       0.882
  N02088               JUNCTION     0.144    0.498     0  02:07        1.07         3.7       1.516
  N00399               JUNCTION     0.061    0.070     0  02:00       0.484       0.557       1.762
  N00164               JUNCTION     0.068    0.099     0  01:40       0.224       0.373       0.500
  N00353               JUNCTION     0.000    0.000     0  00:58     0.00109     0.00109      -0.743
  N02461               JUNCTION     0.551    0.551     0  02:21        4.84        4.85       0.486
  N00203               JUNCTION     0.001    0.126     0  01:44      0.0029       0.603       0.627
  N01904               JUNCTION     0.009    0.025     0  01:39      0.0445       0.117       0.073
  N00998               JUNCTION     0.002    0.044     0  01:40     0.00917        0.17       0.878
  N02256               JUNCTION     0.000    0.000     0  00:59     0.00298     0.00298      -0.097
  N00852               JUNCTION     0.001    0.004     0  01:00     0.00391      0.0165      -0.890
  N02437               JUNCTION     0.095    0.095     0  01:36       0.406       0.408       0.127
  N00810               JUNCTION     0.007    0.155     0  01:40      0.0223       0.792       0.272
  N01629               JUNCTION     0.009    0.057     0  01:46      0.0456       0.104      37.154
  N00934               JUNCTION     0.061    0.061     0  02:40        0.62        0.62       0.510
  N02485               JUNCTION     0.061    0.360     0  02:42       0.679        3.68       1.260
  N01491               JUNCTION     0.001    0.001     0  01:00     0.00393     0.00393      -0.334
  N02821               JUNCTION     0.007    0.007     0  01:00      0.0253      0.0253      -1.859
  N02000               JUNCTION     0.001    0.062     0  01:41       0.005       0.362       0.049
  N00631               JUNCTION     0.001    0.001     0  01:00     0.00189     0.00189      -0.980
  N00931               JUNCTION     0.001    0.001     0  00:59     0.00225     0.00225      -0.236
  N02531               JUNCTION     0.012    0.012     0  01:40      0.0501      0.0501       0.039
  N00908               JUNCTION     0.001    0.001     0  00:59      0.0052      0.0052       0.908
  N00377               JUNCTION     0.002    0.002     0  01:00     0.00864     0.00864      -2.346
  N01080               JUNCTION     0.001    0.020     0  01:37     0.00376       0.117       0.782
  N01854               JUNCTION     0.018    0.018     0  01:38       0.081       0.081       0.031
  N00225               JUNCTION     0.119    0.119     0  01:40       0.613       0.617       0.171
  N01075               JUNCTION     0.007    0.007     0  01:39      0.0317      0.0317      -0.162
  N00221               JUNCTION     0.156    1.259     0  02:08        1.35        10.8       0.315
  N02454               JUNCTION     0.203    0.203     0  03:33        1.21        1.21       0.372
  N01062               JUNCTION     0.432    0.451     0  01:42        1.57        1.68       0.091
  N02044               JUNCTION     0.007    0.045     0  01:36      0.0283       0.207       0.085
  N01902               JUNCTION     0.000    0.000     0  00:59     0.00122     0.00122      -1.770
  N01393               JUNCTION     0.001    0.001     0  01:00     0.00337     0.00337      -0.824
  N02052               JUNCTION     0.130    0.130     0  01:40       0.595       0.595       0.078
  N02705               JUNCTION     0.003    0.499     0  02:05     0.00777        5.05       1.024
  N02212               JUNCTION     0.000    0.009     0  02:33     0.00263     0.00568      -0.962
  N01665               JUNCTION     0.002    0.002     0  01:38     0.00845     0.00845      -3.918
  N01609               JUNCTION     0.005    0.005     0  01:40      0.0159      0.0166      -0.374
  N02842               JUNCTION     0.001    0.090     0  02:47     0.00166       0.624       2.898
  N00398               JUNCTION     0.011    0.014     0  01:36      0.0421      0.0575      -2.097
  N00814               JUNCTION     0.001    0.203     0  01:41     0.00654        1.04       0.138
  N00132               JUNCTION     0.000    0.000     0  01:00     0.00112     0.00112      -2.971
  N01578               JUNCTION     0.001    0.001     0  01:00     0.00208     0.00208       0.829
  N01212               JUNCTION     0.001    0.001     0  01:35      0.0035     0.00448      -0.104
  N00246               JUNCTION     0.000    0.000     0  01:00     0.00106     0.00106      -2.402
  N02093               JUNCTION     0.007    0.012     0  01:40      0.0314       0.059       0.047
  N01331               JUNCTION     0.145    1.292     0  02:45       0.737        7.79       0.360
  N01734               JUNCTION     0.008    0.043     0  02:02      0.0308       0.118       0.421
  N00188               JUNCTION     0.000    0.000     0  00:55    0.000831    0.000831     -10.828
  N00195               JUNCTION     0.000    0.117     0  01:41     0.00123       0.624       0.066
  N00220               JUNCTION     0.016    0.019     0  01:40      0.0719      0.0829       0.220
  N00292               JUNCTION     0.000    0.000     0  00:58     0.00096     0.00096      -0.797
  N01916               JUNCTION     0.014    0.015     0  02:00      0.0795      0.0823       0.304
  N01089               JUNCTION     0.190    0.221     0  01:40       0.896        1.03       0.139
  N01372               JUNCTION     0.037    0.054     0  02:03       0.209       0.332       0.134
  N01484               JUNCTION     0.000    0.001     0  01:00     0.00317     0.00741      -3.266
  N00490               JUNCTION     0.025    0.090     0  02:04       0.116       0.238       0.013
  N01726               JUNCTION     0.008    0.009     0  01:37      0.0414      0.0472       1.992
  N02623               JUNCTION     0.034    0.058     0  01:41       0.379       0.636       9.482
  N02094               JUNCTION     0.004    0.004     0  01:37      0.0197      0.0197       0.056
  N01606               JUNCTION     0.002    0.002     0  02:00      0.0101      0.0101      -3.153
  N01667               JUNCTION     0.149    0.156     0  02:05        1.34         1.4       1.669
  N00569               JUNCTION     0.000    0.002     0  01:00     0.00107     0.00721       0.187
  N00241               JUNCTION     0.116    0.160     0  02:05        1.13         1.5       1.004
  N01572               JUNCTION     0.001    0.198     0  02:09     0.00321        1.62       0.283
  N00056               JUNCTION     0.004    0.005     0  01:40      0.0192      0.0231       0.018
  N00617               JUNCTION     0.131    0.131     0  01:40       0.587       0.587       0.054
  N00156               JUNCTION     0.001    0.204     0  01:40     0.00308       0.939       0.536
  N00087               JUNCTION     0.000    0.000     0  01:00     0.00083     0.00083      -4.573
  N01564               JUNCTION     0.050    0.114     0  01:40       0.457       0.779       0.115
  N02751               JUNCTION     0.000    0.015     0  01:40     0.00101       0.103       0.337
  N01876               JUNCTION     0.723    1.385     0  02:34        6.99        13.5       0.346
  N01901               JUNCTION     0.017    0.164     0  01:40        0.13       0.862       0.253
  N01710               JUNCTION     0.071    0.133     0  02:01       0.762        1.39       1.983
  N00924               JUNCTION     0.003    0.009     0  01:39      0.0123      0.0447       0.014
  N02725               JUNCTION     0.002    0.372     0  01:58      0.0104        1.91       0.287
  N00525               JUNCTION     0.000    0.000     0  01:33      0.0016      0.0016      -0.917
  N01306               JUNCTION     0.008    0.016     0  01:38       0.031      0.0756      -0.018
  N02125               JUNCTION     0.001    0.001     0  01:00      0.0026      0.0026      -0.179
  N01076               JUNCTION     0.000    0.002     0  01:54     0.00101     0.00342      -0.793
  N00872               JUNCTION     0.088    0.088     0  02:03       0.518       0.523       0.454
  N00624               JUNCTION     0.000    0.000     0  00:58    0.000841    0.000841      -2.852
  N01515               JUNCTION     0.049    0.152     0  02:06       0.468        1.54       0.979
  N02029               JUNCTION     0.001    0.001     0  01:00     0.00327     0.00544      -1.878
  N01613               JUNCTION     0.088    0.088     0  01:40       0.664       0.664       0.251
  N00234               JUNCTION     0.000    0.000     0  00:57    0.000804    0.000804      -3.517
  N00694               JUNCTION     0.001    0.025     0  01:00     0.00335        0.13      -0.936
  N00703               JUNCTION     0.001    0.030     0  01:40     0.00554       0.218       0.882
  N01283               JUNCTION     0.000    0.000     0  01:00     0.00311     0.00311       0.113
  N02246               JUNCTION     0.002    0.009     0  01:40      0.0104      0.0333      -1.320
  N01641               JUNCTION     0.101    0.101     0  01:40       0.721       0.721       0.506
  N02082               JUNCTION     0.560    1.292     0  02:05        3.81        17.4       0.790
  N02779               JUNCTION     0.005    0.005     0  01:40      0.0231      0.0231       0.114
  N00791               JUNCTION     0.000    0.001     0  01:00     0.00202     0.00339       0.138
  N01945               JUNCTION     0.002    0.002     0  01:00     0.00559     0.00715      -2.670
  N01574               JUNCTION     0.065    0.156     0  02:08       0.599         1.6       0.913
  N01114               JUNCTION     0.128    0.562     0  02:26        1.27        6.02       0.638
  N00138               JUNCTION     0.000    0.000     0  01:00     0.00149     0.00149      -5.787
  N01524               JUNCTION     0.000    0.006     0  01:38     0.00114      0.0311      -0.070
  N00227               JUNCTION     0.001    0.001     0  01:00     0.00201     0.00201      -8.918
  N01344               JUNCTION     0.141    1.379     0  02:42        1.75        14.5       0.795
  N01353               JUNCTION     0.000    0.015     0  01:40     0.00109       0.102       0.199
  N01632               JUNCTION     0.000    0.003     0  01:37    0.000529     0.00347      -1.268
  N01029               JUNCTION     0.001    0.126     0  01:40     0.00231       0.627       0.167
  N00586               JUNCTION     0.002    0.002     0  01:00     0.00647     0.00647      -0.688
  N02681               JUNCTION     0.039    0.039     0  02:00       0.184       0.184       0.067
  N01012               JUNCTION     0.004    0.009     0  03:26      0.0328      0.0548      38.996
  N01040               JUNCTION     0.000    0.000     0  00:59     0.00271     0.00271      -0.783
  N01616               JUNCTION     0.000    0.000     0  00:59      0.0011      0.0011     -10.099
  N02662               JUNCTION     0.001    0.217     0  02:01     0.00264        1.16       0.270
  N02450               JUNCTION     0.005    0.005     0  01:40       0.035       0.035      -0.181
  N01746               JUNCTION     0.005    0.005     0  01:40      0.0282      0.0282      -0.020
  N02315               JUNCTION     0.139    0.140     0  02:02        1.15        1.15       0.192
  N00567               JUNCTION     0.003    0.109     0  01:37     0.00924       0.496       0.053
  N00101               JUNCTION     0.000    0.100     0  03:22     0.00125        0.46       0.346
  N01620               JUNCTION     0.015    0.015     0  01:36      0.0652      0.0652      -0.722
  N01930               JUNCTION     0.037    0.257     0  02:04       0.171        2.01       0.172
  N02586               JUNCTION     0.002    0.027     0  01:16      0.0081      0.0666      31.079
  N02642               JUNCTION     0.174    2.121     0  01:46       0.593        17.6       0.107
  N00656               JUNCTION     0.020    0.020     0  03:10       0.145       0.147       0.042
  N01776               JUNCTION     0.079    0.281     0  02:09       0.761        2.81       0.781
  N02658               JUNCTION     0.003    0.003     0  01:00     0.00945     0.00945      -0.992
  N01074               JUNCTION     0.001    0.001     0  01:00     0.00452     0.00452      -0.512
  N00196               JUNCTION     0.185    0.195     0  02:05        1.53        1.56       2.555
  N01035               JUNCTION     0.003    0.013     0  01:36      0.0103      0.0589       0.211
  N01298               JUNCTION     0.001    0.001     0  01:00       0.005       0.005      -0.679
  N00566               JUNCTION     0.005    0.005     0  02:45      0.0461      0.0461       0.328
  N00543               JUNCTION     0.598    1.148     0  02:08        5.43        10.3       0.076
  N00962               JUNCTION     0.003    0.033     0  01:39      0.0109      0.0299      -0.287
  N01270               JUNCTION     0.031    0.261     0  02:10       0.146        1.23       5.653
  N00166               JUNCTION     0.001    0.092     0  01:42     0.00215       0.373       0.151
  N01844               JUNCTION     0.001    0.001     0  01:00     0.00211     0.00211      -1.060
  N02741               JUNCTION     0.001    0.001     0  01:35     0.00424     0.00424      -0.251
  N02164               JUNCTION     0.032    0.072     0  01:40       0.172       0.374       0.290
  N02001               JUNCTION     0.044    0.062     0  01:40       0.163       0.358       0.049
  N00659               JUNCTION     0.065    0.065     0  01:36       0.316       0.316      -0.106
  N01258               JUNCTION     0.006    0.006     0  01:40      0.0198      0.0198      -0.042
  N00395               JUNCTION     0.022    0.092     0  01:40       0.139       0.733       0.188
  N00629               JUNCTION     0.060    0.060     0  02:00       0.587       0.587       0.235
  N00614               JUNCTION     0.000    0.019     0  01:40      0.0011      0.0949       0.184
  N01987               JUNCTION     0.007    0.007     0  01:40      0.0366      0.0377      -0.500
  N00773               JUNCTION     0.000    0.000     0  01:00     0.00179     0.00179      -1.451
  N02311               JUNCTION     0.152    0.152     0  02:23        1.41        1.42       1.010
  N02425               JUNCTION     0.009    0.010     0  01:37      0.0332      0.0373       0.108
  N02488               JUNCTION     0.007    0.007     0  02:40      0.0505      0.0505       0.644
  N01516               JUNCTION     0.004    0.009     0  01:38      0.0174      0.0214      -0.882
  N02676               JUNCTION     0.002    0.226     0  02:00     0.00892        1.16       0.234
  N02199               JUNCTION     0.006    0.006     0  01:35      0.0252      0.0268       0.059
  N01370               JUNCTION     0.915    0.958     0  01:42        6.06         6.4       0.397
  N02273               JUNCTION     0.000    0.000     0  00:59     0.00108     0.00108      -1.985
  N02514               JUNCTION     0.615    0.668     0  02:44        3.39        4.12       1.631
  N01966               JUNCTION     0.000    0.000     0  00:57     0.00161     0.00161      -5.654
  N01327               JUNCTION     0.000    0.319     0  01:44     0.00133        2.11       0.138
  N01069               JUNCTION     0.000    0.148     0  02:00     0.00146       0.185       5.347
  N01725               JUNCTION     0.000    0.000     0  00:59     0.00261     0.00261       0.013
  N01715               JUNCTION     0.114    0.333     0  02:06       0.989        2.94       0.471
  N02588               JUNCTION     0.006    0.006     0  01:00      0.0242      0.0242      -0.069
  N00855               JUNCTION     0.001    0.797     0  02:00      0.0026        8.09       0.598
  N01287               JUNCTION     0.410    0.995     0  03:07        3.83        11.2       0.488
  N02370               JUNCTION     0.046    0.048     0  01:40       0.193       0.198       0.004
  N01728               JUNCTION     0.116    0.134     0  02:13        0.91        1.06       0.791
  N01500               JUNCTION     0.001    0.001     0  01:35     0.00356     0.00356      -0.450
  N01332               JUNCTION     0.000    0.000     0  00:55     0.00263     0.00263      -0.045
  N02693               JUNCTION     0.042    0.042     0  01:40        0.22        0.22       0.083
  N01745               JUNCTION     0.003    0.004     0  01:35      0.0125      0.0164      -1.259
  N00296               JUNCTION     0.001    0.001     0  01:00     0.00377     0.00377       0.220
  N01896               JUNCTION     0.035    0.035     0  01:00       0.137        0.14      -0.377
  N01137               JUNCTION     0.001    0.001     0  00:59     0.00458     0.00458       3.040
  N01282               JUNCTION     0.001    0.001     0  01:00     0.00241     0.00361      -0.215
  N01559               JUNCTION     0.108    0.108     0  01:40       0.631       0.649       0.885
  N02563               JUNCTION     0.001    0.001     0  01:00     0.00284     0.00284      -0.983
  N01928               JUNCTION     0.045    1.541     0  02:09       0.377        14.4       0.458
  N00135               JUNCTION     0.000    0.000     0  01:00     0.00114     0.00114      -3.860
  N01070               JUNCTION     0.063    0.063     0  01:57       0.283       0.283       0.111
  N02815               JUNCTION     0.145    0.161     0  02:05        1.41        1.53       0.493
  N01932               JUNCTION     0.001    0.035     0  01:23     0.00175       0.033      -0.358
  N02299               JUNCTION     0.001    0.185     0  01:41     0.00658        1.12       0.513
  N02115               JUNCTION     0.002    0.227     0  01:41     0.00678        1.04       0.096
  N01645               JUNCTION     0.002    0.110     0  01:40     0.00661       0.523       0.081
  N00284               JUNCTION     0.078    0.243     0  02:05       0.673        2.05       0.442
  N01315               JUNCTION     0.003    0.003     0  01:39      0.0123      0.0123       0.072
  N02079               JUNCTION     0.003    0.004     0  01:35      0.0116      0.0195       0.331
  N00200               JUNCTION     0.001    0.177     0  01:16     0.00178       0.313       6.533
  N02376               JUNCTION     0.003    0.010     0  02:46      0.0149      0.0656       0.190
  N00327               JUNCTION     0.048    0.048     0  01:40       0.208       0.208       0.832
  N00640               JUNCTION     0.000    0.000     0  01:00     0.00281     0.00281      -1.115
  N01595               JUNCTION     0.001    0.001     0  01:00     0.00172     0.00172      -1.922
  N01626               JUNCTION     0.001    0.021     0  01:40     0.00466       0.121       0.571
  N01503               JUNCTION     0.000    0.001     0  01:40     0.00257      0.0111       0.162
  N01250               JUNCTION     0.001    0.001     0  01:35     0.00349     0.00525       0.034
  N02540               JUNCTION     0.000    0.020     0  01:38     0.00267      0.0899       0.119
  N00384               JUNCTION     0.002    0.227     0  02:04     0.00553        1.87       0.632
  N02099               JUNCTION     0.008    0.008     0  01:37      0.0326      0.0326      -0.090
  N01723               JUNCTION     0.002    0.064     0  01:40     0.00581       0.289       0.098
  N00339               JUNCTION     0.007    0.257     0  01:40      0.0219        1.82       0.387
  N00280               JUNCTION     0.001    0.102     0  01:29     0.00177       0.252      23.525
  N01955               JUNCTION     0.001    0.036     0  04:17     0.00642      0.0658       7.250
  N01953               JUNCTION     0.252    0.969     0  02:42           2        9.47       1.306
  N02752               JUNCTION     0.000    0.000     0  00:59     0.00108     0.00108      -0.942
  N02495               JUNCTION     0.014    0.569     0  02:43      0.0704        6.83       1.477
  N01313               JUNCTION     0.000    0.017     0  01:40     0.00109      0.0734       0.081
  N02830               JUNCTION     0.028    0.092     0  01:41       0.123       0.568       0.502
  N02708               JUNCTION     0.023    0.395     0  01:52      0.0806        2.69       0.216
  N00907               JUNCTION     0.130    0.130     0  02:40        1.61        1.62       3.227
  N01636               JUNCTION     0.003    0.101     0  01:40      0.0265       0.745       1.583
  N00891               JUNCTION     0.001    0.089     0  01:32     0.00711      0.0432      18.310
  N00858               JUNCTION     0.001    0.087     0  01:26     0.00512      0.0568      -0.006
  N00553               JUNCTION     0.001    0.001     0  01:00     0.00425     0.00425      -0.051
  N00664               JUNCTION     0.000    0.001     0  01:00     0.00288     0.00395       0.180
  N02524               JUNCTION     0.009    0.010     0  01:40      0.0368      0.0387       0.145
  N01457               JUNCTION     0.014    0.037     0  01:41      0.0775      0.0919       3.350
  N01054               JUNCTION     0.000    0.003     0  01:40    0.000776      0.0128       0.086
  N02745               JUNCTION     0.037    0.037     0  01:40       0.221       0.221      -0.023
  N02236               JUNCTION     0.001    0.001     0  00:59     0.00242     0.00242      -0.788
  N01436               JUNCTION     0.008    0.008     0  01:00      0.0329      0.0338      -0.582
  N02385               JUNCTION     0.001    0.386     0  02:09     0.00535        4.66       0.761
  N00963               JUNCTION     0.121    0.121     0  02:11       0.472       0.476       0.724
  N02084               JUNCTION     0.007    0.026     0  01:30      0.0448       0.057      34.423
  N02019               JUNCTION     0.010    0.013     0  01:39      0.0613      0.0753       0.128
  N00497               JUNCTION     0.003    0.044     0  02:01      0.0112      0.0477      -1.062
  N02610               JUNCTION     0.001    0.029     0  01:40     0.00371       0.146      -0.598
  N02090               JUNCTION     0.144    1.148     0  02:09        1.55        11.6       0.582
  N00351               JUNCTION     0.051    0.051     0  01:40       0.316       0.328       0.217
  N00363               JUNCTION     0.000    0.000     0  00:59     0.00114     0.00114      -6.042
  N01326               JUNCTION     0.007    0.007     0  01:00      0.0301      0.0301       0.020
  N02028               JUNCTION     0.013    0.013     0  01:40      0.0575      0.0585      -0.097
  N00704               JUNCTION     0.002    0.030     0  01:41     0.00714       0.223       0.372
  N01596               JUNCTION     0.105    0.109     0  01:40        0.56       0.588       0.076
  N02145               JUNCTION     0.808    0.809     0  02:42        3.28        3.36       1.254
  N01452               JUNCTION     0.115    0.869     0  02:08       0.919        7.29       0.425
  N01044               JUNCTION     0.002    0.002     0  01:00     0.00817      0.0103       1.073
  N01648               JUNCTION     0.084    0.386     0  02:05       0.767        3.81       0.701
  N01007               JUNCTION     0.077    0.254     0  01:40       0.562        1.59       0.611
  N01873               JUNCTION     0.090    0.505     0  02:42        0.83        5.59       0.518
  N02678               JUNCTION     0.013    0.013     0  01:00      0.0532      0.0532       0.059
  N01055               JUNCTION     0.000    0.003     0  01:40      0.0027      0.0155       0.193
  N02009               JUNCTION     0.001    0.003     0  01:40     0.00179      0.0199       0.010
  N01408               JUNCTION     0.001    0.263     0  01:40     0.00224        1.14       0.093
  N00281               JUNCTION     0.654    0.667     0  03:26        4.39         4.6       1.317
  N00055               JUNCTION     0.000    0.000     0  01:35     0.00327     0.00327      -2.490
  N01594               JUNCTION     0.003    0.004     0  01:35       0.016      0.0182       0.247
  N00713               JUNCTION     0.009    0.010     0  01:35      0.0297      0.0319      -0.166
  N02301               JUNCTION     0.001    0.001     0  01:00     0.00235     0.00235      -0.378
  N01960               JUNCTION     0.001    0.001     0  01:00     0.00291     0.00291       0.097
  N00067               JUNCTION     0.000    0.008     0  01:41     0.00142      0.0158       9.329
  N01267               JUNCTION     0.000    0.000     0  00:59     0.00169     0.00169      -0.388
  N02692               JUNCTION     0.331    0.371     0  01:40        1.58         1.8       0.180
  N00193               JUNCTION     0.001    0.122     0  02:10     0.00735       0.106       2.437
  N00625               JUNCTION     0.000    0.000     0  01:00     0.00139     0.00139      -3.098
  N02378               JUNCTION     0.001    0.001     0  01:35     0.00505     0.00505      -0.186
  N00064               JUNCTION     0.001    0.001     0  02:40     0.00196     0.00226      -0.913
  N02302               JUNCTION     0.002    0.002     0  01:37     0.00638     0.00957      -0.309
  N00802               JUNCTION     0.001    0.001     0  01:00     0.00249     0.00249      -1.861
  N00111               JUNCTION     0.001    0.010     0  01:37     0.00528      0.0133      -0.887
  N01642               JUNCTION     0.000    0.000     0  01:00    0.000821    0.000821      -2.881
  N01444               JUNCTION     0.000    0.000     0  01:00     0.00108     0.00108      -0.385
  N01794               JUNCTION     0.042    0.324     0  01:45       0.175        2.28       0.938
  N00833               JUNCTION     0.020    0.034     0  01:40      0.0872       0.303       1.822
  N01886               JUNCTION     0.097    0.097     0  01:40       0.726       0.726       0.166
  N02061               JUNCTION     0.001    0.001     0  01:00     0.00448     0.00448      -0.245
  N02143               JUNCTION     0.003    0.003     0  01:38      0.0102      0.0103      -0.998
  N01899               JUNCTION     0.001    0.001     0  01:00     0.00201     0.00201      -4.628
  N00329               JUNCTION     0.030    0.079     0  02:30       0.148       0.367       3.123
  N00232               JUNCTION     0.000    0.000     0  01:00     0.00273     0.00273      -0.810
  N00654               JUNCTION     0.001    0.060     0  02:00     0.00211       0.588       0.501
  N02313               JUNCTION     0.000    0.000     0  00:59     0.00106     0.00106      -0.331
  N02368               JUNCTION     0.011    0.013     0  01:36      0.0492      0.0547       0.257
  N01782               JUNCTION     0.064    0.269     0  02:05       0.566        2.49       0.213
  N01544               JUNCTION     0.001    0.014     0  01:49     0.00212     0.00867      -0.634
  N00951               JUNCTION     0.000    0.001     0  01:35     0.00302     0.00885       0.195
  N00114               JUNCTION     0.036    0.323     0  01:58        0.15        1.84       0.287
  N02630               JUNCTION     0.001    0.117     0  01:40      0.0059       0.603       0.041
  N00133               JUNCTION     0.000    0.000     0  01:00     0.00153     0.00153      -5.412
  N00676               JUNCTION     0.043    0.043     0  02:42       0.324       0.327       1.780
  N02677               JUNCTION     0.073    0.073     0  01:36       0.332       0.332       0.118
  N01652               JUNCTION     0.003    0.046     0  01:41      0.0134       0.251       0.163
  N00413               JUNCTION     0.004    0.004     0  01:00      0.0137      0.0137      -0.052
  N02639               JUNCTION     0.024    0.062     0  01:40      0.0945       0.287       0.100
  N00032               JUNCTION     0.004    0.004     0  01:35      0.0166      0.0166      -0.946
  N01123               JUNCTION     0.001    0.131     0  02:04     0.00451         1.1       0.349
  N02408               JUNCTION     0.001    0.001     0  01:00      0.0053      0.0053      -1.336
  N00236               JUNCTION     0.015    0.017     0  01:36      0.0667      0.0774      -0.867
  N01461               JUNCTION     0.002    0.255     0  01:42     0.00675        1.27       0.874
  N00863               JUNCTION     0.001    0.047     0  01:38     0.00534         0.2       0.060
  N00180               JUNCTION    -0.058    1.048     0  01:58      0.0178        6.64       0.355
  N02213               JUNCTION     0.001    0.043     0  02:13     0.00213      0.0431      -0.382
  N01772               JUNCTION     0.061    0.065     0  02:13       0.526       0.562       1.617
  N01022               JUNCTION     0.000    0.000     0  00:59      0.0013      0.0013      -1.833
  N00326               JUNCTION     0.203    0.516     0  01:43       0.922        3.53       0.336
  N00854               JUNCTION     0.715    0.898     0  01:57        6.24        8.07       0.443
  N01907               JUNCTION     0.001    0.047     0  01:40     0.00289       0.276       0.106
  N00331               JUNCTION     0.052    0.052     0  01:41       0.199       0.202       3.510
  N00242               JUNCTION     0.001    0.001     0  01:00     0.00274     0.00274      -3.394
  N01100               JUNCTION     0.002    0.062     0  02:01     0.00687       0.212       0.099
  N01034               JUNCTION     0.008    0.012     0  01:00      0.0285      0.0465      -0.086
  N00991               JUNCTION     0.026    0.187     0  01:40       0.163       0.919       0.314
  N01291               JUNCTION     0.038    0.054     0  01:37       0.174        0.24       0.276
  N00602               JUNCTION     0.081    0.081     0  01:40       0.389       0.389       0.291
  N02798               JUNCTION     0.000    0.201     0  02:08      0.0013        2.15       0.485
  N01853               JUNCTION     0.005    0.005     0  01:00      0.0223      0.0223      -0.814
  N01317               JUNCTION     0.001    0.197     0  01:40     0.00213       0.941       0.125
  N00504               JUNCTION     0.000    0.074     0  02:08     0.00318       0.117       0.316
  N00479               JUNCTION     0.434    0.434     0  02:23        4.26        4.26       0.054
  N01280               JUNCTION     0.000    0.001     0  01:00     0.00214     0.00432      -1.126
  N01529               JUNCTION     0.000    0.000     0  01:00    0.000843    0.000843      -4.399
  N00122               JUNCTION     0.065    0.844     0  02:36       0.422        9.64       0.357
  N01881               JUNCTION     0.001    0.008     0  01:39     0.00476      0.0315       1.473
  N02805               JUNCTION     0.000    0.000     0  01:00     0.00325     0.00325      -0.058
  N01386               JUNCTION     0.067    0.069     0  02:03       0.746       0.779       1.055
  N02701               JUNCTION     0.013    0.115     0  01:43        0.06       0.127      -1.769
  N01013               JUNCTION     0.124    0.129     0  03:29        1.67        1.71       1.573
  N02729               JUNCTION     0.006    0.006     0  01:35        0.03        0.03       0.055
  N01870               JUNCTION     0.427    0.440     0  02:18        3.79        3.84       0.226
  N00371               JUNCTION     0.000    0.007     0  01:38    0.000821        0.03      -0.269
  N01068               JUNCTION     0.002    0.066     0  02:01     0.00741      0.0533      -0.847
  N02132               JUNCTION     0.349    0.349     0  01:57         2.3         2.3       0.409
  N01767               JUNCTION     0.001    0.002     0  01:40     0.00328     0.00685       0.285
  N00687               JUNCTION     0.140    0.140     0  03:29        1.93        1.93       1.029
  N00439               JUNCTION     0.011    0.041     0  01:38      0.0509       0.188      -0.172
  N00006               JUNCTION     0.005    0.005     0  01:37      0.0199      0.0199      -0.350
  N01318               JUNCTION     0.000    0.324     0  01:41     0.00143        1.61       0.014
  N00442               JUNCTION     0.000    0.048     0  01:40      0.0021       0.265       0.526
  N02803               JUNCTION     0.020    0.020     0  02:03       0.163       0.163       0.361
  N01133               JUNCTION     0.000    0.000     0  01:30     0.00259     0.00259      -1.154
  N00298               JUNCTION     0.901    5.630     0  03:08        8.48        72.7       0.240
  N00871               JUNCTION     0.002    0.002     0  01:45     0.00875     0.00901      -1.164
  N01285               JUNCTION     0.003    0.004     0  01:35      0.0127      0.0195       0.317
  N00110               JUNCTION     0.000    0.000     0  00:59     0.00156     0.00156      -0.452
  N00247               JUNCTION     0.191    0.191     0  02:40        2.32        2.32       0.231
  N00089               JUNCTION     0.049    0.049     0  01:40       0.336        0.34       0.247
  N01478               JUNCTION     0.001    0.001     0  01:00     0.00195     0.00195      -1.803
  N01031               JUNCTION     0.159    1.274     0  02:41        1.67          11       0.711
  N00297               JUNCTION     0.000    0.000     0  01:00     0.00396     0.00396       0.313
  N02766               JUNCTION     0.001    0.131     0  02:08     0.00332         1.1       0.505
  N02819               JUNCTION     0.001    0.130     0  02:10     0.00284        1.09       0.160
  N00053               JUNCTION     0.002    0.002     0  01:00       0.016       0.016      -0.651
  N00290               JUNCTION     0.001    0.002     0  01:00     0.00291     0.00667      -0.970
  N00906               JUNCTION     0.000    0.000     0  01:00     0.00127     0.00127      -9.093
  N01788               JUNCTION     0.076    0.482     0  03:41       0.777        4.09       1.603
  N01913               JUNCTION     0.005    0.005     0  01:35      0.0219      0.0219      -0.534
  N00932               JUNCTION     0.000    0.001     0  01:00     0.00318     0.00543      -0.248
  N01296               JUNCTION     0.000    0.000     0  00:57     0.00109     0.00109      -2.202
  N02072               JUNCTION     0.049    0.049     0  02:00       0.308       0.308       0.184
  N00706               JUNCTION     0.000    0.000     0  00:56     0.00108     0.00108       0.441
  N02843               JUNCTION     0.001    0.047     0  01:37     0.00423       0.226       0.046
  N01467               JUNCTION     0.017    0.038     0  02:47      0.0533      0.0926      12.432
  N01051               JUNCTION     0.002    0.004     0  01:35     0.00501      0.0165      -0.090
  N00813               JUNCTION     0.002    0.203     0  01:41     0.00748        1.03      -0.002
  N00888               JUNCTION     0.004    0.014     0  02:21        0.02      0.0325      28.161
  N00219               JUNCTION     0.001    0.017     0  01:42     0.00384      0.0866       0.387
  N00140               JUNCTION     0.000    0.011     0  02:12     0.00343      0.0117      -0.768
  N02026               JUNCTION     0.001    0.064     0  01:41     0.00374       0.306       0.328
  N00708               JUNCTION     0.001    0.574     0  02:06     0.00378         6.9       0.190
  N02136               JUNCTION     0.000    0.000     0  01:00    0.000831    0.000831      -1.548
  N02440               JUNCTION     0.012    0.013     0  01:37      0.0554      0.0611       0.036
  N00176               JUNCTION     0.270    0.457     0  02:02        2.96        4.87       1.418
  N00405               JUNCTION     0.000    0.081     0  02:19     0.00123       0.173      17.836
  N00360               JUNCTION     0.000    0.000     0  01:34     0.00169     0.00169      -3.049
  N02804               JUNCTION     0.000    0.000     0  00:58     0.00265     0.00265      -0.106
  N02840               JUNCTION     0.002    0.003     0  01:00      0.0067      0.0118      -0.535
  N00337               JUNCTION     0.001    0.028     0  01:41     0.00228      0.0219      -0.312
  N01146               JUNCTION     0.003    0.006     0  01:00      0.0125      0.0279       1.825
  N02383               JUNCTION     0.002    0.003     0  03:22     0.00645     0.00993      -0.850
  N01455               JUNCTION     0.061    0.061     0  02:08       0.321       0.341       8.005
  N01102               JUNCTION     0.144    0.282     0  02:49        1.65        3.46       3.479
  N00013               JUNCTION     0.053    0.055     0  02:03       0.465       0.475       0.334
  N01963               JUNCTION     0.004    0.021     0  01:40      0.0147      0.0874       0.839
  N01755               JUNCTION     0.001    0.001     0  01:35     0.00655     0.00655       0.709
  N02502               JUNCTION     0.000    0.285     0  01:44     0.00367         1.6       0.249
  N00870               JUNCTION     0.000    0.000     0  00:57     0.00106     0.00106      -4.306
  N01056               JUNCTION     0.003    0.005     0  01:40       0.011      0.0265       0.111
  N01162               JUNCTION     0.352    0.352     0  03:33        3.65        3.65       0.112
  N01615               JUNCTION     0.002    0.068     0  02:03     0.00961       0.638       2.999
  N01822               JUNCTION     0.006    0.008     0  01:39      0.0286      0.0364       0.070
  N02746               JUNCTION     0.001    0.001     0  00:58     0.00412     0.00412      -0.188
  N01048               JUNCTION     0.001    0.002     0  01:00     0.00462      0.0101       4.845
  N02087               JUNCTION     0.001    0.018     0  01:30     0.00165      0.0134     108.673
  N01727               JUNCTION     0.085    0.091     0  02:03       0.723       0.769       0.838
  N01209               JUNCTION     0.004    0.004     0  01:35      0.0165      0.0165      -0.026
  N01016               JUNCTION     0.002    0.002     0  01:35      0.0114      0.0114      -0.184
  N00457               JUNCTION     0.029    0.118     0  01:44       0.127       0.639       0.107
  N00348               JUNCTION     0.002    0.003     0  02:06     0.00811     0.00953      -0.968
  N00481               JUNCTION     0.002    0.002     0  01:35     0.00621      0.0111      -0.853
  N02294               JUNCTION     0.002    0.003     0  00:59     0.00874      0.0105      -0.122
  N02439               JUNCTION     0.001    0.001     0  01:34      0.0057      0.0057      -0.698
  N01464               JUNCTION     0.302    0.302     0  01:56        1.67        1.67       0.195
  N00597               JUNCTION     0.001    0.001     0  01:00      0.0022      0.0022      -0.585
  N00017               JUNCTION     0.028    0.028     0  01:40       0.161       0.161      -0.042
  N02465               JUNCTION     0.001    0.003     0  01:00     0.00473      0.0109      -4.480
  N00139               JUNCTION     0.006    0.008     0  02:33      0.0249      0.0277      -1.005
  N01694               JUNCTION     0.231    0.424     0  03:35         1.9        3.96       0.693
  N01754               JUNCTION     0.101    0.102     0  02:00       0.738       0.784       1.390
  N02672               JUNCTION     0.001    0.013     0  01:39     0.00278       0.063       0.543
  N01510               JUNCTION     0.001    0.267     0  01:41     0.00146        1.68       0.478
  N02476               JUNCTION     0.001    0.007     0  02:43     0.00236      0.0453       0.498
  N01122               JUNCTION     0.000    0.001     0  01:00     0.00107     0.00338       0.496
  N02685               JUNCTION     0.003    0.003     0  01:00      0.0101      0.0101      -1.760
  N01704               JUNCTION     0.031    0.031     0  01:40       0.164       0.165      -0.279
  N01944               JUNCTION     0.017    0.017     0  02:42       0.104       0.104       0.022
  N02501               JUNCTION     0.170    0.170     0  02:02         1.4         1.4       0.144
  N01504               JUNCTION     0.002    0.003     0  01:35     0.00676      0.0112       0.012
  N00167               JUNCTION     0.177    0.191     0  01:40       0.829       0.865       0.196
  N01350               JUNCTION     0.002    0.013     0  01:40      0.0121      0.0569       0.929
  N00681               JUNCTION     0.057    0.155     0  01:40       0.275       0.733      -0.023
  N02280               JUNCTION     0.227    0.227     0  03:33        2.48         2.5       1.118
  N00819               JUNCTION     0.011    0.013     0  01:36      0.0482      0.0575       0.050
  N00826               JUNCTION     0.002    0.007     0  01:36      0.0114      0.0266      -0.276
  N01654               JUNCTION     0.011    0.011     0  01:36      0.0489      0.0489      -0.053
  N02640               JUNCTION     0.001    0.666     0  02:04     0.00447        4.58       0.096
  N01847               JUNCTION     0.001    1.036     0  01:08     0.00841        8.47       0.060
  N01462               JUNCTION     0.003    0.003     0  01:35      0.0111      0.0111      -0.143
  N00539               JUNCTION     0.002    0.002     0  01:00     0.00612     0.00612      -0.068
  N01877               JUNCTION     0.001    0.001     0  01:00     0.00321     0.00321      -0.348
  N02712               JUNCTION     0.006    0.006     0  01:00      0.0217      0.0217      -3.163
  N01810               JUNCTION     0.302    0.302     0  01:43        2.09        2.09       0.042
  N00609               JUNCTION     0.005    0.006     0  01:40      0.0321      0.0335       0.352
  N01483               JUNCTION     0.152    0.153     0  02:21        1.32        1.33       0.669
  N02536               JUNCTION     0.001    0.001     0  01:00     0.00223     0.00223      -0.918
  N01663               JUNCTION     0.004    0.006     0  01:10      0.0161      0.0191       7.740
  N02318               JUNCTION     0.000    0.135     0  02:03     0.00279        1.01       0.891
  N02845               JUNCTION     0.000    0.003     0  01:16     0.00118     0.00367      -0.140
  N01698               JUNCTION     0.001    0.002     0  01:00     0.00502     0.00967       3.342
  N02738               JUNCTION     0.000    0.000     0  01:00     0.00113     0.00113      -1.020
  N00618               JUNCTION     0.014    0.144     0  01:40       0.064       0.651       0.096
  N02835               JUNCTION     0.001    0.093     0  01:40     0.00472       0.486       0.330
  N02644               JUNCTION     0.044    0.044     0  01:41       0.214       0.214       0.148
  N02175               JUNCTION     0.077    0.161     0  01:42       0.483        1.76       0.172
  N00263               JUNCTION     0.000    0.000     0  00:58      0.0015      0.0015      -5.240
  N01588               JUNCTION     0.619    0.630     0  01:40        2.93        2.97       0.240
  N02413               JUNCTION     0.000    0.000     0  01:39     0.00256     0.00378       0.227
  N01002               JUNCTION     0.001    0.003     0  01:00     0.00662      0.0176       0.783
  N01551               JUNCTION     0.001    0.044     0  01:27     0.00251      0.0321      48.239
  N01768               JUNCTION     0.001    0.005     0  01:58      0.0048     0.00964      -1.464
  N02557               JUNCTION     0.001    0.099     0  01:41     0.00239       0.424       0.326
  N00194               JUNCTION     0.000    0.000     0  01:00     0.00125     0.00125      -5.728
  N00317               JUNCTION     0.005    0.042     0  01:37      0.0211       0.206       0.025
  N00365               JUNCTION     0.001    0.906     0  04:25      0.0018        11.1       0.698
  N02641               JUNCTION     0.003    0.039     0  01:42      0.0138       0.018      -0.372
  N01910               JUNCTION     0.220    0.220     0  02:01        1.75        1.75       0.067
  N01358               JUNCTION     0.001    0.001     0  01:00     0.00236     0.00236      -4.390
  N00424               JUNCTION     0.001    0.005     0  01:40     0.00144     0.00855      -0.120
  N02792               JUNCTION     0.001    0.140     0  02:21      0.0055       0.899       0.746
  N01465               JUNCTION     0.002    0.087     0  01:37      0.0101       0.416       0.064
  N02724               JUNCTION     0.000    0.314     0  01:43     0.00117           3       0.533
  N00158               JUNCTION     0.001    0.008     0  01:36     0.00376      0.0334       4.589
  N01662               JUNCTION     0.005    0.005     0  01:35       0.022       0.022      -2.610
  N02047               JUNCTION     0.004    0.114     0  01:41      0.0163       0.581      -0.128
  N01697               JUNCTION     0.000    0.002     0  01:40     0.00133      0.0107       0.067
  N02427               JUNCTION     0.000    0.192     0  01:39     0.00266       0.839       0.403
  N01861               JUNCTION     0.475    0.475     0  01:48        3.24        3.24       0.170
  N00117               JUNCTION     0.001    0.007     0  01:35     0.00224      0.0327      -0.687
  N02083               JUNCTION     0.370    1.436     0  02:03        2.92        20.2       0.324
  N02372               JUNCTION     0.113    0.113     0  02:40        1.22        1.22       0.069
  N02699               JUNCTION     0.009    0.066     0  01:44      0.0522       0.113       5.541
  N02703               JUNCTION     0.000    0.000     0  00:55     0.00258     0.00258      -1.153
  N00702               JUNCTION     0.011    0.030     0  01:40       0.127       0.214       0.729
  N00310               JUNCTION     0.001    0.034     0  01:29     0.00167      0.0308      -0.597
  N02120               JUNCTION     0.006    0.006     0  01:58      0.0396      0.0396       0.014
  N01112               JUNCTION     0.188    0.188     0  02:15        1.37        1.37       0.033
  N00859               JUNCTION     0.001    0.167     0  01:41     0.00372        1.09       0.234
  N00701               JUNCTION     0.001    0.019     0  01:40     0.00528      0.0869       0.016
  N01969               JUNCTION     0.000    0.000     0  01:30    0.000971    0.000971      -0.751
  N01251               JUNCTION     0.107    0.107     0  02:01       0.958       0.959       0.511
  N01625               JUNCTION     0.008    0.047     0  01:40      0.0528       0.283       0.458
  N00379               JUNCTION     0.000    0.000     0  00:59     0.00112     0.00112      -2.302
  N01528               JUNCTION     0.003    0.003     0  01:00      0.0125      0.0125      -0.466
  N02259               JUNCTION     0.012    0.545     0  01:45      0.0387         2.1      -0.025
  N02108               JUNCTION     0.004    0.004     0  01:35      0.0163      0.0163      -0.213
  N02096               JUNCTION     0.002    0.015     0  01:40     0.00904      0.0602      -0.211
  N00333               JUNCTION     0.297    0.735     0  02:19        2.17        6.02       0.360
  N01769               JUNCTION     0.085    0.167     0  01:43       0.743        1.33       0.208
  N02271               JUNCTION     0.244    0.244     0  01:40        1.55        1.55       0.020
  N00173               JUNCTION     0.031    0.031     0  02:41       0.352       0.352       4.280
  N00131               JUNCTION     0.000    0.000     0  01:31      0.0027      0.0027      -0.424
  N01947               JUNCTION     0.001    0.023     0  03:27     0.00389      0.0262      -0.547
  N02160               JUNCTION     0.002    0.041     0  01:40     0.00643       0.194      -0.198
  N01379               JUNCTION     0.001    0.021     0  01:38     0.00279      0.0845       0.702
  N02747               JUNCTION     0.659    0.659     0  02:34        6.46        6.46       0.083
  N02204               JUNCTION     0.000    0.000     0  01:34     0.00157     0.00157      -1.728
  N01400               JUNCTION     0.026    0.037     0  01:38       0.119       0.166       0.002
  N01621               JUNCTION     0.197    0.925     0  04:26        1.34        12.4       0.590
  N01421               JUNCTION     1.040    1.040     0  01:44        3.74        3.74       0.023
  N00513               JUNCTION     0.585    0.589     0  02:45        3.37        3.51       3.661
  N02262               JUNCTION     0.006    0.538     0  01:44      0.0282        2.06       0.089
  N01834               JUNCTION     0.007    0.007     0  02:43       0.043       0.043       0.048
  N01519               JUNCTION     0.092    0.102     0  01:39       0.705       0.811       5.893
  N02112               JUNCTION     0.175    0.643     0  02:06        1.66        6.06       0.959
  N00684               JUNCTION     0.001    0.001     0  01:00      0.0049     0.00671      -0.691
  N00237               JUNCTION     0.153    0.308     0  02:03       0.927        3.35       0.761
  N01523               JUNCTION     0.000    0.000     0  00:58    0.000775    0.000775      -1.360
  N02622               JUNCTION     0.038    0.040     0  01:50       0.433       0.434       2.418
  N02690               JUNCTION     0.008    0.941     0  01:42      0.0298        4.56       0.051
  N00287               JUNCTION     0.002    0.002     0  01:00      0.0108      0.0108      -1.515
  N02267               JUNCTION     0.239    0.318     0  01:40        1.49        1.92       0.149
  N00332               JUNCTION     0.029    0.029     0  01:40       0.138       0.138       0.722
  N01073               JUNCTION     0.004    0.047     0  01:40      0.0154       0.231       0.379
  N00109               JUNCTION     0.002    1.924     0  01:51      0.0109        14.6       0.155
  N00692               JUNCTION     0.000    2.892     0  01:45     0.00178        24.2       0.203
  N02458               JUNCTION     0.002    0.002     0  02:40     0.00933     0.00933      -0.367
  N02139               JUNCTION     0.138    0.140     0  01:41       0.692       0.699       0.262
  N01988               JUNCTION     0.000    0.031     0  02:05     0.00154       0.176       0.663
  N02794               JUNCTION     0.471    0.861     0  01:43        3.98        7.43       0.580
  N00482               JUNCTION     0.003    0.220     0  01:43      0.0136        1.14       0.340
  N00693               JUNCTION     0.000    0.176     0  01:39     0.00109       0.814       0.089
  N01541               JUNCTION     0.014    0.052     0  01:40      0.0748       0.309       2.233
  N02730               JUNCTION     0.001    0.001     0  00:59     0.00197     0.00197      -8.180
  N01448               JUNCTION     0.002    0.002     0  01:00     0.00903     0.00903      -1.742
  N00352               JUNCTION     0.000    0.000     0  00:59     0.00301     0.00301      -0.508
  N02352               JUNCTION     0.169    0.296     0  02:42        2.07         3.7       3.236
  N00152               JUNCTION     0.023    0.032     0  01:37       0.101        0.15      -0.161
  N01394               JUNCTION     0.000    0.192     0  01:40      0.0017       0.837       0.009
  N01295               JUNCTION     0.000    0.000     0  01:00    0.000524    0.000524      -3.690
  N00532               JUNCTION     0.031    0.139     0  01:40       0.129        0.72      -0.043
  N02298               JUNCTION     0.035    0.180     0  01:40       0.157        1.08       0.003
  N01691               JUNCTION     0.006    0.009     0  01:56      0.0294      0.0336       0.079
  N00271               JUNCTION     0.000    0.000     0  01:00     0.00124     0.00124      -1.132
  N02277               JUNCTION     0.201    0.201     0  03:32        2.05        2.05       1.479
  N02566               JUNCTION     0.001    0.240     0  03:27     0.00458        2.65       2.981
  N00958               JUNCTION     0.001    0.005     0  01:37     0.00178      0.0083      -0.834
  N00369               JUNCTION     0.000    0.000     0  01:00     0.00052     0.00052      -0.596
  N02389               JUNCTION     0.007    0.007     0  01:40      0.0271      0.0271      -0.451
  N00930               JUNCTION     0.000    0.000     0  01:00     0.00156     0.00156      -1.833
  N01391               JUNCTION     0.000    0.000     0  01:33     0.00118     0.00118      -2.050
  N01240               JUNCTION     0.116    0.195     0  01:40       0.787        1.16       0.002
  N00257               JUNCTION     0.000    0.000     0  00:59     0.00363     0.00363      -0.642
  N02187               JUNCTION     0.002    0.002     0  01:35     0.00858     0.00858      -0.887
  N00829               JUNCTION     0.095    0.725     0  02:03       0.694        5.55       0.256
  N01933               JUNCTION     0.002    0.002     0  01:40      0.0101      0.0101       0.246
  N02179               JUNCTION     0.013    0.013     0  01:40        0.13        0.13       0.468
  N00168               JUNCTION     0.152    0.152     0  02:02        1.21        1.22       2.268
  N00266               JUNCTION     0.139    0.314     0  01:43       0.962        2.27       0.446
  N01845               JUNCTION     0.005    0.005     0  01:35      0.0215      0.0215      -0.114
  N01756               JUNCTION     0.093    0.093     0  01:40       0.581       0.591       0.549
  N01339               JUNCTION     0.244    0.298     0  02:00        1.61        2.11       0.262
  N01920               JUNCTION     0.011    0.027     0  01:37      0.0537       0.129       0.020
  N01369               JUNCTION     0.023    0.028     0  01:36      0.0945       0.124       0.190
  N02590               JUNCTION     0.051    0.057     0  01:40       0.258       0.288       0.135
  N00243               JUNCTION     0.060    0.072     0  01:43        0.57       0.659       0.312
  N01647               JUNCTION     0.020    0.020     0  01:40      0.0817      0.0828       0.907
  N02434               JUNCTION     0.000    0.000     0  00:59    0.000838    0.000838      -5.203
  N01371               JUNCTION     0.002    0.054     0  02:04     0.00829        0.34       0.013
  N00244               JUNCTION     0.002    0.005     0  01:36     0.00793      0.0117      -2.127
  N02774               JUNCTION     0.195    0.216     0  02:42        2.07        2.35       0.234
  N01735               JUNCTION     0.001    0.004     0  01:00     0.00669      0.0185       0.072
  N01293               JUNCTION     0.008    0.008     0  01:36      0.0362      0.0373      -1.001
  N00142               JUNCTION     0.075    0.075     0  01:40       0.365       0.365       0.019
  N00453               JUNCTION     0.001    0.001     0  01:35     0.00197     0.00197      -2.161
  N01534               JUNCTION     0.001    0.001     0  01:40       0.004       0.004      -0.387
  N01623               JUNCTION     0.000    0.045     0  01:45     0.00155       0.284       0.283
  N01778               JUNCTION     0.002    0.002     0  01:38     0.00886     0.00932       6.065
  N00916               JUNCTION     0.688    0.756     0  01:39        3.01        3.29       0.111
  N00798               JUNCTION     0.003    0.670     0  02:42     0.00997        7.47       0.488
  N01951               JUNCTION     0.079    1.776     0  02:43        0.88        18.6       1.076
  N00223               JUNCTION     0.001    0.020     0  03:15     0.00252      0.0435       4.119
  N01744               JUNCTION     0.124    0.326     0  01:40       0.749        2.34       1.008
  N02167               JUNCTION     0.001    0.002     0  01:35     0.00506     0.00697       0.246
  N02384               JUNCTION     0.018    0.400     0  02:04      0.0779        4.73       1.453
  N00045               JUNCTION     0.061    0.396     0  02:03       0.288        2.49       0.254
  N02444               JUNCTION     0.024    0.857     0  02:04       0.127        6.97       0.379
  N02020               JUNCTION     0.002    0.170     0  01:42      0.0197       0.873       0.042
  N02695               JUNCTION     0.000    0.000     0  00:59      0.0013      0.0013      -0.597
  N02391               JUNCTION     0.001    0.002     0  01:43     0.00266     0.00278      -1.747
  N00115               JUNCTION     0.000    0.007     0  01:40     0.00151      0.0303      -0.488
  N01413               JUNCTION     0.001    0.847     0  01:46     0.00315        5.96       0.109
  N00500               JUNCTION     0.486    0.980     0  02:21        4.79        9.51       0.266
  N01583               JUNCTION     0.158    0.158     0  01:40       0.779       0.779       0.032
  N02407               JUNCTION     0.001    0.001     0  01:00     0.00513     0.00513      -0.175
  N01489               JUNCTION     0.021    0.026     0  01:40      0.0953       0.127       0.553
  N00919               JUNCTION     0.017    0.017     0  01:35      0.0729      0.0729      -0.109
  N01445               JUNCTION     0.003    0.003     0  01:00      0.0102      0.0102      -2.165
  N02289               JUNCTION     0.010    0.144     0  01:40      0.0421       0.915       0.071
  N00357               JUNCTION     0.000    0.000     0  00:58     0.00131     0.00131      -0.514
  N01488               JUNCTION     0.172    0.378     0  02:41        2.21        4.62       1.201
  N01340               JUNCTION     0.025    0.025     0  01:36       0.111       0.114       0.291
  N02441               JUNCTION     0.002    0.122     0  02:41     0.00714         1.3       0.570
  N00248               JUNCTION     0.001    0.002     0  01:15     0.00239     0.00393      -0.872
  N00635               JUNCTION     0.017    0.017     0  01:36      0.0682      0.0701      -0.679
  N01709               JUNCTION     0.241    0.438     0  03:34        1.99         3.2       0.756
  N00894               JUNCTION     0.001    0.003     0  01:00     0.00586      0.0149       0.446
  N01440               JUNCTION     0.006    0.046     0  01:40      0.0269       0.221       0.723
  N02814               JUNCTION     0.005    0.057     0  02:42       0.027       0.568       0.375
  N02740               JUNCTION     0.000    0.000     0  00:59     0.00333     0.00333      -0.035
  N01602               JUNCTION     0.000    0.000     0  01:00     0.00118     0.00118      -1.625
  N02653               JUNCTION     0.000    0.041     0  01:43     0.00145       0.217      -0.001
  N02131               JUNCTION     0.001    0.196     0  02:09     0.00475        1.35       0.259
  N02466               JUNCTION     0.001    0.005     0  02:00     0.00232     0.00381      -2.827
  N00075               JUNCTION     0.007    0.007     0  01:35      0.0286      0.0286      -0.107
  N02583               JUNCTION     0.000    0.000     0  01:00    0.000486    0.000486      -3.665
  N01058               JUNCTION     0.001    0.020     0  01:04     0.00224      0.0319       0.452
  N01927               JUNCTION     0.001    0.234     0  02:02     0.00504        1.84       0.099
  N02354               JUNCTION     0.169    0.580     0  03:13        2.06        6.82       2.889
  N00592               JUNCTION     0.491    0.493     0  02:03        3.58        3.59       0.424
  N01624               JUNCTION     0.001    0.046     0  01:41      0.0033       0.285       0.953
  N00827               JUNCTION     0.000    0.000     0  01:35     0.00188     0.00188      -4.586
  N01066               JUNCTION     0.073    0.089     0  02:05       0.639       0.677       0.706
  N02489               JUNCTION     0.010    0.020     0  01:36      0.0563       0.114       0.284
  N02651               JUNCTION     0.000    0.000     0  01:00     0.00327     0.00327      -1.323
  N00999               JUNCTION     0.043    0.043     0  01:40       0.161       0.161       0.066
  N02649               JUNCTION     0.001    0.296     0  02:04     0.00428        2.11       0.134
  N01964               JUNCTION     0.007    0.018     0  01:39      0.0243      0.0725       0.111
  N02274               JUNCTION     0.000    0.086     0  01:43      0.0016       0.567       0.219
  N00009               JUNCTION     0.002    0.002     0  01:35     0.00598     0.00598      -1.404
  N01548               JUNCTION     0.055    0.057     0  02:36       0.722       0.747       3.499
  N01762               JUNCTION     0.011    0.133     0  01:41      0.0401       0.665       0.050
  N01838               JUNCTION     0.018    0.024     0  01:39      0.0823       0.115       0.586
  N00355               JUNCTION     0.000    0.000     0  01:00     0.00205     0.00205      -0.292
  N01126               JUNCTION     0.001    0.001     0  01:00      0.0019     0.00455      -1.690
  N00834               JUNCTION     0.036    0.036     0  01:40       0.144       0.144       0.146
  N00279               JUNCTION     0.227    0.227     0  03:36        2.06        2.06       0.329
  N00328               JUNCTION     0.003    0.036     0  02:33     0.00982       0.183      -0.293
  N01972               JUNCTION     0.001    0.001     0  01:40      0.0052      0.0052      -0.100
  N00445               JUNCTION     0.001    0.012     0  01:40     0.00354      0.0574      -0.163
  N01961               JUNCTION     0.000    0.000     0  00:59     0.00111     0.00111      -1.062
  N02161               JUNCTION     0.002    0.040     0  01:40     0.00637       0.188       0.065
  N02127               JUNCTION     0.045    0.045     0  02:03       0.402       0.403       0.286
  N01539               JUNCTION     0.000    0.000     0  01:00     0.00268     0.00268      -1.041
  N01619               JUNCTION     0.000    0.000     0  01:00     0.00164     0.00164      -2.248
  N00997               JUNCTION     0.001    0.001     0  01:00     0.00361     0.00361      -3.037
  N02281               JUNCTION     0.002    0.146     0  01:40     0.00904       0.927       0.121
  N00673               JUNCTION     0.029    0.189     0  01:39       0.131       0.824       0.023
  N01140               JUNCTION     0.049    0.049     0  01:40       0.225       0.225       0.034
  N00799               JUNCTION     0.402    0.404     0  02:40        4.12        4.15       0.170
  N01272               JUNCTION     0.002    0.395     0  01:53     0.00671         2.7       0.358
  N00616               JUNCTION     0.006    0.006     0  01:35       0.019       0.019       0.003
  N01131               JUNCTION     0.000    0.032     0  03:42     0.00109      0.0422       3.473
  N00249               JUNCTION     0.113    0.113     0  02:03           1           1       0.549
  N02606               JUNCTION     0.001    0.001     0  01:35     0.00228     0.00228      -0.630
  N02138               JUNCTION     0.016    0.020     0  01:37      0.0633      0.0798      -0.015
  N01898               JUNCTION     0.004    0.004     0  01:37      0.0219      0.0219      -0.109
  N01967               JUNCTION     0.337    0.645     0  02:06        2.38        4.76       0.205
  N00491               JUNCTION     0.000    0.049     0  02:20     0.00113      0.0359      -0.215
  N02689               JUNCTION     0.002    0.936     0  01:41       0.011        4.54       0.086
  N02232               JUNCTION     0.001    0.001     0  00:59     0.00225     0.00225      -0.456
  N00914               JUNCTION     0.006    0.006     0  02:00      0.0247      0.0302       0.205
  N01884               JUNCTION     0.099    0.426     0  02:03       0.743        3.43       0.331
  N02080               JUNCTION     0.000    0.004     0  01:40     0.00131      0.0208       0.236
  N00984               JUNCTION     0.000    0.168     0  01:40     0.00146        1.07       0.133
  N01378               JUNCTION     0.001    0.001     0  01:38     0.00192     0.00192      -2.722
  N00397               JUNCTION     0.028    0.028     0  01:40       0.175       0.175       0.042
  N00425               JUNCTION     0.002    0.008     0  01:40      0.0105      0.0397       0.646
  N01365               JUNCTION     0.001    0.005     0  01:35     0.00341      0.0199      -0.236
  N00674               JUNCTION     0.105    0.105     0  02:40        1.28        1.29       0.302
  N01256               JUNCTION     0.005    0.005     0  01:40        0.02        0.02      -0.068
  N00031               JUNCTION     0.003    0.009     0  01:35       0.012      0.0383       5.768
  N01878               JUNCTION     0.000    0.000     0  01:00     0.00119     0.00119      -0.149
  N01472               JUNCTION     0.013    0.013     0  01:40       0.088       0.088       2.293
  N01086               JUNCTION     0.001    0.057     0  02:43     0.00407        0.57       0.312
  N02166               JUNCTION     0.000    0.000     0  01:00    0.000754     0.00189      -0.703
  N02795               JUNCTION     0.004    0.004     0  01:35      0.0172      0.0172       0.098
  N00965               JUNCTION     0.000    0.000     0  00:59     0.00091     0.00091     -11.018
  N01840               JUNCTION     0.002    0.002     0  01:00     0.00881     0.00881      -1.815
  N00502               JUNCTION     0.001    0.045     0  02:02      0.0054      0.0708      -0.308
  N00026               JUNCTION     0.000    0.000     0  01:00     0.00108     0.00108      -3.733
  N00667               JUNCTION     0.001    0.001     0  01:00     0.00321     0.00321       0.310
  N00374               JUNCTION     0.001    0.001     0  01:00     0.00444     0.00444      -0.270
  N01640               JUNCTION     0.001    0.089     0  01:41     0.00206       0.665       0.185
  N01499               JUNCTION     0.003    0.003     0  01:00      0.0105      0.0105      -0.047
  N00107               JUNCTION     0.019    1.239     0  01:43      0.0821        7.79       0.058
  N01111               JUNCTION     0.013    0.013     0  01:35      0.0528      0.0528      -0.019
  N00063               JUNCTION     0.001    0.001     0  01:40      0.0017     0.00678      -0.154
  N02331               JUNCTION     0.002    0.002     0  01:00     0.00898     0.00898      -0.148
  N00890               JUNCTION     0.084    0.085     0  03:32        1.07        1.09       3.168
  N01911               JUNCTION     0.004    0.029     0  01:38      0.0226       0.136      -0.325
  N02829               JUNCTION     0.070    0.073     0  02:00       0.426       0.446       0.206
  N02188               JUNCTION     0.001    0.002     0  01:40     0.00223      0.0109      -0.416
  N01281               JUNCTION     0.000    0.000     0  01:00      0.0012      0.0012      -0.404
  N00915               JUNCTION     0.001    0.086     0  01:16       0.003       0.283       0.086
  N01128               JUNCTION     0.047    0.115     0  03:33       0.596        1.51       0.329
  N00151               JUNCTION     0.009    0.009     0  01:36      0.0498      0.0498       0.475
  N01948               JUNCTION     0.001    0.001     0  01:00     0.00392     0.00392      -3.873
  N02618               JUNCTION     0.001    0.007     0  01:26     0.00697      0.0131       0.163
  N01912               JUNCTION     0.006    0.006     0  01:35      0.0245      0.0245      -0.781
  N02646               JUNCTION     0.000    0.000     0  00:55     0.00262     0.00262       0.403
  N01798               JUNCTION     0.157    0.426     0  01:42       0.889        2.87       0.136
  N01098               JUNCTION     0.009    0.082     0  01:57      0.0424       0.243       1.436
  N02062               JUNCTION     0.001    0.002     0  01:00     0.00605      0.0105       0.093
  N00709               JUNCTION     0.322    0.577     0  02:05        4.03        6.92       0.359
  N01521               JUNCTION     0.000    0.000     0  00:58     0.00123     0.00123     -15.005
  N01377               JUNCTION     0.003    0.003     0  01:00      0.0111      0.0111      -0.098
  N00289               JUNCTION     0.183    0.183     0  01:40         1.5         1.5       0.121
  N02765               JUNCTION     0.001    0.131     0  02:05     0.00365         1.1       0.329
  N00879               JUNCTION     0.349    0.349     0  02:02        2.59        2.59       0.423
  N01471               JUNCTION     0.009    0.083     0  02:04      0.0633       0.963       0.457
  N01363               JUNCTION     0.000    0.000     0  00:59     0.00158     0.00158      -0.539
  N02679               JUNCTION     0.164    0.164     0  02:01       0.846       0.846       0.037
  N01422               JUNCTION     0.001    0.001     0  01:00     0.00314     0.00314      -3.191
  N01004               JUNCTION     0.155    0.155     0  01:40        1.05        1.05       0.136
  N00778               JUNCTION     0.035    0.695     0  01:42       0.219        3.41       0.047
  N00952               JUNCTION     0.003    0.004     0  01:35      0.0113      0.0201      -0.256
  N02827               JUNCTION     0.002    0.002     0  01:00     0.00736     0.00736      -0.340
  N00945               JUNCTION     0.000    0.001     0  01:39    0.000769     0.00368      -0.126
  N02769               JUNCTION     0.001    0.010     0  02:29     0.00557      0.0165      -0.917
  N01411               JUNCTION     0.029    0.300     0  01:41       0.108        1.34       0.297
  N02006               JUNCTION     0.002    0.064     0  01:57     0.00602       0.288       0.127
  N00100               JUNCTION     0.001    0.784     0  02:10     0.00541        6.23       0.428
  N02629               JUNCTION     0.116    0.118     0  01:40        0.59       0.598       0.116
  N02777               JUNCTION     0.003    0.003     0  01:35      0.0159      0.0159      -0.447
  N01466               JUNCTION     0.013    0.036     0  03:21      0.0554       0.125      36.808
  N00025               JUNCTION     0.003    0.003     0  01:35      0.0117      0.0117      -0.188
  N02366               JUNCTION     0.012    0.180     0  02:05      0.0526        1.79       0.958
  N00792               JUNCTION     0.032    0.032     0  01:40       0.212       0.213      12.549
  N00175               JUNCTION     0.042    2.383     0  02:42       0.437        25.5       0.692
  N02565               JUNCTION     0.077    0.125     0  01:40       0.453       0.766       0.051
  N00902               JUNCTION     0.098    0.279     0  02:43       0.945        3.15       1.178
  N00685               JUNCTION     0.150    0.150     0  03:24        2.05        2.05       3.155
  N02268               JUNCTION     0.000    0.014     0  01:37     0.00107      0.0579      -0.478
  N01716               JUNCTION     0.001    0.009     0  01:59     0.00136      0.0417      11.142
  N00723               JUNCTION     0.115    0.400     0  01:40       0.586        2.88       0.307
  N01367               JUNCTION     0.007    0.007     0  01:36      0.0349      0.0349      -0.294
  N01482               JUNCTION     0.044    0.044     0  03:33       0.594       0.594       1.775
  N01294               JUNCTION     0.004    0.004     0  01:35      0.0159      0.0159      -0.161
  N02723               JUNCTION     0.003    0.197     0  02:12      0.0102        2.14       0.566
  N00238               JUNCTION     0.000    0.000     0  00:59      0.0011      0.0011      -9.293
  N02253               JUNCTION     0.014    0.883     0  01:40      0.0583        5.97       0.125
  N00979               JUNCTION     0.000    0.061     0  01:40     0.00076       0.287       0.441
  N00550               JUNCTION     0.025    0.035     0  01:38       0.111       0.168       0.084
  N01553               JUNCTION     0.001    0.001     0  01:00     0.00469     0.00469      -5.022
  N00299               JUNCTION     0.460    0.882     0  03:32        2.91          10       1.535
  N00319               JUNCTION     0.018    0.018     0  01:36      0.0762      0.0762      -0.148
  N01747               JUNCTION     0.000    0.000     0  00:59     0.00359     0.00359       0.218
  N00531               JUNCTION     0.000    0.163     0  01:41     0.00107       0.847       2.868
  N00652               JUNCTION     0.075    0.137     0  02:42       0.774        1.43       0.943
  N01443               JUNCTION     0.108    0.108     0  01:40       0.615       0.615       0.077
  N00386               JUNCTION     0.002    0.002     0  01:35      0.0112      0.0112      -0.424
  N02575               JUNCTION     0.088    0.088     0  02:00        0.72        0.72       0.551
  N02055               JUNCTION     0.004    0.004     0  01:35      0.0168      0.0168      -0.042
  N00216               JUNCTION     0.000    0.000     0  00:59     0.00312     0.00312      -1.713
  N00307               JUNCTION     1.009    1.501     0  02:12        6.93        11.4       0.309
  N01001               JUNCTION     0.002    0.003     0  01:35     0.00935      0.0146       0.113
  N00218               JUNCTION     0.000    0.000     0  00:59    0.000784    0.000784      -6.904
  N00170               JUNCTION     0.000    0.000     0  00:56     0.00108     0.00108      -6.504
  N01469               JUNCTION     0.182    2.462     0  02:08        1.72          23       0.210
  N00993               JUNCTION     0.010    0.088     0  01:37       0.045       0.411       0.115
  N00933               JUNCTION     0.001    0.052     0  01:59     0.00391      0.0587       0.327
  N01851               JUNCTION     0.002    0.256     0  01:09     0.00957      0.0937       0.308
  N01431               JUNCTION     0.003    0.004     0  01:00      0.0123      0.0132      -0.796
  N02003               JUNCTION     0.005    0.032     0  02:07      0.0195       0.195       0.252
  N02247               JUNCTION     0.001    0.001     0  00:59     0.00216     0.00216      -3.260
  N02101               JUNCTION     0.000    0.000     0  00:57     0.00291     0.00291       0.042
  N01562               JUNCTION     0.004    0.004     0  01:37      0.0209      0.0209      -0.008
  N02636               JUNCTION     0.376    0.377     0  01:57        1.85        1.86       0.129
  N01692               JUNCTION     0.002    0.002     0  01:00     0.00854     0.00854      -4.243
  N00118               JUNCTION     0.004    0.004     0  01:35      0.0185      0.0185      -0.093
  N02512               JUNCTION     0.000    0.000     0  00:59     0.00141     0.00141      -0.306
  N01032               JUNCTION     0.002    0.002     0  01:35      0.0111      0.0111      -0.904
  N00648               JUNCTION     0.001    0.001     0  01:00     0.00467     0.00467      -1.182
  N00987               JUNCTION     0.033    0.033     0  01:40       0.175       0.175       0.020
  N00255               JUNCTION     0.000    0.000     0  00:59     0.00291     0.00291      -0.847
  N00346               JUNCTION     0.008    0.180     0  01:38      0.0315       0.907       0.050
  N01740               JUNCTION     0.001    0.015     0  01:49     0.00414      0.0177      -0.189
  N02515               JUNCTION     0.132    0.132     0  01:40       0.718       0.722       0.050
  N01998               JUNCTION     0.001    0.002     0  01:58     0.00531     0.00826      -0.859
  N01061               JUNCTION     0.022    0.022     0  01:37        0.11        0.11      -0.231
  N01468               JUNCTION     0.251    0.251     0  02:54        2.43        2.43       0.470
  N02173               JUNCTION     0.003    0.003     0  01:35      0.0138      0.0138      -3.156
  N00182               JUNCTION     0.032    0.102     0  03:11       0.123       0.178       0.045
  N01959               JUNCTION     0.020    0.020     0  01:36      0.0895      0.0906      -0.002
  N01253               JUNCTION     0.000    0.005     0  01:36     0.00116      0.0244       0.139
  N02114               JUNCTION     0.151    0.334     0  01:42        1.42        3.02       2.741
  N01143               JUNCTION     0.000    0.011     0  01:38    0.000794      0.0542       0.494
  N01863               JUNCTION     0.218    0.220     0  02:03        1.56         1.6       0.847
  N01446               JUNCTION     0.398    0.400     0  01:43        3.72        3.73       0.392
  N01210               JUNCTION     0.001    0.001     0  01:00      0.0049      0.0049      -0.083
  N02355               JUNCTION     0.110    0.110     0  02:23        1.13        1.14       5.387
  N00316               JUNCTION     0.000    0.000     0  01:00     0.00121     0.00121      -2.878
  N01790               JUNCTION     0.009    0.009     0  01:40      0.0473      0.0473      -0.046
  N02717               JUNCTION     0.019    0.039     0  01:40       0.065      0.0804       0.114
  N02737               JUNCTION     0.000    0.001     0  01:00     0.00146      0.0026      -0.188
  N00443               JUNCTION     0.001    0.005     0  01:12      0.0024      0.0178       2.645
  N01777               JUNCTION     0.000    0.000     0  01:33      0.0011      0.0011      -6.628
  N02462               JUNCTION     0.044    0.044     0  01:43       0.271       0.273       0.235
  N01036               JUNCTION     0.070    0.251     0  02:02       0.464        1.96       0.167
  N02719               JUNCTION     0.013    0.084     0  01:17      0.0647        0.09      -0.141
  N01216               JUNCTION     0.000    0.000     0  01:00     0.00108     0.00108      -3.331
  N01825               JUNCTION     0.003    0.054     0  01:40      0.0113       0.274       0.252
  N01561               JUNCTION     0.147    0.722     0  03:24        2.01         9.9       1.163
  N02326               JUNCTION     0.168    0.249     0  01:40        1.37        1.96       0.541
  N01067               JUNCTION     0.002    0.042     0  01:57     0.00981      0.0375       0.015
  N02491               JUNCTION     0.000    0.000     0  01:00    0.000537    0.000537      -3.041
  N02841               JUNCTION     0.079    0.082     0  01:36       0.352       0.364       0.205
  N02726               JUNCTION     0.001    0.180     0  02:03     0.00223         1.6       0.532
  N01887               JUNCTION     0.002    0.022     0  01:36     0.00592      0.0941      -0.544
  N00671               JUNCTION     0.002    0.002     0  01:00     0.00634     0.00634      -3.791
  N00358               JUNCTION     0.000    0.020     0  03:33     0.00077      0.0148      -0.458
  N01341               JUNCTION     0.002    0.235     0  02:00     0.00834        1.84       0.152
  N01554               JUNCTION     0.000    0.204     0  01:45     0.00123        1.08       0.074
  N00630               JUNCTION     0.087    0.087     0  02:00       0.856       0.856       0.203
  N01868               JUNCTION     0.003    1.166     0  02:05     0.00961        8.53       0.206
  N02032               JUNCTION     0.001    0.001     0  01:00     0.00401     0.00401      -3.842
  N01862               JUNCTION     0.008    0.014     0  02:10      0.0318      0.0351       0.856
  N01656               JUNCTION     1.266    2.988     0  01:45         6.9        36.9       0.481
  N00027               JUNCTION     0.001    0.001     0  02:00     0.00248     0.00248      -1.424
  N02688               JUNCTION     0.000    0.000     0  01:00    0.000987    0.000987       0.028
  N01325               JUNCTION     0.072    0.319     0  01:43       0.532        2.12       0.429
  N00795               JUNCTION     0.100    0.147     0  03:34       0.891        1.21       4.938
  N01213               JUNCTION     0.001    0.028     0  01:40     0.00223       0.142       0.124
  N01949               JUNCTION     0.011    0.012     0  01:38      0.0538      0.0567      -0.389
  N01458               JUNCTION     0.001    0.001     0  00:59      0.0028      0.0028      -0.369
  N02670               JUNCTION     0.024    0.024     0  01:00       0.127       0.127       0.052
  N00927               JUNCTION     0.020    0.261     0  01:41      0.0931        1.47       0.249
  N01135               JUNCTION     0.002    0.002     0  01:00     0.00678     0.00678      -0.458
  N00408               JUNCTION     0.001    0.012     0  01:36     0.00237      0.0485      -0.183
  N00921               JUNCTION     0.003    0.003     0  01:00      0.0117      0.0117      -1.580
  N01118               JUNCTION     0.001    0.039     0  01:39     0.00586       0.196       0.597
  N00793               JUNCTION     0.024    0.024     0  02:40       0.297       0.297       0.154
  N00305               JUNCTION     0.001    0.066     0  02:49     0.00418       0.237       0.998
  N02585               JUNCTION     0.003    0.004     0  01:35      0.0149      0.0173      -3.829
  N02627               JUNCTION     0.145    0.204     0  01:40       0.764        1.02       0.288
  N00647               JUNCTION     0.002    0.016     0  02:09     0.00603      0.0262       8.515
  N02826               JUNCTION     0.001    0.003     0  01:00     0.00309      0.0105      -2.470
  N01026               JUNCTION     0.000    0.931     0  01:43     0.00107        6.38       0.158
  N02721               JUNCTION     0.002    0.325     0  01:44     0.00989        2.47       0.225
  N01299               JUNCTION     0.002    0.030     0  01:41     0.00875      0.0516       0.517
  N01307               JUNCTION     0.001    0.001     0  01:35     0.00217     0.00217      -0.415
  N01309               JUNCTION     0.010    0.010     0  01:40      0.0504      0.0504      -0.036
  N00068               JUNCTION     0.004    0.005     0  01:37      0.0154      0.0214       0.390
  N01441               JUNCTION     0.001    0.001     0  01:00     0.00167     0.00167      -0.978
  N00368               JUNCTION     0.000    0.000     0  00:58     0.00295     0.00295      -0.021
  N02113               JUNCTION     0.179    0.339     0  02:03         1.7        3.12       0.171
  N01879               JUNCTION     0.001    0.001     0  01:35      0.0027      0.0027      -0.590
  N01533               JUNCTION     0.004    0.059     0  01:37      0.0172       0.273       0.267
  N01835               JUNCTION     0.000    0.005     0  01:36      0.0018      0.0213       0.113
  N00574               JUNCTION     0.001    0.026     0  03:30     0.00455       0.257       1.191
  N00183               JUNCTION     0.001    0.001     0  01:35     0.00478     0.00478      -6.007
  N02091               JUNCTION     0.000    0.000     0  01:00     0.00296     0.00296      -0.435
  N00487               JUNCTION     0.370    0.370     0  02:21        3.59        3.59       0.279
  N01476               JUNCTION     0.020    0.027     0  01:40       0.103       0.139       0.320
  N00033               JUNCTION     0.003    0.003     0  01:00     0.00933     0.00933      -2.303
  N02532               JUNCTION     0.005    0.005     0  01:40      0.0193      0.0193      -0.008
  N00438               JUNCTION     0.363    0.404     0  01:40        3.29        3.49       1.003
  N01535               JUNCTION     0.027    0.033     0  01:38       0.112       0.147       0.152
  N02036               JUNCTION     0.084    0.084     0  01:40       0.416       0.416       0.023
  N00260               JUNCTION     0.001    0.001     0  00:59      0.0053      0.0053      -3.396
  N01989               JUNCTION     0.001    0.024     0  02:05     0.00227       0.132       0.105
  N01630               JUNCTION     0.063    0.063     0  01:40       0.311       0.317       4.451
  N02665               JUNCTION     0.009    0.409     0  02:04      0.0498        2.97       0.265
  N02673               JUNCTION     0.003    0.007     0  01:40      0.0142      0.0349       0.211
  N02547               JUNCTION     0.371    0.371     0  03:29        3.54        3.56       1.202
  N00604               JUNCTION     0.001    0.507     0  01:42     0.00348        2.62       0.074
  N00322               JUNCTION     0.329    1.156     0  01:48        2.48        8.54       0.147
  N02497               JUNCTION     0.059    0.668     0  01:57       0.382        4.54       0.434
  N02543               JUNCTION     0.001    0.054     0  01:39     0.00179       0.243       0.097
  N02448               JUNCTION     0.001    0.001     0  01:35     0.00162     0.00817       0.946
  N00273               JUNCTION     0.000    0.000     0  01:00      0.0011      0.0011      -3.250
  N02443               JUNCTION     0.147    0.291     0  02:02        1.34        2.26       0.946
  N02428               JUNCTION     0.002    0.023     0  01:39     0.00918      0.0329       8.615
  N00822               JUNCTION     0.110    0.291     0  02:08        1.05         2.8       0.440
  N01803               JUNCTION     0.002    0.278     0  01:41     0.00901        1.95       0.591
  N00620               JUNCTION     0.002    0.002     0  01:00      0.0091      0.0091      -0.063
  N01485               JUNCTION     0.058    0.058     0  03:32        0.74        0.74       0.463
  N02254               JUNCTION     0.011    0.080     0  01:40      0.0505       0.372       0.028
  N02813               JUNCTION     0.054    0.055     0  02:42       0.543       0.545       0.683
  N02702               JUNCTION     0.033    0.055     0  02:12       0.275       0.353       1.576
  N02614               JUNCTION     0.070    0.095     0  01:40       0.453       0.576       0.425
  N02816               JUNCTION     0.000    0.115     0  02:44     0.00155        1.19       0.351
  N01634               JUNCTION     0.000    0.000     0  01:00    0.000994    0.000994      -4.439
  N01946               JUNCTION     0.000    0.000     0  00:59     0.00111     0.00111      -3.363
  N01279               JUNCTION     0.001    0.003     0  01:34     0.00271     0.00823       0.584
  N01707               JUNCTION     0.071    1.211     0  03:41       0.772        12.5       0.463
  N00410               JUNCTION     0.000    0.109     0  01:39     0.00193         0.5      -0.005
  N00148               JUNCTION     0.000    0.094     0  01:38     0.00264       0.451      -0.246
  N02219               JUNCTION     0.000    0.000     0  01:00     0.00109     0.00109      -0.875
  N00832               JUNCTION     0.010    0.037     0  01:39      0.0421       0.167       0.310
  N02433               JUNCTION     0.014    0.178     0  02:01      0.0639         1.8       1.036
  N02007               JUNCTION     0.001    0.002     0  01:35     0.00172     0.00684      -0.291
  N02810               JUNCTION     0.000    0.000     0  00:58    0.000767    0.000767      -0.568
  N01345               JUNCTION     0.078    0.132     0  02:45       0.385       0.871      13.710
  N01971               JUNCTION     0.054    0.146     0  02:01       0.151       0.221       0.186
  N01248               JUNCTION     0.000    0.000     0  01:35     0.00138     0.00138      -8.473
  N00892               JUNCTION     0.001    0.004     0  01:00     0.00397      0.0188       0.725
  N00816               JUNCTION     0.227    0.316     0  02:00        1.71        2.31       0.436
  N00021               JUNCTION     0.000    0.000     0  01:00     0.00238     0.00238      -5.429
  N00426               JUNCTION     0.032    0.033     0  01:40       0.167       0.173       2.603
  N00023               JUNCTION     0.001    0.001     0  01:00     0.00249     0.00249      -0.556
  N02417               JUNCTION     0.061    0.061     0  01:36       0.298         0.3       0.185
  N01824               JUNCTION     0.001    0.001     0  01:34     0.00511     0.00511      -0.115
  N01693               JUNCTION     0.133    0.136     0  02:03        1.08         1.1       0.973
  N00556               JUNCTION     0.003    0.003     0  01:00      0.0126      0.0126      -0.185
  N00860               JUNCTION     0.074    0.116     0  01:34       0.323       0.619       0.102
  N00690               JUNCTION     0.000    0.000     0  01:35     0.00109     0.00109      -1.771
  N00775               JUNCTION     0.024    0.045     0  01:40        0.11       0.199      -0.036
  N02286               JUNCTION     0.001    0.003     0  01:05     0.00202     0.00383       0.769
  N00605               JUNCTION     0.001    0.508     0  01:41     0.00224        2.62       0.127
  N02786               JUNCTION     0.092    0.092     0  02:08       0.637       0.637       0.045
  N00086               JUNCTION     0.017    0.017     0  01:36      0.0823      0.0824       0.806
  N00016               JUNCTION     0.001    0.069     0  01:41     0.00579       0.389       0.105
  N00330               JUNCTION     0.092    0.171     0  02:00       0.525        1.22       4.853
  N01028               JUNCTION     0.003    0.005     0  01:03      0.0141       0.016       0.188
  N01997               JUNCTION     0.041    0.041     0  01:40        0.23        0.23      -0.395
  N01965               JUNCTION     0.001    0.002     0  01:00     0.00578     0.00676       0.010
  N01186               JUNCTION     0.009    0.009     0  01:35      0.0359      0.0359       0.027
  N02817               JUNCTION     0.087    0.159     0  02:42       0.505        1.69       0.283
  N02608               JUNCTION     0.024    0.112     0  01:43       0.143       0.773       0.456
  N01113               JUNCTION     0.003    0.217     0  02:48     0.00962        1.94       0.879
  N02500               JUNCTION     0.000    0.000     0  00:58     0.00181     0.00181       0.113
  N00212               JUNCTION     0.000    0.000     0  01:00    0.000819    0.000819      -7.791
  N00383               JUNCTION     0.000    0.001     0  01:00    0.000955     0.00202     -10.060
  N00555               JUNCTION     0.009    0.009     0  02:00      0.0373      0.0373       0.191
  N00416               JUNCTION     0.005    0.005     0  01:00       0.019       0.019      -0.002
  N00265               JUNCTION     0.090    0.091     0  01:40        0.52       0.521       0.419
  N00343               JUNCTION     0.750    0.788     0  04:04        6.23         6.9       0.974
  N02409               JUNCTION     0.018    0.018     0  01:36      0.0801      0.0812      -0.643
  N02382               JUNCTION     0.001    0.013     0  01:57     0.00471      0.0185      -0.539
  N01451               JUNCTION     0.056    0.251     0  01:42       0.313         1.9       0.304
  N01497               JUNCTION     0.015    0.040     0  01:59        0.07      0.0903       0.242
  N02698               JUNCTION     0.002    0.002     0  01:00     0.00942     0.00942      -0.170
  N00964               JUNCTION     0.052    0.052     0  02:03       0.667       0.676      11.147
  N01995               JUNCTION     0.000    0.000     0  01:35     0.00296     0.00296       0.152
  N02174               JUNCTION     0.097    0.097     0  02:43       0.921       0.921       0.288
  N02251               JUNCTION     0.001    0.062     0  01:41     0.00814       0.346       0.272
  N02181               JUNCTION     0.047    0.102     0  02:03       0.603        1.27       1.447
  N02182               JUNCTION     0.001    0.001     0  01:00     0.00217     0.00217      -1.012
  N00800               JUNCTION     0.015    0.020     0  02:00      0.0835       0.123       0.506
  N01688               JUNCTION     0.001    0.002     0  01:35     0.00714     0.00796       0.299
  N02126               JUNCTION     0.001    0.001     0  01:00     0.00336     0.00336      -0.240
  N01486               JUNCTION     0.000    0.024     0  01:44     0.00271      0.0434       1.210
  N00245               JUNCTION     0.001    0.113     0  02:01     0.00534           1       1.803
  N01811               JUNCTION     0.009    0.009     0  01:35      0.0353      0.0353      -0.047
  N01329               JUNCTION     0.316    0.492     0  02:03           2        3.22       0.707
  N00201               JUNCTION     0.001    0.001     0  01:00     0.00303     0.00303      -1.232
  N02279               JUNCTION     0.001    0.001     0  01:00     0.00526     0.00526      -0.735
  N02634               JUNCTION     0.051    0.051     0  01:40       0.251       0.254       0.145
  N01083               JUNCTION     0.000    0.000     0  01:00      0.0011      0.0011     -12.864
  N02744               JUNCTION     0.000    0.000     0  01:00     0.00134     0.00134      -0.331
  N01741               JUNCTION     0.000    0.043     0  01:40     0.00116       0.113       0.266
  N02470               JUNCTION     0.164    0.164     0  02:00        1.17        1.17       0.035
  N02018               JUNCTION     0.003    0.003     0  01:00       0.014       0.014      -0.314
  N01463               JUNCTION     0.000    0.298     0  01:57     0.00109        1.66       0.220
  N02414               JUNCTION     0.031    0.031     0  01:37       0.132       0.136       0.093
  N01617               JUNCTION     0.178    0.178     0  02:40           2        2.02       0.559
  N00922               JUNCTION     0.038    0.038     0  01:36       0.174       0.174       0.072
  N01779               JUNCTION     0.003    0.003     0  01:36      0.0108      0.0117       2.100
  N02241               JUNCTION     0.001    0.063     0  01:37     0.00314       0.286       0.013
  N02735               JUNCTION     0.001    0.001     0  01:00      0.0046      0.0046      -3.308
  N01759               JUNCTION     0.014    0.014     0  01:40      0.0711      0.0712       1.745
  N02548               JUNCTION     0.001    0.001     0  01:00      0.0022      0.0022      -2.934
  N02504               JUNCTION     0.072    0.175     0  01:40       0.527           1       0.652
  N02471               JUNCTION     0.543    0.720     0  01:43        4.55        5.59       0.396
  N00449               JUNCTION     0.142    0.398     0  02:05        1.15        2.75       0.445
  N02300               JUNCTION     0.012    0.013     0  01:00       0.048      0.0504      -0.076
  N01905               JUNCTION     0.016    0.016     0  01:40      0.0712      0.0724       0.248
  N01480               JUNCTION     0.001    0.001     0  01:00     0.00237     0.00237      -3.307
  N02599               JUNCTION     0.001    0.008     0  01:40     0.00207      0.0414       0.151
  N02442               JUNCTION     0.138    0.138     0  02:23        1.24        1.24       0.208
  N01714               JUNCTION     0.116    0.116     0  02:03        1.01        1.01       0.126
  N00190               JUNCTION     0.741    0.741     0  02:08        4.27        4.27       0.029
  N00095               JUNCTION     0.001    0.001     0  01:00     0.00233     0.00233      -1.078
  N02802               JUNCTION     0.051    0.970     0  04:09       0.213        13.9       1.022
  N00372               JUNCTION     0.001    0.068     0  01:40     0.00223       0.494       1.235
  N00878               JUNCTION     0.061    0.290     0  02:09       0.796        3.63       1.080
  N01450               JUNCTION     0.015    0.148     0  02:05      0.0588         1.3       0.173
  N02332               JUNCTION     0.001    0.001     0  00:59     0.00208     0.00208      -2.694
  N02468               JUNCTION     0.133    0.133     0  02:21       0.825       0.825       0.041
  N00401               JUNCTION     0.001    0.013     0  02:14     0.00262      0.0271      32.817
  N02556               JUNCTION     0.000    0.102     0  01:40     0.00117       0.422       0.136
  N01084               JUNCTION     0.010    0.010     0  01:40      0.0722      0.0722       0.700
  N02650               JUNCTION     0.291    0.630     0  01:44        2.14        4.54       0.344
  N00650               JUNCTION     0.002    0.136     0  02:44      0.0131        1.42       0.232
  N01125               JUNCTION     0.005    0.055     0  01:40       0.022        0.27       0.344
  N01833               JUNCTION     0.014    0.346     0  01:40      0.0658         2.9       0.247
  N00975               JUNCTION     0.000    0.013     0  01:46     0.00153     0.00548      -1.601
  N02846               JUNCTION     0.039    0.039     0  02:00       0.423       0.423       0.114
  N02582               JUNCTION     0.008    0.009     0  01:40      0.0329      0.0394       0.603
  N00341               JUNCTION     0.010    0.032     0  01:38      0.0504      0.0701       9.370
  N00191               JUNCTION     0.038    0.151     0  02:42       0.513         1.9       3.031
  N00431               JUNCTION     0.000    0.001     0  01:36     0.00107     0.00316       0.231
  N00869               JUNCTION     0.000    0.000     0  01:00      0.0014      0.0014      -3.801
  N00480               JUNCTION     0.001    0.219     0  01:44     0.00251        1.14       0.004
  N00809               JUNCTION     0.020    0.020     0  01:40      0.0526      0.0526      -0.514
  N00621               JUNCTION     0.005    0.005     0  01:33      0.0211      0.0211      -0.077
  N02056               JUNCTION     0.033    0.033     0  01:40       0.194       0.194       0.025
  N01635               JUNCTION     0.067    0.067     0  02:03       0.638       0.638       0.747
  N00012               JUNCTION     0.000    0.005     0  01:43     0.00122     0.00424      -2.389
  N00925               JUNCTION     0.000    0.005     0  01:40     0.00263      0.0262      -0.005
  N00911               JUNCTION     0.034    0.034     0  02:00       0.293       0.294       0.242
  N01092               JUNCTION     0.000    0.000     0  00:59     0.00106     0.00106      -0.662
  N02655               JUNCTION     0.003    0.670     0  01:45      0.0223        4.54       0.135
  N01550               JUNCTION     0.149    0.149     0  02:02        1.42        1.42       0.171
  N02278               JUNCTION     0.000    0.000     0  01:00    0.000834     0.00191      -6.359
  N00318               JUNCTION     0.018    0.857     0  01:42      0.0813        5.93       0.214
  N00213               JUNCTION     0.008    0.008     0  01:35      0.0327      0.0367       0.450
  N02435               JUNCTION     0.001    0.017     0  01:40     0.00342      0.0768       0.068
  N00611               JUNCTION     0.001    0.043     0  01:41     0.00217       0.266       0.207
  N01019               JUNCTION     0.000    0.000     0  00:59     0.00302     0.00302       0.040
  N01683               JUNCTION     0.015    0.015     0  01:40      0.0616      0.0616       0.147
  N02381               JUNCTION     0.030    0.030     0  01:40       0.233       0.233       0.148
  N02243               JUNCTION     0.006    0.007     0  01:37      0.0312      0.0342      -0.292
  N01658               JUNCTION     0.000    0.000     0  00:59     0.00194     0.00194      -4.371
  N01352               JUNCTION     0.000    0.000     0  00:56     0.00261     0.00261      -0.637
  N00226               JUNCTION     0.000    0.001     0  01:00     0.00278     0.00398      -2.103
  N00776               JUNCTION     0.023    0.023     0  01:40      0.0884      0.0884       0.258
  N02356               JUNCTION     0.000    0.000     0  01:00     0.00123     0.00123     -21.440
  N02085               JUNCTION     0.340    0.340     0  02:02        2.54        2.54       0.472
  N02140               JUNCTION     0.001    0.002     0  01:00     0.00396     0.00732      -2.649
  N00552               JUNCTION     0.007    0.007     0  01:00       0.025       0.025      -0.429
  N01639               JUNCTION     0.104    0.552     0  02:42        1.13        6.34       0.701
  N00688               JUNCTION     0.001    0.002     0  01:35     0.00232     0.00908      -0.932
  N01257               JUNCTION     0.009    0.009     0  01:39      0.0298      0.0298      -0.133
  N02426               JUNCTION     0.002    0.002     0  01:00      0.0082      0.0082      -0.802
  N01308               JUNCTION     0.004    0.004     0  01:35      0.0154      0.0154       0.062
  N01717               JUNCTION     0.001    0.001     0  01:00      0.0046      0.0046      -0.978
  N01757               JUNCTION     0.012    0.064     0  01:37      0.0633       0.239      79.636
  N01429               JUNCTION     0.019    0.021     0  02:00       0.104       0.113       0.614
  N00154               JUNCTION     0.010    0.085     0  01:40      0.0413       0.406       0.173
  N00824               JUNCTION     0.000    0.009     0  01:40     0.00155      0.0426      -0.067
  N00302               JUNCTION     0.614    0.614     0  03:43        3.05        3.06       1.734
  N00782               JUNCTION     0.038    0.038     0  01:40       0.322       0.322       1.015
  N00683               JUNCTION     0.000    0.000     0  00:59      0.0018      0.0018      -0.646
  N01837               JUNCTION     0.001    0.002     0  01:35      0.0024     0.00889       2.250
  N02135               JUNCTION     0.000    0.000     0  01:00    0.000756    0.000756      -1.137
  N00083               JUNCTION     0.009    0.070     0  01:58      0.0364       0.183      -0.324
  N00639               JUNCTION     0.013    0.013     0  01:35        0.05        0.05      -0.632
  N00573               JUNCTION     0.002    0.026     0  03:30      0.0156       0.254       0.520
  N00436               JUNCTION     0.001    0.001     0  01:33     0.00209     0.00209      -0.309
  N01739               JUNCTION     0.080    0.080     0  02:03       0.552       0.638       0.888
  N01207               JUNCTION     0.000    0.000     0  00:59     0.00106     0.00106      -0.874
  N00861               JUNCTION     1.163    1.414     0  02:05        8.52        10.4       0.253
  N02555               JUNCTION     0.014    0.014     0  01:35      0.0528      0.0528       0.078
  N02527               JUNCTION     0.019    0.019     0  01:40      0.0767      0.0767       0.008
  N02252               JUNCTION     0.007    0.007     0  01:40      0.0229      0.0229       0.065
  N01970               JUNCTION     0.001    0.001     0  01:35     0.00405     0.00405      -0.147
  N01555               JUNCTION     0.001    1.120     0  02:21     0.00243        9.13       0.132
  N00542               JUNCTION     0.002    0.002     0  01:35     0.00798     0.00798       1.674
  N00926               JUNCTION     0.003    0.008     0  01:40      0.0133      0.0395       0.581
  N00989               JUNCTION     0.001    0.001     0  01:35      0.0018     0.00722      -0.769
  N02551               JUNCTION     0.000    0.000     0  00:59     0.00154     0.00154      -0.547
  N00003               JUNCTION     0.001    0.001     0  01:00     0.00195     0.00195      -2.679
  N00441               JUNCTION     0.000    0.011     0  01:45    0.000762      0.0608       0.594
  N02364               JUNCTION     0.000    0.150     0  02:04     0.00161        1.49       1.409
  N01934               JUNCTION     0.002    0.004     0  01:35     0.00775      0.0233      -0.404
  N00099               JUNCTION     0.031    0.787     0  02:09       0.174        6.24       0.349
  N00831               JUNCTION     0.004    0.211     0  01:41      0.0212        1.08       0.517
  N01999               JUNCTION     0.315    0.316     0  02:02        2.16        2.17       0.341
  N01543               JUNCTION     0.000    0.000     0  01:33     0.00272     0.00272      -0.254
  N00084               JUNCTION     0.126    0.681     0  02:04       0.906        5.06       0.571
  N00174               JUNCTION     0.154    0.170     0  03:24        1.63        1.78       2.447
  N02316               JUNCTION     0.000    0.000     0  00:59     0.00143     0.00143      -5.116
  N02296               JUNCTION     0.000    0.125     0  01:41     0.00169       0.813       0.087
  N01273               JUNCTION     0.001    0.015     0  02:06     0.00216      0.0241      -0.377
  N01974               JUNCTION     0.066    0.066     0  01:40         0.3         0.3       0.054
  N02715               JUNCTION     0.243    0.261     0  02:43        2.63        2.71       1.642
  N00823               JUNCTION     0.045    0.045     0  01:40       0.265       0.269       0.727
  N01774               JUNCTION     0.083    0.083     0  02:03       0.774       0.774       0.197
  N02285               JUNCTION     0.000    0.000     0  00:55     0.00107     0.00107      -1.996
  N00486               JUNCTION     0.023    0.025     0  03:04        0.23       0.233       0.272
  N01661               JUNCTION     0.001    0.001     0  01:35     0.00439     0.00439      -0.174
  N01052               JUNCTION     0.014    0.441     0  01:41      0.0727        2.31       0.054
  N01732               JUNCTION     0.086    0.086     0  02:03       0.773       0.773       0.355
  N00700               JUNCTION     0.000    0.000     0  00:57     0.00108     0.00108      -0.044
  N02406               JUNCTION     0.007    0.009     0  01:40      0.0307      0.0382       0.345
  N00777               JUNCTION     0.005    0.072     0  01:40      0.0232       0.304       0.100
  N00090               JUNCTION     0.000    0.018     0  01:40     0.00308      0.0798      -0.004
  N01430               JUNCTION     0.226    0.238     0  01:40        2.18        2.24       0.306
  N01908               JUNCTION     0.105    0.191     0  01:40       0.617        1.02       0.215
  N00944               JUNCTION     0.000    0.000     0  01:00     0.00176     0.00176       0.180
  N00596               JUNCTION     0.001    0.001     0  01:00     0.00368     0.00368      -0.328
  N01962               JUNCTION     0.000    0.000     0  01:00     0.00155     0.00155      -1.624
  N01738               JUNCTION     0.005    0.018     0  01:40      0.0191      0.0779      -0.382
  N00342               JUNCTION     0.001    0.098     0  04:12     0.00378       0.701       0.935
  N00423               JUNCTION     0.001    0.001     0  01:35       0.002       0.002      -0.658
  N02306               JUNCTION     0.028    0.028     0  01:35       0.124       0.124       0.038
  N01888               JUNCTION     0.001    0.125     0  02:07     0.00152       0.153       0.264
  N00850               JUNCTION     0.070    0.194     0  01:40       0.374        1.14       0.113
  N02754               JUNCTION     0.002    0.057     0  01:42      0.0129      0.0257      -0.228
  N02240               JUNCTION     0.001    0.069     0  01:40     0.00458       0.322       0.053
  N01585               JUNCTION     0.000    0.624     0  01:41     0.00208        2.96       0.052
  N01021               JUNCTION     0.000    0.000     0  01:00     0.00193     0.00193      -1.220
  N00774               JUNCTION     0.000    0.000     0  00:59     0.00107     0.00107      -4.062
  N02700               JUNCTION     0.124    0.156     0  01:41         1.3        1.53       6.351
  N02284               JUNCTION     0.002    0.002     0  01:00     0.00806     0.00806      -0.063
  N01154               JUNCTION     0.000    0.000     0  01:28     0.00122     0.00122      -0.087
  N00074               JUNCTION     0.003    0.016     0  01:37      0.0115      0.0735       0.230
  N01342               JUNCTION     0.058    0.060     0  01:40       0.257        0.27       2.194
  N00435               JUNCTION     0.000    0.000     0  01:00     0.00145     0.00145      -0.159
  N00780               JUNCTION     0.074    0.074     0  03:33       0.432       0.447       3.670
  N00483               JUNCTION     0.002    0.219     0  01:41     0.00868        1.12       0.280
  N00157               JUNCTION     0.000    0.193     0  01:40      0.0011       0.869       0.258
  N01573               JUNCTION     0.000    0.000     0  00:59     0.00337     0.00337      -0.205
  N02828               JUNCTION     0.102    0.102     0  01:40        0.42        0.42       0.016
  N01241               JUNCTION     0.255    0.390     0  02:00        1.03        2.18       0.113
  N00783               JUNCTION     0.000    0.037     0  01:40     0.00139       0.321       0.722
  N01185               JUNCTION     0.002    0.002     0  01:00     0.00596     0.00596      -0.406
  N01849               JUNCTION     0.005    0.283     0  02:06      0.0275        2.32       0.246
  N00113               JUNCTION     0.017    0.321     0  02:00      0.0771        1.91       0.308
  N00199               JUNCTION     0.001    0.263     0  01:15     0.00388       0.231       8.686
  N00610               JUNCTION     0.000    0.006     0  01:40     0.00264      0.0399       0.342
  N02812               JUNCTION     0.001    0.030     0  01:38     0.00277       0.034      19.582
  N02611               JUNCTION     0.184    0.204     0  02:02        1.51        1.66       3.080
  N00948               JUNCTION     0.000    0.000     0  01:14    0.000766     0.00184       0.514
  N01773               JUNCTION     0.004    0.012     0  01:59      0.0181      0.0354      -0.453
  N00626               JUNCTION     0.000    0.000     0  00:55     0.00249     0.00249      -0.684
  N01015               JUNCTION     0.006    0.006     0  01:35      0.0278      0.0278      -0.154
  N00251               JUNCTION     0.000    0.395     0  02:40     0.00398        4.49       1.657
  N01433               JUNCTION     0.001    0.001     0  01:35     0.00223       0.004      -0.421
  N00634               JUNCTION     0.000    0.000     0  01:00     0.00301     0.00301      -2.615
  N00452               JUNCTION     0.001    0.001     0  01:35     0.00419     0.00419      -2.093
  N02058               JUNCTION     0.005    0.014     0  01:36       0.018      0.0719      -0.113
  N00130               JUNCTION     0.108    0.108     0  01:40        1.06        1.06       0.415
  N01780               JUNCTION     0.001    0.007     0  01:41     0.00194      0.0128      -0.173
  N00283               JUNCTION    -0.405    1.889     0  02:20       -1.85        20.3       0.392
  N01387               JUNCTION     0.007    0.008     0  01:35        0.03      0.0321      -1.531
  N01127               JUNCTION     0.000    0.000     0  00:57     0.00253     0.00253      -1.432
  N00134               JUNCTION     0.000    0.000     0  01:00     0.00113     0.00113      -1.688
  N01566               JUNCTION     0.000    0.000     0  01:00     0.00258     0.00371      -0.775
  N02663               JUNCTION     0.099    0.153     0  01:40       0.624       0.991       0.071
  N01406               JUNCTION     0.006    0.006     0  01:00      0.0231      0.0231      -0.167
  N00359               JUNCTION     0.162    0.162     0  01:40       0.946       0.946       1.328
  N01785               JUNCTION     0.080    0.165     0  02:04         0.7        1.34       0.375
  N01690               JUNCTION     0.008    0.224     0  03:41      0.0358        2.09       0.395
  N01082               JUNCTION     0.187    0.723     0  02:41         2.5        8.22       0.717
  N00276               JUNCTION     0.063    0.063     0  02:40       0.792       0.792       1.777
  N02619               JUNCTION     0.004    0.004     0  01:35       0.017       0.017      -0.197
  N00646               JUNCTION     0.126    0.126     0  02:03        1.37        1.37       0.679
  N02156               JUNCTION     0.009    0.009     0  01:40      0.0393      0.0393      -0.064
  N01839               JUNCTION     0.000    0.005     0  01:38     0.00285      0.0243       0.443
  N01525               JUNCTION     0.003    0.082     0  01:22      0.0147      0.0722       9.790
  N00179               JUNCTION     0.001    1.465     0  02:04      0.0035        10.8       0.487
  N00171               JUNCTION     0.063    0.063     0  02:42       0.791       0.797       6.086
  N01398               JUNCTION     0.161    0.161     0  01:39       0.693       0.693       0.016
  N01906               JUNCTION     0.047    0.047     0  01:40       0.274       0.274       0.228
  N02445               JUNCTION     0.060    0.060     0  01:40       0.382       0.382       0.020
  N01742               JUNCTION     0.007    0.020     0  01:39      0.0234      0.0433      -0.805
  N01410               JUNCTION     0.019    0.275     0  01:41      0.0865        1.23       0.062
  N02390               JUNCTION     0.002    0.006     0  01:40     0.00877       0.016      -0.107
  N00959               JUNCTION     0.000    0.000     0  01:00      0.0011      0.0011      -2.196
  N00946               JUNCTION     0.000    0.000     0  01:39     0.00107     0.00217       1.513
  N01517               JUNCTION     0.001    0.001     0  01:40     0.00514     0.00514      -1.672
  N01401               JUNCTION     0.007    0.007     0  01:39      0.0292      0.0292       0.174
  N00909               JUNCTION     0.000    0.000     0  00:57    0.000485    0.000485      -1.380
  N00014               JUNCTION     0.000    0.028     0  01:40     0.00163       0.175      -0.109
  N02834               JUNCTION     0.029    0.029     0  01:40       0.119       0.119      -0.293
  N02327               JUNCTION     0.088    0.088     0  01:40       0.594       0.596       0.173
  N02750               JUNCTION     0.002    0.002     0  01:35      0.0115      0.0115       0.060
  N02596               JUNCTION     0.000    0.000     0  01:00     0.00145     0.00145       0.047
  N02570               JUNCTION     0.028    0.028     0  01:40       0.137       0.141       0.156
  N00655               JUNCTION     0.004    0.004     0  01:00      0.0263      0.0263       0.807
  N00434               JUNCTION     0.000    0.005     0  01:44     0.00174       0.038       0.333
  N02137               JUNCTION     0.001    0.001     0  01:00     0.00371     0.00371      -0.148
  N01397               JUNCTION     0.000    0.000     0  01:00     0.00211     0.00211      -1.425
  N02172               JUNCTION     0.001    0.001     0  01:35     0.00187     0.00187      -4.962
  N02275               JUNCTION     0.034    0.056     0  02:03       0.148       0.187      11.025
  N02617               JUNCTION     0.058    0.058     0  03:33       0.777       0.777       0.554
  N00274               JUNCTION     0.000    0.000     0  01:00     0.00154     0.00154      -2.412
  N01813               JUNCTION     0.017    0.017     0  01:40      0.0729      0.0729       0.011
  N02024               JUNCTION     0.000    0.372     0  02:33     0.00384        3.59       0.604
  N01940               JUNCTION     0.073    0.462     0  02:03       0.269        4.66       0.320
  N02609               JUNCTION     0.001    0.003     0  01:00     0.00198      0.0112      -0.801
  N00211               JUNCTION     0.047    0.327     0  02:07       0.262        3.59       0.516
  N00505               JUNCTION     0.405    0.405     0  02:42        3.57        3.57       0.489
  N02675               JUNCTION     0.001    0.005     0  01:00     0.00741      0.0185      -0.142
  N01164               JUNCTION     0.019    0.503     0  02:42      0.0883        6.02       1.448
  N02449               JUNCTION     0.001    0.002     0  01:40     0.00418      0.0123      -0.238
  N01584               JUNCTION     0.052    0.052     0  02:40       0.578        0.58       5.672
  N02065               JUNCTION     0.001    0.001     0  01:35     0.00587     0.00587       0.611
  N02303               JUNCTION     0.001    0.125     0  01:40     0.00401       0.812       0.112
  N01793               JUNCTION     0.054    0.054     0  01:36       0.247       0.248       0.066
  N00458               JUNCTION     0.002    0.091     0  01:43     0.00883       0.513       0.204
  N02603               JUNCTION     0.164    0.447     0  02:03         1.2        3.84       0.431
  N02775               JUNCTION     0.004    0.058     0  01:40      0.0325       0.278       0.155
  N01681               JUNCTION     0.058    0.058     0  01:40       0.279       0.279       0.106
  N00214               JUNCTION     0.030    0.128     0  01:40        0.25        0.98       0.772
  N02293               JUNCTION     0.001    0.003     0  01:00     0.00161      0.0121      -0.079
  N02589               JUNCTION     0.006    0.061     0  01:40      0.0356       0.323       0.472
  N00403               JUNCTION     0.000    0.000     0  01:00      0.0027      0.0027      -0.977
  N00682               JUNCTION     0.134    0.251     0  01:40        1.88        2.62       1.041
  N00815               JUNCTION     0.000    0.000     0  01:00     0.00344     0.00344       0.002
  N02632               JUNCTION     0.003    0.053     0  01:40      0.0153       0.271      -0.233
  N01618               JUNCTION     0.068    0.106     0  02:48       0.727       0.856       8.051
  N00619               JUNCTION     0.002    0.004     0  01:00     0.00888       0.018      -0.087
  N00085               JUNCTION     0.016    0.031     0  01:39      0.0747       0.158       3.901
  N02008               JUNCTION     0.001    0.003     0  01:40     0.00493      0.0182       0.621
  N00533               JUNCTION     0.008    0.027     0  01:40      0.0447       0.125      -0.184
  N01748               JUNCTION     0.001    0.019     0  01:39     0.00652      0.0308       0.211
  N01890               JUNCTION     0.000    0.002     0  01:40     0.00136      0.0102      -0.577
  N02513               JUNCTION     0.565    0.565     0  02:43        3.15        3.15       0.352
  N01039               JUNCTION     0.052    0.065     0  01:28       0.248        0.26      14.785
  N01215               JUNCTION     0.008    0.010     0  01:37       0.036      0.0481      -0.148
  N02004               JUNCTION     0.000    0.614     0  03:10     0.00147        6.66       0.563
  N00535               JUNCTION     0.019    0.020     0  01:40      0.0749      0.0775       0.108
  N01832               JUNCTION     0.000    1.064     0  01:08     0.00158        8.47       0.100
  N00545               JUNCTION     0.001    0.001     0  01:35     0.00385     0.00385      -0.720
  N01894               JUNCTION     0.000    0.000     0  00:59     0.00294     0.00294      -0.766
  N02544               JUNCTION     0.007    0.061     0  01:40      0.0324       0.275       0.056
  N00291               JUNCTION     0.000    0.000     0  01:00     0.00131     0.00131      -0.526
  N00633               JUNCTION     0.000    0.000     0  00:58    0.000804    0.000804      -2.200
  N00903               JUNCTION     0.063    0.208     0  02:42       0.601        2.23       0.797
  N02373               JUNCTION     0.001    0.001     0  01:00      0.0049      0.0049      -1.813
  N02163               JUNCTION     0.009    0.011     0  01:40      0.0407      0.0476       0.044
  N02069               JUNCTION     0.034    0.034     0  01:37       0.126       0.126       0.027
  N02237               JUNCTION     0.001    0.001     0  01:00     0.00345     0.00345      -0.700
  N00178               JUNCTION     0.119    0.119     0  03:33        1.37        1.37       0.825
  N02761               JUNCTION     0.095    0.095     0  01:40       0.714       0.714       0.239
  N00680               JUNCTION     0.018    0.776     0  01:43      0.0726        8.03       0.349
  N02416               JUNCTION     0.020    0.020     0  01:40      0.0928      0.0928      -0.076
  N02768               JUNCTION     0.005    0.030     0  01:41      0.0201      0.0443      -1.201
  N02496               JUNCTION     0.001    0.001     0  01:00      0.0031      0.0031      -7.565
  N02484               JUNCTION     0.050    0.050     0  02:42       0.294       0.298       1.666
  N02509               JUNCTION     0.003    0.003     0  01:35      0.0124      0.0135       0.792
  N01116               JUNCTION     0.004    0.004     0  01:00       0.018       0.018      -0.058
  N01479               JUNCTION     0.079    0.079     0  01:40        0.54        0.54       0.133
  N02103               JUNCTION     0.013    0.013     0  01:40      0.0735      0.0764       0.247
  N00615               JUNCTION     0.016    0.020     0  01:36      0.0746      0.0942       0.433
  N00141               JUNCTION     0.000    0.000     0  01:00     0.00287     0.00287       0.696
  N00036               JUNCTION     0.048    0.048     0  01:40       0.281       0.281      -0.050
  N02308               JUNCTION     0.005    0.005     0  01:00      0.0207      0.0259       0.038
  N01897               JUNCTION     0.001    0.158     0  01:40     0.00322       0.782       0.054
  N01993               JUNCTION     0.004    0.122     0  01:43      0.0165       0.272       0.273
  N02351               JUNCTION     0.007    0.970     0  02:42      0.0473        11.2       1.933
  N02833               JUNCTION     0.000    0.000     0  01:00     0.00168     0.00168      -1.059
  N01918               JUNCTION     0.032    0.036     0  01:39       0.141       0.154       0.038
  N00313               JUNCTION     0.000    0.000     0  01:00     0.00137     0.00137      -0.065
  N01682               JUNCTION     0.521    0.521     0  04:08        2.36        2.36       0.909
  N00143               JUNCTION     0.023    0.023     0  01:40      0.0876      0.0876      -0.009
  N01399               JUNCTION     0.004    0.011     0  01:37      0.0201       0.047       0.062
  N02129               JUNCTION     0.527    0.527     0  01:57        4.24        4.24       0.223
  N00392               JUNCTION     0.001    0.003     0  01:00     0.00269      0.0132      -0.283
  N02438               JUNCTION     0.003    0.096     0  01:40      0.0179       0.425       0.428
  N00705               JUNCTION     0.000    0.000     0  01:00     0.00108     0.00108      -1.208
  N00707               JUNCTION     0.340    0.340     0  02:40        2.35        2.35       1.205
  N02707               JUNCTION     0.099    0.511     0  01:41       0.426        5.07       0.566
  N01864               JUNCTION     0.049    0.265     0  02:04       0.311         1.9       1.033
  N00446               JUNCTION     0.000    0.001     0  01:40     0.00114     0.00429      -0.054
  N00638               JUNCTION     0.001    0.001     0  01:00     0.00249     0.00534      -0.649
  N01297               JUNCTION     0.000    0.004     0  01:37     0.00138      0.0184      -0.908
  N01514               JUNCTION     0.000    0.000     0  01:35     0.00113     0.00113      -0.614
  N01333               JUNCTION     0.334    0.334     0  02:08           1        1.01       0.018
  N00726               JUNCTION     0.001    0.001     0  01:34     0.00343     0.00343      -0.607
  N02553               JUNCTION     0.000    0.000     0  01:34     0.00107     0.00107       0.067
  N01349               JUNCTION     0.001    0.089     0  03:33     0.00496      0.0829       8.360
  N02776               JUNCTION     0.002    0.002     0  01:40      0.0088      0.0088       0.003
  N00340               JUNCTION     0.001    0.319     0  02:06     0.00359        2.77       0.895
  N00812               JUNCTION     0.000    0.000     0  01:00     0.00195     0.00195      -2.428
  N00588               JUNCTION     0.030    0.387     0  01:41       0.235        2.54       0.370
  N01653               JUNCTION     0.024    0.024     0  02:41       0.298       0.301       8.220
  N02511               JUNCTION     0.000    0.000     0  01:00     0.00115     0.00115      -0.592
  N02612               JUNCTION     0.002    0.002     0  01:00       0.009       0.009      -0.775
  N01903               JUNCTION     0.002    0.082     0  01:40      0.0058       0.365       0.126
  N01003               JUNCTION     0.001    0.001     0  01:00     0.00675     0.00675       0.916
  N02023               JUNCTION     0.005    0.005     0  01:40      0.0286      0.0286       0.081
  N02060               JUNCTION     0.002    0.004     0  01:35     0.00815      0.0212       0.189
  N01043               JUNCTION     0.001    0.001     0  01:00      0.0021      0.0021      -0.407
  N00272               JUNCTION     0.002    0.002     0  01:00     0.00513     0.00513      -3.143
  N01390               JUNCTION     0.048    0.193     0  01:40       0.356        1.41       0.547
  N01917               JUNCTION     0.003    0.003     0  01:35       0.013       0.013      -0.061
  N01459               JUNCTION     0.152    0.152     0  01:40       0.651       0.651       0.054
  N01580               JUNCTION     0.000    0.000     0  02:00     0.00147     0.00147      -0.315
  N00347               JUNCTION     0.079    0.079     0  02:40       0.944       0.944       0.351
  N02664               JUNCTION     0.002    0.539     0  02:04     0.00754        3.96       0.157
  N01846               JUNCTION     0.001    0.001     0  01:33     0.00338     0.00338      -0.054
  N02304               JUNCTION     0.006    0.006     0  01:00      0.0296      0.0296      -0.033
  N01893               JUNCTION     0.001    0.001     0  01:40     0.00626     0.00626      -1.172
  N01651               JUNCTION     0.015    0.045     0  01:41      0.0663       0.238       0.221
  N02755               JUNCTION     0.001    0.001     0  01:00     0.00472     0.00472      -0.539
  N01346               JUNCTION     0.086    0.617     0  02:42        1.11        6.22       0.738
  N01815               JUNCTION     0.000    0.000     0  01:00     0.00298     0.00298      -0.583
  N02523               JUNCTION     0.093    0.093     0  01:36       0.385       0.385       0.000
  N01437               JUNCTION     0.000    0.000     0  00:58     0.00107     0.00107      -1.487
  N01968               JUNCTION     0.000    0.345     0  02:04     0.00407         2.4       0.348
  N01218               JUNCTION     0.021    0.021     0  01:40       0.108       0.108       0.036
  N00259               JUNCTION     0.004    0.006     0  01:11      0.0164      0.0251       0.718
  N01637               JUNCTION     0.092    0.304     0  02:07       0.978         3.3       1.350
  N01409               JUNCTION     0.001    0.260     0  01:41     0.00199        1.15       0.072
  N00325               JUNCTION     0.070    0.070     0  01:40       0.385       0.385       0.346
  N01814               JUNCTION     0.001    0.052     0  01:21     0.00289       0.132       0.456
  N02628               JUNCTION     0.002    0.002     0  01:00     0.00703     0.00703      -1.734
  N02107               JUNCTION     0.000    0.000     0  00:59     0.00138     0.00138      -2.834
  N02486               JUNCTION     0.247    0.250     0  02:38        2.45        2.47       0.524
  N01563               JUNCTION     0.010    0.067     0  01:40      0.0504       0.323       0.247
  N00162               JUNCTION     0.005    0.024     0  01:14      0.0311      0.0521       3.212
  N01926               JUNCTION     0.001    0.256     0  02:04     0.00539        2.01       0.100
  N00983               JUNCTION     0.001    0.001     0  01:00     0.00218     0.00218      -0.745
  N00725               JUNCTION     0.001    0.001     0  01:34     0.00245     0.00245       0.029
  N01072               JUNCTION     0.010    0.045     0  01:39      0.0469       0.216       0.110
  N00069               JUNCTION     0.002    0.006     0  01:40     0.00646      0.0278      -0.001
  N00286               JUNCTION     0.001    0.142     0  02:04     0.00479        1.25       0.675
  N02269               JUNCTION     0.062    0.062     0  01:40       0.395       0.395       0.281
  N02638               JUNCTION     0.002    0.002     0  01:40     0.00794     0.00902      -0.424
  N02330               JUNCTION     0.174    0.174     0  03:10        2.14        2.15       3.019
  N01474               JUNCTION     0.001    0.033     0  01:46     0.00252      0.0225      -0.648
  N00344               JUNCTION     0.000    0.000     0  00:56    0.000751    0.000751      -8.794
  N02584               JUNCTION     0.000    0.001     0  01:00     0.00105     0.00156       0.994
  N01775               JUNCTION     0.005    0.005     0  01:58      0.0194      0.0213      -0.250
  N01396               JUNCTION     0.000    0.505     0  01:41     0.00112        2.91       0.057
  N00205               JUNCTION     0.155    0.387     0  01:43        1.11        2.45       0.666
  N00040               JUNCTION     0.001    0.025     0  02:28     0.00242       0.037      -0.552
  N00568               JUNCTION     0.000    0.000     0  01:00     0.00122     0.00122      -0.849
  N00412               JUNCTION     0.000    0.000     0  01:00     0.00222     0.00222       0.171
  N01713               JUNCTION     0.021    0.043     0  02:13       0.106       0.168       4.126
  N02148               JUNCTION     0.022    0.159     0  01:16      0.0998       0.215       6.301
  N00696               JUNCTION     0.167    1.468     0  01:42        1.36        7.81       0.142
  N01198               JUNCTION     0.002    0.035     0  02:03     0.00853       0.307       0.619
  N00261               JUNCTION     0.000    0.000     0  01:33     0.00107     0.00107      -3.060
  N00149               JUNCTION     0.003    0.143     0  01:37      0.0152        0.55       8.852
  N01855               JUNCTION     0.005    0.005     0  01:38      0.0182      0.0182      -0.342
  N00288               JUNCTION     0.005    0.142     0  02:00        0.02        1.24       0.496
  N02014               JUNCTION     0.002    0.004     0  01:36     0.00833      0.0152       0.508
  N01522               JUNCTION     0.000    0.000     0  00:55     0.00108     0.00108      -0.506
  N02613               JUNCTION     0.000    0.000     0  01:35     0.00159     0.00159      -2.416
  N00811               JUNCTION     0.132    0.132     0  01:40       0.715       0.717       0.052
  N00367               JUNCTION     0.000    0.000     0  00:59     0.00254     0.00254      -0.492
  N02291               JUNCTION     0.005    0.007     0  01:00      0.0194      0.0306       0.121
  N02310               JUNCTION     0.001    0.001     0  00:59      0.0032      0.0032       0.162
  N00672               JUNCTION     0.024    0.039     0  01:39       0.123       0.225       0.541
  N02526               JUNCTION     0.015    0.015     0  01:40      0.0985      0.0985       0.091
  N00335               JUNCTION     0.118    0.118     0  02:40        1.21        1.21       0.807
  N01943               JUNCTION     0.054    0.069     0  02:11       0.271       0.394      -0.143
  N02822               JUNCTION     0.006    0.006     0  01:00      0.0222      0.0222      -2.092
  N02050               JUNCTION     0.009    0.579     0  02:06      0.0464        6.94       0.257
  N01475               JUNCTION     0.176    0.362     0  02:07        1.42        2.92       1.031
  N02102               JUNCTION     0.000    0.000     0  01:00     0.00115     0.00115      -3.083
  N02118               JUNCTION     0.006    0.009     0  01:00      0.0227      0.0363      -0.942
  N01865               JUNCTION     0.000    0.467     0  01:39     0.00106        1.66       0.136
  N01454               JUNCTION     0.055    0.112     0  01:32       0.217       0.313      15.838
  N01337               JUNCTION     0.000    0.000     0  00:55     0.00263     0.00263      -0.078
  N01984               JUNCTION     0.014    0.014     0  01:38      0.0575      0.0575      -0.001
  N02192               JUNCTION     0.016    0.016     0  02:42       0.148       0.159       1.064
  N01867               JUNCTION     0.001    0.001     0  01:00      0.0023      0.0023      -0.497
  N02718               JUNCTION     0.006    0.038     0  02:12      0.0258       0.063      -0.401
  N01508               JUNCTION     0.000    0.000     0  01:00     0.00122     0.00122      -0.673
  N00177               JUNCTION     0.001    0.316     0  02:02     0.00219        1.91       0.313
  N02463               JUNCTION     0.001    0.001     0  01:00     0.00231     0.00231      -4.658
  N00455               JUNCTION     0.002    0.004     0  01:37     0.00812      0.0187       0.148
  N01255               JUNCTION     0.000    0.000     0  00:59     0.00169     0.00169      -2.267
  N02464               JUNCTION     0.021    0.063     0  02:00       0.132       0.405       0.100
  N01290               JUNCTION     0.052    0.105     0  01:40        0.69        1.07       1.569
  N01119               JUNCTION     0.146    0.200     0  03:33        1.23        2.01       1.207
  N01818               JUNCTION     0.000    0.001     0  01:00      0.0014     0.00337       0.235
  N00711               JUNCTION     0.090    0.091     0  02:40        1.17        1.18       0.940
  N01708               JUNCTION     0.000    0.430     0  03:41     0.00111        3.17       0.248
  N00644               JUNCTION     0.074    0.074     0  02:00       0.722       0.722       2.023
  N00770               JUNCTION     0.001    0.589     0  02:06      0.0043        4.33       0.296
  N01538               JUNCTION     0.001    0.106     0  02:06     0.00218       0.988       1.286
  N00637               JUNCTION     0.001    0.001     0  01:00     0.00283     0.00283      -0.552
  N02637               JUNCTION     0.000    0.000     0  01:00     0.00107     0.00107      -1.089
  N01705               JUNCTION     0.082    0.082     0  01:40       0.902       0.902       0.063
  N00536               JUNCTION     0.001    0.001     0  01:00      0.0031      0.0031      -1.110
  N00239               JUNCTION     0.100    0.100     0  02:02       0.783       0.784       1.749
  N01761               JUNCTION     0.001    0.178     0  01:41     0.00676       0.902       0.079
  N00494               JUNCTION     0.079    2.124     0  02:42       0.512          21       0.632
  N00549               JUNCTION     0.001    0.002     0  01:35     0.00269      0.0105       0.319
  N01650               JUNCTION     0.029    0.035     0  01:40       0.138       0.173       1.142
  N02429               JUNCTION     0.023    0.266     0  01:45       0.103        1.34       0.104
  N02388               JUNCTION     0.168    1.278     0  02:07        1.33        11.3       0.987
  N01736               JUNCTION     0.000    0.000     0  00:59     0.00125     0.00125      -0.659
  N01677               JUNCTION     0.109    0.109     0  03:32        1.17        1.17       0.939
  N01495               JUNCTION     0.001    0.001     0  01:35     0.00243     0.00243      -3.209
  N00554               JUNCTION     0.001    0.088     0  01:44      0.0031       0.489       0.315
  N00853               JUNCTION     0.068    0.126     0  01:40       0.496       0.772       0.097
  N01265               JUNCTION     0.001    0.050     0  01:40     0.00321       0.233       0.034
  N02716               JUNCTION     0.009    0.013     0  02:04      0.0627      0.0851       0.130
  N01115               JUNCTION     0.185    0.198     0  02:02        1.63        1.75       1.135
  N00565               JUNCTION     0.000    0.000     0  00:59     0.00113     0.00113      -0.297
  N00740               JUNCTION     0.102    0.103     0  01:40       0.556       0.561       0.087
  N00670               JUNCTION     0.086    0.087     0  01:40       0.383       0.389       0.192
  N00393               JUNCTION     0.000    0.003     0  01:38     0.00233      0.0155       0.335
  N02778               JUNCTION     0.003    0.003     0  01:35      0.0125      0.0125      -0.630
  N02457               JUNCTION     0.000    0.000     0  01:00    0.000983    0.000983      -0.000
  N00311               JUNCTION     0.001    0.001     0  01:59     0.00291     0.00291      -0.382
  N00005               JUNCTION     0.000    0.000     0  01:35     0.00126     0.00126     -20.062
  N00817               JUNCTION     0.177    0.571     0  02:02        1.57        4.49       0.409
  N02248               JUNCTION     0.079    0.132     0  02:02        0.35       0.697       0.165
  N00097               JUNCTION     0.033    0.506     0  01:41       0.148        2.92       0.160
  N02242               JUNCTION     0.009    0.051     0  02:07      0.0382      0.0846       0.261
  N02542               JUNCTION     0.016    0.016     0  01:35      0.0652      0.0652       0.078
  N01427               JUNCTION     0.043    0.187     0  01:40       0.205        1.06       0.567
  N01432               JUNCTION     0.247    0.247     0  03:43        1.18        1.19       4.967
  N02209               JUNCTION     0.000    0.000     0  00:59     0.00201     0.00201      -0.732
  N01144               JUNCTION     0.007    0.007     0  01:00      0.0249       0.026       0.142
  N02739               JUNCTION     0.001    0.002     0  01:14     0.00253     0.00338       5.928
  N02704               JUNCTION     0.001    0.003     0  02:56     0.00166     0.00329      -1.995
  N01487               JUNCTION     0.166    0.166     0  02:40         2.1         2.1       0.991
  N02508               JUNCTION     0.001    0.001     0  01:00     0.00209     0.00209      -1.121
  N00268               JUNCTION     0.066    0.393     0  02:03       0.757        4.14       1.235
  N01722               JUNCTION     0.000    0.000     0  01:35     0.00205     0.00205      -1.028
  N02157               JUNCTION     0.001    0.040     0  01:40      0.0029       0.182       0.126
  N02071               JUNCTION     0.001    0.116     0  02:00     0.00435       0.659       0.300
  N00675               JUNCTION     0.001    0.001     0  00:58     0.00252     0.00252      -5.328
  N00275               JUNCTION     0.001    0.001     0  01:00     0.00408     0.00408       0.033
  N01859               JUNCTION     0.008    0.474     0  01:57      0.0315        3.27       0.809
  N00876               JUNCTION     0.001    0.951     0  02:04     0.00445        6.88       0.152
  N01103               JUNCTION     0.142    0.567     0  02:43        1.56        6.59       1.208
  N02793               JUNCTION     0.001    0.392     0  01:44      0.0028        3.46       0.117
  N01063               JUNCTION     0.001    0.001     0  01:00     0.00404     0.00404      -2.707
  N02002               JUNCTION     0.712    0.808     0  02:02        7.68        7.94       0.252
  N00252               JUNCTION     0.001    0.001     0  01:35     0.00313     0.00313      -8.855
  N02377               JUNCTION     0.004    0.205     0  02:08      0.0228        2.02       0.147
  N00324               JUNCTION     0.004    0.004     0  01:36      0.0159      0.0159      -0.236
  N01447               JUNCTION     0.234    0.235     0  02:00         1.7        1.71       0.315
  N02170               JUNCTION     0.003    0.003     0  01:35      0.0116      0.0116      -0.636
  N02836               JUNCTION     0.001    0.088     0  01:41     0.00257       0.487       0.457
  N02025               JUNCTION     0.002    0.064     0  01:40     0.00594       0.298       0.146
  N00112               JUNCTION     0.001    0.001     0  01:00     0.00203     0.00203      -5.792
  N00501               JUNCTION     0.011    0.395     0  02:33      0.0393        3.61       0.630
  N01020               JUNCTION     0.005    0.005     0  01:00      0.0173      0.0192       0.127
  N02696               JUNCTION     0.139    0.139     0  02:21       0.547       0.561       0.060
  N00354               JUNCTION     0.001    0.082     0  01:38     0.00374        0.15      20.068
  N01292               JUNCTION     0.000    0.000     0  01:00     0.00127     0.00127      -0.986
  N01812               JUNCTION     0.709    0.709     0  02:17        5.47        5.47       0.031
  N02742               JUNCTION     0.000    0.000     0  01:00     0.00108     0.00108       0.062
  N02832               JUNCTION     0.001    0.001     0  02:00     0.00357     0.00357      -1.069
  N02595               JUNCTION     0.000    0.000     0  00:56     0.00103     0.00103      -1.664
  N02521               JUNCTION     0.001    0.001     0  01:00     0.00518     0.00518      -0.513
  N00444               JUNCTION     0.001    0.012     0  01:40     0.00365      0.0612       2.000
  N01305               JUNCTION     0.001    0.001     0  01:00     0.00467     0.00467      -0.736
  N00235               JUNCTION     0.002    0.002     0  01:35     0.00943     0.00943       0.675
  N00018               JUNCTION     0.000    0.000     0  01:00     0.00172     0.00172      -9.997
  N01706               JUNCTION     0.056    1.045     0  03:41       0.578        10.2       0.712
  N01064               JUNCTION     0.000    0.000     0  00:59     0.00109     0.00109      -0.267
  N01938               JUNCTION     0.007    0.011     0  01:38       0.032      0.0482       0.048
  N01158               JUNCTION     0.000    0.000     0  01:00     0.00173     0.00173      -0.226
  N00269               JUNCTION     0.093    0.105     0  01:43       0.688       0.785       0.601
  N01892               JUNCTION     0.023    0.024     0  02:00        0.11       0.116       0.750
  N01311               JUNCTION     0.001    0.001     0  01:00      0.0017      0.0017      -6.167
  N01259               JUNCTION     0.022    0.023     0  02:25       0.139       0.143       0.952
  N01802               JUNCTION     0.001    0.007     0  01:40     0.00209      0.0295      -0.468
  N01668               JUNCTION     0.004    0.080     0  01:23      0.0186      0.0531      -0.536
  N00632               JUNCTION     0.085    0.171     0  02:00       0.876        1.73       0.320
  N01348               JUNCTION     0.001    0.028     0  02:42     0.00245       0.233      12.928
  N00066               JUNCTION     0.111    0.111     0  02:03        1.06        1.08       1.285
  N01093               JUNCTION     0.002    0.002     0  01:00     0.00646     0.00753      -0.547
  N02657               JUNCTION     0.084    0.084     0  02:00       0.622       0.622       0.067
  N02367               JUNCTION     0.007    0.204     0  02:05      0.0337        2.01       0.637
  N01631               JUNCTION     0.087    0.124     0  01:40       0.986        1.29       2.636
  N01751               JUNCTION     0.125    0.126     0  01:40       0.608       0.611       0.258
  N02086               JUNCTION     0.130    1.968     0  02:00       0.603        23.5       0.329
  N02569               JUNCTION     0.006    0.006     0  01:40      0.0207      0.0207      -3.016
  N01385               JUNCTION     0.016    0.016     0  01:40        0.11        0.11       4.173
  N01542               JUNCTION     0.186    0.186     0  02:40        2.25        2.25       0.343
  N00835               JUNCTION     0.000    0.000     0  00:59     0.00079     0.00079      -2.084
  N00035               JUNCTION     0.001    0.167     0  01:41     0.00483        1.08       0.070
  N01460               JUNCTION     0.005    0.225     0  01:41      0.0212        1.04       0.111
  N02144               JUNCTION     0.009    0.201     0  02:10      0.0356        1.41       0.414
  N02162               JUNCTION     0.021    0.128     0  01:40       0.096       0.696       0.246
  N01895               JUNCTION     0.000    0.000     0  00:55     0.00108     0.00108      -1.521
  N02415               JUNCTION     0.000    0.000     0  01:00     0.00192     0.00192      -0.433
  N00282               JUNCTION     1.262    2.398     0  02:23        10.8        20.1       0.170
  N02122               JUNCTION     0.001    0.120     0  02:04     0.00352        1.09       0.788
  N01091               JUNCTION     0.000    0.000     0  01:00     0.00136     0.00136      -2.297
  N01407               JUNCTION     0.001    0.001     0  01:00     0.00189     0.00189      -1.364
  N01059               JUNCTION     0.006    0.006     0  01:00      0.0222      0.0222      -0.878
  N01957               JUNCTION     0.002    0.005     0  01:35     0.00893      0.0226       0.236
  N01046               JUNCTION     0.002    0.058     0  01:40     0.00876       0.295       0.210
  N02410               JUNCTION     0.001    0.327     0  01:43     0.00498        2.42       0.120
  N01319               JUNCTION     0.003    0.205     0  01:40      0.0137       0.985       0.025
  N00430               JUNCTION     0.020    0.020     0  01:40      0.0974      0.0974       0.090
  N01277               JUNCTION     0.004    0.133     0  02:03      0.0159        1.31       0.398
  N02345               JUNCTION     0.001    0.027     0  02:21     0.00402      0.0559      15.271
  N00192               JUNCTION     0.049    0.241     0  03:31       0.665        3.11       1.758
  N02767               JUNCTION     0.021    0.050     0  01:44       0.109       0.118       0.091
  N02017               JUNCTION     0.001    0.169     0  01:41     0.00237       0.855       0.093
  N00836               JUNCTION     0.008    0.008     0  01:35      0.0355      0.0355      -0.011
  N02474               JUNCTION     0.003    0.021     0  01:41      0.0112      0.0426      14.846
  N02518               JUNCTION     0.004    0.384     0  01:50       0.013        2.62       0.206
  N01730               JUNCTION     0.117    0.213     0  02:03       0.909        1.63       0.699
  N02109               JUNCTION     0.000    0.392     0  01:44     0.00151        3.45       0.090
  N01871               JUNCTION     0.006    0.039     0  01:59      0.0178      0.0501      -0.302
  N02379               JUNCTION     0.032    0.163     0  02:06       0.147        1.61       0.237
  N00986               JUNCTION     0.165    0.359     0  01:40       0.897        2.07       0.268
  N01874               JUNCTION     0.154    0.302     0  02:23        1.35        2.61       0.204
  N00665               JUNCTION     0.000    0.000     0  00:57     0.00107     0.00107      -0.224
  N00649               JUNCTION     0.001    0.001     0  01:00     0.00332     0.00332      -1.410
  N01891               JUNCTION     0.001    0.025     0  02:03     0.00461        0.13       0.407
  N01841               JUNCTION     0.009    0.027     0  01:00      0.0364       0.113      -0.394
  N00572               JUNCTION     0.007    0.008     0  01:35      0.0285      0.0328       0.009
  N00092               JUNCTION     0.161    0.269     0  01:40       0.681        1.21       0.283
  N02013               JUNCTION     0.001    0.001     0  01:00     0.00217     0.00217      -0.257
  N00015               JUNCTION     0.007    0.007     0  01:00      0.0226      0.0226      -0.666
  N02287               JUNCTION     0.000    0.000     0  00:55     0.00107     0.00107      -3.109
  N00024               JUNCTION     0.028    0.046     0  01:36       0.105       0.195       0.020
  N01771               JUNCTION     0.077    0.164     0  02:05       0.608        1.39       0.347
  N00054               JUNCTION     0.001    0.001     0  01:35     0.00178     0.00178      -2.703
  N01819               JUNCTION     0.060    0.060     0  01:40       0.267       0.267       0.054
  N01807               JUNCTION     0.212    0.212     0  01:43        1.23        1.23       0.143
  N01610               JUNCTION     0.154    0.256     0  02:03        1.45         2.3       0.817
  N01582               JUNCTION     0.006    0.008     0  01:40      0.0272       0.038      -0.070
  N02620               JUNCTION     0.038    0.038     0  02:01       0.219        0.22       1.025
  N01204               JUNCTION     0.178    0.191     0  02:03        1.92        2.06       0.823
  N01718               JUNCTION     0.007    0.007     0  01:35       0.029      0.0341       0.563
  N01883               JUNCTION     0.002    0.003     0  01:35     0.00777       0.011      -0.275
  N01312               JUNCTION     0.017    0.017     0  01:00      0.0726      0.0726       0.339
  N01712               JUNCTION     0.043    0.043     0  02:03        0.35        0.35       0.396
  N01885               JUNCTION     0.001    0.001     0  01:34     0.00538     0.00538      -0.204
  N02077               JUNCTION     0.017    0.119     0  02:00      0.0765       0.656       0.157
  N01505               JUNCTION     0.000    0.002     0  01:39     0.00136     0.00977      -1.385
  N00396               JUNCTION     0.028    0.028     0  01:40       0.174       0.174       0.092
  N00808               JUNCTION     0.001    0.001     0  01:00     0.00424     0.00424      -0.122
  N00515               JUNCTION     0.005    0.006     0  01:40      0.0224      0.0285       0.261
  N01737               JUNCTION     0.053    0.060     0  01:36       0.236        0.27       0.150
  N00710               JUNCTION     0.006    0.393     0  01:42      0.0265         2.9       0.082
  N01163               JUNCTION     0.031    0.380     0  03:32        0.15        4.16       0.778
  N01435               JUNCTION     0.016    0.016     0  01:36      0.0722      0.0722      -0.061
  N01320               JUNCTION     0.227    0.227     0  01:40       0.977       0.977       0.078
  N02211               JUNCTION     0.001    0.001     0  01:58     0.00471     0.00471      -3.174
  N02106               JUNCTION     0.001    0.001     0  01:00     0.00307     0.00307      -2.450
  N00301               JUNCTION     0.462    0.571     0  03:26        3.64        6.68       0.541
  N01428               JUNCTION     0.002    0.020     0  02:04     0.00666       0.119       0.131
  N00661               JUNCTION     0.001    0.097     0  02:43     0.00169       0.931       1.275
  N02074               JUNCTION     0.006    0.060     0  01:25      0.0116      0.0769       0.211
  N02116               JUNCTION     0.055    0.223     0  01:40        0.23           1       0.216
  N00724               JUNCTION     0.090    0.329     0  01:40       0.465        1.61       0.216
  N02687               JUNCTION     0.803    1.874     0  02:08        4.77        12.7       0.159
  N02142               JUNCTION     0.001    0.001     0  01:00     0.00611     0.00611       0.794
  N00985               JUNCTION     0.004    0.198     0  01:41      0.0159        1.16       0.083
  N01057               JUNCTION     0.084    0.776     0  01:41       0.359        3.76       0.041
  N00389               JUNCTION     0.001    0.021     0  01:36     0.00779       0.105       0.087
  N01147               JUNCTION     0.002    0.003     0  01:00      0.0101      0.0155       0.037
  N01796               JUNCTION     0.000    0.000     0  01:00     0.00125     0.00125      -1.032
  N00698               JUNCTION     0.000    0.000     0  00:56     0.00107     0.00107      -2.613
  N02371               JUNCTION     0.002    0.002     0  01:35     0.00541     0.00541      -2.006
  N00887               JUNCTION     0.320    1.323     0  02:01        1.47        10.1       0.064
  N01836               JUNCTION     0.001    0.003     0  01:35     0.00472      0.0115       1.069
  N01687               JUNCTION     0.000    0.000     0  00:59    0.000813    0.000813      -1.340
  N02134               JUNCTION     0.002    0.004     0  01:00     0.00732      0.0136      -0.046
  N01666               JUNCTION     0.180    1.109     0  02:03        1.69        12.8       0.530
  N01797               JUNCTION     0.853    0.854     0  02:39        4.46        4.49       1.002
  N00575               JUNCTION     0.001    0.001     0  00:59     0.00162     0.00435      -0.022
  N00334               JUNCTION     0.202    0.861     0  02:40       0.743        6.72       0.177
  N00643               JUNCTION     0.090    0.157     0  02:03       0.989        1.63       0.976
  N01622               JUNCTION     0.001    0.004     0  01:22     0.00478     0.00745      -0.533
  N00362               JUNCTION     0.000    0.001     0  01:00     0.00165      0.0037      -0.659
  N01493               JUNCTION     0.002    0.018     0  01:40       0.011      0.0656      -0.626
  N00103               JUNCTION     0.773    0.784     0  03:25         8.8         8.9       0.437
  N02033               JUNCTION     0.003    0.003     0  01:00      0.0136      0.0136      -0.077
  N00849               JUNCTION     0.001    0.001     0  01:21     0.00486     0.00486       0.205
  N02276               JUNCTION     0.000    0.000     0  01:00     0.00134     0.00134     -11.715
  N01513               JUNCTION     0.000    0.000     0  01:00     0.00291     0.00291      -0.768
  N00779               JUNCTION     0.019    0.428     0  01:41      0.0879        2.24       0.028
  N00974               JUNCTION     0.015    0.015     0  01:36      0.0702      0.0702      -0.074
  N00427               JUNCTION     0.005    0.005     0  01:35      0.0213      0.0213      -0.013
  N01731               JUNCTION     0.001    0.011     0  02:03     0.00316       0.013      -0.526
  N00547               JUNCTION     0.000    0.001     0  01:35     0.00187     0.00464      -1.356
  N00217               JUNCTION     0.186    0.187     0  02:40        2.25        2.25       2.487
  N00889               JUNCTION     0.006    0.190     0  03:43      0.0263        1.84       3.807
  N00957               JUNCTION     0.019    0.039     0  03:16       0.102       0.162      12.711
  N00587               JUNCTION     0.002    0.005     0  01:35     0.00729      0.0232      -1.192
  N00432               JUNCTION     0.001    0.001     0  01:33     0.00163     0.00163      -0.197
  N02734               JUNCTION     0.000    0.000     0  01:00    0.000847    0.000847      -2.006
  N00295               JUNCTION     0.001    0.002     0  01:00     0.00471     0.00866       0.291
  N01770               JUNCTION     0.065    0.129     0  02:05       0.582        1.17       0.697
  N02015               JUNCTION     0.001    0.001     0  01:00     0.00227     0.00227      -0.362
  N01492               JUNCTION     0.039    0.039     0  01:38       0.153       0.153       0.051
  N00102               JUNCTION     0.006    0.074     0  01:40       0.031         0.4      -0.142
  N02288               JUNCTION     0.001    0.001     0  01:00     0.00369     0.00369      -1.136
  N01374               JUNCTION     0.001    0.773     0  02:09     0.00425        6.08       0.221
  N02558               JUNCTION     0.006    0.006     0  01:35      0.0253      0.0253      -0.010
  N02669               JUNCTION     0.013    0.085     0  01:40      0.0589       0.391       0.262
  N02436               JUNCTION     0.000    0.000     0  00:59     0.00113     0.00113      -2.716
  N02046               JUNCTION     0.555    0.581     0  03:10        5.18        5.76       0.580
  N01914               JUNCTION     0.000    0.000     0  00:58     0.00264     0.00264      -1.062
  N02533               JUNCTION     0.005    0.006     0  01:40      0.0226      0.0296       0.019
  N00645               JUNCTION     0.093    0.159     0  02:03       0.982        1.69       1.299
  N00240               JUNCTION     0.054    0.063     0  01:40       0.457        0.53       0.495
  N02238               JUNCTION     0.001    0.001     0  01:00     0.00474     0.00583       0.139
  N02493               JUNCTION     0.001    0.003     0  02:04      0.0024     0.00263      -9.513
  N01685               JUNCTION     0.032    0.034     0  01:40       0.139       0.147       0.377
  N00718               JUNCTION     0.028    0.028     0  01:40        0.12        0.12      -0.011
  N02250               JUNCTION     0.063    0.063     0  01:40       0.336       0.336       0.463
  N00116               JUNCTION     0.007    0.007     0  01:40      0.0288      0.0288      -0.055
  N02473               JUNCTION     0.060    0.824     0  02:08       0.775         8.8       0.647
  N01765               JUNCTION     0.001    0.002     0  01:35     0.00404      0.0106      -0.475
  N00020               JUNCTION     0.158    0.158     0  02:02        1.46        1.46       0.907
  N00660               JUNCTION     0.014    0.118     0  02:45      0.0573        1.29       1.073
  N02506               JUNCTION     0.000    0.000     0  00:59     0.00273     0.00273       0.086
  N01314               JUNCTION     0.000    0.000     0  01:40     0.00216     0.00216      -0.674
  N00787               JUNCTION     0.004    0.193     0  01:41      0.0302        1.75       2.017
  N02328               JUNCTION     0.000    0.000     0  01:00     0.00153     0.00153       0.055
  N02104               JUNCTION     0.025    0.025     0  01:36       0.108       0.108      -0.005
  N02027               JUNCTION     0.005    0.065     0  01:45      0.0218       0.327       0.063
  N01857               JUNCTION     0.004    0.004     0  02:03      0.0224      0.0224      -0.267
  N01023               JUNCTION     0.006    0.006     0  01:00      0.0193      0.0206       0.179
  N01389               JUNCTION     0.047    0.047     0  02:00        0.37        0.37       0.074
  N02616               JUNCTION     0.061    0.061     0  01:40       0.355       0.355       0.121
  N00057               JUNCTION     0.003    0.007     0  01:40      0.0175      0.0406      -0.076
  N01260               JUNCTION     0.001    0.024     0  02:25     0.00501       0.163       0.636
  N02666               JUNCTION     0.002    0.002     0  01:35     0.00875     0.00875      -0.463
  N01869               JUNCTION     0.002    1.167     0  02:05     0.00587        8.49       0.148
  N02711               JUNCTION     0.001    0.001     0  01:00     0.00409     0.00409      -7.367
  N01560               JUNCTION     0.135    0.294     0  02:42        1.92        4.06       1.614
  N00411               JUNCTION     0.001    0.109     0  01:38      0.0034       0.499       0.065
  N00941               JUNCTION     0.008    0.008     0  01:40      0.0357      0.0357       0.211
  N02483               JUNCTION     0.006    0.017     0  02:06      0.0329       0.118       0.093
  N01090               JUNCTION     0.001    0.001     0  01:00     0.00169     0.00169      -0.411
  N02081               JUNCTION     0.001    0.982     0  04:07     0.00199        13.7       1.099
  N00065               JUNCTION     0.002    0.012     0  01:36     0.00928      0.0171      -2.762
  N01336               JUNCTION     0.000    0.000     0  00:57     0.00109     0.00109      -0.263
  N01414               JUNCTION     0.006    0.853     0  01:44      0.0708           6       0.796
  N01247               JUNCTION     0.000    0.015     0  02:09     0.00161      0.0222      -0.868
  N02686               JUNCTION     0.001    1.298     0  01:41     0.00479        6.36       0.072
  N02034               JUNCTION     0.000    0.000     0  01:00    0.000971    0.000971      -3.111
  N01316               JUNCTION     0.004    0.199     0  01:40      0.0164       0.956       0.053
  N02535               JUNCTION     0.045    0.062     0  01:40       0.171       0.244       0.131
  N00540               JUNCTION     0.000    0.254     0  01:40    0.000816        1.83       0.335
  N01760               JUNCTION     0.000    0.000     0  01:00     0.00136     0.00136      -5.902
  N02731               JUNCTION     0.000    0.004     0  02:06     0.00152     0.00991       0.948
  N00300               JUNCTION     0.201    0.258     0  03:34        1.28        2.46       3.554
  N00590               JUNCTION     0.000    0.001     0  01:00     0.00426     0.00798      -1.112
  N01784               JUNCTION     0.001    0.019     0  03:28     0.00282      0.0247      -1.690
  N00538               JUNCTION     0.000    0.000     0  01:33     0.00261     0.00261       0.098
  N00511               JUNCTION     0.001    0.034     0  02:10     0.00235      0.0324      -0.334
  N00382               JUNCTION     0.065    0.066     0  02:02       0.333       0.347      -0.008
  N02520               JUNCTION     0.020    0.034     0  01:40      0.0984       0.169      -0.058
  N02633               JUNCTION     0.000    0.051     0  01:40     0.00261       0.256       0.100
  N00250               JUNCTION     0.000    0.000     0  00:59     0.00264     0.00264      -0.982
  N00512               JUNCTION     0.001    0.041     0  02:08     0.00245      0.0279      -0.450
  N01434               JUNCTION     0.000    0.000     0  01:00    0.000875    0.000875      -0.443
  N01586               JUNCTION     0.004    0.669     0  01:41      0.0137         3.2       0.335
  N01335               JUNCTION     0.000    0.001     0  01:00     0.00113      0.0117       2.599
  N02249               JUNCTION     0.004    0.134     0  02:03       0.028       0.724       0.088
  N02244               JUNCTION     0.000    0.001     0  01:00     0.00127     0.00298      -0.085
  N00415               JUNCTION     0.005    0.005     0  01:35      0.0215      0.0215      -0.044
  N02631               JUNCTION     0.220    0.252     0  01:57       0.823         1.1       0.377
  N01045               JUNCTION     0.001    0.014     0  01:40     0.00569      0.0706       0.112
  N00689               JUNCTION     0.004    0.006     0  01:40      0.0185      0.0277      -1.263
  N01958               JUNCTION     0.051    0.051     0  01:40       0.247       0.247       0.052
  N02110               JUNCTION     0.000    0.000     0  01:00     0.00179     0.00179      -0.664
  N00147               JUNCTION     0.003    0.003     0  01:00      0.0119      0.0119      -0.046
  N00828               JUNCTION     0.028    0.039     0  01:37       0.139       0.193      -0.136
  N01703               JUNCTION     0.052    0.082     0  01:40       0.511       0.677       7.986
  N01702               JUNCTION     0.130    0.130     0  02:03        1.66        1.66       0.424
  N01599               JUNCTION     0.181    0.181     0  02:02         1.6         1.6       0.246
  N01804               JUNCTION     0.054    0.278     0  01:40       0.235        1.94       0.114
  N01426               JUNCTION     0.002    0.125     0  01:40     0.00885       0.752       0.222
  N01364               JUNCTION     0.003    0.012     0  01:36     0.00942      0.0414       0.320
  N00570               JUNCTION     0.000    0.002     0  01:37     0.00122     0.00841      -0.018
  N02411               JUNCTION     0.000    0.000     0  00:59     0.00104     0.00104       0.067
  N00954               JUNCTION     0.000    0.002     0  01:40    0.000944      0.0132       0.254
  N01816               JUNCTION     0.001    0.001     0  01:00      0.0023      0.0023      -2.136
  N00821               JUNCTION     0.000    0.000     0  01:00     0.00134     0.00134      -3.822
  N00136               JUNCTION     0.000    0.000     0  01:00    0.000895    0.000895      -5.561
  N00165               JUNCTION     0.033    0.033     0  01:40       0.149       0.149       0.419
  N01575               JUNCTION     0.099    0.100     0  02:17       0.969           1       0.980
  N02076               JUNCTION     0.023    0.023     0  02:00       0.118       0.118       0.043
  N02176               JUNCTION     0.007    0.035     0  03:32      0.0305      0.0528      15.206
  N00641               JUNCTION     0.085    0.086     0  01:40       0.526        0.53       2.879
  N00492               JUNCTION     0.772    0.773     0  02:02        5.25        5.35       0.500
  N00503               JUNCTION     0.002    0.018     0  01:40      0.0104      0.0838      -0.231
  N02149               JUNCTION     0.001    0.001     0  01:00     0.00527     0.00527      -2.537
  N01530               JUNCTION     0.062    0.065     0  01:39       0.319       0.368       0.282
  N02171               JUNCTION     0.001    0.001     0  01:00     0.00271     0.00271      -0.252
  N02412               JUNCTION     0.000    0.000     0  00:57     0.00106     0.00106      -0.393
  N01132               JUNCTION     0.001    0.010     0  02:23     0.00269      0.0254      40.078
  N00001               JUNCTION     0.001    0.001     0  01:00     0.00236     0.00236      -3.719
  N01275               JUNCTION     1.123    3.213     0  01:47        5.27        22.9       0.192
  N00488               JUNCTION     0.003    0.003     0  01:35      0.0108      0.0108      -0.206
  N02177               JUNCTION     0.001    0.003     0  01:06     0.00556      0.0105       2.377
  N01552               JUNCTION     0.002    0.153     0  01:57     0.00642       0.132       0.201
  N00678               JUNCTION     0.609    0.629     0  02:13        5.77        6.04       0.336
  N01286               JUNCTION     0.088    0.215     0  01:40       0.417        1.01       0.068
  N00336               JUNCTION     0.001    0.117     0  02:43     0.00165         1.2       1.628
  N02369               JUNCTION     0.003    0.050     0  01:38      0.0128       0.211       0.237
  N00185               JUNCTION     0.000    0.020     0  03:13     0.00327      0.0277      -0.071
  N02469               JUNCTION     0.004    0.004     0  01:35      0.0189      0.0189      -1.106
  N02467               JUNCTION     0.000    0.000     0  01:00     0.00107     0.00107      -2.500
  N00456               JUNCTION     0.115    0.124     0  02:03       0.611       0.648       0.014
  N02424               JUNCTION     0.001    0.001     0  01:33     0.00463     0.00463      -0.424
  N02825               JUNCTION     0.001    0.609     0  03:14     0.00182        6.65       0.312
  N02374               JUNCTION     0.015    0.015     0  01:39      0.0676      0.0676      -0.014
  N00019               JUNCTION     0.002    0.038     0  01:34     0.00995       0.216       0.018
  N00642               JUNCTION     0.021    0.090     0  01:41       0.106       0.621       3.248
  N00929               JUNCTION     0.001    0.160     0  01:40     0.00622       0.993       0.424
  N00508               JUNCTION     0.002    0.029     0  02:03     0.00716       0.028      -0.581
  N02068               JUNCTION     0.002    0.035     0  01:39      0.0105       0.136       0.484
  N01831               JUNCTION     0.993    1.039     0  01:15        4.45        4.74       0.272
  N02643               JUNCTION     0.001    0.042     0  01:42     0.00218       0.216       0.210
  N01384               JUNCTION     0.002    0.032     0  01:41     0.00703       0.305       0.972
  N01608               JUNCTION     0.003    0.003     0  01:35      0.0107      0.0137      -1.003
  N01686               JUNCTION     0.002    0.043     0  01:40     0.00568       0.199       0.363
  N00571               JUNCTION     0.012    0.022     0  01:35      0.0493       0.117      -0.281
  N02290               JUNCTION     0.000    0.000     0  00:59    0.000822    0.000822      -1.555
  N02095               JUNCTION     0.001    0.006     0  01:40     0.00426      0.0276       0.214
  N00258               JUNCTION     0.075    0.075     0  02:40       0.829       0.829       0.048
  N01453               JUNCTION     0.005    0.007     0  01:36      0.0226      0.0317      -0.161
  N00955               JUNCTION     0.001    0.002     0  01:35      0.0069       0.013       6.023
  N00901               JUNCTION     0.007    0.288     0  02:44      0.0368        3.11       0.835
  N01729               JUNCTION     0.001    0.060     0  01:44     0.00419        0.19      -0.185
  N02648               JUNCTION     0.000    0.061     0  01:41     0.00109       0.288      -0.047
  N01142               JUNCTION     0.001    0.002     0  01:35     0.00483      0.0109      -6.056
  N00400               JUNCTION     0.001    0.016     0  02:17     0.00554      0.0336      36.085
  N01889               JUNCTION     0.001    0.001     0  01:35     0.00333     0.00333      -0.067
  N01392               JUNCTION     0.001    0.007     0  01:35     0.00264      0.0279       0.026
  N01699               JUNCTION     0.003    0.037     0  01:09      0.0126      0.0768       7.370
  N01806               JUNCTION     0.000    0.000     0  01:00     0.00124     0.00124      -3.192
  N00865               JUNCTION     0.090    0.143     0  01:40        0.36       0.593       0.064
  N00105               JUNCTION     0.051    0.086     0  02:44       0.274       0.381       6.292
  N01565               JUNCTION     0.000    0.000     0  01:00     0.00113     0.00113      -0.306
  N01481               JUNCTION     0.005    0.096     0  01:40      0.0224       0.635       0.787
  N01050               JUNCTION     0.051    0.053     0  01:40       0.249       0.262       0.675
  N01721               JUNCTION     0.000    0.000     0  00:59     0.00136     0.00136      -2.051
  N00228               JUNCTION     0.018    0.025     0  01:38       0.123       0.132       1.650
  N00786               JUNCTION     0.025    0.025     0  02:40       0.214       0.214       0.470
  N02263               JUNCTION     0.101    0.548     0  01:43       0.276        2.04       0.075
  N00830               JUNCTION     0.001    0.001     0  01:00     0.00467     0.00467      -1.673
  N00409               JUNCTION     0.003    0.003     0  01:35      0.0117      0.0134       0.052
  N02505               JUNCTION     0.001    0.001     0  01:35     0.00233     0.00233      -0.633
  N00722               JUNCTION     0.001    0.392     0  01:41     0.00466        2.88       0.196
  N02264               JUNCTION     0.001    0.001     0  01:00     0.00422     0.00422      -0.514
  N01830               JUNCTION     0.002    0.002     0  01:35      0.0077      0.0077      -0.709
  N00603               JUNCTION     0.002    0.002     0  01:35      0.0055      0.0055      -0.307
  N00721               JUNCTION     0.001    0.001     0  01:33     0.00334     0.00334      -0.415
  N01783               JUNCTION     0.001    0.004     0  01:58     0.00533     0.00983      -0.428
  N00727               JUNCTION     0.073    0.073     0  01:40       0.407       0.412       0.036
  N00308               JUNCTION     0.000    0.000     0  01:35     0.00177     0.00177      -0.147
  N00093               JUNCTION     0.279    0.443     0  01:40         1.7        2.61       0.035
  N01065               JUNCTION     0.062    0.062     0  01:36       0.283       0.283       0.029
  N00394               JUNCTION     0.021    0.021     0  01:40      0.0967      0.0967      -0.010
  N00744               JUNCTION     0.097    0.099     0  02:00       0.514       0.528       0.082
  N01470               JUNCTION     0.000    0.000     0  01:00     0.00109     0.00109      -2.175
  N00857               JUNCTION     0.057    0.057     0  01:40       0.312       0.313       0.404
  N01536               JUNCTION     0.024    0.024     0  03:29       0.237       0.237       0.031
  N00381               JUNCTION     0.000    0.000     0  00:59      0.0011      0.0011     -14.412
  N02049               JUNCTION     0.006    0.581     0  02:07      0.0217        6.94       0.293
  N02697               JUNCTION     0.000    0.002     0  01:00     0.00273      0.0122      -0.219
  N00366               JUNCTION     0.394    0.894     0  04:54        3.46        10.2       0.762
  N00454               JUNCTION     0.100    0.100     0  01:40       0.363       0.365       0.047
  N02549               JUNCTION     0.000    0.017     0  01:36     0.00112      0.0663       0.093
  N01532               JUNCTION     0.000    0.000     0  01:00     0.00116     0.00116      -0.630
  N00996               JUNCTION     0.000    0.042     0  01:42     0.00141       0.174       0.315
  N02010               JUNCTION     0.000    0.000     0  01:00      0.0011      0.0011      -2.601
  N02054               JUNCTION     0.001    0.065     0  01:41     0.00392       0.304      -0.191
  N02128               JUNCTION     0.036    0.036     0  02:00       0.308       0.308       0.141
  N00264               JUNCTION     0.002    0.002     0  01:00     0.00806     0.00806      -0.670
  N00404               JUNCTION     0.163    0.163     0  03:10        1.98        1.98       0.895
  N02119               JUNCTION     0.000    0.000     0  00:58     0.00111     0.00111      -2.111
  N02059               JUNCTION     0.004    0.008     0  01:36      0.0157      0.0369       0.126
  N01638               JUNCTION     0.069    0.069     0  02:00       0.648        0.65       3.333
  N01527               JUNCTION     0.014    0.014     0  01:40      0.0278      0.0278      -0.307
  N01206               JUNCTION     0.395    0.406     0  02:42        5.28        5.48       0.337
  N01362               JUNCTION     0.001    0.002     0  01:00     0.00591      0.0075      -0.312
  N02499               JUNCTION     0.013    0.013     0  01:36        0.06        0.06      -0.426
  N02487               JUNCTION     0.249    0.259     0  02:23        2.49        2.54       1.522
  N02522               JUNCTION     0.000    0.002     0  01:39     0.00108      0.0113       0.651
  N01587               JUNCTION     0.001    0.008     0  01:35     0.00724      0.0299       0.033
  N01549               JUNCTION     0.058    0.601     0  03:12       0.759        7.76       0.471
  N02550               JUNCTION     0.000    0.000     0  01:00     0.00131     0.00131       0.054
  N01941               JUNCTION     0.007    0.034     0  01:51      0.0292      0.0571      13.894
  N00493               JUNCTION     0.515    1.416     0  02:32        3.68        14.5       0.989
  N01284               JUNCTION     0.000    0.000     0  01:35     0.00324     0.00432      -0.116
  N00309               JUNCTION     1.295    1.295     0  02:40        8.49        8.49       0.183
  N02528               JUNCTION     0.006    0.511     0  01:43      0.0177        2.63       0.093
  N01763               JUNCTION     0.173    0.173     0  01:40       0.851       0.851       0.019
  N00186               JUNCTION     0.003    0.019     0  02:40     0.00983      0.0428      17.802
  N02667               JUNCTION     0.110    0.110     0  01:47        0.63        0.63       0.205
  N01501               JUNCTION     0.000    0.000     0  00:57     0.00107     0.00107      -0.350
  N01696               JUNCTION     0.000    0.017     0  03:30     0.00132     0.00835      -1.599
  N00267               JUNCTION     0.096    0.097     0  01:40       0.616       0.621       2.912
  N01843               JUNCTION     0.000    0.000     0  01:00     0.00109     0.00109      -0.842
  N02270               JUNCTION     0.063    0.123     0  01:40       0.405       0.799       0.054
  N00440               JUNCTION     0.001    0.001     0  01:40     0.00283     0.00283      -3.363
  N02283               JUNCTION     0.093    0.093     0  01:40       0.417       0.417       0.032
  N00312               JUNCTION     0.000    0.000     0  01:38     0.00108     0.00216      -0.347
  N01982               JUNCTION     0.001    0.001     0  01:00     0.00448     0.00448      -0.069
  N02796               JUNCTION     0.026    0.046     0  01:51       0.317       0.318       3.738
  N00920               JUNCTION     0.000    0.000     0  00:57     0.00109     0.00109      -0.043
  N00904               JUNCTION     0.122    0.148     0  02:42        1.44        1.65       1.467
  N00720               JUNCTION     0.001    0.019     0  01:37     0.00553      0.0819       0.318
  N00923               JUNCTION     0.000    0.003     0  01:00     0.00166      0.0135       2.503
  N01931               JUNCTION     0.005    0.033     0  02:14      0.0219      0.0703      -0.110
  N01808               JUNCTION     0.164    0.787     0  01:43       0.967        6.04       0.366
  N00198               JUNCTION     1.239    1.684     0  02:42        6.12        9.96       0.927
  N01996               JUNCTION     0.001    0.059     0  01:37     0.00248       0.268      -0.222
  N00506               JUNCTION     0.016    0.021     0  01:40      0.0739      0.0969      -0.849
  N02490               JUNCTION     0.010    0.010     0  01:37      0.0577      0.0577       0.094
  N02064               JUNCTION     0.000    0.000     0  01:00      0.0011      0.0011      -0.650
  N01827               JUNCTION     0.001    0.019     0  01:37     0.00174      0.0889       0.416
  N01442               JUNCTION     0.004    0.004     0  01:35      0.0149      0.0149       0.114
  N01579               JUNCTION     0.001    0.001     0  01:35      0.0032     0.00527      -2.672
  N02824               JUNCTION     0.000    0.097     0  01:41     0.00117       0.614       0.230
  N02809               JUNCTION     0.932    0.935     0  02:21         8.9        8.95       0.223
  N01766               JUNCTION     0.090    0.090     0  02:03       0.621       0.621       0.310
  N00607               JUNCTION     0.008    0.230     0  01:40      0.0353        1.08       0.022
  N02325               JUNCTION     0.003    0.003     0  01:00      0.0136      0.0136      -0.530
  N00498               JUNCTION     0.066    0.116     0  02:08       0.388       0.565       0.245
  N01402               JUNCTION     0.195    0.195     0  01:40       0.868       0.868       0.055
  N00803               JUNCTION     0.002    0.007     0  01:40     0.00682      0.0396       0.032
  N01749               JUNCTION     0.001    0.016     0  01:46      0.0033      0.0115      -0.696
  N00004               JUNCTION     0.011    0.228     0  01:32      0.0541       0.197       6.749
  N00320               JUNCTION     0.000    0.000     0  00:56     0.00262     0.00262      -1.676
  N02073               JUNCTION     0.002    0.049     0  02:00     0.00649       0.314       0.134
  N01852               JUNCTION     0.000    0.000     0  01:00     0.00155     0.00155      -0.158
  N01801               JUNCTION     0.004    0.004     0  01:35       0.018       0.018       0.532
  N02710               JUNCTION     0.198    0.272     0  01:27        1.62        1.67       5.249
  N00507               JUNCTION     0.277    0.290     0  02:03        1.24        1.34       1.379
  N00169               JUNCTION     0.001    0.001     0  01:00     0.00242     0.00242     -14.413
  N01347               JUNCTION     0.001    0.040     0  02:43     0.00442      0.0582       6.462
  N01977               JUNCTION     0.025    0.025     0  01:36       0.121       0.121       0.019
  N02208               JUNCTION     0.000    0.000     0  01:34     0.00396     0.00396      -1.531
  N02720               JUNCTION     0.000    0.000     0  01:35     0.00286     0.00286      -0.023
  N00402               JUNCTION     0.001    0.001     0  01:00     0.00198     0.00198      -9.739
  N01915               JUNCTION     0.001    0.001     0  01:00     0.00236     0.00236     -10.539
  N01576               JUNCTION     0.093    0.093     0  02:02       0.962       0.962       0.070
  N00388               JUNCTION     0.020    0.020     0  01:36      0.0969      0.0969       0.050
  N02063               JUNCTION     0.001    0.001     0  01:00     0.00653     0.00653      -0.135
  N00451               JUNCTION     0.039    0.040     0  01:40       0.224       0.228       1.389
  N00873               JUNCTION     0.122    0.122     0  03:32        1.55        1.55       0.109
  N00256               JUNCTION     0.094    0.094     0  01:40       0.691       0.691       0.191
  N00534               JUNCTION     0.001    0.020     0  01:40     0.00363      0.0811       0.348
  N02682               JUNCTION     0.001    0.001     0  01:00     0.00469     0.00469      -0.220
  N01646               JUNCTION     0.109    0.109     0  01:40        0.51        0.51       0.064
  N02070               JUNCTION     0.002    0.002     0  01:00      0.0108      0.0119       0.746
  N00204               JUNCTION     0.093    0.093     0  01:40       0.597       0.597       0.076
  N02694               JUNCTION     0.000    0.000     0  00:59     0.00155     0.00155      -0.256
  N00627               JUNCTION     0.000    0.000     0  00:57    0.000776    0.000776      -0.787
  N02475               JUNCTION     0.000    0.000     0  00:59     0.00122     0.00122      -5.763
  N00229               JUNCTION     0.111    0.203     0  02:00       0.851        1.61       0.866
  N01598               JUNCTION     0.004    0.004     0  01:40      0.0213      0.0213       0.040
  N02668               JUNCTION     0.017    0.220     0  02:05      0.0717        1.24       0.070
  N00124               JUNCTION     0.004    0.037     0  03:27       0.016      0.0608      12.125
  N01531               JUNCTION     0.003    0.014     0  01:15      0.0119      0.0523       1.989
  N02214               JUNCTION     0.001    0.002     0  01:35     0.00382      0.0105       2.113
  N00820               JUNCTION     0.000    0.013     0  01:40     0.00212      0.0596      -0.340
  N01925               JUNCTION     0.079    0.079     0  01:36       0.355       0.355       0.022
  N02659               JUNCTION     0.017    0.019     0  01:36      0.0837      0.0933       0.139
  N02329               JUNCTION     0.000    0.000     0  00:59     0.00122     0.00122     -13.022
  N00345               JUNCTION     0.000    0.000     0  01:00     0.00155     0.00155      -4.151
  N00150               JUNCTION     0.011    0.027     0  02:24      0.0526      0.0832      -0.597
  N01612               JUNCTION     0.000    0.000     0  01:00     0.00353     0.00353       0.510
  N00007               JUNCTION     0.000    0.777     0  02:07     0.00296        6.12       0.831
  N00589               JUNCTION     0.156    0.158     0  01:40        0.73       0.738       0.319
  N02245               JUNCTION     1.033    1.041     0  01:43        5.89        5.92       0.215
  N00041               JUNCTION     0.150    0.150     0  02:02         1.4        1.44       0.921
  N00370               JUNCTION     0.000    0.000     0  01:00    0.000789     0.00131      -0.644
  N01304               JUNCTION     0.020    0.203     0  02:04       0.118        2.16       0.434
  N00076               JUNCTION     0.002    0.006     0  01:40     0.00704      0.0281      -2.606
  N02309               JUNCTION     0.001    0.028     0  01:40     0.00313        0.14       0.079
  N02714               JUNCTION     0.058    0.109     0  01:40       0.332       0.654       0.448
  N01954               JUNCTION     0.280    0.291     0  02:43        2.92        3.01       0.908
  N00222               JUNCTION     0.119    1.334     0  02:06        1.37        12.1       0.314
  N02800               JUNCTION     0.129    1.655     0  02:42        1.33        14.8       0.369
  N01449               JUNCTION     0.004    0.009     0  01:00      0.0143      0.0334      -0.256
  N02844               JUNCTION     0.002    0.003     0  01:00     0.00584     0.00804      -0.084
  N01049               JUNCTION     0.001    0.002     0  01:35     0.00323      0.0128      -0.070
  N01628               JUNCTION     0.000    0.000     0  00:58     0.00112     0.00112     -19.908
  N00375               JUNCTION     0.000    0.000     0  01:00     0.00297     0.00297      -0.734
  N00784               JUNCTION     0.001    0.037     0  01:41      0.0051       0.323       0.457
  N00530               JUNCTION     0.038    0.038     0  01:40       0.187        0.19       0.033
  N02537               JUNCTION     0.001    0.002     0  01:00      0.0042     0.00706      -0.195
  N01025               JUNCTION     0.000    0.299     0  01:43     0.00107        1.34       0.057
  N02133               JUNCTION     0.035    0.041     0  02:00        0.31        0.35       1.089
  N00011               JUNCTION     0.119    0.161     0  01:40        1.16        1.46       1.269
  N01033               JUNCTION     0.000    0.000     0  00:56      0.0026      0.0026      -0.713
  N02782               JUNCTION     0.044    0.044     0  01:36       0.214       0.214       0.054
  N00636               JUNCTION     0.002    0.002     0  01:00     0.00631     0.00631      -0.342
  N02210               JUNCTION     0.009    0.020     0  01:41      0.0441      0.0583       1.449
  N02680               JUNCTION     0.001    0.001     0  01:40      0.0033      0.0033      -0.627
  N00484               JUNCTION     0.103    0.352     0  03:38        1.32        3.33       0.736
  N01547               JUNCTION     0.122    0.122     0  02:40         1.3         1.3       0.303
  N02749               JUNCTION     0.000    0.000     0  01:35     0.00115     0.00115      -1.445
  N02158               JUNCTION     0.001    0.010     0  01:58      0.0037      0.0143      -0.138
  N00600               JUNCTION     0.001    0.081     0  01:40     0.00578       0.393       0.049
  N02215               JUNCTION     0.001    0.001     0  01:34     0.00563     0.00671       0.187
  N01355               JUNCTION     0.094    0.332     0  02:03       0.692         2.7       0.385
  N02713               JUNCTION     0.120    0.120     0  02:40        1.23        1.23       1.342
  N00928               JUNCTION     0.001    0.159     0  01:41     0.00232       0.991       0.202
  N00433               JUNCTION     0.106    0.106     0  01:36       0.486       0.486       0.025
  N00886               JUNCTION     0.000    0.341     0  02:10     0.00165        2.56       0.153
  N01614               JUNCTION     0.076    0.076     0  01:40       0.609       0.609       0.820
  N01937               JUNCTION     0.000    0.000     0  01:00     0.00113     0.00113      -0.927
  N01678               JUNCTION     0.000    0.046     0  02:27    0.000752       0.044      -0.172
  N02519               JUNCTION     0.000    0.101     0  01:42     0.00203       0.488       0.094
  N00002               JUNCTION     0.001    0.001     0  01:35     0.00509     0.00509       0.045
  N01511               JUNCTION     0.002    0.005     0  01:39     0.00597      0.0241      -0.548
  N01214               JUNCTION     0.001    0.043     0  01:40     0.00483       0.221       0.523
  N00253               JUNCTION     0.006    0.023     0  01:45      0.0306      0.0394       3.387
  N02626               JUNCTION     0.000    0.059     0  01:40     0.00108       0.261       0.134
  N02576               JUNCTION     0.001    0.043     0  01:45     0.00508       0.065      17.932
  N01439               JUNCTION     0.008    0.012     0  01:40      0.0333      0.0546       0.045
  N00546               JUNCTION     0.000    0.000     0  01:33     0.00278     0.00278       0.234
  N01081               JUNCTION     0.122    0.122     0  01:40       0.782       0.782       0.036
  N00548               JUNCTION     0.000    0.000     0  01:35     0.00283     0.00283      -0.977
  N00161               JUNCTION     0.001    0.080     0  02:54     0.00548       0.101       0.083
  N01866               JUNCTION     0.220    0.220     0  01:40        1.63        1.63       0.348
  N01975               JUNCTION     0.000    0.065     0  01:40     0.00152       0.302       0.423
  N00537               JUNCTION     0.002    0.011     0  01:40     0.00689      0.0474       0.181
  N02534               JUNCTION     0.002    0.062     0  01:40     0.00788       0.251       0.101
  N01368               JUNCTION     0.008    0.087     0  01:41      0.0381       0.402       0.235
  N01000               JUNCTION     0.001    0.001     0  01:00     0.00523     0.00523       0.211
  N02272               JUNCTION     0.003    0.003     0  01:37      0.0113      0.0113       0.017
  N00428               JUNCTION     0.003    0.003     0  01:00      0.0105      0.0105      -0.114
  N00125               JUNCTION     0.042    0.181     0  02:03       0.326        1.67       1.173
  N01351               JUNCTION     0.011    0.012     0  01:35      0.0438      0.0446      -0.424
  N00801               JUNCTION     0.037    0.037     0  01:36       0.197         0.2       0.185
  N02446               JUNCTION     0.063    0.063     0  01:40       0.455       0.455       0.235
  N02196               JUNCTION     0.002    0.002     0  01:00     0.00923     0.00923      -0.121
  N01526               JUNCTION     0.005    0.149     0  02:04       0.022        1.38       0.549
  N00390               JUNCTION     0.000    0.047     0  02:01     0.00308       0.424       1.037
  N02159               JUNCTION     0.001    0.001     0  01:00     0.00209     0.00209      -3.269
  N00864               JUNCTION     0.007    0.054     0  01:40      0.0323       0.233       0.046
  N00104               JUNCTION     0.171    0.535     0  02:42        1.82        5.07       1.068
  N02191               JUNCTION     0.017    0.120     0  01:40       0.108        1.17       0.642
  N01929               JUNCTION     0.011    0.011     0  01:36      0.0544      0.0544       0.026
  N01310               JUNCTION     0.002    0.094     0  01:41       0.014       0.439       0.277
  N02168               JUNCTION     0.034    0.034     0  01:40       0.181       0.181      -0.002
  N00541               JUNCTION     0.255    0.257     0  01:39        1.83        1.84       0.291
  N00088               JUNCTION     0.001    0.001     0  01:35     0.00343     0.00343      -0.352
  N01799               JUNCTION     0.007    0.276     0  01:42      0.0302        1.97       0.250
  N00875               JUNCTION     0.001    0.952     0  02:04     0.00457         6.9       0.404
  N00796               JUNCTION     0.026    0.026     0  01:40        0.24        0.24       4.290
  N01750               JUNCTION     0.002    0.008     0  01:38     0.00962      0.0335       0.176
  N02365               JUNCTION     0.000    0.148     0  02:06     0.00124        1.47       0.323
  N02507               JUNCTION     0.000    0.000     0  00:58     0.00107     0.00107      -5.657
  N02314               JUNCTION     0.001    0.010     0  01:38     0.00179      0.0758       0.753
  N01494               JUNCTION     0.151    0.151     0  02:02         1.5         1.5       0.585
  N01456               JUNCTION     0.143    0.201     0  02:23        1.54        1.85       2.815
  N00208               JUNCTION     0.007    0.079     0  02:46      0.0309         0.1       1.899
  N00551               JUNCTION     0.006    0.011     0  01:36      0.0323      0.0574       0.314
  N00159               JUNCTION     0.000    0.006     0  01:42     0.00108       0.033       0.538
  N00499               JUNCTION     0.002    0.129     0  02:07      0.0072        0.64       0.196
  N01520               JUNCTION     0.002    0.086     0  01:36     0.00614       0.118     149.304
  N01919               JUNCTION     0.016    0.016     0  01:40      0.0756      0.0756       0.078
  N01502               JUNCTION     0.000    0.001     0  00:59      0.0039     0.00497      -0.089
  N02541               JUNCTION     0.008    0.008     0  01:35      0.0349      0.0349      -0.259
  N01720               JUNCTION     0.003    0.003     0  01:35      0.0121      0.0135       0.224
  N00127               JUNCTION     0.000    0.000     0  00:55     0.00108     0.00108      -3.787
  N00686               JUNCTION     0.001    0.001     0  01:00     0.00458     0.00458      -2.091
  N00745               JUNCTION     0.002    0.003     0  01:00      0.0107      0.0134      -1.172
  N01278               JUNCTION     0.132    0.132     0  02:00        1.29        1.29       0.325
  N02053               JUNCTION     0.135    0.162     0  01:40        1.91        2.21       3.555
  N01597               JUNCTION     0.001    0.004     0  01:37     0.00288      0.0241       0.055
  N02831               JUNCTION     0.312    0.327     0  01:40        2.33        2.42       0.086
  N02539               JUNCTION     0.020    0.020     0  01:35      0.0836      0.0866       0.521
  N02498               JUNCTION     0.173    0.642     0  02:01       0.823        4.11       0.358
  N01805               JUNCTION     0.002    0.002     0  01:35     0.00949     0.00949      -0.153
  N00172               JUNCTION     0.026    0.031     0  01:31       0.263       0.271      18.116
  N00677               JUNCTION     0.477    0.478     0  02:18        4.16        4.17       0.365
  N02121               JUNCTION     0.005    0.371     0  02:01       0.024        1.93       0.072
  N02605               JUNCTION     0.176    0.378     0  02:04        1.42        3.03       0.842
  N02260               JUNCTION     0.007    0.008     0  01:37       0.037      0.0413      -0.260
  N00215               JUNCTION     0.040    0.040     0  01:40       0.198       0.198      -0.201
  N01809               JUNCTION     0.069    1.145     0  01:45       0.436         8.7       0.349
  N02645               JUNCTION     0.001    0.001     0  01:35     0.00457     0.00457      -1.644
  N01695               JUNCTION     0.064    0.437     0  03:37       0.515        4.44       1.124
  N01577               JUNCTION     0.006    0.006     0  01:38      0.0239      0.0239       0.113
  N02266               JUNCTION     0.079    0.095     0  01:40       0.362       0.431       0.582
  N01042               JUNCTION     0.002    0.002     0  01:00     0.00795     0.00795      -0.064
  N02292               JUNCTION     0.004    0.033     0  01:40      0.0169       0.168       0.249
  N02124               JUNCTION     0.000    0.000     0  00:58     0.00108     0.00108      -2.485
  N01880               JUNCTION     0.003    0.003     0  01:35      0.0125      0.0125       0.027
  N00496               JUNCTION     0.085    1.323     0  02:14       0.457        10.5       0.754
  N01649               JUNCTION     0.007    0.007     0  01:35      0.0338       0.035      -1.156
  N02066               JUNCTION     0.001    0.002     0  01:34     0.00275     0.00859      -0.035
  N00008               JUNCTION     0.593    0.798     0  02:05        4.54        6.15       0.584
  N02447               JUNCTION     0.001    0.001     0  00:59     0.00212     0.00657       0.376
  N00988               JUNCTION     0.001    0.001     0  01:00     0.00551     0.00551       1.641
  N00181               JUNCTION     0.088    0.097     0  02:00       0.663       0.693       1.725
  N00414               JUNCTION     0.000    0.000     0  00:59     0.00197     0.00197      -0.146
  N02552               JUNCTION     0.001    0.001     0  00:59     0.00249     0.00249      -0.603
  N00900               JUNCTION     0.003    0.341     0  01:44      0.0147         2.4       0.219
  N02169               JUNCTION     0.018    0.018     0  01:36      0.0805      0.0805      -0.031
  N00022               JUNCTION     0.140    0.140     0  02:00        1.22        1.22       0.099
  N02097               JUNCTION     0.003    0.668     0  01:41      0.0127        4.25       0.087
  N01420               JUNCTION     0.004    0.011     0  01:00      0.0151      0.0429      -0.158
  N01936               JUNCTION     0.001    0.001     0  01:35     0.00515     0.00515      -1.664
  N01078               JUNCTION     0.018    0.018     0  01:40      0.0799      0.0799       0.035
  N00123               JUNCTION     0.000    0.857     0  02:38     0.00313         9.7       0.806
  N01922               JUNCTION     0.044    0.044     0  01:40        0.18        0.18       0.024
  N00108               JUNCTION     0.065    1.303     0  01:41       0.388        8.26       0.277
  N02317               JUNCTION     0.023    0.023     0  02:03       0.156       0.163       0.767
  N01254               JUNCTION     0.073    0.144     0  02:06       0.653        1.31       0.611
  N02564               JUNCTION     0.049    0.049     0  01:40       0.315       0.315       0.203
  N01701               JUNCTION     0.000    0.000     0  00:57      0.0011      0.0011     -12.107
  N00091               JUNCTION     0.019    0.459     0  01:40      0.0846         2.7       0.097
  N01711               JUNCTION     0.002    0.022     0  01:39     0.00763      0.0576      -0.458
  N02105               JUNCTION     0.001    0.013     0  01:40     0.00244      0.0512       0.081
  N01700               JUNCTION     0.000    0.007     0  02:04    0.000764     0.00281      -6.306
  N00905               JUNCTION     0.000    0.016     0  01:53     0.00158      0.0141      -0.598
  N02418               JUNCTION     0.002    0.002     0  01:00     0.00737     0.00737      -0.364
  N01858               JUNCTION     0.004    1.027     0  01:40      0.0293        8.49       0.012
  N00338               JUNCTION     0.043    0.043     0  01:40       0.328       0.328       0.313
  N01994               JUNCTION     0.001    0.023     0  02:06     0.00133      0.0444      -0.460
  N01395               JUNCTION     0.009    0.776     0  01:41      0.0441        4.16       0.159
  N01795               JUNCTION     0.001    0.312     0  01:45     0.00541        2.09       0.224
  N01719               JUNCTION     0.007    0.007     0  01:37      0.0294      0.0306       3.409
  N01289               JUNCTION     0.167    0.167     0  02:03        1.56        1.56       0.398
  N00153               JUNCTION     0.120    0.152     0  01:40       0.892        1.04       0.428
  N01591               JUNCTION     0.000    0.000     0  00:58     0.00122     0.00122       0.058
  N01684               JUNCTION     0.001    0.015     0  01:40     0.00506      0.0665       0.598
  N01300               JUNCTION     0.000    0.000     0  01:35     0.00345     0.00345      -0.414
  N01328               JUNCTION     0.203    0.384     0  02:45        1.45        1.74       0.148
  N00653               JUNCTION     0.013    0.113     0  01:41       0.128       0.826       1.067
  N01438               JUNCTION     0.003    0.003     0  01:40      0.0138      0.0138      -0.138
  N02117               JUNCTION     0.183    0.183     0  01:40       0.773       0.773       0.317
  N01252               JUNCTION     0.001    0.006     0  01:40     0.00291      0.0273      -0.260
  N02432               JUNCTION     0.002    0.177     0  02:04     0.00845         1.8       0.280
  N02635               JUNCTION     0.001    0.001     0  01:35     0.00356     0.00356      -7.110
  N01388               JUNCTION     0.044    0.044     0  01:40       0.337       0.338       0.127
  N00155               JUNCTION     0.013    0.206     0  01:38      0.0572       0.936      -0.033
  N00376               JUNCTION     0.000    0.000     0  00:55    0.000752    0.000752      -1.133
  N01973               JUNCTION     0.008    0.098     0  01:40      0.0297       0.442       0.197
  N01366               JUNCTION     0.064    0.336     0  01:40       0.304        1.76       0.309
  N00591               JUNCTION     0.005    0.005     0  01:37      0.0223      0.0223      -0.023
  N01382               JUNCTION     0.000    0.008     0  01:36    0.000795      0.0363      -0.307
  N01038               JUNCTION     0.617    0.649     0  03:37        1.99        3.07       2.241
  N01792               JUNCTION     0.020    0.034     0  01:57      0.0846      0.0937      -0.225
  N02780               JUNCTION     0.000    0.014     0  01:41     0.00116      0.0686      -0.066
  N02823               JUNCTION     0.040    0.099     0  01:40       0.261       0.616       0.489
  N01383               JUNCTION     0.001    0.036     0  01:40     0.00322       0.147      -0.020
  N01037               JUNCTION     0.552    2.127     0  03:44        2.53        23.6       0.512
  N00160               JUNCTION     0.022    1.249     0  01:44       0.102        7.88       0.083
  N01643               JUNCTION     0.080    0.080     0  02:40        0.88       0.881       1.095
  N02660               JUNCTION     0.001    0.214     0  02:03     0.00552        1.17       0.219
  N02709               JUNCTION     0.001    0.003     0  01:40     0.00355     0.00634      -0.960
  N01921               JUNCTION     0.000    0.000     0  01:35     0.00302     0.00302      -0.017
  N00071               JUNCTION     0.012    0.017     0  01:59      0.0617      0.0684      -0.183
  N01820               JUNCTION     0.001    0.001     0  01:00     0.00355     0.00355      -1.218
  N01992               JUNCTION     0.001    0.001     0  01:00     0.00482     0.00482      -1.088
  N02530               JUNCTION     0.058    0.058     0  01:38       0.241       0.241       0.009
  N01288               JUNCTION     0.003    0.972     0  03:24      0.0137        11.2       1.068
  N02787               JUNCTION     0.094    0.329     0  02:04       0.571        2.01       0.255
  N00224               JUNCTION     0.002    0.118     0  01:40     0.00748       0.624       0.129
  N01124               JUNCTION     0.002    0.002     0  01:35     0.00841     0.00841      -1.356
  N02722               JUNCTION     0.001    0.199     0  02:11     0.00595        2.15       0.470
  N01354               JUNCTION     0.000    0.000     0  00:56    0.000778    0.000778      -1.305
  N01842               JUNCTION     0.004    0.004     0  01:00      0.0141      0.0141      -0.018
  N00209               JUNCTION     0.001    0.023     0  02:55     0.00336      0.0367      -0.049
  N02567               JUNCTION     0.489    0.806     0  02:10           6        9.65       0.677
  N00233               JUNCTION     0.000    0.004     0  01:40     0.00322      0.0293       0.111
  N01942               JUNCTION     0.110    0.170     0  02:23        0.66        1.06       1.548
  N01540               JUNCTION     0.042    0.042     0  01:40       0.234       0.234       0.392
  N00323               JUNCTION     0.001    1.976     0  01:45     0.00229          17       0.266
  N02510               JUNCTION     0.002    0.002     0  01:40     0.00758     0.00758       0.062
  N00270               JUNCTION     0.020    0.021     0  01:36      0.0899      0.0949      -0.948
  N00364               JUNCTION     0.044    0.044     0  02:40       0.376       0.376       0.211
  N02305               JUNCTION     0.001    0.022     0  01:40     0.00474       0.112       0.178
  N02067               JUNCTION     0.001    0.001     0  01:35     0.00444     0.00444      -0.062
  N01781               JUNCTION     0.008    0.008     0  01:36      0.0307      0.0321       7.425
  N02529               JUNCTION     0.011    0.068     0  01:38       0.053       0.294       0.030
  N01952               JUNCTION     0.052    1.827     0  02:43       0.569          19       0.450
  N00137               JUNCTION     0.002    0.002     0  01:00     0.00701     0.00701      -1.511
  N00380               JUNCTION     0.003    0.083     0  02:29      0.0113       0.401      16.290
  N02494               JUNCTION     0.003    0.281     0  02:44      0.0095        3.12       1.524
  N01412               JUNCTION     0.041    0.071     0  01:40       0.277       0.499       0.466
  N01607               JUNCTION     0.001    0.001     0  01:00     0.00293     0.00293      -0.548
  N01101               JUNCTION     0.020    0.161     0  01:57       0.172       0.688       0.862
  N00437               JUNCTION     0.000    0.000     0  00:59     0.00382     0.00527      -0.024
  N01669               JUNCTION     0.167    2.067     0  02:06        1.56        21.6       0.252
  N00126               JUNCTION     0.054    0.054     0  02:40       0.629       0.629       0.928
  N02801               JUNCTION     0.002    0.039     0  01:40     0.00653      0.0226      -0.907
  N00882               JUNCTION     0.076    0.507     0  03:16        1.01        6.34       0.671
  N02820               JUNCTION     0.223    0.233     0  01:40       0.797       0.845       0.315
  N01129               JUNCTION     0.055    0.055     0  02:42       0.752       0.754       2.451
  N00699               JUNCTION     0.000    0.000     0  01:00     0.00264     0.00264      -0.489
  N01361               JUNCTION     0.001    0.031     0  01:51     0.00655      0.0424      34.020
  N01303               JUNCTION     0.001    0.201     0  02:07     0.00291        2.16       0.386
  N01800               JUNCTION     0.003    0.298     0  01:42      0.0183        1.98       0.076
  N01324               JUNCTION     0.042    0.042     0  02:40       0.121       0.145      16.491
  N02594               JUNCTION     0.000    0.000     0  00:59     0.00156     0.00208       5.356
  N01657               JUNCTION     2.463    6.968     0  02:44        16.2        70.8       0.267
  N02022               JUNCTION     0.001    0.171     0  01:40     0.00615       0.852       0.282
  N02375               JUNCTION     0.007    0.019     0  01:40      0.0423        0.11       0.219
  N00262               JUNCTION     0.000    0.000     0  01:57     0.00155     0.00155      -1.593
  N00918               JUNCTION     0.000    0.000     0  01:00     0.00109     0.00218      -0.209
  N00254               JUNCTION     0.096    0.096     0  01:40       0.685       0.688       2.545
  N00314               JUNCTION     0.000    0.000     0  00:57     0.00108     0.00108      -0.170
  N02838               JUNCTION     0.007    0.007     0  01:40      0.0333      0.0333       0.063
  N01405               JUNCTION     0.001    0.001     0  01:00     0.00372     0.00372      -0.522
  N02239               JUNCTION     0.004    0.069     0  01:37      0.0179       0.318       0.242
  N00806               JUNCTION     0.018    0.018     0  02:00       0.106       0.106      -0.036
  N01860               JUNCTION     0.004    0.468     0  02:00      0.0165        3.26       0.133
  N00350               JUNCTION     0.046    0.096     0  01:40       0.302       0.661       0.079
  N02178               JUNCTION     0.020    0.021     0  02:40       0.259        0.26       2.276
  N00679               JUNCTION     0.000    0.206     0  01:40     0.00323        1.05       0.105
  N00406               JUNCTION     0.027    0.027     0  02:40       0.203       0.203       1.802
  N02736               JUNCTION     0.093    0.094     0  01:43       0.709       0.714       0.306
  N02430               JUNCTION     0.001    0.001     0  01:00     0.00217     0.00217      -0.188
  N01030               JUNCTION     0.004    0.010     0  01:39      0.0167      0.0202      -1.313
  N00848               JUNCTION     0.000    0.000     0  00:59      0.0017      0.0017      -0.142
  N02799               JUNCTION     0.001    0.200     0  02:10     0.00423        2.14       0.659
  N01611               JUNCTION     0.103    0.103     0  02:00       0.836       0.838       0.612
  N01872               JUNCTION     0.001    0.001     0  01:00      0.0017      0.0017      -3.235
  N00106               JUNCTION     0.380    2.202     0  02:08        4.08          19       0.378
  N02674               JUNCTION     0.006    0.006     0  01:00      0.0254      0.0254      -0.025
  N00717               JUNCTION     0.004    0.683     0  01:42      0.0159        4.32       0.127
  N01205               JUNCTION     0.024    0.028     0  01:38       0.118       0.137      -0.319
  N00489               JUNCTION     0.001    0.001     0  01:35     0.00171     0.00171      -2.051
  N01141               JUNCTION     0.001    0.001     0  01:40     0.00324     0.00605       0.019
  N00994               JUNCTION     0.240    0.240     0  01:42        1.44        1.44       0.028
  N00128               JUNCTION     0.023    0.023     0  01:40       0.228       0.228       1.761
  N00202               JUNCTION     0.005    0.120     0  01:17      0.0219       0.111      12.334
  N00285               JUNCTION     0.001    0.029     0  01:42     0.00467      0.0346      -0.916
  N01302               JUNCTION     0.004    0.004     0  01:35      0.0129      0.0136      -0.108
  N02587               JUNCTION     0.002    0.002     0  01:00     0.00577     0.00577      -1.443
  N00851               JUNCTION     0.006    0.356     0  01:43      0.0185        2.08       0.051
  N02615               JUNCTION     0.026    0.026     0  01:36       0.122       0.122      -0.355
  N00187               JUNCTION     0.000    0.000     0  01:35     0.00276     0.00276      -1.160
  N00391               JUNCTION     0.047    0.047     0  02:00       0.423       0.423       0.432
  N01274               JUNCTION     0.003    0.396     0  01:55      0.0113         2.7       0.218
  N02781               JUNCTION     0.007    0.015     0  01:40      0.0284      0.0679       0.684
  N00509               JUNCTION     0.001    0.062     0  02:04     0.00183      0.0915      -0.154
  N01276               JUNCTION     0.008    0.857     0  01:43      0.0314        5.95       0.283
  N01923               JUNCTION     0.001    0.234     0  02:02     0.00512        1.84       0.176
  N00450               JUNCTION     0.011    0.441     0  02:06      0.0429        3.18       0.407
  N02753               JUNCTION     0.014    0.976     0  01:57      0.0562        6.95       0.553
  N00514               JUNCTION     0.002    0.080     0  01:58     0.00659       0.101      -0.369
  N01380               JUNCTION     0.001    0.013     0  01:40      0.0023       0.065       0.156
  N02035               JUNCTION     0.001    0.001     0  01:00     0.00331     0.00331      -0.770
  N00495               JUNCTION     0.097    0.103     0  03:36        1.08        1.11       0.438
  N00949               JUNCTION     0.000    0.000     0  00:59     0.00107     0.00107      -0.629
  N01130               JUNCTION     0.074    0.074     0  03:32       0.923       0.926       1.051
  N01743               JUNCTION     0.004    0.009     0  01:40      0.0202      0.0484       0.290
  N01627               JUNCTION     0.000    0.000     0  01:00     0.00111     0.00111      -4.644
  N01425               JUNCTION     0.002    0.002     0  01:00     0.00527     0.00636      -0.465
  N01120               JUNCTION     0.018    0.198     0  03:36      0.0922        2.07       1.266
  N00622               JUNCTION     0.000    0.000     0  00:59     0.00157     0.00157      -2.214
  N01071               JUNCTION     0.001    0.064     0  01:58     0.00338       0.291       0.218
  N00739               JUNCTION     0.011    0.011     0  01:36      0.0548      0.0548       0.053
  N00098               JUNCTION     0.063    0.063     0  01:40       0.349       0.349       0.051
  N01764               JUNCTION     0.001    0.019     0  01:47     0.00322      0.0245       0.781
  N01655               JUNCTION     0.992    0.992     0  04:32        5.81        5.83       0.206
  N02282               JUNCTION     0.000    0.000     0  00:59     0.00107     0.00107      -3.105
  N00378               JUNCTION     0.000    0.000     0  00:59     0.00111     0.00111      -1.443
  N00608               JUNCTION     0.000    0.000     0  01:00     0.00132     0.00132      -3.031
  N02216               JUNCTION     0.000    0.000     0  00:58     0.00108     0.00108      -0.221
  N00992               JUNCTION     0.075    0.162     0  01:40       0.333       0.744       0.054
  N02546               JUNCTION     0.004    0.004     0  01:00      0.0193       0.021       0.003
  N01490               JUNCTION     0.002    0.002     0  01:35     0.00606     0.00606      -1.939
  N01791               JUNCTION     0.036    0.037     0  01:40       0.272       0.304       0.142
  N00794               JUNCTION     0.001    0.055     0  02:49     0.00243       0.193      10.432
  N02654               JUNCTION     0.000    0.121     0  01:48     0.00136       0.609       0.074
  N02111               JUNCTION     0.003    0.335     0  01:42       0.015        2.99       5.314
  N00294               JUNCTION     0.002    0.013     0  02:02     0.00722      0.0228      -0.972
  N01817               JUNCTION     0.001    0.001     0  01:00     0.00497     0.00497      -1.254
  N00980               JUNCTION     0.061    0.061     0  01:40        0.28        0.28       0.046
  N00623               JUNCTION     0.000    0.000     0  00:59    0.000775    0.000775      -0.695
  N02791               JUNCTION     0.023    0.350     0  02:06       0.111        2.58       0.497
  N01266               JUNCTION     0.001    0.001     0  01:00     0.00272     0.00442      -0.784
  N01338               JUNCTION     0.540    0.564     0  02:16        3.47        3.59       0.138
  N01381               JUNCTION     0.025    0.033     0  01:36       0.111       0.148       1.372
  N02727               JUNCTION     0.003    0.003     0  01:00       0.011       0.011      -4.504
  N01269               JUNCTION     0.003    0.836     0  02:42      0.0111         8.7       2.289
  N01950               JUNCTION     0.001    0.055     0  01:42     0.00549      0.0763      16.339
  N01660               JUNCTION     0.048    0.071     0  02:40       0.252       0.546       2.151
  N00306               JUNCTION     0.016    0.016     0  01:40      0.0871      0.0871      -0.227
  N02743               JUNCTION     0.000    0.000     0  01:00     0.00112     0.00112      -1.374
  N01008               JUNCTION     0.001    0.001     0  01:00     0.00222     0.00222      -0.316
  N01991               JUNCTION     0.002    0.002     0  02:00      0.0119      0.0134       0.597
  N02075               JUNCTION     0.001    0.001     0  01:35      0.0031      0.0031      -1.978
  N01330               JUNCTION     0.020    0.161     0  01:40      0.0827       0.675      -0.117
  N00606               JUNCTION     0.189    0.415     0  01:40        1.07        2.15       0.126
  N02625               JUNCTION     0.060    0.060     0  01:36        0.26        0.26       0.231
  N00349               JUNCTION     0.000    0.000     0  01:32     0.00079     0.00079      -4.524
  N01496               JUNCTION     0.000    0.000     0  00:59     0.00301     0.00301      -0.457
  N01900               JUNCTION     0.004    0.082     0  01:37      0.0139       0.369      -0.031
  N01211               JUNCTION     0.007    0.007     0  01:37      0.0309       0.032       0.532
  N01373               JUNCTION     0.001    0.051     0  01:42     0.00226        0.28       0.174
  N00422               JUNCTION     0.000    0.002     0  01:36     0.00297     0.00371      -0.708
  N01117               JUNCTION     0.038    0.038     0  01:39        0.19        0.19      -0.184
  N00818               JUNCTION     0.001    0.001     0  01:00     0.00423     0.00775       0.291
  N02098               JUNCTION     0.022    0.671     0  01:40      0.0957        4.24       0.142
  N02748               JUNCTION     0.001    0.001     0  01:00      0.0027     0.00386       0.155
  N01010               JUNCTION     0.000    0.032     0  01:38     0.00107        0.14       0.171
  N01006               JUNCTION     0.008    0.009     0  01:37      0.0348      0.0371      -0.794
  N01882               JUNCTION     0.000    0.000     0  01:00     0.00155     0.00155      -0.904
  N01404               JUNCTION     0.001    0.001     0  01:00     0.00275     0.00275      -3.901
  N00877               JUNCTION     0.055    0.260     0  02:08       0.736         2.9       1.892
  N02048               JUNCTION     0.005    0.050     0  01:37      0.0236        0.23       0.149
  N00293               JUNCTION     0.203    0.203     0  02:03        2.43        2.43       0.084
  N00277               JUNCTION     0.001    0.204     0  01:43     0.00268        1.08       0.444
  N01334               JUNCTION     0.001    0.001     0  01:00     0.00299     0.00299      -8.064
  N02005               JUNCTION     0.008    0.008     0  01:40      0.0488      0.0488       0.054
  N00797               JUNCTION     0.689    0.689     0  03:06        7.48        7.48       0.153
  N00189               JUNCTION     0.130    0.130     0  02:03        1.01        1.01       1.971
  N00321               JUNCTION     0.027    0.865     0  01:46       0.127        6.08       0.211
  N02297               JUNCTION     0.002    0.126     0  01:41     0.00969       0.822       0.061
  N02728               JUNCTION     0.045    0.269     0  02:00       0.385        1.49       0.303
  N00278               JUNCTION     0.000    0.062     0  02:42     0.00133        0.78       0.593
  N02545               JUNCTION     0.005    0.018     0  01:42      0.0289       0.041       3.093
  N01659               JUNCTION     0.079    0.079     0  03:33       0.966       0.967       2.215
  N02517               JUNCTION     0.000    0.383     0  01:48     0.00419        2.61       0.228
  N00429               JUNCTION     0.012    0.038     0  01:37      0.0604       0.186       0.100
  N00315               JUNCTION     0.000    0.000     0  00:57     0.00262     0.00262      -0.943
  N01176               JUNCTION     0.002    0.034     0  02:02     0.00624         0.3       0.320
  OUT01                OUTFALL      0.000    0.053     0  02:06           0       0.473       0.000
  OUT02                OUTFALL      0.000    0.391     0  02:06           0        2.48       0.000
  OUT03                OUTFALL      0.000    0.683     0  02:04           0        4.94       0.000
  OUT04                OUTFALL      0.000    0.778     0  01:41           0        4.15       0.000
  OUT05                OUTFALL      0.000    0.870     0  03:12           0        9.47       0.000
  OUT06                OUTFALL      0.000    0.171     0  02:09           0        1.64       0.000
  OUT07                OUTFALL      0.000    0.091     0  01:43           0       0.372       0.000
  OUT08                OUTFALL      0.000    2.384     0  02:42           0        25.3       0.000
  OUT09                OUTFALL      0.000    1.467     0  02:04           0        10.7       0.000
  OUT10                OUTFALL      0.000    0.325     0  02:09           0        3.57       0.000
  OUT11                OUTFALL      0.000    0.122     0  01:43           0       0.971       0.000
  OUT12                OUTFALL      0.000    0.070     0  01:44           0       0.657       0.000
  OUT13                OUTFALL      0.000    0.386     0  02:41           0        4.42       0.000
  OUT14                OUTFALL      0.000    0.307     0  01:44           0        2.26       0.000
  OUT15                OUTFALL      0.000    0.384     0  02:09           0        4.09       0.000
  OUT16                OUTFALL      0.000    0.202     0  02:03           0        2.43       0.000
  OUT17                OUTFALL      0.000    5.624     0  03:08           0        72.5       0.000
  OUT18                OUTFALL      0.000    0.480     0  02:05           0        3.48       0.000
  OUT19                OUTFALL      0.000    0.311     0  02:09           0        2.74       0.000
  OUT20                OUTFALL      0.000    0.223     0  02:05           0        1.86       0.000
  OUT21                OUTFALL      0.000    0.000     0  01:00           0     0.00221       0.000
  OUT22                OUTFALL      0.000    0.008     0  01:41           0      0.0394       0.000
  OUT23                OUTFALL      0.000    0.045     0  01:42           0        0.26       0.000
  OUT24                OUTFALL      0.000    0.436     0  02:09           0        3.16       0.000
  OUT25                OUTFALL      0.000    0.098     0  01:41           0       0.365       0.000
  OUT26                OUTFALL      0.000    0.456     0  02:29           0        4.25       0.000
  OUT27                OUTFALL      0.000    2.129     0  02:42           0        20.8       0.000
  OUT28                OUTFALL      0.000    1.301     0  02:15           0        10.3       0.000
  OUT29                OUTFALL      0.000    0.993     0  02:21           0        9.48       0.000
  OUT30                OUTFALL      0.000    1.148     0  02:09           0        10.3       0.000
  OUT31                OUTFALL      0.000    0.025     0  03:33           0       0.254       0.000
  OUT32                OUTFALL      0.000    0.381     0  01:45           0        2.53       0.000
  OUT33                OUTFALL      0.000    0.110     0  01:43           0       0.817       0.000
  OUT34                OUTFALL      0.000    0.001     0  01:00           0      0.0032       0.000
  OUT35                OUTFALL      0.000    0.655     0  02:13           0        6.02       0.000
  OUT36                OUTFALL      0.000    0.242     0  01:43           0        2.59       0.000
  OUT37                OUTFALL      0.000    0.089     0  02:42           0        1.17       0.000
  OUT38                OUTFALL      0.000    0.001     0  01:35           0     0.00245       0.000
  OUT39                OUTFALL      0.000    0.011     0  01:36           0      0.0548       0.000
  OUT40                OUTFALL      0.000    0.096     0  02:03           0       0.527       0.000
  OUT41                OUTFALL      0.000    0.591     0  02:06           0        4.31       0.000
  OUT42                OUTFALL      0.000    0.174     0  01:48           0        1.71       0.000
  OUT43                OUTFALL      0.000    0.001     0  01:00           0     0.00339       0.000
  OUT44                OUTFALL      0.000    0.024     0  02:41           0       0.297       0.000
  OUT45                OUTFALL      0.000    0.037     0  01:37           0       0.199       0.000
  OUT46                OUTFALL      0.000    0.287     0  02:09           0        2.78       0.000
  OUT47                OUTFALL      0.000    0.744     0  02:02           0        5.54       0.000
  OUT48                OUTFALL      0.000    0.036     0  01:40           0       0.166       0.000
  OUT49                OUTFALL      0.000    0.355     0  01:44           0        2.08       0.000
  OUT50                OUTFALL      0.000    0.798     0  01:48           0        7.99       0.000
  OUT51                OUTFALL      0.000    1.418     0  02:06           0        10.4       0.000
  OUT52                OUTFALL      0.000    0.122     0  03:32           0        1.55       0.000
  OUT53                OUTFALL      0.000    0.339     0  02:10           0        2.56       0.000
  OUT54                OUTFALL      0.000    1.325     0  02:01           0        9.98       0.000
  OUT55                OUTFALL      0.000    0.004     0  01:39           0      0.0186       0.000
  OUT56                OUTFALL      0.000    0.336     0  01:44           0        2.39       0.000
  OUT57                OUTFALL      0.000    0.868     0  01:40           0        3.28       0.000
  OUT58                OUTFALL      0.000    0.257     0  01:42           0        1.47       0.000
  OUT59                OUTFALL      0.000    0.059     0  01:42           0       0.286       0.000
  OUT60                OUTFALL      0.000    0.239     0  01:42           0        1.44       0.000
  OUT61                OUTFALL      0.000    0.096     0  02:24           0        0.63       0.000
  OUT62                OUTFALL      0.000    0.124     0  03:32           0        1.67       0.000
  OUT63                OUTFALL      0.000    0.001     0  01:00           0     0.00439       0.000
  OUT64                OUTFALL      0.000    0.061     0  01:59           0       0.291       0.000
  OUT65                OUTFALL      0.000    0.121     0  01:40           0       0.782       0.000
  OUT66                OUTFALL      0.000    0.724     0  02:41           0        8.12       0.000
  OUT67                OUTFALL      0.000    0.056     0  02:44           0       0.568       0.000
  OUT68                OUTFALL      0.000    0.186     0  02:17           0        1.37       0.000
  OUT69                OUTFALL      0.000    0.577     0  02:48           0        5.98       0.000
  OUT70                OUTFALL      0.000    0.001     0  01:40           0     0.00337       0.000
  OUT71                OUTFALL      0.000    0.054     0  01:41           0       0.269       0.000
  OUT72                OUTFALL      0.000    0.115     0  03:34           0        1.51       0.000
  OUT73                OUTFALL      0.000    0.009     0  01:36           0      0.0359       0.000
  OUT74                OUTFALL      0.000    0.034     0  02:05           0       0.306       0.000
  OUT75                OUTFALL      0.000    0.403     0  02:42           0        5.46       0.000
  OUT76                OUTFALL      0.000    0.041     0  01:43           0        0.22       0.000
  OUT77                OUTFALL      0.000    0.334     0  02:04           0        3.33       0.000
  OUT78                OUTFALL      0.000    0.139     0  02:09           0         1.3       0.000
  OUT79                OUTFALL      0.000    0.024     0  02:28           0       0.162       0.000
  OUT80                OUTFALL      0.000    0.212     0  01:41           0        1.01       0.000
  OUT81                OUTFALL      0.000    0.092     0  01:42           0       0.438       0.000
  OUT82                OUTFALL      0.000    0.854     0  02:45           0        7.59       0.000
  OUT83                OUTFALL      0.000    0.001     0  01:40           0      0.0114       0.000
  OUT84                OUTFALL      0.000    0.572     0  02:17           0        3.58       0.000
  OUT85                OUTFALL      0.000    1.413     0  02:41           0        14.1       0.000
  OUT86                OUTFALL      0.000    0.324     0  01:41           0        1.75       0.000
  OUT87                OUTFALL      0.000    0.051     0  01:44           0        0.28       0.000
  OUT88                OUTFALL      0.000    0.020     0  01:41           0       0.084       0.000
  OUT89                OUTFALL      0.000    0.183     0  01:44           0        1.39       0.000
  OUT90                OUTFALL      0.000    0.180     0  01:42           0        1.06       0.000
  OUT91                OUTFALL      0.000    0.042     0  01:42           0        0.22       0.000
  OUT92                OUTFALL      0.000    0.004     0  01:35           0      0.0149       0.000
  OUT93                OUTFALL      0.000    0.859     0  02:09           0        7.24       0.000
  OUT94                OUTFALL      0.000    2.465     0  02:08           0          23       0.000
  OUT95                OUTFALL      0.000    0.082     0  02:05           0       0.959       0.000
  OUT96                OUTFALL      0.000    0.147     0  02:07           0        1.37       0.000
  OUT97                OUTFALL      0.000    0.032     0  01:40           0       0.147       0.000
  OUT98                OUTFALL      0.000    0.577     0  02:38           0        7.73       0.000
  OUT99                OUTFALL      0.000    0.724     0  03:25           0        9.79       0.000
  OUT100               OUTFALL      0.000    0.198     0  02:09           0        1.61       0.000
  OUT101               OUTFALL      0.000    0.093     0  02:03           0       0.961       0.000
  OUT102               OUTFALL      0.000    0.000     0  01:00           0     0.00122       0.000
  OUT103               OUTFALL      0.000    0.248     0  02:06           0        2.29       0.000
  OUT104               OUTFALL      0.000    0.577     0  02:45           0        6.29       0.000
  OUT105               OUTFALL      0.000    0.381     0  02:09           0        3.77       0.000
  OUT106               OUTFALL      0.000    5.608     0  02:39           0        70.3       0.000
  OUT107               OUTFALL      0.000    2.069     0  02:06           0        21.5       0.000
  OUT108               OUTFALL      0.000    0.014     0  01:42           0      0.0662       0.000
  OUT109               OUTFALL      0.000    0.041     0  01:41           0       0.198       0.000
  OUT110               OUTFALL      0.000    0.223     0  03:41           0        2.08       0.000
  OUT111               OUTFALL      0.000    0.082     0  01:40           0       0.902       0.000
  OUT112               OUTFALL      0.000    1.211     0  03:41           0        12.5       0.000
  OUT113               OUTFALL      0.000    0.324     0  02:07           0        2.91       0.000
  OUT114               OUTFALL      0.000    0.008     0  01:39           0      0.0335       0.000
  OUT115               OUTFALL      0.000    0.039     0  01:39           0       0.155       0.000
  OUT116               OUTFALL      0.000    0.133     0  01:42           0       0.664       0.000
  OUT117               OUTFALL      0.000    0.002     0  01:40           0     0.00683       0.000
  OUT118               OUTFALL      0.000    0.166     0  01:44           0        1.32       0.000
  OUT119               OUTFALL      0.000    0.161     0  02:06           0        1.38       0.000
  OUT120               OUTFALL      0.000    0.274     0  02:09           0        2.78       0.000
  OUT121               OUTFALL      0.000    0.266     0  02:06           0        2.49       0.000
  OUT122               OUTFALL      0.000    0.037     0  01:40           0       0.304       0.000
  OUT123               OUTFALL      0.000    0.418     0  01:43           0        2.87       0.000
  OUT124               OUTFALL      0.000    1.147     0  01:45           0        8.65       0.000
  OUT125               OUTFALL      0.000    0.786     0  02:15           0        5.47       0.000
  OUT126               OUTFALL      0.000    0.017     0  01:40           0      0.0729       0.000
  OUT127               OUTFALL      0.000    0.001     0  01:02           0     0.00337       0.000
  OUT128               OUTFALL      0.000    0.053     0  01:42           0       0.273       0.000
  OUT129               OUTFALL      0.000    0.023     0  01:41           0       0.115       0.000
  OUT130               OUTFALL      0.000    0.275     0  02:06           0        2.32       0.000
  OUT131               OUTFALL      0.000    0.361     0  02:04           0        3.17       0.000
  OUT132               OUTFALL      0.000    1.167     0  02:05           0        8.47       0.000
  OUT133               OUTFALL      0.000    0.506     0  02:42           0        5.56       0.000
  OUT134               OUTFALL      0.000    1.402     0  02:34           0        13.4       0.000
  OUT135               OUTFALL      0.000    0.256     0  02:04           0        2.01       0.000
  OUT136               OUTFALL      0.000    1.581     0  02:06           0        14.1       0.000
  OUT137               OUTFALL      0.000    0.017     0  02:42           0       0.104       0.000
  OUT138               OUTFALL      0.000    0.005     0  01:38           0      0.0225       0.000
  OUT139               OUTFALL      0.000    0.001     0  01:00           0     0.00291       0.000
  OUT140               OUTFALL      0.000    0.062     0  01:41           0       0.362       0.000
  OUT141               OUTFALL      0.000    0.852     0  02:01           0        7.85       0.000
  OUT142               OUTFALL      0.000    0.008     0  01:40           0      0.0488       0.000
  OUT143               OUTFALL      0.000    0.003     0  01:40           0      0.0151       0.000
  OUT144               OUTFALL      0.000    0.007     0  02:41           0      0.0475       0.000
  OUT145               OUTFALL      0.000    0.005     0  01:37           0      0.0286       0.000
  OUT146               OUTFALL      0.000    0.084     0  01:40           0       0.416       0.000
  OUT147               OUTFALL      0.000    0.034     0  01:41           0       0.136       0.000
  OUT148               OUTFALL      0.000    0.002     0  01:37           0      0.0118       0.000
  OUT149               OUTFALL      0.000    1.970     0  02:00           0        23.4       0.000
  OUT150               OUTFALL      0.000    1.149     0  02:09           0        11.6       0.000
  OUT151               OUTFALL      0.000    0.012     0  01:40           0      0.0589       0.000
  OUT152               OUTFALL      0.000    0.347     0  02:02           0        3.11       0.000
  OUT153               OUTFALL      0.000    0.370     0  02:01           0        1.93       0.000
  OUT154               OUTFALL      0.000    0.117     0  02:09           0        1.08       0.000
  OUT155               OUTFALL      0.000    0.134     0  01:42           0       0.697       0.000
  OUT156               OUTFALL      0.000    0.198     0  02:11           0         1.4       0.000
  OUT157               OUTFALL      0.000    0.125     0  01:41           0       0.694       0.000
  OUT158               OUTFALL      0.000    0.160     0  01:42           0        1.75       0.000
  OUT159               OUTFALL      0.000    0.100     0  02:09           0        1.26       0.000
  OUT160               OUTFALL      0.000    0.016     0  02:43           0       0.157       0.000
  OUT161               OUTFALL      0.000    0.002     0  01:40           0      0.0103       0.000
  OUT162               OUTFALL      0.000    0.001     0  01:00           0     0.00523       0.000
  OUT163               OUTFALL      0.000    0.883     0  01:39           0        5.96       0.000
  OUT164               OUTFALL      0.000    1.387     0  01:44           0         6.3       0.000
  OUT165               OUTFALL      0.000    0.312     0  01:43           0        1.91       0.000
  OUT166               OUTFALL      0.000    0.243     0  01:40           0        1.55       0.000
  OUT167               OUTFALL      0.000    0.003     0  01:38           0      0.0113       0.000
  OUT168               OUTFALL      0.000    0.086     0  01:44           0       0.566       0.000
  OUT169               OUTFALL      0.000    0.007     0  01:38           0      0.0306       0.000
  OUT170               OUTFALL      0.000    0.028     0  01:36           0       0.124       0.000
  OUT171               OUTFALL      0.000    0.009     0  01:40           0      0.0752       0.000
  OUT172               OUTFALL      0.000    0.130     0  02:06           0       0.996       0.000
  OUT173               OUTFALL      0.000    0.000     0  01:00           0     0.00153       0.000
  OUT174               OUTFALL      0.000    0.971     0  02:42           0          11       0.000
  OUT175               OUTFALL      0.000    0.113     0  02:40           0        1.22       0.000
  OUT176               OUTFALL      0.000    0.205     0  02:09           0        2.02       0.000
  OUT177               OUTFALL      0.000    0.384     0  02:10           0        4.63       0.000
  OUT178               OUTFALL      0.000    1.277     0  02:07           0          11       0.000
  OUT179               OUTFALL      0.000    0.000     0  01:38           0     0.00104       0.000
  OUT180               OUTFALL      0.000    0.120     0  02:43           0         1.3       0.000
  OUT181               OUTFALL      0.000    0.858     0  02:04           0        6.93       0.000
  OUT182               OUTFALL      0.000    2.250     0  01:57           0        17.2       0.000
  OUT183               OUTFALL      0.000    0.815     0  02:13           0        8.71       0.000
  OUT184               OUTFALL      0.000    0.017     0  02:08           0       0.118       0.000
  OUT185               OUTFALL      0.000    0.558     0  02:45           0        6.73       0.000
  OUT186               OUTFALL      0.000    0.000     0  01:00           0     0.00181       0.000
  OUT187               OUTFALL      0.000    0.002     0  01:40           0     0.00757       0.000
  OUT188               OUTFALL      0.000    0.101     0  01:43           0       0.487       0.000
  OUT189               OUTFALL      0.000    0.002     0  01:40           0      0.0112       0.000
  OUT190               OUTFALL      0.000    0.509     0  01:44           0        2.63       0.000
  OUT191               OUTFALL      0.000    0.000     0  01:00           0     0.00131       0.000
  OUT192               OUTFALL      0.000    0.000     0  01:00           0     0.00107       0.000
  OUT193               OUTFALL      0.000    0.095     0  01:42           0       0.422       0.000
  OUT194               OUTFALL      0.000    0.822     0  02:10           0        9.57       0.000
  OUT195               OUTFALL      0.000    0.574     0  03:35           0        5.51       0.000
  OUT196               OUTFALL      0.000    0.027     0  01:41           0       0.139       0.000
  OUT197               OUTFALL      0.000    0.008     0  01:41           0      0.0392       0.000
  OUT198               OUTFALL      0.000    0.060     0  01:41           0       0.322       0.000
  OUT199               OUTFALL      0.000    0.000     0  01:00           0     0.00145       0.000
  OUT200               OUTFALL      0.000    0.008     0  01:40           0      0.0413       0.000
  OUT201               OUTFALL      0.000    0.110     0  01:44           0       0.769       0.000
  OUT202               OUTFALL      0.000    0.720     0  02:05           0        4.58       0.000
  OUT203               OUTFALL      0.000    0.000     0  03:01           0     0.00261       0.000
  OUT204               OUTFALL      0.000    0.670     0  01:45           0        4.54       0.000
  OUT205               OUTFALL      0.000    1.901     0  02:08           0        12.6       0.000
  OUT206               OUTFALL      0.000    0.000     0  01:00           0    0.000986       0.000
  OUT207               OUTFALL      0.000    0.318     0  02:47           0        2.45       0.000
  OUT208               OUTFALL      0.000    0.309     0  01:49           0        2.95       0.000
  OUT209               OUTFALL      0.000    0.176     0  02:04           0        1.59       0.000
  OUT210               OUTFALL      0.000    0.000     0  01:00           0     0.00108       0.000
  OUT211               OUTFALL      0.000    0.214     0  02:43           0        2.34       0.000
  OUT212               OUTFALL      0.000    0.092     0  01:57           0       0.637       0.000
  OUT213               OUTFALL      0.000    0.323     0  02:07           0           2       0.000
  OUT214               OUTFALL      0.000    1.656     0  02:42           0        14.7       0.000
  OUT215               OUTFALL      0.000    0.949     0  02:05           0        8.93       0.000
  OUT216               OUTFALL      0.000    0.155     0  02:05           0        1.51       0.000
  OUT217               OUTFALL      0.000    0.158     0  02:43           0        1.68       0.000
  OUT218               OUTFALL      0.000    0.219     0  01:41           0       0.843       0.000
  OUT219               OUTFALL      0.000    0.602     0  03:11           0        6.63       0.000
  OUT220               OUTFALL      0.000    0.080     0  01:39           0       0.364       0.000
  OUT221               OUTFALL      0.000    0.039     0  02:00           0       0.422       0.000
  
  
  **********************
  Node Surcharge Summary
  **********************
  
  Surcharging occurs when water rises above the top of the highest conduit.
  ---------------------------------------------------------------------
                                               Max. Height   Min. Depth
                                   Hours       Above Crown    Below Rim
  Node                 Type      Surcharged         Meters       Meters
  ---------------------------------------------------------------------
  N00510               JUNCTION        0.01          0.032        0.668
  N02472               JUNCTION        2.94          0.165        0.363
  N00184               JUNCTION        2.92          0.208        0.492
  N02261               JUNCTION        0.55          0.022        0.278
  N00096               JUNCTION        0.35          0.011        2.098
  N02141               JUNCTION        3.10          0.268        0.432
  N01343               JUNCTION        4.37          0.379        0.321
  N00485               JUNCTION        1.16          0.163        0.537
  N00304               JUNCTION        4.58          0.841        0.000
  N01271               JUNCTION        1.66          0.545        0.155
  N02147               JUNCTION        4.80          1.038        0.000
  N02088               JUNCTION        3.28          0.358        0.373
  N02461               JUNCTION        3.14          0.171        0.529
  N01629               JUNCTION        2.56          0.145        0.555
  N02485               JUNCTION        0.92          0.095        0.605
  N00221               JUNCTION        1.25          0.396        0.199
  N02454               JUNCTION        0.04          0.007        0.693
  N02705               JUNCTION        1.77          0.279        0.221
  N00814               JUNCTION        0.16          0.088        0.612
  N02623               JUNCTION        4.41          0.422        0.358
  N01876               JUNCTION        2.97          0.072        0.442
  N01710               JUNCTION        3.58          0.387        0.345
  N00872               JUNCTION        0.64          0.155        0.545
  N02082               JUNCTION        4.49          0.514        0.000
  N01344               JUNCTION        1.70          0.102        0.271
  N02642               JUNCTION        0.52          0.078        0.222
  N00196               JUNCTION        2.58          0.231        0.469
  N00543               JUNCTION        3.44          0.138        0.576
  N01270               JUNCTION        1.54          0.194        0.306
  N02311               JUNCTION        1.88          0.231        0.469
  N01370               JUNCTION        0.88          0.407        0.293
  N02514               JUNCTION        4.13          0.763        0.000
  N01069               JUNCTION        1.67          0.109        0.591
  N00855               JUNCTION        2.76          0.064        1.085
  N01287               JUNCTION        2.70          0.521        0.000
  N01728               JUNCTION        0.81          0.102        0.598
  N01559               JUNCTION        0.92          0.114        0.586
  N01928               JUNCTION        1.88          0.147        0.280
  N00284               JUNCTION        0.72          0.115        0.665
  N00200               JUNCTION        1.71          0.088        0.736
  N00280               JUNCTION        4.58          0.790        0.417
  N01953               JUNCTION        2.81          0.507        0.000
  N00907               JUNCTION        3.47          0.176        0.524
  N00963               JUNCTION        2.21          0.777        0.000
  N02084               JUNCTION        4.47          0.183        0.517
  N02090               JUNCTION        2.52          0.036        0.591
  N02145               JUNCTION        4.75          0.721        0.000
  N01873               JUNCTION        2.28          0.019        1.079
  N00281               JUNCTION        4.61          0.951        0.000
  N00193               JUNCTION        2.33          0.522        0.178
  N01794               JUNCTION        2.26          0.241        0.459
  N01886               JUNCTION        1.04          0.234        0.466
  N00180               JUNCTION        2.28          0.797        0.000
  N02213               JUNCTION        0.29          0.153        0.547
  N00854               JUNCTION        2.78          0.711        0.000
  N00479               JUNCTION        1.74          0.108        0.592
  N00122               JUNCTION        2.35          0.369        0.521
  N01870               JUNCTION        1.31          0.546        0.154
  N02132               JUNCTION        3.23          0.367        0.333
  N00687               JUNCTION        3.80          0.136        0.564
  N00298               JUNCTION        4.54          0.393        0.056
  N01031               JUNCTION        2.50          0.214        0.336
  N01788               JUNCTION        2.37          0.225        0.336
  N01467               JUNCTION        1.84          0.192        0.508
  N00176               JUNCTION        2.13          0.232        0.268
  N01455               JUNCTION        2.73          0.144        0.556
  N02087               JUNCTION        4.48          0.182        0.518
  N01694               JUNCTION        0.81          0.199        0.671
  N01754               JUNCTION        0.82          0.102        0.598
  N02501               JUNCTION        0.96          0.203        0.497
  N00167               JUNCTION        1.01          0.351        0.349
  N02280               JUNCTION        2.62          0.142        0.558
  N02640               JUNCTION        0.58          0.046        1.146
  N01847               JUNCTION        1.86          0.361        0.339
  N01483               JUNCTION        1.54          0.505        0.195
  N01551               JUNCTION        4.20          0.445        0.255
  N02083               JUNCTION        4.49          0.366        0.134
  N00333               JUNCTION        1.31          0.528        0.228
  N00173               JUNCTION        4.37          0.358        0.342
  N02747               JUNCTION        3.37          0.333        0.367
  N01621               JUNCTION        2.02          0.194        0.306
  N01421               JUNCTION        1.80          1.002        0.000
  N00513               JUNCTION        4.12          0.708        0.000
  N01519               JUNCTION        4.36          0.424        0.276
  N02112               JUNCTION        4.57          0.388        0.662
  N02622               JUNCTION        4.37          0.397        0.303
  N00332               JUNCTION        0.72          0.231        0.469
  N00109               JUNCTION        0.48          0.054        0.315
  N00692               JUNCTION        0.65          0.163        0.137
  N02794               JUNCTION        2.70          0.506        0.000
  N00693               JUNCTION        0.75          0.231        1.550
  N02352               JUNCTION        3.80          0.212        0.532
  N02277               JUNCTION        0.19          0.079        0.621
  N00829               JUNCTION        0.56          0.058        0.528
  N00168               JUNCTION        2.29          0.212        0.488
  N00916               JUNCTION        0.42          0.054        0.446
  N00798               JUNCTION        2.39          0.405        0.295
  N01951               JUNCTION        2.36          0.264        0.036
  N00223               JUNCTION        1.95          0.102        0.598
  N02444               JUNCTION        1.05          0.016        0.792
  N00500               JUNCTION        2.22          0.074        0.557
  N01709               JUNCTION        0.20          0.084        0.616
  N02354               JUNCTION        0.97          0.040        0.510
  N00592               JUNCTION        0.84          0.251        0.449
  N01066               JUNCTION        0.22          0.044        0.656
  N01548               JUNCTION        0.70          0.033        0.667
  N01967               JUNCTION        1.46          0.355        0.345
  N01884               JUNCTION        1.21          0.263        0.487
  N00890               JUNCTION        1.10          0.054        0.646
  N00879               JUNCTION        3.15          0.390        0.310
  N01466               JUNCTION        2.21          0.271        0.429
  N00792               JUNCTION        2.51          0.352        0.348
  N00175               JUNCTION        3.69          0.064        0.360
  N00902               JUNCTION        2.57          0.185        0.515
  N00685               JUNCTION        3.80          0.107        0.593
  N01482               JUNCTION        4.38          0.373        0.327
  N02253               JUNCTION        2.17          0.078        0.836
  N00299               JUNCTION        4.55          0.630        0.000
  N00307               JUNCTION        4.58          1.059        0.000
  N01469               JUNCTION        2.90          0.099        0.286
  N01468               JUNCTION        3.70          0.480        0.220
  N02114               JUNCTION        2.69          0.422        0.318
  N01863               JUNCTION        0.92          0.364        0.336
  N01561               JUNCTION        3.17          0.036        0.592
  N02326               JUNCTION        0.96          0.187        0.513
  N01868               JUNCTION        1.68          0.228        0.272
  N01862               JUNCTION        0.94          0.555        0.145
  N01656               JUNCTION        4.74          0.776        0.000
  N00795               JUNCTION        2.47          0.316        0.384
  N02721               JUNCTION        0.03          0.002        0.954
  N02113               JUNCTION        0.22          0.023        0.697
  N00487               JUNCTION        2.49          0.348        0.352
  N02547               JUNCTION        0.23          0.114        0.586
  N02497               JUNCTION        1.16          0.510        0.342
  N01485               JUNCTION        0.86          0.081        0.619
  N01707               JUNCTION        3.14          0.044        0.651
  N01345               JUNCTION        2.97          0.440        0.260
  N01971               JUNCTION        0.86          0.076        0.624
  N00816               JUNCTION        1.71          0.605        0.095
  N00086               JUNCTION        0.47          0.085        0.615
  N00330               JUNCTION        4.38          0.463        0.280
  N00343               JUNCTION        2.89          0.711        0.000
  N00964               JUNCTION        4.38          0.384        0.316
  N01486               JUNCTION        0.35          0.036        0.664
  N02471               JUNCTION        2.07          0.155        0.345
  N02442               JUNCTION        1.87          0.229        0.471
  N00190               JUNCTION        1.90          0.802        0.000
  N02802               JUNCTION        3.08          0.275        0.296
  N02650               JUNCTION        0.45          0.040        0.460
  N00191               JUNCTION        4.39          0.423        0.319
  N02655               JUNCTION        0.45          0.028        1.856
  N01550               JUNCTION        0.04          0.016        0.684
  N02085               JUNCTION        4.54          0.463        0.237
  N01757               JUNCTION        3.31          0.316        0.384
  N00302               JUNCTION        4.58          0.759        0.000
  N01739               JUNCTION        0.80          0.101        0.599
  N00861               JUNCTION        2.11          0.067        0.433
  N01555               JUNCTION        0.92          0.082        0.955
  N00084               JUNCTION        0.17          0.015        0.523
  N00174               JUNCTION        2.62          0.385        0.315
  N02715               JUNCTION        3.49          0.403        0.297
  N02700               JUNCTION        3.45          0.207        0.493
  N00780               JUNCTION        3.60          0.172        0.528
  N00199               JUNCTION        1.85          0.234        0.466
  N02611               JUNCTION        2.59          0.231        0.469
  N00283               JUNCTION        4.54          0.902        0.000
  N00359               JUNCTION        0.65          0.089        0.611
  N01785               JUNCTION        0.53          0.082        0.658
  N01082               JUNCTION        1.05          0.028        0.574
  N00646               JUNCTION        0.08          0.011        0.689
  N01525               JUNCTION        0.52          0.076        0.624
  N00179               JUNCTION        2.04          0.070        0.598
  N00171               JUNCTION        4.38          0.383        0.317
  N02024               JUNCTION        2.51          0.317        2.117
  N00505               JUNCTION        4.05          0.324        0.376
  N01584               JUNCTION        4.38          0.346        0.354
  N02603               JUNCTION        1.95          0.253        0.477
  N01618               JUNCTION        3.16          0.152        0.548
  N00085               JUNCTION        0.75          0.157        0.543
  N02513               JUNCTION        4.12          0.836        0.000
  N01039               JUNCTION        4.58          0.739        0.000
  N01832               JUNCTION        1.86          0.679        0.631
  N00178               JUNCTION        2.30          0.218        0.482
  N02761               JUNCTION        1.04          0.220        0.480
  N02351               JUNCTION        3.07          0.023        0.817
  N01682               JUNCTION        4.58          0.858        0.000
  N02129               JUNCTION        3.29          0.431        0.269
  N00707               JUNCTION        4.04          0.349        0.351
  N02707               JUNCTION        0.81          0.171        0.329
  N01864               JUNCTION        1.14          0.410        0.453
  N01333               JUNCTION        1.18          0.538        0.162
  N01349               JUNCTION        2.25          0.439        0.261
  N01653               JUNCTION        4.37          0.340        0.360
  N01346               JUNCTION        2.17          0.235        0.265
  N01637               JUNCTION        1.02          0.140        0.655
  N02330               JUNCTION        3.46          0.205        0.495
  N02148               JUNCTION        1.34          0.050        0.650
  N00149               JUNCTION        1.55          0.204        0.296
  N01475               JUNCTION        2.76          0.267        0.497
  N01454               JUNCTION        4.50          0.324        0.376
  N01290               JUNCTION        1.01          0.056        0.644
  N01119               JUNCTION        0.37          0.097        0.603
  N00644               JUNCTION        0.43          0.056        0.644
  N00770               JUNCTION        0.09          0.004        0.913
  N00494               JUNCTION        3.61          0.145        0.544
  N02388               JUNCTION        2.33          0.047        0.557
  N01115               JUNCTION        0.86          0.103        0.597
  N00817               JUNCTION        1.20          0.396        0.185
  N01432               JUNCTION        4.56          0.722        0.000
  N01487               JUNCTION        1.95          0.169        0.531
  N01103               JUNCTION        1.68          0.039        0.538
  N02002               JUNCTION        1.40          0.058        0.442
  N00501               JUNCTION        2.52          0.282        0.686
  N02696               JUNCTION        0.66          0.178        0.522
  N01812               JUNCTION        2.08          0.265        0.435
  N01706               JUNCTION        2.61          0.228        0.347
  N01348               JUNCTION        2.64          0.380        0.657
  N02086               JUNCTION        4.44          0.046        0.348
  N01542               JUNCTION        0.01          0.000        0.700
  N00282               JUNCTION        2.11          0.549        0.000
  N00192               JUNCTION        4.41          0.446        0.328
  N01730               JUNCTION        1.10          0.152        0.591
  N01871               JUNCTION        0.39          0.227        0.473
  N01874               JUNCTION        1.81          0.562        0.170
  N00092               JUNCTION        0.54          0.237        0.463
  N02620               JUNCTION        1.57          0.087        0.613
  N00301               JUNCTION        4.59          0.806        0.000
  N02074               JUNCTION        1.86          0.226        0.474
  N02687               JUNCTION        1.67          0.044        0.256
  N00887               JUNCTION        2.15          0.065        0.435
  N01666               JUNCTION        2.43          0.175        0.525
  N01797               JUNCTION        4.54          0.728        0.000
  N00334               JUNCTION        1.59          0.354        0.346
  N00103               JUNCTION        2.54          0.643        0.057
  N00889               JUNCTION        1.67          0.132        0.746
  N00957               JUNCTION        2.64          0.375        0.325
  N00645               JUNCTION        0.97          0.129        0.651
  N00020               JUNCTION        0.86          0.115        0.585
  N01869               JUNCTION        1.65          0.078        0.517
  N01560               JUNCTION        3.95          0.201        0.513
  N02081               JUNCTION        2.50          0.140        0.784
  N00300               JUNCTION        4.56          0.739        0.000
  N01703               JUNCTION        3.42          0.338        0.362
  N01702               JUNCTION        3.22          0.066        0.634
  N02176               JUNCTION        1.93          0.216        0.484
  N00492               JUNCTION        2.05          0.675        0.025
  N01275               JUNCTION        0.74          0.316        0.000
  N01552               JUNCTION        1.80          0.409        0.291
  N00678               JUNCTION        2.49          0.049        0.651
  N01831               JUNCTION        1.92          0.815        0.000
  N00901               JUNCTION        0.86          0.025        0.784
  N01699               JUNCTION        0.31          0.040        0.660
  N00105               JUNCTION        1.89          0.198        0.502
  N00366               JUNCTION        2.88          0.671        0.051
  N00404               JUNCTION        3.43          0.220        0.480
  N01638               JUNCTION        0.40          0.049        0.651
  N02487               JUNCTION        3.17          0.579        0.121
  N01549               JUNCTION        0.10          0.009        0.664
  N01941               JUNCTION        1.21          0.212        0.488
  N00493               JUNCTION        3.09          0.528        0.000
  N00309               JUNCTION        4.58          1.039        0.000
  N00186               JUNCTION        1.84          0.188        0.512
  N02667               JUNCTION        0.69          0.281        0.419
  N02796               JUNCTION        4.37          0.427        0.273
  N00198               JUNCTION        3.96          0.596        0.000
  N02809               JUNCTION        3.59          0.104        0.596
  N01766               JUNCTION        0.79          0.101        0.599
  N00004               JUNCTION        1.53          0.384        0.316
  N02710               JUNCTION        2.47          0.396        0.304
  N00507               JUNCTION        1.83          0.392        0.308
  N02245               JUNCTION        2.16          0.706        0.000
  N00041               JUNCTION        0.83          0.105        0.595
  N01954               JUNCTION        2.39          0.335        0.365
  N00222               JUNCTION        2.34          0.364        0.136
  N02800               JUNCTION        2.92          0.084        0.496
  N01355               JUNCTION        1.18          0.271        0.429
  N02713               JUNCTION        3.45          0.213        0.487
  N00161               JUNCTION        0.45          0.128        0.572
  N00104               JUNCTION        1.81          0.140        0.410
  N00875               JUNCTION        0.57          0.154        0.960
  N00796               JUNCTION        2.51          0.362        0.338
  N01456               JUNCTION        3.24          0.210        0.508
  N00499               JUNCTION        0.65          0.042        0.658
  N01520               JUNCTION        3.24          0.288        0.412
  N02053               JUNCTION        3.94          0.191        0.509
  N02498               JUNCTION        1.20          0.722        0.000
  N00172               JUNCTION        4.36          0.346        0.354
  N00677               JUNCTION        1.49          0.356        0.344
  N02605               JUNCTION        2.73          0.260        0.490
  N01809               JUNCTION        1.90          0.036        0.598
  N01695               JUNCTION        3.52          0.439        0.261
  N00496               JUNCTION        0.65          0.052        0.374
  N00181               JUNCTION        2.29          0.222        0.478
  N00123               JUNCTION        2.03          0.039        0.647
  N00108               JUNCTION        1.22          0.501        0.000
  N00338               JUNCTION        0.74          0.248        0.452
  N01395               JUNCTION        0.35          0.046        0.573
  N01289               JUNCTION        0.59          0.051        0.649
  N01038               JUNCTION        4.54          0.530        0.000
  N01037               JUNCTION        3.74          0.379        0.000
  N00160               JUNCTION        0.61          0.251        0.249
  N01643               JUNCTION        1.62          0.100        0.600
  N01288               JUNCTION        2.64          0.319        0.940
  N02567               JUNCTION        2.09          0.038        0.597
  N01952               JUNCTION        1.82          0.054        0.317
  N01669               JUNCTION        3.94          0.136        0.729
  N00882               JUNCTION        0.02          0.005        0.658
  N01129               JUNCTION        1.08          0.051        0.649
  N01361               JUNCTION        2.17          0.340        0.360
  N01324               JUNCTION        3.07          0.544        0.156
  N01657               JUNCTION        4.74          0.432        0.000
  N00106               JUNCTION        2.58          0.299        0.001
  N00202               JUNCTION        1.36          0.057        0.643
  N02753               JUNCTION        0.72          0.217        0.471
  N01120               JUNCTION        0.74          0.170        0.689
  N01655               JUNCTION        4.82          1.167        0.000
  N00794               JUNCTION        0.07          0.033        0.745
  N02111               JUNCTION        4.33          0.389        0.826
  N01338               JUNCTION        1.54          0.039        0.661
  N01269               JUNCTION        2.12          0.302        0.236
  N01950               JUNCTION        0.16          0.021        0.679
  N00189               JUNCTION        2.29          0.213        0.487
  N01659               JUNCTION        0.86          0.083        0.617
  
  
  *********************
  Node Flooding Summary
  *********************
  
  No nodes were flooded.
  
  
  ***********************
  Outfall Loading Summary
  ***********************
  
  -----------------------------------------------------------
                         Flow       Avg       Max       Total
                         Freq      Flow      Flow      Volume
  Outfall Node           Pcnt       CMS       CMS    10^6 ltr
  -----------------------------------------------------------
  OUT01                 96.82     0.026     0.053       0.473
  OUT02                 97.20     0.134     0.391       2.482
  OUT03                 96.80     0.268     0.683       4.938
  OUT04                 97.27     0.214     0.778       4.154
  OUT05                 97.14     0.507     0.870       9.471
  OUT06                 96.76     0.088     0.171       1.645
  OUT07                 96.80     0.020     0.091       0.372
  OUT08                 97.28     1.366     2.384      25.284
  OUT09                 96.29     0.592     1.467      10.728
  OUT10                 97.57     0.189     0.325       3.568
  OUT11                 96.82     0.052     0.122       0.971
  OUT12                 97.31     0.035     0.070       0.657
  OUT13                 97.02     0.237     0.386       4.417
  OUT14                 97.37     0.119     0.307       2.259
  OUT15                 97.14     0.218     0.384       4.093
  OUT16                 97.69     0.123     0.202       2.425
  OUT17                 97.45     3.908     5.624      72.453
  OUT18                 97.61     0.186     0.480       3.479
  OUT19                 97.31     0.146     0.311       2.741
  OUT20                 96.50     0.100     0.223       1.856
  OUT21                 51.82     0.000     0.000       0.002
  OUT22                 96.59     0.002     0.008       0.039
  OUT23                 96.85     0.013     0.045       0.260
  OUT24                 97.01     0.172     0.436       3.163
  OUT25                 97.64     0.019     0.098       0.365
  OUT26                 97.21     0.228     0.456       4.253
  OUT27                 96.48     1.153     2.129      20.814
  OUT28                 97.18     0.563     1.301      10.266
  OUT29                 97.23     0.510     0.993       9.480
  OUT30                 97.23     0.557     1.148      10.250
  OUT31                 97.24     0.014     0.025       0.254
  OUT32                 96.97     0.135     0.381       2.532
  OUT33                 96.85     0.042     0.110       0.817
  OUT34                 86.19     0.000     0.001       0.003
  OUT35                 96.88     0.323     0.655       6.023
  OUT36                 97.27     0.134     0.242       2.589
  OUT37                 97.54     0.061     0.089       1.172
  OUT38                 37.47     0.000     0.001       0.002
  OUT39                 97.65     0.002     0.011       0.055
  OUT40                 96.98     0.029     0.096       0.527
  OUT41                 96.59     0.233     0.591       4.313
  OUT42                 97.05     0.091     0.174       1.707
  OUT43                 51.53     0.000     0.001       0.003
  OUT44                 97.21     0.015     0.024       0.297
  OUT45                 96.81     0.010     0.037       0.199
  OUT46                 97.22     0.150     0.287       2.784
  OUT47                 97.34     0.297     0.744       5.537
  OUT48                 97.18     0.008     0.036       0.166
  OUT49                 96.93     0.109     0.355       2.080
  OUT50                 95.38     0.439     0.798       7.992
  OUT51                 97.32     0.562     1.418      10.353
  OUT52                 97.27     0.079     0.122       1.550
  OUT53                 96.28     0.141     0.339       2.561
  OUT54                 97.44     0.526     1.325       9.978
  OUT55                 97.20     0.001     0.004       0.019
  OUT56                 97.34     0.126     0.336       2.393
  OUT57                 97.53     0.159     0.868       3.283
  OUT58                 97.55     0.077     0.257       1.467
  OUT59                 96.07     0.015     0.059       0.286
  OUT60                 97.53     0.074     0.239       1.436
  OUT61                 97.57     0.035     0.096       0.630
  OUT62                 96.59     0.088     0.124       1.665
  OUT63                 52.68     0.000     0.001       0.004
  OUT64                 96.90     0.016     0.061       0.291
  OUT65                 97.22     0.042     0.121       0.782
  OUT66                 96.98     0.430     0.724       8.123
  OUT67                 97.01     0.030     0.056       0.568
  OUT68                 97.08     0.075     0.186       1.372
  OUT69                 96.96     0.325     0.577       5.978
  OUT70                 54.18     0.000     0.001       0.003
  OUT71                 97.05     0.013     0.054       0.269
  OUT72                 97.17     0.078     0.115       1.507
  OUT73                 86.89     0.002     0.009       0.036
  OUT74                 97.01     0.017     0.034       0.306
  OUT75                 97.41     0.284     0.403       5.461
  OUT76                 97.23     0.011     0.041       0.220
  OUT77                 97.00     0.175     0.334       3.331
  OUT78                 97.34     0.070     0.139       1.300
  OUT79                 96.60     0.009     0.024       0.162
  OUT80                 97.47     0.052     0.212       1.011
  OUT81                 96.97     0.022     0.092       0.438
  OUT82                 97.59     0.411     0.854       7.595
  OUT83                 97.20     0.001     0.001       0.011
  OUT84                 97.18     0.201     0.572       3.577
  OUT85                 97.14     0.753     1.413      14.141
  OUT86                 97.24     0.088     0.324       1.750
  OUT87                 97.04     0.015     0.051       0.280
  OUT88                 96.40     0.004     0.020       0.084
  OUT89                 96.94     0.073     0.183       1.391
  OUT90                 97.05     0.055     0.180       1.058
  OUT91                 97.24     0.011     0.042       0.220
  OUT92                 97.20     0.001     0.004       0.015
  OUT93                 97.22     0.394     0.859       7.240
  OUT94                 97.25     1.249     2.465      22.980
  OUT95                 97.17     0.051     0.082       0.959
  OUT96                 96.96     0.074     0.147       1.371
  OUT97                 97.62     0.007     0.032       0.147
  OUT98                 97.12     0.410     0.577       7.726
  OUT99                 96.70     0.512     0.724       9.787
  OUT100                96.92     0.087     0.198       1.614
  OUT101                97.23     0.051     0.093       0.961
  OUT102                37.50     0.000     0.000       0.001
  OUT103                97.18     0.123     0.248       2.285
  OUT104                97.14     0.338     0.577       6.289
  OUT105                96.97     0.202     0.381       3.774
  OUT106                97.26     3.794     5.608      70.310
  OUT107                97.65     1.151     2.069      21.473
  OUT108                96.88     0.003     0.014       0.066
  OUT109                96.79     0.010     0.041       0.198
  OUT110                96.91     0.110     0.223       2.081
  OUT111                97.58     0.046     0.082       0.902
  OUT112                97.45     0.665     1.211      12.463
  OUT113                97.23     0.157     0.324       2.909
  OUT114                97.50     0.002     0.008       0.033
  OUT115                97.32     0.007     0.039       0.155
  OUT116                97.60     0.033     0.133       0.664
  OUT117                52.90     0.001     0.002       0.007
  OUT118                96.94     0.070     0.166       1.324
  OUT119                97.00     0.074     0.161       1.380
  OUT120                97.25     0.151     0.274       2.783
  OUT121                97.30     0.133     0.266       2.489
  OUT122                97.43     0.016     0.037       0.304
  OUT123                97.69     0.149     0.418       2.865
  OUT124                97.18     0.456     1.147       8.651
  OUT125                97.17     0.301     0.786       5.469
  OUT126                85.07     0.004     0.017       0.073
  OUT127                53.32     0.000     0.001       0.003
  OUT128                97.05     0.014     0.053       0.273
  OUT129                96.71     0.006     0.023       0.115
  OUT130                96.91     0.125     0.275       2.317
  OUT131                97.60     0.166     0.361       3.170
  OUT132                96.76     0.464     1.167       8.475
  OUT133                96.97     0.299     0.506       5.563
  OUT134                97.53     0.725     1.402      13.448
  OUT135                96.98     0.111     0.256       2.012
  OUT136                97.37     0.764     1.581      14.110
  OUT137                96.80     0.006     0.017       0.104
  OUT138                93.89     0.001     0.005       0.023
  OUT139                49.75     0.000     0.001       0.003
  OUT140                97.58     0.019     0.062       0.362
  OUT141                97.74     0.413     0.852       7.851
  OUT142                95.59     0.003     0.008       0.049
  OUT143                97.02     0.001     0.003       0.015
  OUT144                97.21     0.002     0.007       0.047
  OUT145                97.55     0.001     0.005       0.029
  OUT146                97.68     0.020     0.084       0.416
  OUT147                96.42     0.007     0.034       0.136
  OUT148                97.47     0.001     0.002       0.012
  OUT149                97.61     1.224     1.970      23.365
  OUT150                96.61     0.624     1.149      11.555
  OUT151                97.05     0.003     0.012       0.059
  OUT152                97.19     0.166     0.347       3.114
  OUT153                97.29     0.106     0.370       1.933
  OUT154                96.92     0.059     0.117       1.079
  OUT155                96.85     0.036     0.134       0.697
  OUT156                96.91     0.077     0.198       1.402
  OUT157                97.13     0.035     0.125       0.694
  OUT158                97.52     0.092     0.160       1.754
  OUT159                96.79     0.066     0.100       1.256
  OUT160                97.07     0.009     0.016       0.157
  OUT161                97.23     0.000     0.002       0.010
  OUT162                58.12     0.000     0.001       0.005
  OUT163                96.56     0.308     0.883       5.958
  OUT164                97.64     0.332     1.387       6.304
  OUT165                96.87     0.099     0.312       1.913
  OUT166                97.79     0.079     0.243       1.548
  OUT167                51.09     0.001     0.003       0.011
  OUT168                96.71     0.031     0.086       0.566
  OUT169                79.49     0.002     0.007       0.031
  OUT170                97.75     0.005     0.028       0.124
  OUT171                96.11     0.004     0.009       0.075
  OUT172                97.05     0.054     0.130       0.996
  OUT173                37.61     0.000     0.000       0.002
  OUT174                94.90     0.602     0.971      11.030
  OUT175                97.25     0.064     0.113       1.216
  OUT176                97.55     0.108     0.205       2.022
  OUT177                96.95     0.247     0.384       4.629
  OUT178                96.98     0.600     1.277      11.009
  OUT179                37.21     0.000     0.000       0.001
  OUT180                96.27     0.070     0.120       1.296
  OUT181                97.28     0.373     0.858       6.934
  OUT182                97.31     0.915     2.250      17.184
  OUT183                97.24     0.473     0.815       8.710
  OUT184                97.25     0.006     0.017       0.118
  OUT185                97.52     0.356     0.558       6.726
  OUT186                47.37     0.000     0.000       0.002
  OUT187                72.40     0.001     0.002       0.008
  OUT188                96.52     0.024     0.101       0.487
  OUT189                96.02     0.001     0.002       0.011
  OUT190                97.16     0.136     0.509       2.630
  OUT191                37.50     0.000     0.000       0.001
  OUT192                37.31     0.000     0.000       0.001
  OUT193                96.43     0.023     0.095       0.422
  OUT194                96.89     0.508     0.822       9.571
  OUT195                96.02     0.297     0.574       5.512
  OUT196                97.07     0.007     0.027       0.139
  OUT197                96.58     0.002     0.008       0.039
  OUT198                96.67     0.016     0.060       0.322
  OUT199                37.17     0.000     0.000       0.001
  OUT200                96.70     0.002     0.008       0.041
  OUT201                96.59     0.041     0.110       0.769
  OUT202                97.61     0.243     0.720       4.579
  OUT203                87.36     0.000     0.000       0.003
  OUT204                97.23     0.242     0.670       4.536
  OUT205                97.58     0.672     1.901      12.579
  OUT206                24.40     0.000     0.000       0.001
  OUT207                96.76     0.137     0.318       2.453
  OUT208                96.68     0.159     0.309       2.948
  OUT209                96.40     0.086     0.176       1.589
  OUT210                37.06     0.000     0.000       0.001
  OUT211                97.63     0.124     0.214       2.340
  OUT212                97.69     0.033     0.092       0.637
  OUT213                97.52     0.109     0.323       2.005
  OUT214                97.14     0.806     1.656      14.701
  OUT215                97.26     0.473     0.949       8.927
  OUT216                96.89     0.081     0.155       1.513
  OUT217                97.48     0.090     0.158       1.682
  OUT218                96.50     0.044     0.219       0.843
  OUT219                97.20     0.354     0.602       6.628
  OUT220                97.36     0.017     0.080       0.364
  OUT221                97.16     0.022     0.039       0.422
  -----------------------------------------------------------
  System                92.16    44.934    81.246     837.772
  
  
  ********************
  Link Flow Summary
  ********************
  
  -----------------------------------------------------------------------------
                                 Maximum  Time of Max   Maximum    Max/    Max/
                                  |Flow|   Occurrence   |Veloc|    Full    Full
  Link                 Type          CMS  days hr:min     m/sec    Flow   Depth
  -----------------------------------------------------------------------------
  G00001               CONDUIT     0.001     0  01:00      0.04    0.00    0.15
  G00002               CONDUIT     0.001     0  01:40      0.22    0.00    0.03
  G00003               CONDUIT     0.001     0  01:00      0.04    0.00    0.65
  G00004               CONDUIT     0.217     0  01:32      0.53    0.50    1.00
  G00005               CONDUIT     0.000     0  01:40      0.04    0.00    0.74
  G00006               CONDUIT     0.005     0  01:37      0.23    0.01    0.11
  G00007               CONDUIT     0.773     0  02:09      1.23    0.89    0.55
  G00008               CONDUIT     0.777     0  02:07      1.03    0.89    0.64
  G00009               CONDUIT     0.001     0  01:40      0.16    0.00    0.05
  G00010               CONDUIT     0.054     0  01:41      0.23    0.18    0.73
  G00011               CONDUIT     0.149     0  02:02      0.40    0.51    0.77
  G00012               CONDUIT     0.005     0  01:43      0.03    0.00    0.44
  G00013               CONDUIT     0.027     0  01:41      0.54    0.03    0.31
  G00014               CONDUIT     0.006     0  01:01      0.23    0.02    0.11
  G00015               CONDUIT     0.069     0  01:41      0.67    0.04    0.51
  G00016               CONDUIT     0.028     0  01:40      0.47    0.02    0.27
  G00017               CONDUIT     0.000     0  01:37      0.06    0.00    0.33
  G00018               CONDUIT     0.066     0  02:49      0.73    0.10    0.79
  G00019               CONDUIT     0.154     0  02:02      0.31    0.38    1.00
  G00020               CONDUIT     0.000     0  01:00      0.14    0.00    0.58
  G00021               CONDUIT     0.139     0  02:03      1.26    0.14    0.27
  G00022               CONDUIT     0.001     0  01:00      0.12    0.00    0.05
  G00023               CONDUIT     0.046     0  01:38      1.93    0.01    0.07
  G00024               CONDUIT     0.003     0  01:40      0.13    0.00    0.17
  G00025               CONDUIT     0.000     0  01:00      0.06    0.00    0.26
  G00026               CONDUIT     0.001     0  02:00      0.06    0.00    0.16
  G00027               CONDUIT     0.005     0  01:44      0.25    0.02    0.09
  G00028               CONDUIT     0.004     0  01:37      0.44    0.00    0.09
  G00029               CONDUIT     0.002     0  01:01      0.34    0.00    0.08
  G00030               CONDUIT     0.001     0  01:00      0.34    0.00    0.03
  G00031               CONDUIT     0.166     0  01:41      1.76    0.11    0.24
  G00032               CONDUIT     0.048     0  01:40      0.79    0.04    0.53
  G00033               CONDUIT     0.025     0  02:28      0.11    0.04    0.90
  G00034               CONDUIT     0.145     0  02:30      0.29    0.28    1.00
  G00035               CONDUIT     0.002     0  01:00      0.22    0.00    0.11
  G00036               CONDUIT     0.000     0  01:35      0.05    0.00    0.14
  G00037               CONDUIT     0.000     0  01:36      0.11    0.00    0.35
  G00038               CONDUIT     0.005     0  01:41      0.56    0.00    0.05
  G00039               CONDUIT     0.007     0  01:43      0.15    0.00    0.36
  G00040               CONDUIT     0.001     0  01:40      0.12    0.00    0.08
  G00041               CONDUIT     0.001     0  02:47      0.05    0.00    0.17
  G00042               CONDUIT     0.009     0  01:36      0.09    0.02    0.47
  G00043               CONDUIT     0.106     0  02:14      0.29    0.36    0.72
  G00044               CONDUIT     0.008     0  01:41      0.10    0.01    0.63
  G00045               CONDUIT     0.004     0  01:40      0.26    0.01    0.11
  G00046               CONDUIT     0.005     0  01:46      0.13    0.01    0.20
  G00047               CONDUIT     0.008     0  02:44      0.30    0.01    0.10
  G00048               CONDUIT     0.013     0  02:13      0.36    0.03    0.39
  G00049               CONDUIT     0.016     0  01:40      0.71    0.02    0.09
  G00050               CONDUIT     0.007     0  01:36      0.55    0.00    0.07
  G00051               CONDUIT     0.006     0  01:40      0.26    0.01    0.58
  G00052               CONDUIT     0.095     0  02:47      0.23    0.18    1.00
  G00053               CONDUIT     0.035     0  02:44      0.28    0.12    1.00
  G00054               CONDUIT     0.016     0  01:39      0.32    0.03    1.00
  G00055               CONDUIT     0.000     0  01:00      0.03    0.00    0.20
  G00056               CONDUIT     0.000     0  01:40      0.08    0.00    0.08
  G00057               CONDUIT     0.048     0  01:40      0.52    0.03    0.31
  G00058               CONDUIT     0.017     0  01:40      0.37    0.01    0.17
  G00059               CONDUIT     0.457     0  01:41      1.00    0.85    0.57
  G00060               CONDUIT     0.269     0  01:40      0.54    0.91    1.00
  G00061               CONDUIT     0.440     0  01:40      1.45    0.12    0.41
  G00062               CONDUIT     0.473     0  01:41      1.16    0.88    0.51
  G00063               CONDUIT     0.001     0  01:00      0.08    0.00    0.65
  G00064               CONDUIT     0.505     0  01:41      1.82    0.94    0.38
  G00065               CONDUIT     0.063     0  01:40      1.05    0.07    0.18
  G00066               CONDUIT     0.784     0  02:10      1.59    0.32    0.58
  G00067               CONDUIT     0.848     0  02:12      0.90    0.33    0.90
  G00068               CONDUIT     0.131     0  03:43      0.66    0.09    1.00
  G00069               CONDUIT     0.073     0  01:41      1.39    0.06    0.47
  G00070               CONDUIT     0.780     0  03:27      1.55    2.64    1.00
  G00071               CONDUIT     0.529     0  02:42      0.67    0.61    1.00
  G00072               CONDUIT     0.082     0  02:46      0.20    0.17    1.00
  G00073               CONDUIT     2.200     0  02:08      1.94    2.52    1.00
  G00074               CONDUIT     1.236     0  01:44      3.05    0.27    0.80
  G00075               CONDUIT     1.305     0  01:41      1.66    2.43    1.00
  G00076               CONDUIT     1.907     0  01:51      1.69    0.72    1.00
  G00077               CONDUIT     0.000     0  01:00      0.22    0.00    0.02
  G00078               CONDUIT     0.009     0  02:48      0.07    0.01    0.34
  G00079               CONDUIT     0.001     0  01:36      0.22    0.00    0.07
  G00080               CONDUIT     0.315     0  02:02      1.37    0.41    0.61
  G00081               CONDUIT     0.311     0  02:00      1.54    0.34    0.42
  G00082               CONDUIT     0.007     0  01:42      0.17    0.01    0.23
  G00083               CONDUIT     0.007     0  01:40      0.74    0.00    0.05
  G00084               CONDUIT     0.007     0  01:38      0.42    0.00    0.11
  G00085               CONDUIT     0.004     0  01:36      0.61    0.00    0.04
  G00086               CONDUIT     0.829     0  02:42      1.65    1.20    1.00
  G00087               CONDUIT     0.036     0  03:27      0.12    0.04    1.00
  G00088               CONDUIT     0.054     0  02:42      0.29    0.18    0.49
  G00089               CONDUIT     0.000     0  01:00      0.07    0.00    0.17
  G00090               CONDUIT     0.021     0  02:04      0.14    0.07    0.37
  G00091               CONDUIT     0.104     0  01:40      0.64    0.35    0.49
  G00092               CONDUIT     0.000     0  00:59      0.25    0.00    0.26
  G00093               CONDUIT     0.000     0  01:00      0.08    0.00    0.14
  G00094               CONDUIT     0.000     0  01:00      0.07    0.00    0.37
  G00095               CONDUIT     0.000     0  01:00      0.05    0.00    0.29
  G00096               CONDUIT     0.000     0  01:00      0.05    0.00    0.29
  G00097               CONDUIT     0.000     0  01:00      0.03    0.00    0.31
  G00098               CONDUIT     0.002     0  01:00      0.08    0.00    0.32
  G00099               CONDUIT     0.000     0  01:00      0.05    0.00    0.53
  G00100               CONDUIT     0.014     0  02:47      0.16    0.01    0.67
  G00101               CONDUIT     0.015     0  02:47      0.12    0.01    0.71
  G00102               CONDUIT     0.000     0  01:00      0.18    0.00    0.02
  G00103               CONDUIT     0.075     0  01:40      0.72    0.08    0.26
  G00104               CONDUIT     0.023     0  01:40      0.47    0.02    0.26
  G00105               CONDUIT     0.003     0  01:00      0.49    0.00    0.04
  G00106               CONDUIT     0.092     0  01:42      1.18    0.07    0.83
  G00107               CONDUIT     0.153     0  01:36      0.29    0.11    1.00
  G00108               CONDUIT     0.037     0  02:44      0.49    0.04    0.96
  G00109               CONDUIT     0.009     0  01:37      0.28    0.03    0.11
  G00110               CONDUIT     0.032     0  01:38      0.38    0.02    0.32
  G00111               CONDUIT     0.145     0  01:41      0.52    0.49    0.56
  G00112               CONDUIT     0.084     0  01:37      0.81    0.29    0.26
  G00113               CONDUIT     0.204     0  01:41      1.79    0.09    0.35
  G00114               CONDUIT     0.201     0  01:43      0.88    0.68    0.46
  G00115               CONDUIT     0.192     0  01:41      1.41    0.65    0.32
  G00116               CONDUIT     0.006     0  01:43      0.29    0.01    0.08
  G00117               CONDUIT     0.006     0  01:45      0.88    0.00    0.04
  G00118               CONDUIT     1.244     0  01:45      1.58    0.71    1.00
  G00119               CONDUIT     0.082     0  03:42      0.17    0.10    1.00
  G00120               CONDUIT     0.023     0  01:14      0.22    0.08    0.52
  G00121               CONDUIT     0.000     0  01:00      0.12    0.00    0.26
  G00122               CONDUIT     0.091     0  01:42      0.68    0.13    0.31
  G00123               CONDUIT     0.032     0  01:40      0.61    0.02    0.17
  G00124               CONDUIT     0.210     0  01:58      0.42    0.24    1.00
  G00125               CONDUIT     0.192     0  01:42      0.38    0.47    1.00
  G00126               CONDUIT     0.001     0  01:40      0.03    0.00    0.64
  G00127               CONDUIT     0.000     0  01:35      0.06    0.00    0.55
  G00128               CONDUIT     0.066     0  02:42      0.18    0.19    1.00
  G00129               CONDUIT     0.035     0  01:41      0.17    0.12    1.00
  G00130               CONDUIT     0.041     0  01:56      0.13    0.07    1.00
  G00131               CONDUIT     0.165     0  03:25      0.33    0.56    1.00
  G00132               CONDUIT     0.439     0  02:03      0.69    0.62    1.00
  G00133               CONDUIT     0.311     0  02:02      0.86    0.49    1.00
  G00134               CONDUIT     0.124     0  03:31      0.27    0.42    1.00
  G00135               CONDUIT     1.024     0  02:09      2.04    2.39    1.00
  G00136               CONDUIT     0.098     0  01:41      0.19    0.27    1.00
  G00137               CONDUIT     0.098     0  03:11      0.19    0.10    1.00
  G00138               CONDUIT     0.001     0  01:38      0.11    0.00    0.63
  G00139               CONDUIT     0.048     0  03:12      0.18    0.16    1.00
  G00140               CONDUIT     0.024     0  03:12      0.21    0.02    0.71
  G00141               CONDUIT     0.024     0  02:41      0.11    0.03    1.00
  G00142               CONDUIT     0.000     0  01:35      0.16    0.00    0.74
  G00143               CONDUIT     0.000     0  01:40      0.03    0.00    0.64
  G00144               CONDUIT     0.146     0  01:41      0.29    0.42    1.00
  G00145               CONDUIT     0.627     0  01:57      1.25    0.77    1.00
  G00146               CONDUIT     0.151     0  02:42      0.30    0.51    1.00
  G00147               CONDUIT     0.241     0  03:31      0.48    0.81    1.00
  G00148               CONDUIT     0.129     0  02:10      0.26    0.12    1.00
  G00149               CONDUIT     0.000     0  01:00      0.12    0.00    0.50
  G00150               CONDUIT     0.117     0  01:42      0.48    0.07    0.95
  G00151               CONDUIT     0.190     0  02:07      0.38    0.64    1.00
  G00152               CONDUIT     0.038     0  01:48      0.11    0.04    0.72
  G00153               CONDUIT     1.198     0  03:23      1.52    0.93    1.00
  G00154               CONDUIT     0.251     0  01:15      0.50    0.18    1.00
  G00155               CONDUIT     0.172     0  01:16      0.47    0.14    1.00
  G00156               CONDUIT     0.001     0  01:00      0.04    0.00    0.12
  G00157               CONDUIT     0.116     0  01:17      0.66    0.39    1.00
  G00158               CONDUIT     0.121     0  01:48      1.00    0.41    0.67
  G00159               CONDUIT     0.092     0  01:37      0.98    0.07    0.39
  G00160               CONDUIT     0.360     0  01:46      0.83    0.67    0.54
  G00161               CONDUIT     0.382     0  01:48      1.20    0.71    0.42
  G00162               CONDUIT     0.082     0  02:45      0.17    0.04    1.00
  G00163               CONDUIT     0.024     0  02:43      0.06    0.02    1.00
  G00164               CONDUIT     0.000     0  01:00      0.15    0.00    0.54
  G00165               CONDUIT     0.000     0  01:40      0.02    0.00    0.35
  G00166               CONDUIT     0.008     0  01:37      0.33    0.01    0.32
  G00167               CONDUIT     0.039     0  01:40      0.34    0.09    0.33
  G00168               CONDUIT     0.000     0  01:00      0.24    0.00    0.50
  G00169               CONDUIT     0.189     0  02:41      0.38    0.64    1.00
  G00170               CONDUIT     0.000     0  01:40      0.03    0.00    0.39
  G00171               CONDUIT     0.016     0  01:45      0.22    0.01    0.20
  G00172               CONDUIT     0.017     0  01:42      1.00    0.01    0.08
  G00173               CONDUIT     1.261     0  02:06      1.61    1.12    1.00
  G00174               CONDUIT     1.358     0  02:05      1.73    1.42    1.00
  G00175               CONDUIT     0.022     0  04:11      0.16    0.03    1.00
  G00176               CONDUIT     0.117     0  01:41      1.61    0.11    0.20
  G00177               CONDUIT     0.117     0  01:40      1.64    0.06    0.20
  G00178               CONDUIT     0.000     0  01:40      0.16    0.00    0.09
  G00179               CONDUIT     0.000     0  01:37      0.04    0.00    0.21
  G00180               CONDUIT     0.030     0  02:46      0.31    0.04    0.60
  G00181               CONDUIT     0.196     0  02:09      0.71    0.66    0.54
  G00182               CONDUIT     0.000     0  01:00      0.15    0.00    0.44
  G00183               CONDUIT     0.003     0  01:40      0.10    0.00    0.45
  G00184               CONDUIT     0.000     0  01:38      0.04    0.00    0.11
  G00185               CONDUIT     0.002     0  01:40      0.12    0.01    0.08
  G00186               CONDUIT     0.017     0  01:40      0.32    0.02    0.29
  G00187               CONDUIT     0.298     0  02:09      0.82    0.23    0.48
  G00188               CONDUIT     0.000     0  01:35      0.04    0.00    0.32
  G00189               CONDUIT     0.094     0  01:57      0.29    0.17    0.71
  G00190               CONDUIT     0.059     0  01:41      0.31    0.20    0.43
  G00191               CONDUIT     0.154     0  02:09      0.39    0.29    0.51
  G00192               CONDUIT     0.001     0  01:00      0.05    0.00    0.17
  G00193               CONDUIT     0.005     0  02:58      0.09    0.01    0.39
  G00194               CONDUIT     0.106     0  02:06      0.37    0.36    0.73
  G00195               CONDUIT     0.000     0  01:00      0.05    0.00    0.21
  G00196               CONDUIT     0.193     0  02:41      0.75    0.24    0.56
  G00197               CONDUIT     0.002     0  01:47      0.04    0.00    0.35
  G00198               CONDUIT     0.112     0  02:01      0.42    0.38    0.69
  G00199               CONDUIT     0.000     0  01:00      0.21    0.00    0.36
  G00200               CONDUIT     0.001     0  01:40      0.05    0.00    0.40
  G00201               CONDUIT     0.018     0  01:45      0.08    0.02    1.00
  G00202               CONDUIT     0.083     0  01:45      0.30    0.28    0.72
  G00203               CONDUIT     0.000     0  01:00      0.22    0.00    0.33
  G00204               CONDUIT     0.093     0  01:40      0.35    0.31    0.54
  G00205               CONDUIT     0.000     0  01:00      0.20    0.00    0.34
  G00206               CONDUIT     0.075     0  02:41      0.38    0.04    0.46
  G00207               CONDUIT     0.005     0  01:01      0.22    0.01    0.46
  G00208               CONDUIT     0.001     0  01:00      0.12    0.00    0.33
  G00209               CONDUIT     0.000     0  01:33      0.08    0.00    0.28
  G00210               CONDUIT     0.000     0  02:00      0.11    0.00    0.09
  G00211               CONDUIT     0.000     0  01:00      0.07    0.00    0.30
  G00212               CONDUIT     0.002     0  01:00      0.22    0.00    0.20
  G00213               CONDUIT     0.083     0  01:41      0.25    0.28    0.63
  G00214               CONDUIT     0.081     0  01:45      0.31    0.27    0.72
  G00215               CONDUIT     0.103     0  01:45      0.34    0.22    0.62
  G00216               CONDUIT     0.019     0  01:35      0.41    0.04    0.37
  G00217               CONDUIT     0.000     0  01:00      0.07    0.00    0.09
  G00218               CONDUIT     0.002     0  01:00      0.07    0.00    0.73
  G00219               CONDUIT     0.000     0  01:00      0.16    0.00    0.10
  G00220               CONDUIT     0.000     0  01:00      0.05    0.00    0.26
  G00221               CONDUIT     0.001     0  01:00      0.15    0.00    0.96
  G00222               CONDUIT     0.062     0  02:42      0.65    0.21    0.24
  G00223               CONDUIT     0.204     0  01:45      1.44    0.38    0.24
  G00224               CONDUIT     0.062     0  02:43      0.58    0.03    0.62
  G00225               CONDUIT     0.224     0  03:41      0.65    0.76    0.65
  G00226               CONDUIT     0.102     0  01:29      0.20    0.34    1.00
  G00227               CONDUIT     0.430     0  03:45      0.86    1.45    1.00
  G00228               CONDUIT     1.889     0  02:20      2.40    0.78    1.00
  G00229               CONDUIT     1.516     0  02:47      1.93    2.83    1.00
  G00230               CONDUIT     0.248     0  02:48      0.52    0.41    1.00
  G00231               CONDUIT     0.028     0  01:42      0.13    0.04    0.84
  G00232               CONDUIT     0.140     0  02:05      1.24    0.19    0.28
  G00233               CONDUIT     0.002     0  01:38      0.16    0.00    0.16
  G00234               CONDUIT     0.141     0  02:04      1.13    0.19    0.30
  G00235               CONDUIT     0.182     0  02:02      0.61    0.61    0.65
  G00236               CONDUIT     0.001     0  01:00      0.20    0.00    0.12
  G00237               CONDUIT     0.000     0  01:00      0.20    0.00    0.02
  G00238               CONDUIT     0.000     0  00:58      0.07    0.00    0.05
  G00239               CONDUIT     0.013     0  02:02      0.11    0.01    0.85
  G00240               CONDUIT     0.001     0  01:39      0.15    0.00    0.13
  G00241               CONDUIT     0.001     0  01:00      0.15    0.00    0.03
  G00242               CONDUIT     0.000     0  01:00      0.28    0.00    0.02
  G00243               CONDUIT     0.787     0  04:38      1.00    1.38    1.00
  G00244               CONDUIT     0.231     0  01:30      0.46    0.70    1.00
  G00245               CONDUIT     0.574     0  03:27      1.14    0.99    1.00
  G00246               CONDUIT     0.386     0  04:31      0.77    1.31    1.00
  G00247               CONDUIT     0.002     0  01:36      0.28    0.00    0.05
  G00248               CONDUIT     0.307     0  04:38      0.61    0.90    1.00
  G00249               CONDUIT     0.075     0  02:48      0.40    0.07    1.00
  G00250               CONDUIT     0.016     0  01:40      0.21    0.01    0.59
  G00251               CONDUIT     0.934     0  01:56      1.86    1.16    1.00
  G00252               CONDUIT     0.000     0  01:36      0.26    0.00    0.02
  G00253               CONDUIT     0.700     0  01:58      1.39    1.06    1.00
  G00254               CONDUIT     0.033     0  01:29      0.08    0.02    1.00
  G00255               CONDUIT     0.001     0  02:00      0.13    0.00    0.96
  G00256               CONDUIT     0.000     0  01:40      0.17    0.00    0.03
  G00257               CONDUIT     0.000     0  01:00      0.16    0.00    0.02
  G00258               CONDUIT     0.000     0  01:33      0.08    0.00    0.02
  G00259               CONDUIT     0.000     0  00:59      0.26    0.00    0.10
  G00260               CONDUIT     0.000     0  01:40      0.07    0.00    0.06
  G00261               CONDUIT     0.042     0  01:40      0.62    0.03    0.28
  G00262               CONDUIT     0.851     0  01:43      2.79    0.19    0.32
  G00263               CONDUIT     0.018     0  01:37      0.36    0.06    0.18
  G00264               CONDUIT     0.000     0  01:00      0.21    0.00    0.26
  G00265               CONDUIT     0.862     0  01:47      2.33    0.25    0.36
  G00266               CONDUIT     1.146     0  01:49      2.48    0.31    0.43
  G00267               CONDUIT     1.969     0  01:46      2.94    0.46    0.77
  G00268               CONDUIT     0.004     0  01:37      0.09    0.00    0.96
  G00269               CONDUIT     0.069     0  01:41      0.91    0.15    0.21
  G00270               CONDUIT     0.044     0  01:43      0.10    0.13    0.89
  G00271               CONDUIT     0.043     0  03:45      0.62    0.07    0.54
  G00272               CONDUIT     0.104     0  04:12      0.37    0.06    0.80
  G00273               CONDUIT     0.173     0  02:00      0.34    0.58    1.00
  G00274               CONDUIT     0.055     0  01:45      0.15    0.05    1.00
  G00275               CONDUIT     0.035     0  01:40      0.28    0.04    1.00
  G00276               CONDUIT     0.713     0  02:24      1.42    1.34    1.00
  G00277               CONDUIT     0.859     0  02:41      1.71    0.95    1.00
  G00278               CONDUIT     0.116     0  02:43      0.65    0.39    0.39
  G00279               CONDUIT     0.115     0  02:44      1.02    0.25    0.28
  G00280               CONDUIT     0.028     0  01:41      0.13    0.02    1.00
  G00281               CONDUIT     0.055     0  01:40      0.33    0.06    1.00
  G00282               CONDUIT     0.249     0  01:43      0.82    0.21    0.43
  G00283               CONDUIT     0.023     0  01:48      0.31    0.08    0.80
  G00284               CONDUIT     0.108     0  05:20      0.54    0.06    1.00
  G00285               CONDUIT     0.625     0  04:28      1.24    2.11    1.00
  G00286               CONDUIT     0.000     0  01:40      0.01    0.00    0.94
  G00287               CONDUIT     0.000     0  01:00      0.03    0.00    0.66
  G00288               CONDUIT     0.177     0  01:41      1.01    0.43    0.58
  G00289               CONDUIT     0.081     0  02:33      0.37    0.28    0.67
  G00290               CONDUIT     0.003     0  02:06      0.17    0.00    0.36
  G00291               CONDUIT     0.000     0  01:39      0.03    0.00    0.20
  G00292               CONDUIT     0.098     0  04:12      1.41    0.11    0.71
  G00293               CONDUIT     0.050     0  01:40      0.52    0.17    0.45
  G00294               CONDUIT     0.000     0  01:00      0.23    0.00    0.34
  G00295               CONDUIT     0.000     0  01:00      0.17    0.00    0.02
  G00296               CONDUIT     0.081     0  01:38      0.24    0.08    1.00
  G00297               CONDUIT     0.000     0  01:00      0.23    0.00    0.02
  G00298               CONDUIT     0.056     0  01:40      0.58    0.03    0.26
  G00299               CONDUIT     0.000     0  01:00      0.33    0.00    0.10
  G00300               CONDUIT     0.020     0  03:33      0.08    0.01    0.89
  G00301               CONDUIT     0.161     0  01:40      0.67    0.48    1.00
  G00302               CONDUIT     0.000     0  01:37      0.07    0.00    0.92
  G00303               CONDUIT     0.000     0  01:00      0.15    0.00    0.20
  G00304               CONDUIT     0.001     0  01:37      0.12    0.00    0.16
  G00305               CONDUIT     0.000     0  01:00      0.06    0.00    0.41
  G00306               CONDUIT     0.044     0  02:42      0.49    0.05    0.27
  G00307               CONDUIT     0.897     0  04:26      1.28    0.70    1.00
  G00308               CONDUIT     0.890     0  04:25      1.77    3.01    1.00
  G00309               CONDUIT     0.000     0  02:52      0.20    0.00    0.17
  G00310               CONDUIT     0.000     0  01:00      0.23    0.00    0.11
  G00311               CONDUIT     0.000     0  01:00      0.22    0.00    0.01
  G00312               CONDUIT     0.000     0  01:39      0.14    0.00    0.03
  G00313               CONDUIT     0.007     0  01:40      0.16    0.00    0.20
  G00314               CONDUIT     0.063     0  01:42      0.34    0.12    0.30
  G00315               CONDUIT     0.013     0  01:41      0.17    0.01    0.23
  G00316               CONDUIT     0.001     0  01:00      0.20    0.00    0.17
  G00317               CONDUIT     0.000     0  01:00      0.15    0.00    0.24
  G00318               CONDUIT     0.000     0  00:59      0.03    0.00    0.17
  G00319               CONDUIT     0.002     0  01:37      0.13    0.00    0.29
  G00320               CONDUIT     0.000     0  01:00      0.11    0.00    0.04
  G00321               CONDUIT     0.000     0  01:00      0.07    0.00    0.23
  G00322               CONDUIT     0.096     0  04:15      0.20    0.15    1.00
  G00323               CONDUIT     0.000     0  01:00      0.20    0.00    0.49
  G00324               CONDUIT     0.067     0  02:39      0.29    0.15    0.75
  G00325               CONDUIT     0.000     0  01:36      0.06    0.00    0.65
  G00326               CONDUIT     0.166     0  01:41      0.61    0.56    0.56
  G00327               CONDUIT     0.002     0  01:35      0.23    0.00    0.25
  G00328               CONDUIT     0.029     0  01:40      0.29    0.10    0.26
  G00329               CONDUIT     0.020     0  01:37      0.77    0.02    0.10
  G00330               CONDUIT     0.021     0  01:37      0.41    0.02    0.19
  G00331               CONDUIT     0.046     0  02:04      0.61    0.16    0.21
  G00332               CONDUIT     0.047     0  02:01      0.44    0.16    0.26
  G00333               CONDUIT     0.003     0  01:38      0.42    0.00    0.04
  G00334               CONDUIT     0.003     0  01:40      0.19    0.00    0.07
  G00335               CONDUIT     0.021     0  01:40      0.20    0.01    0.27
  G00336               CONDUIT     0.092     0  01:41      0.59    0.06    0.35
  G00337               CONDUIT     0.028     0  01:40      0.82    0.03    0.12
  G00338               CONDUIT     0.028     0  01:40      0.73    0.02    0.13
  G00339               CONDUIT     0.013     0  01:40      0.32    0.02    0.29
  G00340               CONDUIT     0.067     0  02:13      0.27    0.17    0.52
  G00341               CONDUIT     0.016     0  02:17      0.17    0.02    1.00
  G00342               CONDUIT     0.013     0  03:21      0.06    0.01    0.99
  G00343               CONDUIT     0.001     0  01:38      0.19    0.00    0.34
  G00344               CONDUIT     0.000     0  01:00      0.14    0.00    0.25
  G00345               CONDUIT     0.173     0  03:08      0.35    0.50    1.00
  G00346               CONDUIT     0.081     0  02:19      0.19    0.13    0.91
  G00347               CONDUIT     0.028     0  02:42      0.25    0.08    0.50
  G00348               CONDUIT     0.011     0  01:38      0.13    0.00    0.57
  G00349               CONDUIT     0.003     0  01:37      0.37    0.00    0.05
  G00350               CONDUIT     0.109     0  01:40      0.63    0.04    0.60
  G00351               CONDUIT     0.109     0  01:39      2.07    0.07    0.16
  G00352               CONDUIT     0.004     0  01:00      0.63    0.00    0.04
  G00353               CONDUIT     0.000     0  01:00      0.09    0.00    0.03
  G00354               CONDUIT     0.005     0  01:35      0.10    0.00    1.00
  G00355               CONDUIT     0.005     0  01:00      0.71    0.00    0.04
  G00356               CONDUIT     0.002     0  02:12      0.15    0.00    0.28
  G00357               CONDUIT     0.001     0  01:37      0.09    0.00    0.04
  G00358               CONDUIT     0.004     0  01:40      0.17    0.00    0.50
  G00359               CONDUIT     0.023     0  01:53      0.11    0.08    0.72
  G00360               CONDUIT     0.005     0  01:37      0.55    0.00    0.05
  G00361               CONDUIT     0.002     0  01:38      0.19    0.01    0.06
  G00362               CONDUIT     0.037     0  01:40      0.79    0.02    0.17
  G00363               CONDUIT     0.019     0  01:40      0.97    0.01    0.08
  G00364               CONDUIT     0.001     0  01:40      0.46    0.00    0.01
  G00365               CONDUIT     0.001     0  01:34      0.14    0.00    0.03
  G00366               CONDUIT     0.106     0  01:37      2.06    0.06    0.16
  G00367               CONDUIT     0.005     0  01:48      0.72    0.00    0.05
  G00368               CONDUIT     0.000     0  01:00      0.35    0.00    0.01
  G00369               CONDUIT     0.000     0  01:36      0.33    0.00    0.01
  G00370               CONDUIT     0.000     0  01:40      0.15    0.00    0.29
  G00371               CONDUIT     0.392     0  01:44      1.64    0.73    0.34
  G00372               CONDUIT     0.040     0  01:39      0.52    0.02    0.33
  G00373               CONDUIT     0.001     0  01:40      0.04    0.00    0.29
  G00374               CONDUIT     0.011     0  01:47      0.21    0.00    0.12
  G00375               CONDUIT     0.005     0  01:51      0.10    0.02    0.20
  G00376               CONDUIT     0.011     0  01:45      0.33    0.02    0.09
  G00377               CONDUIT     0.011     0  01:40      0.55    0.00    0.08
  G00378               CONDUIT     0.001     0  01:40      0.15    0.00    0.04
  G00379               CONDUIT     0.391     0  02:07      1.03    0.30    0.49
  G00380               CONDUIT     0.031     0  01:40      0.22    0.10    0.72
  G00381               CONDUIT     0.001     0  01:36      0.12    0.00    0.36
  G00382               CONDUIT     0.001     0  01:35      0.03    0.00    0.20
  G00383               CONDUIT     0.004     0  01:40      0.25    0.01    0.08
  G00384               CONDUIT     0.124     0  02:03      1.45    0.07    0.25
  G00385               CONDUIT     0.117     0  01:44      1.06    0.04    0.20
  G00386               CONDUIT     0.090     0  01:44      1.71    0.03    0.12
  G00387               CONDUIT     0.219     0  01:44      0.78    0.07    0.63
  G00388               CONDUIT     0.002     0  01:40      0.08    0.00    0.21
  G00389               CONDUIT     0.219     0  01:44      1.47    0.27    0.24
  G00390               CONDUIT     0.216     0  01:43      1.15    0.16    0.29
  G00391               CONDUIT     0.375     0  03:37      0.67    0.27    1.00
  G00392               CONDUIT     0.024     0  01:56      0.10    0.08    1.00
  G00393               CONDUIT     0.040     0  03:03      0.21    0.05    1.00
  G00394               CONDUIT     0.372     0  02:33      0.74    1.26    1.00
  G00395               CONDUIT     0.003     0  01:36      0.36    0.00    0.04
  G00396               CONDUIT     0.000     0  01:35      0.05    0.00    0.14
  G00397               CONDUIT     0.087     0  02:28      0.32    0.04    0.99
  G00398               CONDUIT     0.065     0  02:09      0.13    0.05    1.00
  G00399               CONDUIT     0.750     0  02:08      1.49    2.54    1.00
  G00400               CONDUIT     1.354     0  02:07      1.72    2.52    1.00
  G00401               CONDUIT     0.116     0  03:37      0.64    0.15    1.00
  G00402               CONDUIT     0.042     0  02:01      0.11    0.04    0.99
  G00403               CONDUIT     0.114     0  02:08      0.52    0.17    0.86
  G00404               CONDUIT     0.128     0  02:07      0.34    0.24    1.00
  G00405               CONDUIT     0.401     0  02:21      0.80    1.36    1.00
  G00406               CONDUIT     0.045     0  02:48      0.10    0.05    1.00
  G00407               CONDUIT     0.017     0  01:41      0.66    0.02    0.25
  G00408               CONDUIT     0.066     0  02:13      0.54    0.10    0.54
  G00409               CONDUIT     0.407     0  02:42      0.81    0.82    1.00
  G00410               CONDUIT     0.021     0  01:40      0.50    0.02    0.77
  G00411               CONDUIT     0.301     0  02:20      0.60    0.50    1.00
  G00412               CONDUIT     0.028     0  02:03      0.09    0.03    0.94
  G00413               CONDUIT     0.052     0  02:04      0.51    0.05    0.62
  G00414               CONDUIT     0.057     0  01:51      0.18    0.05    1.00
  G00415               CONDUIT     0.035     0  02:11      0.07    0.03    1.00
  G00416               CONDUIT     0.041     0  02:08      0.16    0.05    0.67
  G00417               CONDUIT     0.386     0  02:05      0.77    1.23    1.00
  G00418               CONDUIT     0.074     0  01:58      0.21    0.08    1.00
  G00419               CONDUIT     0.006     0  01:40      0.18    0.00    0.96
  G00420               CONDUIT     0.000     0  01:35      0.19    0.00    0.03
  G00421               CONDUIT     0.038     0  01:40      0.45    0.02    0.27
  G00422               CONDUIT     0.147     0  01:42      0.63    0.27    0.54
  G00423               CONDUIT     0.138     0  01:41      0.93    0.15    0.45
  G00424               CONDUIT     0.026     0  01:43      0.17    0.03    0.39
  G00425               CONDUIT     0.019     0  01:42      0.68    0.01    0.10
  G00426               CONDUIT     0.019     0  01:40      0.65    0.03    0.11
  G00427               CONDUIT     0.001     0  01:00      0.10    0.00    0.07
  G00428               CONDUIT     0.010     0  01:41      0.41    0.01    0.10
  G00429               CONDUIT     0.000     0  01:35      0.27    0.00    0.13
  G00430               CONDUIT     0.002     0  01:00      0.21    0.01    0.04
  G00431               CONDUIT     0.272     0  01:47      1.07    0.19    1.00
  G00432               CONDUIT     0.254     0  01:40      1.61    0.33    0.47
  G00433               CONDUIT     0.001     0  01:40      0.17    0.00    0.05
  G00434               CONDUIT     0.001     0  01:37      0.15    0.00    0.05
  G00435               CONDUIT     0.000     0  01:35      0.26    0.00    0.01
  G00436               CONDUIT     0.001     0  01:40      0.17    0.00    0.20
  G00437               CONDUIT     0.000     0  01:35      0.15    0.00    0.35
  G00438               CONDUIT     0.002     0  01:40      0.16    0.00    0.07
  G00439               CONDUIT     0.035     0  01:39      1.02    0.02    0.12
  G00440               CONDUIT     0.011     0  01:37      0.66    0.01    0.07
  G00441               CONDUIT     0.006     0  01:00      0.87    0.00    0.04
  G00442               CONDUIT     0.001     0  01:00      0.39    0.00    0.02
  G00443               CONDUIT     0.088     0  01:43      0.97    0.16    0.17
  G00444               CONDUIT     0.009     0  02:00      0.28    0.01    0.12
  G00445               CONDUIT     0.003     0  01:00      0.33    0.00    0.13
  G00446               CONDUIT     0.000     0  01:00      0.23    0.00    0.01
  G00447               CONDUIT     0.005     0  02:45      0.12    0.00    0.25
  G00448               CONDUIT     0.108     0  01:38      1.82    0.05    0.18
  G00449               CONDUIT     0.000     0  01:00      0.26    0.00    0.02
  G00450               CONDUIT     0.002     0  01:02      0.59    0.00    0.02
  G00451               CONDUIT     0.002     0  01:40      0.66    0.00    0.02
  G00452               CONDUIT     0.022     0  01:37      1.14    0.01    0.31
  G00453               CONDUIT     0.008     0  01:36      0.65    0.01    0.06
  G00454               CONDUIT     0.025     0  03:30      0.58    0.02    0.14
  G00455               CONDUIT     0.001     0  01:00      0.43    0.00    0.02
  G00456               CONDUIT     0.003     0  01:37      0.39    0.00    0.04
  G00457               CONDUIT     0.001     0  01:35      0.09    0.00    0.11
  G00458               CONDUIT     0.005     0  01:40      0.12    0.00    0.41
  G00459               CONDUIT     0.144     0  01:41      0.39    0.49    0.71
  G00460               CONDUIT     0.001     0  01:38      0.20    0.00    0.35
  G00461               CONDUIT     0.005     0  01:38      0.13    0.00    0.13
  G00462               CONDUIT     0.492     0  02:06      0.98    1.66    1.00
  G00463               CONDUIT     0.001     0  01:00      0.26    0.00    0.03
  G00464               CONDUIT     0.000     0  01:00      0.16    0.00    0.03
  G00465               CONDUIT     0.081     0  01:40      0.60    0.04    0.42
  G00466               CONDUIT     0.081     0  01:40      0.79    0.27    0.26
  G00467               CONDUIT     0.002     0  01:37      0.06    0.00    0.37
  G00468               CONDUIT     0.506     0  01:43      1.25    0.15    0.52
  G00469               CONDUIT     0.506     0  01:42      2.41    0.27    0.31
  G00470               CONDUIT     0.412     0  01:41      2.62    0.34    0.35
  G00471               CONDUIT     0.228     0  01:41      1.78    0.12    0.32
  G00472               CONDUIT     0.000     0  01:00      0.20    0.00    0.02
  G00473               CONDUIT     0.005     0  01:40      0.72    0.00    0.04
  G00474               CONDUIT     0.006     0  01:41      0.46    0.00    0.06
  G00475               CONDUIT     0.043     0  01:41      0.72    0.01    0.13
  G00476               CONDUIT     0.036     0  01:40      0.86    0.02    0.14
  G00477               CONDUIT     0.019     0  01:42      0.57    0.02    0.13
  G00478               CONDUIT     0.019     0  01:40      0.42    0.06    0.15
  G00479               CONDUIT     0.006     0  01:35      1.12    0.00    0.04
  G00480               CONDUIT     0.130     0  01:40      1.77    0.08    0.20
  G00481               CONDUIT     0.143     0  01:40      0.82    0.11    0.38
  G00482               CONDUIT     0.004     0  01:01      0.18    0.00    0.11
  G00483               CONDUIT     0.002     0  01:00      0.49    0.00    0.03
  G00484               CONDUIT     0.005     0  01:34      0.11    0.02    0.21
  G00485               CONDUIT     0.000     0  01:00      0.11    0.00    0.30
  G00486               CONDUIT     0.000     0  01:00      0.21    0.00    0.01
  G00487               CONDUIT     0.000     0  01:00      0.10    0.00    0.17
  G00488               CONDUIT     0.000     0  01:00      0.10    0.00    0.23
  G00489               CONDUIT     0.000     0  02:56      0.17    0.00    0.27
  G00490               CONDUIT     0.000     0  00:59      0.20    0.00    0.01
  G00491               CONDUIT     0.000     0  01:35      0.06    0.00    0.11
  G00492               CONDUIT     0.060     0  02:00      0.74    0.20    0.22
  G00493               CONDUIT     0.086     0  02:03      0.65    0.12    0.32
  G00494               CONDUIT     0.000     0  01:00      0.07    0.00    0.05
  G00495               CONDUIT     0.169     0  02:04      0.83    0.31    0.43
  G00496               CONDUIT     0.000     0  01:00      0.02    0.00    0.25
  G00497               CONDUIT     0.000     0  01:01      0.09    0.00    0.44
  G00498               CONDUIT     0.017     0  01:37      0.29    0.01    0.46
  G00499               CONDUIT     0.001     0  01:00      0.18    0.00    0.23
  G00500               CONDUIT     0.001     0  01:00      0.04    0.00    0.23
  G00501               CONDUIT     0.001     0  01:00      0.10    0.00    0.44
  G00502               CONDUIT     0.012     0  01:36      0.24    0.01    0.45
  G00503               CONDUIT     0.000     0  01:00      0.16    0.00    0.51
  G00504               CONDUIT     0.071     0  01:45      0.37    0.24    0.62
  G00505               CONDUIT     0.087     0  01:46      0.24    0.29    0.69
  G00506               CONDUIT     0.153     0  02:04      0.43    0.37    0.67
  G00507               CONDUIT     0.068     0  02:07      0.22    0.23    1.00
  G00508               CONDUIT     0.156     0  02:07      0.31    0.53    1.00
  G00509               CONDUIT     0.133     0  02:08      0.29    0.21    1.00
  G00510               CONDUIT     0.015     0  02:09      0.06    0.03    0.87
  G00511               CONDUIT     0.001     0  01:36      0.09    0.00    0.23
  G00512               CONDUIT     0.001     0  01:00      0.14    0.00    0.12
  G00513               CONDUIT     0.135     0  02:45      1.19    0.07    0.33
  G00514               CONDUIT     0.135     0  02:44      1.29    0.27    0.26
  G00515               CONDUIT     0.135     0  02:43      0.75    0.46    0.39
  G00516               CONDUIT     0.059     0  02:04      0.43    0.06    0.33
  G00517               CONDUIT     0.003     0  01:40      0.28    0.01    0.06
  G00518               CONDUIT     0.019     0  03:11      0.19    0.02    0.28
  G00519               CONDUIT     0.064     0  01:40      0.50    0.07    0.34
  G00520               CONDUIT     0.119     0  02:47      0.47    0.40    0.51
  G00521               CONDUIT     0.091     0  02:45      0.45    0.31    0.48
  G00522               CONDUIT     0.001     0  01:00      0.45    0.00    0.01
  G00523               CONDUIT     0.000     0  01:00      0.33    0.00    0.01
  G00524               CONDUIT     0.006     0  01:37      0.47    0.00    0.07
  G00525               CONDUIT     0.001     0  01:40      0.67    0.00    0.02
  G00526               CONDUIT     0.085     0  01:41      0.54    0.04    0.37
  G00527               CONDUIT     0.001     0  01:37      0.26    0.00    0.08
  G00528               CONDUIT     0.037     0  01:41      1.03    0.05    0.12
  G00529               CONDUIT     0.189     0  01:39      1.46    0.11    0.31
  G00530               CONDUIT     0.104     0  02:42      0.51    0.07    0.47
  G00531               CONDUIT     0.001     0  01:00      0.10    0.00    0.09
  G00532               CONDUIT     0.046     0  02:05      0.09    0.08    0.96
  G00533               CONDUIT     0.485     0  02:19      1.13    1.64    1.00
  G00534               CONDUIT     0.205     0  01:41      1.07    0.07    0.30
  G00535               CONDUIT     0.770     0  01:44      1.54    0.89    0.61
  G00536               CONDUIT     0.153     0  01:41      0.78    0.04    0.30
  G00537               CONDUIT     0.000     0  01:00      0.26    0.00    0.02
  G00538               CONDUIT     0.001     0  01:39      0.15    0.00    0.31
  G00539               CONDUIT     0.160     0  03:55      0.32    0.31    1.00
  G00540               CONDUIT     0.001     0  01:00      0.20    0.00    0.57
  G00541               CONDUIT     0.151     0  03:24      0.30    0.29    1.00
  G00542               CONDUIT     0.002     0  01:40      0.47    0.00    0.04
  G00543               CONDUIT     0.005     0  01:41      0.43    0.00    0.57
  G00544               CONDUIT     0.000     0  01:35      0.05    0.00    0.38
  G00545               CONDUIT     1.307     0  01:42      3.22    0.26    0.39
  G00546               CONDUIT     2.844     0  01:48      2.51    0.80    1.00
  G00547               CONDUIT     0.181     0  02:30      0.38    0.28    1.00
  G00548               CONDUIT     0.024     0  01:03      0.83    0.03    0.69
  G00549               CONDUIT     0.077     0  01:39      1.11    0.05    0.31
  G00550               CONDUIT     1.463     0  01:43      1.66    0.39    0.73
  G00551               CONDUIT     0.001     0  01:00      0.08    0.00    0.78
  G00552               CONDUIT     0.000     0  01:33      0.04    0.00    0.19
  G00553               CONDUIT     0.000     0  01:34      0.11    0.00    0.19
  G00554               CONDUIT     0.000     0  01:35      0.13    0.00    0.01
  G00555               CONDUIT     0.019     0  01:41      0.99    0.01    0.08
  G00556               CONDUIT     0.029     0  01:41      0.89    0.02    0.12
  G00557               CONDUIT     0.029     0  01:42      1.00    0.04    0.11
  G00558               CONDUIT     0.030     0  01:42      0.74    0.01    0.14
  G00559               CONDUIT     0.000     0  01:00      0.03    0.00    0.37
  G00560               CONDUIT     0.000     0  01:40      0.09    0.00    0.02
  G00561               CONDUIT     0.342     0  02:40      0.68    0.87    1.00
  G00562               CONDUIT     0.574     0  02:06      3.26    0.21    0.38
  G00563               CONDUIT     0.574     0  02:06      3.09    0.42    0.40
  G00564               CONDUIT     0.392     0  01:43      2.13    0.21    0.40
  G00565               CONDUIT     0.009     0  01:35      0.37    0.00    0.10
  G00566               CONDUIT     0.284     0  01:40      1.19    0.14    0.48
  G00567               CONDUIT     0.680     0  01:42      2.92    0.22    0.34
  G00568               CONDUIT     0.028     0  01:40      0.50    0.01    0.17
  G00569               CONDUIT     0.018     0  01:41      0.47    0.04    0.13
  G00570               CONDUIT     0.001     0  01:35      0.09    0.00    0.37
  G00571               CONDUIT     0.389     0  01:42      2.33    0.35    0.37
  G00572               CONDUIT     0.391     0  01:41      1.33    0.90    0.57
  G00573               CONDUIT     0.323     0  01:41      2.27    0.21    0.24
  G00574               CONDUIT     0.001     0  01:35      0.23    0.00    0.10
  G00575               CONDUIT     0.073     0  01:40      1.63    0.03    0.15
  G00576               CONDUIT     0.102     0  01:40      0.97    0.16    0.26
  G00577               CONDUIT     0.003     0  01:01      0.23    0.00    0.21
  G00578               CONDUIT     0.164     0  01:41      0.83    0.15    0.73
  G00579               CONDUIT     0.000     0  01:00      0.20    0.00    0.17
  G00580               CONDUIT     0.000     0  01:38      0.14    0.00    0.08
  G00581               CONDUIT     0.045     0  01:40      0.44    0.02    0.43
  G00582               CONDUIT     0.023     0  01:40      1.18    0.01    0.08
  G00583               CONDUIT     0.071     0  01:43      0.34    0.06    0.32
  G00584               CONDUIT     0.695     0  01:42      2.75    0.14    0.36
  G00585               CONDUIT     0.428     0  01:41      2.78    0.12    0.25
  G00586               CONDUIT     0.078     0  03:26      0.16    0.11    1.00
  G00587               CONDUIT     0.036     0  01:40      0.55    0.12    0.19
  G00588               CONDUIT     0.036     0  01:41      1.42    0.02    0.10
  G00589               CONDUIT     0.037     0  01:42      0.81    0.02    0.17
  G00590               CONDUIT     0.025     0  02:42      0.31    0.08    0.22
  G00591               CONDUIT     0.028     0  02:42      0.23    0.08    1.00
  G00592               CONDUIT     0.049     0  04:12      0.19    0.10    1.00
  G00593               CONDUIT     0.146     0  03:36      0.29    0.24    1.00
  G00594               CONDUIT     0.028     0  02:42      0.30    0.10    1.00
  G00595               CONDUIT     0.669     0  02:42      1.62    0.71    1.00
  G00596               CONDUIT     0.671     0  03:06      1.33    0.60    1.00
  G00597               CONDUIT     0.401     0  02:41      1.53    0.34    0.82
  G00598               CONDUIT     0.020     0  02:02      0.58    0.02    0.12
  G00599               CONDUIT     0.001     0  01:00      0.08    0.00    0.13
  G00600               CONDUIT     0.007     0  01:40      0.43    0.00    0.08
  G00601               CONDUIT     0.020     0  01:36      0.31    0.01    0.52
  G00602               CONDUIT     0.001     0  01:00      0.41    0.00    0.02
  G00603               CONDUIT     0.019     0  01:40      0.24    0.01    0.29
  G00604               CONDUIT     0.150     0  01:42      0.55    0.23    0.61
  G00605               CONDUIT     0.130     0  01:40      1.26    0.06    0.33
  G00606               CONDUIT     0.000     0  01:36      0.08    0.00    0.09
  G00607               CONDUIT     0.203     0  01:41      1.99    0.09    0.64
  G00608               CONDUIT     0.202     0  01:42      0.75    0.21    1.00
  G00609               CONDUIT     0.000     0  01:00      0.29    0.00    0.24
  G00610               CONDUIT     0.311     0  02:00      0.62    1.05    1.00
  G00611               CONDUIT     0.575     0  02:04      0.76    1.07    1.00
  G00612               CONDUIT     0.001     0  01:37      0.28    0.00    0.04
  G00613               CONDUIT     0.013     0  01:39      1.04    0.01    0.06
  G00614               CONDUIT     0.013     0  01:40      0.30    0.01    0.33
  G00615               CONDUIT     0.000     0  01:00      0.08    0.00    0.28
  G00616               CONDUIT     0.037     0  01:43      0.25    0.09    0.56
  G00617               CONDUIT     0.009     0  01:42      0.07    0.00    0.69
  G00618               CONDUIT     0.002     0  01:40      0.34    0.00    0.04
  G00619               CONDUIT     0.006     0  01:37      0.44    0.00    0.08
  G00620               CONDUIT     0.000     0  01:40      0.05    0.00    0.67
  G00621               CONDUIT     0.039     0  01:37      0.41    0.02    0.62
  G00622               CONDUIT     0.001     0  01:00      0.11    0.00    0.26
  G00623               CONDUIT     0.204     0  01:44      0.80    0.38    0.36
  G00624               CONDUIT     0.031     0  01:42      0.43    0.11    0.20
  G00625               CONDUIT     0.035     0  01:40      0.55    0.12    0.18
  G00626               CONDUIT     0.000     0  01:38      0.08    0.00    0.04
  G00627               CONDUIT     0.008     0  01:36      0.76    0.01    0.05
  G00628               CONDUIT     0.000     0  01:00      0.35    0.00    0.01
  G00629               CONDUIT     0.001     0  01:26      0.14    0.00    0.04
  G00630               CONDUIT     0.194     0  01:41      1.12    0.25    0.27
  G00631               CONDUIT     0.003     0  01:01      0.22    0.00    0.59
  G00632               CONDUIT     0.126     0  01:40      1.02    0.09    0.29
  G00633               CONDUIT     0.795     0  02:09      1.58    2.69    1.00
  G00634               CONDUIT     0.002     0  01:49      0.06    0.01    0.20
  G00635               CONDUIT     0.055     0  01:40      0.43    0.19    0.32
  G00636               CONDUIT     0.086     0  01:26      0.22    0.13    0.78
  G00637               CONDUIT     0.166     0  01:42      0.58    0.15    0.79
  G00638               CONDUIT     0.146     0  02:11      0.29    0.10    1.00
  G00639               CONDUIT     0.047     0  01:40      1.69    0.01    0.08
  G00640               CONDUIT     0.054     0  01:40      1.24    0.01    0.12
  G00641               CONDUIT     0.142     0  01:40      2.08    0.05    0.14
  G00642               CONDUIT     0.000     0  01:00      0.07    0.00    0.14
  G00643               CONDUIT     0.000     0  01:33      0.15    0.00    0.08
  G00644               CONDUIT     0.002     0  01:47      0.16    0.00    0.27
  G00645               CONDUIT     0.098     0  02:08      0.19    0.22    1.00
  G00646               CONDUIT     0.951     0  02:04      1.21    1.77    1.00
  G00647               CONDUIT     1.000     0  01:36      1.52    0.46    1.00
  G00648               CONDUIT     0.244     0  02:11      0.52    0.45    0.90
  G00649               CONDUIT     0.307     0  03:16      0.51    0.27    0.97
  G00650               CONDUIT     0.353     0  02:00      0.70    1.19    1.00
  G00651               CONDUIT     0.493     0  03:14      0.65    0.92    1.00
  G00652               CONDUIT     0.012     0  02:21      0.16    0.02    0.96
  G00653               CONDUIT     0.143     0  04:17      0.29    0.48    1.00
  G00654               CONDUIT     0.087     0  03:27      0.19    0.29    1.00
  G00655               CONDUIT     0.088     0  01:32      0.24    0.07    0.86
  G00656               CONDUIT     0.003     0  01:01      0.26    0.00    0.06
  G00657               CONDUIT     0.289     0  02:44      0.37    0.51    1.00
  G00658               CONDUIT     0.280     0  02:44      0.56    0.95    1.00
  G00659               CONDUIT     0.211     0  02:45      0.46    0.31    0.90
  G00660               CONDUIT     0.145     0  02:42      0.66    0.49    0.55
  G00661               CONDUIT     0.015     0  01:53      0.14    0.03    0.36
  G00662               CONDUIT     0.000     0  01:00      0.06    0.00    0.61
  G00663               CONDUIT     0.129     0  03:33      0.26    0.44    1.00
  G00664               CONDUIT     0.001     0  01:35      0.16    0.00    0.04
  G00665               CONDUIT     0.000     0  01:00      0.04    0.00    0.12
  G00666               CONDUIT     0.034     0  02:02      1.35    0.02    0.10
  G00667               CONDUIT     0.006     0  02:00      0.28    0.00    0.23
  G00668               CONDUIT     0.127     0  01:51      0.36    0.14    0.87
  G00669               CONDUIT     0.001     0  01:00      0.43    0.00    0.03
  G00670               CONDUIT     0.000     0  01:00      0.47    0.00    0.01
  G00671               CONDUIT     0.017     0  01:36      0.57    0.01    0.25
  G00672               CONDUIT     0.000     0  00:57      0.36    0.00    0.01
  G00673               CONDUIT     0.003     0  01:01      0.49    0.00    0.05
  G00674               CONDUIT     0.044     0  01:25      0.53    0.15    0.40
  G00675               CONDUIT     0.002     0  01:40      0.20    0.01    0.06
  G00676               CONDUIT     0.009     0  01:40      0.68    0.01    0.06
  G00677               CONDUIT     0.005     0  01:40      0.33    0.00    0.07
  G00678               CONDUIT     0.008     0  01:40      0.25    0.03    0.11
  G00679               CONDUIT     0.158     0  01:42      0.82    0.06    0.33
  G00680               CONDUIT     0.159     0  01:41      1.67    0.08    0.18
  G00681               CONDUIT     0.000     0  01:00      0.04    0.00    0.15
  G00682               CONDUIT     0.000     0  01:00      0.39    0.00    0.01
  G00683               CONDUIT     0.001     0  01:37      0.19    0.00    0.04
  G00684               CONDUIT     0.051     0  01:59      0.20    0.07    0.80
  G00685               CONDUIT     0.062     0  02:41      0.31    0.21    0.42
  G00686               CONDUIT     0.008     0  01:40      0.20    0.01    0.13
  G00687               CONDUIT     0.000     0  01:36      0.12    0.00    0.03
  G00688               CONDUIT     0.001     0  01:40      0.50    0.00    0.01
  G00689               CONDUIT     0.000     0  01:40      0.11    0.00    0.03
  G00690               CONDUIT     0.001     0  01:40      0.36    0.00    0.02
  G00691               CONDUIT     0.000     0  01:40      0.18    0.00    0.02
  G00692               CONDUIT     0.000     0  01:15      0.08    0.00    0.02
  G00693               CONDUIT     0.001     0  01:40      0.64    0.00    0.02
  G00694               CONDUIT     0.004     0  01:35      0.60    0.00    0.06
  G00695               CONDUIT     0.002     0  01:40      0.07    0.00    0.27
  G00696               CONDUIT     0.002     0  01:41      0.18    0.01    0.05
  G00697               CONDUIT     0.047     0  03:15      0.17    0.09    1.00
  G00698               CONDUIT     0.007     0  02:12      0.05    0.01    0.38
  G00699               CONDUIT     0.000     0  01:00      0.27    0.00    0.09
  G00700               CONDUIT     0.030     0  01:39      0.12    0.03    1.00
  G00701               CONDUIT     0.115     0  01:39      0.50    0.39    1.00
  G00702               CONDUIT     0.058     0  01:48      0.15    0.20    1.00
  G00703               CONDUIT     0.000     0  01:00      0.04    0.00    0.74
  G00704               CONDUIT     0.015     0  01:37      0.60    0.02    0.11
  G00705               CONDUIT     0.015     0  02:11      0.04    0.01    0.85
  G00706               CONDUIT     0.060     0  01:40      0.47    0.20    0.30
  G00707               CONDUIT     0.001     0  01:36      0.21    0.00    0.02
  G00708               CONDUIT     0.167     0  01:41      1.89    0.12    0.23
  G00709               CONDUIT     0.195     0  01:41      0.75    0.12    0.41
  G00710               CONDUIT     0.350     0  01:43      0.73    0.54    0.59
  G00711               CONDUIT     0.033     0  01:40      0.48    0.06    0.25
  G00712               CONDUIT     0.001     0  01:40      0.15    0.00    0.04
  G00713               CONDUIT     0.001     0  01:40      0.32    0.00    0.43
  G00714               CONDUIT     0.000     0  01:00      0.32    0.00    0.01
  G00715               CONDUIT     0.183     0  01:42      1.17    0.13    0.25
  G00716               CONDUIT     0.161     0  01:41      0.95    0.18    0.27
  G00717               CONDUIT     0.087     0  01:40      0.71    0.11    0.29
  G00718               CONDUIT     0.040     0  01:44      0.11    0.02    0.71
  G00719               CONDUIT     0.001     0  01:00      0.29    0.00    0.06
  G00720               CONDUIT     0.041     0  01:42      0.71    0.10    0.17
  G00721               CONDUIT     0.042     0  01:40      0.61    0.05    0.20
  G00722               CONDUIT     0.001     0  01:00      0.32    0.00    0.02
  G00723               CONDUIT     0.003     0  01:37      0.24    0.00    0.11
  G00724               CONDUIT     0.003     0  01:38      0.27    0.00    0.13
  G00725               CONDUIT     0.001     0  01:37      0.32    0.00    0.02
  G00726               CONDUIT     0.155     0  01:40      1.10    0.52    0.32
  G00727               CONDUIT     0.008     0  01:39      0.20    0.01    0.29
  G00728               CONDUIT     0.250     0  01:42      0.86    0.47    0.40
  G00729               CONDUIT     0.001     0  01:00      0.28    0.00    0.02
  G00730               CONDUIT     0.032     0  01:41      0.65    0.02    0.15
  G00731               CONDUIT     0.032     0  01:40      0.59    0.11    0.16
  G00732               CONDUIT     0.014     0  02:48      0.08    0.05    0.40
  G00733               CONDUIT     0.006     0  01:35      0.13    0.00    0.23
  G00734               CONDUIT     0.002     0  01:36      0.16    0.00    0.22
  G00735               CONDUIT     0.000     0  01:00      0.46    0.00    0.02
  G00736               CONDUIT     0.004     0  01:39      0.46    0.00    0.05
  G00737               CONDUIT     0.000     0  01:37      0.13    0.00    0.03
  G00738               CONDUIT     0.000     0  01:00      0.08    0.00    0.06
  G00739               CONDUIT     0.005     0  01:40      0.29    0.02    0.07
  G00740               CONDUIT     0.299     0  01:43      1.44    0.16    0.31
  G00741               CONDUIT     0.921     0  01:43      2.48    3.11    0.72
  G00742               CONDUIT     0.007     0  01:50      0.10    0.02    0.28
  G00743               CONDUIT     0.124     0  01:42      0.70    0.12    0.40
  G00744               CONDUIT     0.010     0  02:27      0.10    0.01    0.45
  G00745               CONDUIT     1.270     0  02:42      1.62    2.37    1.00
  G00746               CONDUIT     0.002     0  01:37      0.12    0.00    0.21
  G00747               CONDUIT     0.000     0  01:00      0.22    0.00    0.15
  G00748               CONDUIT     0.010     0  01:38      0.55    0.01    0.08
  G00749               CONDUIT     0.013     0  01:40      0.56    0.02    0.09
  G00750               CONDUIT     0.248     0  02:03      0.70    0.48    0.71
  G00751               CONDUIT     1.886     0  02:11      1.67    1.06    1.00
  G00752               CONDUIT     0.378     0  03:58      0.48    0.64    1.00
  G00753               CONDUIT     0.101     0  01:29      0.44    0.34    1.00
  G00754               CONDUIT     0.000     0  01:00      0.22    0.00    0.10
  G00755               CONDUIT     0.002     0  01:00      0.44    0.00    0.03
  G00756               CONDUIT     0.000     0  01:36      0.06    0.00    0.04
  G00757               CONDUIT     0.002     0  01:39      0.16    0.01    0.06
  G00758               CONDUIT     0.014     0  01:40      0.70    0.01    0.06
  G00759               CONDUIT     0.057     0  01:41      1.12    0.02    0.12
  G00760               CONDUIT     0.069     0  01:41      0.44    0.04    0.25
  G00761               CONDUIT     0.001     0  01:40      0.17    0.00    0.04
  G00762               CONDUIT     0.002     0  01:40      0.09    0.00    0.15
  G00763               CONDUIT     0.051     0  01:41      0.69    0.17    0.21
  G00764               CONDUIT     0.004     0  01:36      0.30    0.00    0.13
  G00765               CONDUIT     0.439     0  01:41      2.05    0.16    0.32
  G00766               CONDUIT     0.003     0  01:40      0.63    0.00    0.03
  G00767               CONDUIT     0.003     0  01:40      0.74    0.00    0.03
  G00768               CONDUIT     0.003     0  01:42      0.51    0.00    0.04
  G00769               CONDUIT     0.005     0  01:40      0.29    0.01    0.09
  G00770               CONDUIT     0.775     0  01:42      2.48    0.44    0.42
  G00771               CONDUIT     0.021     0  01:46      0.12    0.02    0.57
  G00772               CONDUIT     0.005     0  01:01      0.51    0.01    0.20
  G00773               CONDUIT     0.031     0  01:40      0.35    0.02    0.26
  G00774               CONDUIT     0.021     0  01:37      0.46    0.01    0.41
  G00775               CONDUIT     0.439     0  01:43      1.10    0.96    0.75
  G00776               CONDUIT     0.001     0  01:00      0.17    0.00    0.24
  G00777               CONDUIT     0.000     0  01:00      0.36    0.00    0.01
  G00778               CONDUIT     0.062     0  01:37      1.81    0.04    0.12
  G00779               CONDUIT     0.089     0  02:04      0.26    0.30    1.00
  G00780               CONDUIT     0.041     0  01:57      0.10    0.07    0.91
  G00781               CONDUIT     0.065     0  02:01      0.27    0.10    0.81
  G00782               CONDUIT     0.148     0  02:00      0.29    0.09    1.00
  G00783               CONDUIT     0.063     0  01:57      0.99    0.11    0.18
  G00784               CONDUIT     0.044     0  01:40      0.62    0.05    0.21
  G00785               CONDUIT     0.045     0  01:42      0.43    0.15    0.27
  G00786               CONDUIT     0.000     0  01:00      0.30    0.00    0.35
  G00787               CONDUIT     0.007     0  01:40      0.21    0.00    0.16
  G00788               CONDUIT     0.002     0  02:18      0.03    0.00    0.24
  G00789               CONDUIT     0.001     0  01:00      0.13    0.00    0.12
  G00790               CONDUIT     0.018     0  01:40      0.74    0.01    0.10
  G00791               CONDUIT     0.020     0  01:41      0.40    0.07    0.16
  G00792               CONDUIT     0.000     0  01:00      0.05    0.00    0.50
  G00793               CONDUIT     0.010     0  01:51      0.10    0.03    0.40
  G00794               CONDUIT     0.219     0  01:40      1.54    0.74    0.33
  G00795               CONDUIT     0.000     0  01:00      0.12    0.00    0.03
  G00796               CONDUIT     0.000     0  01:00      0.04    0.00    0.08
  G00797               CONDUIT     0.000     0  01:33      0.25    0.00    0.01
  G00798               CONDUIT     0.001     0  01:36      0.36    0.00    0.04
  G00799               CONDUIT     0.054     0  01:57      0.49    0.12    0.55
  G00800               CONDUIT     0.061     0  02:01      0.50    0.12    0.53
  G00801               CONDUIT     0.160     0  01:57      0.38    0.15    0.73
  G00802               CONDUIT     0.275     0  02:47      0.39    0.45    1.00
  G00803               CONDUIT     0.567     0  02:43      0.72    1.06    1.00
  G00804               CONDUIT     0.013     0  01:36      0.61    0.01    0.09
  G00805               CONDUIT     0.226     0  02:48      0.38    0.42    0.95
  G00806               CONDUIT     0.180     0  02:00      0.45    0.61    1.00
  G00807               CONDUIT     0.004     0  01:35      0.33    0.00    0.06
  G00808               CONDUIT     0.037     0  01:39      0.63    0.04    0.36
  G00809               CONDUIT     0.035     0  02:48      0.56    0.11    0.64
  G00810               CONDUIT     0.196     0  03:36      0.53    0.66    1.00
  G00811               CONDUIT     0.203     0  04:07      0.70    0.69    1.00
  G00812               CONDUIT     0.005     0  01:00      0.20    0.00    0.10
  G00813               CONDUIT     0.130     0  02:05      0.78    0.44    0.37
  G00814               CONDUIT     0.002     0  01:36      0.25    0.00    0.21
  G00815               CONDUIT     0.001     0  01:37      0.08    0.00    0.31
  G00816               CONDUIT     0.000     0  02:56      0.18    0.00    0.53
  G00817               CONDUIT     0.077     0  03:23      0.43    0.14    1.00
  G00818               CONDUIT     0.074     0  03:34      0.36    0.25    0.43
  G00819               CONDUIT     0.035     0  03:42      0.07    0.03    0.92
  G00820               CONDUIT     0.010     0  02:23      0.09    0.02    0.97
  G00821               CONDUIT     0.000     0  02:52      0.16    0.00    0.21
  G00822               CONDUIT     0.001     0  01:40      0.10    0.00    0.06
  G00823               CONDUIT     0.001     0  01:00      0.13    0.00    0.03
  G00824               CONDUIT     0.049     0  01:40      0.61    0.17    0.22
  G00825               CONDUIT     0.001     0  01:40      0.36    0.00    0.03
  G00826               CONDUIT     0.002     0  01:40      0.13    0.00    0.67
  G00827               CONDUIT     0.011     0  01:40      0.89    0.00    0.04
  G00828               CONDUIT     0.006     0  01:01      0.49    0.01    0.06
  G00829               CONDUIT     0.000     0  01:00      0.07    0.00    0.04
  G00830               CONDUIT     0.005     0  01:40      0.25    0.02    0.08
  G00831               CONDUIT     0.003     0  01:00      0.33    0.00    0.07
  G00832               CONDUIT     0.000     0  01:40      0.09    0.00    0.02
  G00833               CONDUIT     0.000     0  01:00      0.26    0.00    0.02
  G00834               CONDUIT     0.352     0  03:32      1.38    1.19    0.51
  G00835               CONDUIT     0.377     0  03:34      1.12    0.41    0.65
  G00836               CONDUIT     0.492     0  02:43      0.89    0.92    0.70
  G00837               CONDUIT     0.000     0  01:00      0.20    0.00    0.01
  G00838               CONDUIT     0.034     0  02:03      0.66    0.02    0.16
  G00839               CONDUIT     0.002     0  01:36      0.07    0.00    0.10
  G00840               CONDUIT     0.184     0  02:04      0.67    0.62    0.54
  G00841               CONDUIT     0.027     0  01:39      0.44    0.01    0.30
  G00842               CONDUIT     0.000     0  01:35      0.16    0.00    0.01
  G00843               CONDUIT     0.001     0  01:40      0.14    0.00    0.32
  G00844               CONDUIT     0.004     0  01:36      0.36    0.00    0.06
  G00845               CONDUIT     0.001     0  01:00      0.18    0.00    0.04
  G00846               CONDUIT     0.007     0  01:40      0.28    0.02    0.09
  G00847               CONDUIT     0.001     0  01:35      0.40    0.00    0.02
  G00848               CONDUIT     0.028     0  01:40      1.24    0.01    0.09
  G00849               CONDUIT     0.010     0  01:40      0.36    0.01    0.15
  G00850               CONDUIT     0.000     0  01:00      0.09    0.00    0.05
  G00851               CONDUIT     0.021     0  01:40      1.03    0.01    0.08
  G00852               CONDUIT     0.194     0  01:40      1.56    0.08    0.43
  G00853               CONDUIT     0.446     0  01:44      0.76    0.24    0.95
  G00854               CONDUIT     0.015     0  02:09      0.10    0.02    0.73
  G00855               CONDUIT     0.000     0  01:40      0.02    0.00    0.36
  G00856               CONDUIT     0.001     0  01:35      0.28    0.00    0.03
  G00857               CONDUIT     0.102     0  02:06      0.44    0.34    0.48
  G00858               CONDUIT     0.006     0  01:40      0.14    0.00    0.21
  G00859               CONDUIT     0.005     0  01:40      0.74    0.00    0.04
  G00860               CONDUIT     0.000     0  01:00      0.08    0.00    0.24
  G00861               CONDUIT     0.005     0  01:40      0.19    0.00    0.10
  G00862               CONDUIT     0.009     0  01:40      0.30    0.01    0.11
  G00863               CONDUIT     0.005     0  01:40      0.20    0.00    0.10
  G00864               CONDUIT     0.022     0  02:27      0.34    0.07    0.19
  G00865               CONDUIT     0.051     0  01:40      0.80    0.13    0.18
  G00866               CONDUIT     0.050     0  01:40      1.52    0.03    0.13
  G00867               CONDUIT     0.001     0  01:40      0.09    0.00    0.31
  G00868               CONDUIT     0.000     0  01:00      0.30    0.00    0.01
  G00869               CONDUIT     0.832     0  02:44      1.06    0.73    1.00
  G00870               CONDUIT     0.194     0  02:12      0.49    0.36    1.00
  G00871               CONDUIT     0.150     0  02:23      0.30    0.51    1.00
  G00872               CONDUIT     0.395     0  01:54      1.28    0.30    0.37
  G00873               CONDUIT     0.015     0  02:06      0.08    0.02    0.84
  G00874               CONDUIT     0.396     0  01:56      0.81    0.15    0.57
  G00875               CONDUIT     2.865     0  01:43      2.84    1.34    1.00
  G00876               CONDUIT     0.849     0  01:44      1.80    0.24    0.44
  G00877               CONDUIT     0.132     0  02:04      1.18    0.09    0.32
  G00878               CONDUIT     0.131     0  02:03      1.92    0.08    0.19
  G00879               CONDUIT     0.003     0  01:49      0.09    0.01    0.12
  G00880               CONDUIT     0.001     0  01:40      0.19    0.00    0.06
  G00881               CONDUIT     0.000     0  01:00      0.33    0.00    0.01
  G00882               CONDUIT     0.001     0  01:00      0.40    0.00    0.03
  G00883               CONDUIT     0.000     0  01:00      0.24    0.00    0.03
  G00884               CONDUIT     0.000     0  01:35      0.21    0.00    0.19
  G00885               CONDUIT     0.004     0  01:40      0.23    0.01    0.08
  G00886               CONDUIT     0.971     0  03:24      1.24    1.81    1.00
  G00887               CONDUIT     0.970     0  03:18      1.24    1.81    1.00
  G00888               CONDUIT     0.168     0  02:08      0.33    0.14    1.00
  G00889               CONDUIT     0.097     0  01:40      0.42    0.33    1.00
  G00890               CONDUIT     0.053     0  01:39      0.78    0.18    0.19
  G00891               CONDUIT     0.000     0  01:00      0.07    0.00    0.09
  G00892               CONDUIT     0.010     0  01:48      0.20    0.01    0.45
  G00893               CONDUIT     0.004     0  01:37      0.25    0.01    0.07
  G00894               CONDUIT     0.000     0  01:00      0.03    0.00    0.09
  G00895               CONDUIT     0.000     0  01:38      0.10    0.00    0.03
  G00896               CONDUIT     0.004     0  01:40      0.41    0.00    0.23
  G00897               CONDUIT     0.001     0  01:00      0.14    0.00    0.10
  G00898               CONDUIT     0.024     0  01:41      0.12    0.02    0.67
  G00899               CONDUIT     0.000     0  01:40      0.24    0.00    0.21
  G00900               CONDUIT     0.005     0  02:14      0.18    0.02    0.21
  G00901               CONDUIT     0.201     0  02:08      0.91    0.68    0.46
  G00902               CONDUIT     0.201     0  02:07      0.75    0.68    0.53
  G00903               CONDUIT     0.001     0  01:00      0.25    0.00    0.07
  G00904               CONDUIT     0.016     0  01:39      0.43    0.01    0.13
  G00905               CONDUIT     0.001     0  01:35      0.05    0.00    0.10
  G00906               CONDUIT     0.004     0  01:37      0.09    0.00    0.14
  G00907               CONDUIT     0.010     0  01:40      0.12    0.00    0.23
  G00908               CONDUIT     0.000     0  01:37      0.04    0.00    0.20
  G00909               CONDUIT     0.017     0  01:40      0.41    0.06    0.14
  G00910               CONDUIT     0.017     0  01:40      0.94    0.00    0.08
  G00911               CONDUIT     0.000     0  01:40      0.05    0.00    0.20
  G00912               CONDUIT     0.003     0  01:40      0.04    0.00    0.22
  G00913               CONDUIT     0.199     0  01:40      2.31    0.04    0.17
  G00914               CONDUIT     0.196     0  01:40      2.85    0.05    0.14
  G00915               CONDUIT     0.323     0  01:41      1.52    0.04    0.47
  G00916               CONDUIT     0.205     0  01:40      1.38    0.08    0.26
  G00917               CONDUIT     0.227     0  01:40      1.14    0.77    0.42
  G00918               CONDUIT     0.046     0  02:44      0.15    0.08    1.00
  G00919               CONDUIT     0.318     0  01:44      1.67    0.59    0.29
  G00920               CONDUIT     0.007     0  01:00      0.31    0.02    0.09
  G00921               CONDUIT     0.318     0  01:44      0.79    0.09    0.56
  G00922               CONDUIT     0.605     0  02:45      1.44    0.33    0.82
  G00923               CONDUIT     0.503     0  02:04      0.70    0.94    0.91
  G00924               CONDUIT     0.160     0  01:41      0.53    0.04    0.49
  G00925               CONDUIT     0.000     0  02:48      0.16    0.00    0.03
  G00926               CONDUIT     0.356     0  02:06      0.71    0.32    1.00
  G00927               CONDUIT     0.001     0  01:01      0.13    0.00    0.84
  G00928               CONDUIT     0.000     0  01:00      0.08    0.00    0.03
  G00929               CONDUIT     0.000     0  01:00      0.14    0.00    0.03
  G00930               CONDUIT     0.295     0  02:04      1.57    0.40    0.29
  G00931               CONDUIT     0.025     0  01:40      0.49    0.08    0.16
  G00932               CONDUIT     0.234     0  02:02      1.52    0.23    0.34
  G00933               CONDUIT     0.052     0  01:05      0.57    0.11    0.66
  G00934               CONDUIT     0.056     0  01:54      0.15    0.10    1.00
  G00935               CONDUIT     0.131     0  02:41      0.26    0.44    1.00
  G00936               CONDUIT     0.633     0  02:42      0.81    0.76    1.00
  G00937               CONDUIT     0.040     0  02:45      0.11    0.04    1.00
  G00938               CONDUIT     0.037     0  02:42      0.12    0.10    1.00
  G00939               CONDUIT     0.091     0  03:32      0.18    0.09    1.00
  G00940               CONDUIT     0.013     0  01:41      0.40    0.04    0.11
  G00941               CONDUIT     0.011     0  01:40      0.45    0.01    0.11
  G00942               CONDUIT     0.000     0  02:54      0.15    0.00    0.12
  G00943               CONDUIT     0.015     0  01:41      1.18    0.01    0.06
  G00944               CONDUIT     0.000     0  01:00      0.05    0.00    0.05
  G00945               CONDUIT     0.332     0  02:03      0.66    1.12    1.00
  G00946               CONDUIT     0.001     0  01:00      0.05    0.00    0.57
  G00947               CONDUIT     0.030     0  01:51      0.06    0.03    1.00
  G00948               CONDUIT     0.002     0  01:00      0.39    0.00    0.04
  G00949               CONDUIT     0.000     0  01:00      0.25    0.00    0.02
  G00950               CONDUIT     0.011     0  01:40      0.37    0.04    0.11
  G00951               CONDUIT     0.006     0  02:13      0.18    0.01    0.30
  G00952               CONDUIT     0.007     0  01:37      0.12    0.01    0.38
  G00953               CONDUIT     0.085     0  01:42      0.36    0.03    0.34
  G00954               CONDUIT     0.027     0  01:40      0.53    0.09    0.16
  G00955               CONDUIT     0.931     0  01:43      1.85    3.15    1.00
  G00956               CONDUIT     0.053     0  02:06      0.26    0.03    0.81
  G00957               CONDUIT     0.053     0  02:04      1.55    0.03    0.12
  G00958               CONDUIT     0.773     0  02:10      1.57    0.89    0.45
  G00959               CONDUIT     0.003     0  01:00      0.55    0.00    0.03
  G00960               CONDUIT     0.001     0  01:40      0.04    0.00    0.10
  G00961               CONDUIT     0.013     0  01:40      0.72    0.01    0.08
  G00962               CONDUIT     0.031     0  01:37      0.41    0.10    0.34
  G00963               CONDUIT     0.008     0  01:38      0.20    0.00    0.19
  G00964               CONDUIT     0.035     0  01:41      0.47    0.04    0.26
  G00965               CONDUIT     0.032     0  01:46      0.39    0.06    0.26
  G00966               CONDUIT     0.014     0  01:40      0.13    0.05    0.37
  G00967               CONDUIT     0.067     0  02:41      0.43    0.23    0.35
  G00968               CONDUIT     0.008     0  01:40      0.23    0.01    0.20
  G00969               CONDUIT     0.043     0  02:06      0.35    0.04    0.39
  G00970               CONDUIT     0.049     0  02:00      0.31    0.06    0.39
  G00971               CONDUIT     0.000     0  01:35      0.04    0.00    0.35
  G00972               CONDUIT     0.007     0  01:38      0.71    0.01    0.05
  G00973               CONDUIT     0.001     0  01:00      0.14    0.00    0.31
  G00974               CONDUIT     0.192     0  01:40      2.49    0.05    0.22
  G00975               CONDUIT     0.778     0  01:41      0.99    1.45    1.00
  G00976               CONDUIT     0.504     0  01:42      1.02    0.17    0.66
  G00977               CONDUIT     0.000     0  01:00      0.04    0.00    0.20
  G00978               CONDUIT     0.161     0  01:39      2.03    0.09    0.21
  G00979               CONDUIT     0.011     0  01:40      0.86    0.00    0.06
  G00980               CONDUIT     0.037     0  01:39      0.97    0.02    0.22
  G00981               CONDUIT     0.006     0  01:40      0.19    0.00    0.12
  G00982               CONDUIT     0.193     0  01:40      0.83    0.65    0.47
  G00983               CONDUIT     0.001     0  01:00      0.04    0.00    0.24
  G00984               CONDUIT     0.001     0  01:00      0.28    0.00    0.03
  G00985               CONDUIT     0.005     0  01:01      0.58    0.01    0.05
  G00986               CONDUIT     0.001     0  01:00      0.07    0.00    0.09
  G00987               CONDUIT     0.260     0  01:41      2.15    0.23    0.29
  G00988               CONDUIT     0.259     0  01:41      2.58    0.12    0.25
  G00989               CONDUIT     0.273     0  01:42      1.25    0.10    0.32
  G00990               CONDUIT     0.299     0  01:43      1.22    0.56    0.35
  G00991               CONDUIT     0.069     0  01:42      0.50    0.09    0.32
  G00992               CONDUIT     0.846     0  01:47      3.36    0.09    0.27
  G00993               CONDUIT     0.846     0  01:46      2.19    0.97    0.37
  G00994               CONDUIT     0.011     0  01:00      0.67    0.00    0.08
  G00995               CONDUIT     0.533     0  01:08      1.06    1.49    1.00
  G00996               CONDUIT     0.001     0  01:00      0.04    0.00    0.26
  G00997               CONDUIT     0.002     0  01:00      0.37    0.00    0.04
  G00998               CONDUIT     0.123     0  01:41      0.71    0.15    0.38
  G00999               CONDUIT     0.020     0  02:06      0.40    0.01    0.17
  G01000               CONDUIT     0.019     0  02:04      0.42    0.06    0.15
  G01001               CONDUIT     0.235     0  01:40      1.13    0.80    0.43
  G01002               CONDUIT     0.003     0  01:01      0.19    0.00    0.95
  G01003               CONDUIT     0.142     0  02:19      0.30    0.48    1.00
  G01004               CONDUIT     0.001     0  01:40      0.09    0.00    0.98
  G01005               CONDUIT     0.000     0  01:35      0.14    0.00    0.02
  G01006               CONDUIT     0.015     0  01:37      0.33    0.05    0.19
  G01007               CONDUIT     0.008     0  01:39      0.27    0.02    0.16
  G01008               CONDUIT     0.000     0  01:00      0.07    0.00    0.11
  G01009               CONDUIT     0.003     0  01:40      0.16    0.00    0.12
  G01010               CONDUIT     0.012     0  01:40      0.24    0.00    0.11
  G01011               CONDUIT     0.000     0  01:00      0.20    0.00    0.03
  G01012               CONDUIT     0.108     0  01:40      0.87    0.36    0.30
  G01013               CONDUIT     0.000     0  01:00      0.23    0.00    0.02
  G01014               CONDUIT     0.002     0  01:00      0.17    0.00    0.46
  G01015               CONDUIT     0.391     0  01:43      0.97    1.32    0.88
  G01016               CONDUIT     0.234     0  02:03      1.38    0.79    0.37
  G01017               CONDUIT     0.002     0  01:01      0.09    0.00    0.22
  G01018               CONDUIT     0.009     0  01:00      0.56    0.00    0.08
  G01019               CONDUIT     0.147     0  02:06      0.89    0.14    0.52
  G01020               CONDUIT     0.233     0  02:05      0.60    0.21    0.80
  G01021               CONDUIT     0.007     0  01:40      0.19    0.01    0.15
  G01022               CONDUIT     0.111     0  01:32      0.22    0.16    1.00
  G01023               CONDUIT     0.067     0  02:17      0.17    0.23    1.00
  G01024               CONDUIT     0.204     0  02:33      0.41    0.69    1.00
  G01025               CONDUIT     0.030     0  01:45      0.28    0.03    0.93
  G01026               CONDUIT     0.001     0  01:00      0.13    0.00    0.03
  G01027               CONDUIT     0.152     0  01:40      1.01    0.51    0.34
  G01028               CONDUIT     0.223     0  01:44      0.85    0.25    0.39
  G01029               CONDUIT     0.250     0  01:46      1.18    0.33    0.32
  G01030               CONDUIT     0.003     0  01:36      0.21    0.00    0.08
  G01031               CONDUIT     0.295     0  01:58      1.43    0.44    0.43
  G01032               CONDUIT     0.298     0  01:57      1.02    1.01    0.56
  G01033               CONDUIT     0.086     0  01:38      1.30    0.09    0.19
  G01034               CONDUIT     0.038     0  04:12      0.13    0.12    1.00
  G01035               CONDUIT     0.045     0  03:34      0.26    0.09    1.00
  G01036               CONDUIT     0.253     0  02:54      0.50    0.54    1.00
  G01037               CONDUIT     0.000     0  01:00      0.08    0.00    0.12
  G01038               CONDUIT     0.011     0  01:40      0.17    0.03    0.37
  G01039               CONDUIT     0.033     0  01:46      0.16    0.03    0.63
  G01040               CONDUIT     0.364     0  02:04      0.72    1.23    1.00
  G01041               CONDUIT     0.027     0  01:40      0.52    0.09    0.16
  G01042               CONDUIT     0.001     0  01:35      0.10    0.00    0.07
  G01043               CONDUIT     0.001     0  01:00      0.32    0.00    0.08
  G01044               CONDUIT     0.079     0  01:41      0.84    0.13    0.24
  G01045               CONDUIT     0.001     0  01:00      0.04    0.00    0.36
  G01046               CONDUIT     0.090     0  01:43      0.60    0.08    0.25
  G01047               CONDUIT     0.044     0  03:33      0.21    0.08    1.00
  G01048               CONDUIT     0.169     0  02:34      0.34    0.31    1.00
  G01049               CONDUIT     0.001     0  01:40      0.27    0.00    0.82
  G01050               CONDUIT     0.058     0  03:32      0.19    0.11    1.00
  G01051               CONDUIT     0.024     0  04:11      0.15    0.03    1.00
  G01052               CONDUIT     0.177     0  02:34      0.35    0.60    1.00
  G01053               CONDUIT     0.381     0  02:42      0.54    0.71    1.00
  G01054               CONDUIT     0.025     0  01:40      0.44    0.08    0.30
  G01055               CONDUIT     0.001     0  01:36      0.09    0.00    0.15
  G01056               CONDUIT     0.001     0  01:00      0.22    0.00    0.03
  G01057               CONDUIT     0.039     0  01:39      0.41    0.13    0.25
  G01058               CONDUIT     0.015     0  02:13      0.16    0.04    0.37
  G01059               CONDUIT     0.150     0  02:04      0.62    0.51    0.49
  G01060               CONDUIT     0.001     0  01:40      0.05    0.00    0.46
  G01061               CONDUIT     0.000     0  01:00      0.24    0.00    0.45
  G01062               CONDUIT     0.030     0  01:59      0.39    0.04    0.37
  G01063               CONDUIT     0.000     0  01:35      0.05    0.00    0.15
  G01064               CONDUIT     0.003     0  01:00      0.48    0.00    0.04
  G01065               CONDUIT     0.001     0  01:37      0.11    0.00    0.05
  G01066               CONDUIT     0.000     0  01:37      0.26    0.00    0.01
  G01067               CONDUIT     0.001     0  01:36      0.19    0.00    0.47
  G01068               CONDUIT     0.001     0  01:41      0.39    0.00    0.09
  G01069               CONDUIT     0.003     0  01:37      0.18    0.00    0.07
  G01070               CONDUIT     0.002     0  01:40      0.10    0.00    0.61
  G01071               CONDUIT     0.000     0  01:00      0.21    0.00    0.04
  G01072               CONDUIT     0.257     0  01:43      0.51    0.48    0.61
  G01073               CONDUIT     0.005     0  01:40      0.14    0.00    0.41
  G01074               CONDUIT     0.001     0  01:00      0.15    0.00    0.06
  G01075               CONDUIT     0.000     0  01:36      0.14    0.00    0.06
  G01076               CONDUIT     0.000     0  01:35      0.05    0.00    0.06
  G01077               CONDUIT     0.152     0  02:10      0.39    0.37    0.76
  G01078               CONDUIT     0.008     0  02:26      0.13    0.01    0.50
  G01079               CONDUIT     0.001     0  01:40      0.04    0.00    0.16
  G01080               CONDUIT     0.104     0  02:12      0.21    0.35    1.00
  G01081               CONDUIT     0.084     0  01:36      0.27    0.12    1.00
  G01082               CONDUIT     0.000     0  01:40      0.21    0.00    0.68
  G01083               CONDUIT     0.000     0  00:59      0.32    0.00    0.01
  G01084               CONDUIT     0.000     0  01:33      0.17    0.00    0.03
  G01085               CONDUIT     0.006     0  01:40      0.16    0.00    0.15
  G01086               CONDUIT     0.096     0  01:23      0.19    0.13    1.00
  G01087               CONDUIT     0.013     0  01:41      0.23    0.03    0.17
  G01088               CONDUIT     0.003     0  01:00      0.48    0.00    0.08
  G01089               CONDUIT     0.000     0  01:00      0.05    0.00    0.15
  G01090               CONDUIT     0.067     0  01:43      0.41    0.13    0.27
  G01091               CONDUIT     0.012     0  01:51      0.12    0.04    0.28
  G01092               CONDUIT     0.000     0  01:00      0.19    0.00    0.07
  G01093               CONDUIT     0.058     0  01:40      0.75    0.08    0.21
  G01094               CONDUIT     0.001     0  01:40      0.19    0.00    0.03
  G01095               CONDUIT     0.024     0  03:30      1.36    0.01    0.08
  G01096               CONDUIT     0.059     0  01:38      0.62    0.05    0.44
  G01097               CONDUIT     0.102     0  02:07      0.27    0.35    0.76
  G01098               CONDUIT     0.000     0  01:00      0.18    0.00    0.21
  G01099               CONDUIT     0.038     0  01:37      0.36    0.13    0.52
  G01100               CONDUIT     0.044     0  01:42      0.24    0.14    0.58
  G01101               CONDUIT     0.187     0  02:42      0.37    0.59    1.00
  G01102               CONDUIT     0.000     0  01:33      0.22    0.00    0.27
  G01103               CONDUIT     0.014     0  01:49      0.13    0.02    0.42
  G01104               CONDUIT     0.122     0  02:41      0.57    0.41    0.44
  G01105               CONDUIT     0.061     0  03:15      0.23    0.12    1.00
  G01106               CONDUIT     0.161     0  02:03      0.33    0.54    1.00
  G01107               CONDUIT     0.043     0  01:27      0.09    0.04    1.00
  G01108               CONDUIT     0.151     0  01:57      0.32    0.19    1.00
  G01109               CONDUIT     0.001     0  01:00      0.27    0.00    0.76
  G01110               CONDUIT     0.204     0  01:45      0.75    0.05    0.82
  G01111               CONDUIT     1.119     0  02:21      2.16    0.52    1.00
  G01112               CONDUIT     0.097     0  02:03      0.31    0.33    1.00
  G01113               CONDUIT     0.294     0  02:42      0.58    0.99    1.00
  G01114               CONDUIT     0.004     0  01:35      0.33    0.00    0.12
  G01115               CONDUIT     0.066     0  01:42      0.95    0.10    0.20
  G01116               CONDUIT     0.113     0  01:40      0.68    0.04    0.37
  G01117               CONDUIT     0.000     0  01:00      0.26    0.00    0.01
  G01118               CONDUIT     0.000     0  01:02      0.19    0.00    0.20
  G01119               CONDUIT     0.000     0  01:00      0.25    0.00    0.34
  G01120               CONDUIT     0.154     0  02:17      0.47    0.52    0.63
  G01121               CONDUIT     0.096     0  02:18      0.32    0.33    0.58
  G01122               CONDUIT     0.006     0  01:38      0.19    0.02    0.11
  G01123               CONDUIT     0.000     0  01:40      0.12    0.00    0.03
  G01124               CONDUIT     0.001     0  01:37      0.10    0.00    0.27
  G01125               CONDUIT     0.000     0  01:40      0.10    0.00    0.02
  G01126               CONDUIT     0.000     0  01:00      0.05    0.00    0.14
  G01127               CONDUIT     0.008     0  01:37      0.19    0.00    0.16
  G01128               CONDUIT     0.157     0  01:40      2.04    0.10    0.21
  G01129               CONDUIT     0.052     0  01:49      0.13    0.12    1.00
  G01130               CONDUIT     0.623     0  01:41      1.60    0.29    0.50
  G01131               CONDUIT     0.668     0  01:42      2.01    1.24    0.44
  G01132               CONDUIT     0.008     0  01:37      0.19    0.00    0.38
  G01133               CONDUIT     0.624     0  01:41      1.70    1.16    0.48
  G01134               CONDUIT     0.004     0  01:38      0.49    0.00    0.04
  G01135               CONDUIT     0.001     0  01:00      0.04    0.00    0.10
  G01136               CONDUIT     0.101     0  01:41      0.56    0.12    0.58
  G01137               CONDUIT     0.004     0  01:40      0.11    0.00    0.21
  G01138               CONDUIT     0.004     0  01:37      0.54    0.00    0.04
  G01139               CONDUIT     0.179     0  02:03      0.91    0.18    0.42
  G01140               CONDUIT     0.015     0  01:40      1.01    0.01    0.07
  G01141               CONDUIT     0.000     0  01:00      0.15    0.00    0.04
  G01142               CONDUIT     0.002     0  01:37      0.26    0.00    0.28
  G01143               CONDUIT     0.001     0  01:36      0.14    0.00    0.03
  G01144               CONDUIT     0.003     0  01:37      0.15    0.00    0.15
  G01145               CONDUIT     0.004     0  01:41      0.11    0.01    0.32
  G01146               CONDUIT     0.099     0  02:04      0.35    0.33    0.57
  G01147               CONDUIT     0.000     0  01:00      0.24    0.00    0.02
  G01148               CONDUIT     0.088     0  01:41      0.93    0.30    0.24
  G01149               CONDUIT     0.063     0  02:01      0.43    0.21    0.88
  G01150               CONDUIT     0.078     0  02:49      0.43    0.26    0.96
  G01151               CONDUIT     0.000     0  01:38      0.04    0.00    0.14
  G01152               CONDUIT     0.176     0  02:42      0.68    0.16    0.52
  G01153               CONDUIT     0.113     0  02:47      0.22    0.27    1.00
  G01154               CONDUIT     0.000     0  01:00      0.13    0.00    0.05
  G01155               CONDUIT     0.015     0  01:37      0.42    0.01    0.65
  G01156               CONDUIT     0.926     0  04:26      1.18    0.68    1.00
  G01157               CONDUIT     0.003     0  01:51      0.16    0.00    0.33
  G01158               CONDUIT     0.045     0  01:46      0.29    0.03    0.25
  G01159               CONDUIT     0.045     0  01:45      0.53    0.08    0.17
  G01160               CONDUIT     0.046     0  01:41      0.53    0.08    0.23
  G01161               CONDUIT     0.021     0  01:41      0.44    0.03    0.15
  G01162               CONDUIT     0.000     0  01:00      0.05    0.00    0.25
  G01163               CONDUIT     0.000     0  01:40      0.05    0.00    0.60
  G01164               CONDUIT     0.051     0  01:46      0.18    0.06    1.00
  G01165               CONDUIT     0.049     0  01:38      0.35    0.17    0.69
  G01166               CONDUIT     0.114     0  02:04      0.29    0.39    0.76
  G01167               CONDUIT     0.004     0  01:48      0.03    0.00    0.35
  G01168               CONDUIT     0.000     0  01:00      0.02    0.00    0.39
  G01169               CONDUIT     0.067     0  02:03      0.25    0.23    0.60
  G01170               CONDUIT     0.095     0  01:44      0.40    0.13    0.66
  G01171               CONDUIT     0.295     0  02:07      0.59    1.00    1.00
  G01172               CONDUIT     0.061     0  02:10      0.23    0.19    1.00
  G01173               CONDUIT     0.088     0  01:41      0.45    0.06    0.51
  G01174               CONDUIT     0.099     0  01:40      0.49    0.33    0.59
  G01175               CONDUIT     0.000     0  01:00      0.04    0.00    0.09
  G01176               CONDUIT     0.094     0  03:07      0.19    0.15    1.00
  G01177               CONDUIT     0.110     0  01:41      0.42    0.04    0.72
  G01178               CONDUIT     0.108     0  01:40      1.83    0.08    0.17
  G01179               CONDUIT     0.015     0  01:14      0.26    0.03    0.63
  G01180               CONDUIT     0.007     0  01:18      0.26    0.02    0.15
  G01181               CONDUIT     0.031     0  01:44      0.52    0.07    0.18
  G01182               CONDUIT     0.044     0  01:42      0.77    0.06    0.17
  G01183               CONDUIT     0.046     0  01:42      0.56    0.07    0.22
  G01184               CONDUIT     0.029     0  01:40      0.12    0.06    1.00
  G01185               CONDUIT     0.011     0  01:37      0.36    0.04    0.17
  G01186               CONDUIT     0.592     0  04:58      1.18    2.00    1.00
  G01187               CONDUIT     2.987     0  02:12      2.64    3.43    1.00
  G01188               CONDUIT     0.000     0  01:00      0.23    0.00    0.12
  G01189               CONDUIT     0.086     0  03:35      0.18    0.29    1.00
  G01190               CONDUIT     0.069     0  02:42      0.39    0.12    1.00
  G01191               CONDUIT     0.001     0  01:40      0.23    0.00    0.03
  G01192               CONDUIT     0.005     0  01:38      0.57    0.00    0.73
  G01193               CONDUIT     0.005     0  01:10      0.10    0.01    0.42
  G01194               CONDUIT     0.002     0  01:40      0.18    0.00    0.84
  G01195               CONDUIT     1.108     0  02:03      1.41    1.14    1.00
  G01196               CONDUIT     0.164     0  02:06      0.36    0.11    1.00
  G01197               CONDUIT     0.076     0  01:23      0.29    0.11    0.67
  G01198               CONDUIT     0.117     0  03:28      0.30    0.21    0.97
  G01199               CONDUIT     0.052     0  02:10      0.12    0.04    0.89
  G01200               CONDUIT     0.058     0  01:37      0.74    0.19    0.21
  G01201               CONDUIT     0.305     0  04:53      0.61    1.03    1.00
  G01202               CONDUIT     0.014     0  01:40      0.30    0.05    0.15
  G01203               CONDUIT     0.033     0  01:40      0.36    0.11    0.24
  G01204               CONDUIT     0.000     0  01:38      0.11    0.00    0.02
  G01205               CONDUIT     0.002     0  01:37      0.16    0.00    0.13
  G01206               CONDUIT     0.001     0  01:00      0.09    0.00    0.09
  G01207               CONDUIT     0.013     0  02:11      0.09    0.02    0.42
  G01208               CONDUIT     0.002     0  01:15      0.10    0.00    0.23
  G01209               CONDUIT     0.131     0  02:04      0.66    0.44    0.42
  G01210               CONDUIT     0.413     0  03:37      0.82    0.64    1.00
  G01211               CONDUIT     0.437     0  03:37      0.87    1.09    1.00
  G01212               CONDUIT     0.021     0  03:45      0.07    0.02    0.71
  G01213               CONDUIT     0.002     0  01:40      0.17    0.00    0.14
  G01214               CONDUIT     0.002     0  01:40      0.17    0.01    0.05
  G01215               CONDUIT     0.036     0  01:09      0.31    0.10    1.00
  G01216               CONDUIT     0.007     0  02:04      0.05    0.01    0.55
  G01217               CONDUIT     0.000     0  01:35      0.09    0.00    0.39
  G01218               CONDUIT     0.131     0  02:05      0.30    0.15    1.00
  G01219               CONDUIT     0.065     0  02:01      0.17    0.22    1.00
  G01220               CONDUIT     0.030     0  01:40      0.22    0.03    0.97
  G01221               CONDUIT     1.044     0  03:41      1.33    1.95    1.00
  G01222               CONDUIT     0.433     0  03:42      0.86    0.31    1.00
  G01223               CONDUIT     0.430     0  03:41      0.86    1.45    1.00
  G01224               CONDUIT     0.132     0  02:01      0.28    0.26    1.00
  G01225               CONDUIT     0.028     0  02:49      0.35    0.03    0.33
  G01226               CONDUIT     0.042     0  02:04      0.18    0.07    0.57
  G01227               CONDUIT     0.048     0  02:48      0.15    0.06    0.52
  G01228               CONDUIT     0.118     0  02:08      0.33    0.27    0.69
  G01229               CONDUIT     0.013     0  02:48      0.17    0.04    0.51
  G01230               CONDUIT     0.001     0  01:00      0.13    0.00    0.06
  G01231               CONDUIT     0.007     0  01:37      0.17    0.01    0.14
  G01232               CONDUIT     0.007     0  02:48      0.25    0.02    0.46
  G01233               CONDUIT     0.003     0  01:40      0.12    0.00    0.10
  G01234               CONDUIT     0.000     0  01:00      0.16    0.00    0.03
  G01235               CONDUIT     0.000     0  01:35      0.11    0.00    0.31
  G01236               CONDUIT     0.063     0  01:40      0.82    0.05    0.45
  G01237               CONDUIT     0.002     0  01:00      0.22    0.00    0.59
  G01238               CONDUIT     0.000     0  02:52      0.23    0.00    0.20
  G01239               CONDUIT     0.013     0  02:12      0.09    0.04    0.45
  G01240               CONDUIT     0.088     0  02:07      0.35    0.30    0.52
  G01241               CONDUIT     0.136     0  02:14      0.27    0.26    1.00
  G01242               CONDUIT     0.059     0  01:44      0.19    0.09    0.87
  G01243               CONDUIT     0.202     0  02:05      0.40    0.68    1.00
  G01244               CONDUIT     0.010     0  02:03      0.05    0.01    0.48
  G01245               CONDUIT     0.086     0  02:00      0.25    0.29    0.69
  G01246               CONDUIT     0.020     0  02:02      0.20    0.06    0.48
  G01247               CONDUIT     0.039     0  02:03      0.34    0.13    0.58
  G01248               CONDUIT     0.004     0  01:00      0.39    0.00    0.13
  G01249               CONDUIT     0.000     0  01:00      0.10    0.00    0.12
  G01250               CONDUIT     0.059     0  01:38      0.97    0.09    0.18
  G01251               CONDUIT     0.017     0  01:40      0.22    0.02    0.30
  G01252               CONDUIT     0.078     0  02:29      0.17    0.18    1.00
  G01253               CONDUIT     0.015     0  01:49      0.12    0.01    0.90
  G01254               CONDUIT     0.043     0  01:40      0.15    0.05    0.98
  G01255               CONDUIT     0.018     0  02:27      0.21    0.06    0.72
  G01256               CONDUIT     0.007     0  01:44      0.05    0.01    0.48
  G01257               CONDUIT     0.304     0  02:04      0.52    0.57    0.73
  G01258               CONDUIT     0.004     0  01:38      0.28    0.00    0.17
  G01259               CONDUIT     0.005     0  01:41      0.27    0.01    0.08
  G01260               CONDUIT     0.000     0  01:00      0.25    0.00    0.25
  G01261               CONDUIT     0.017     0  01:39      0.16    0.01    0.71
  G01262               CONDUIT     0.016     0  01:46      0.12    0.01    0.70
  G01263               CONDUIT     0.124     0  01:41      0.97    0.23    0.32
  G01264               CONDUIT     0.001     0  01:35      0.06    0.00    0.17
  G01265               CONDUIT     0.103     0  02:17      0.20    0.25    1.00
  G01266               CONDUIT     0.001     0  01:37      0.16    0.00    0.04
  G01267               CONDUIT     0.087     0  01:44      0.33    0.29    0.52
  G01268               CONDUIT     0.053     0  01:37      0.29    0.18    1.00
  G01269               CONDUIT     0.012     0  01:38      0.25    0.02    0.57
  G01270               CONDUIT     0.000     0  01:00      0.03    0.00    0.61
  G01271               CONDUIT     0.163     0  01:35      0.62    0.18    0.92
  G01272               CONDUIT     0.172     0  01:40      0.78    0.58    0.53
  G01273               CONDUIT     0.019     0  01:50      0.11    0.02    0.44
  G01274               CONDUIT     0.002     0  01:40      0.27    0.00    0.19
  G01275               CONDUIT     0.091     0  02:03      0.18    0.17    1.00
  G01276               CONDUIT     0.008     0  02:12      0.07    0.01    0.34
  G01277               CONDUIT     0.130     0  02:11      0.42    0.44    0.61
  G01278               CONDUIT     0.066     0  02:11      0.23    0.22    0.59
  G01279               CONDUIT     0.016     0  02:49      0.10    0.03    0.42
  G01280               CONDUIT     0.083     0  02:03      0.28    0.19    0.60
  G01281               CONDUIT     0.007     0  02:26      0.12    0.01    0.43
  G01282               CONDUIT     0.000     0  01:35      0.15    0.00    0.15
  G01283               CONDUIT     0.002     0  02:48      0.08    0.00    0.53
  G01284               CONDUIT     0.003     0  02:48      0.10    0.00    0.51
  G01285               CONDUIT     0.006     0  01:41      0.06    0.01    0.45
  G01286               CONDUIT     0.007     0  01:02      0.18    0.02    0.56
  G01287               CONDUIT     0.004     0  02:47      0.14    0.00    0.49
  G01288               CONDUIT     0.023     0  04:10      0.14    0.03    0.83
  G01289               CONDUIT     0.163     0  02:04      0.49    0.55    1.00
  G01290               CONDUIT     0.000     0  01:00      0.21    0.00    0.14
  G01291               CONDUIT     0.000     0  01:01      0.07    0.00    0.70
  G01292               CONDUIT     0.482     0  03:42      0.61    0.90    1.00
  G01293               CONDUIT     0.009     0  01:40      0.35    0.01    0.15
  G01294               CONDUIT     0.047     0  01:55      0.33    0.04    0.65
  G01295               CONDUIT     0.054     0  01:37      0.98    0.07    0.17
  G01296               CONDUIT     0.326     0  01:44      0.65    1.10    1.00
  G01297               CONDUIT     0.294     0  01:44      0.59    0.51    1.00
  G01298               CONDUIT     0.000     0  01:00      0.05    0.00    0.09
  G01299               CONDUIT     0.550     0  02:09      1.09    0.87    1.00
  G01300               CONDUIT     0.296     0  01:42      1.93    0.43    0.34
  G01301               CONDUIT     0.282     0  01:43      1.10    0.18    0.56
  G01302               CONDUIT     0.004     0  01:40      0.26    0.01    0.07
  G01303               CONDUIT     0.007     0  01:40      0.12    0.00    0.54
  G01304               CONDUIT     0.271     0  01:42      1.08    0.65    0.50
  G01305               CONDUIT     0.277     0  01:41      1.27    0.23    0.46
  G01306               CONDUIT     0.002     0  01:40      0.33    0.00    0.04
  G01307               CONDUIT     0.000     0  01:00      0.04    0.00    0.12
  G01308               CONDUIT     0.208     0  01:43      0.48    0.52    0.83
  G01309               CONDUIT     0.759     0  01:45      1.14    0.65    0.86
  G01310               CONDUIT     0.312     0  01:45      0.96    1.05    0.91
  G01311               CONDUIT     0.009     0  01:35      0.49    0.01    0.08
  G01312               CONDUIT     0.061     0  02:12      0.25    0.07    0.58
  G01313               CONDUIT     0.000     0  01:00      0.17    0.00    0.15
  G01314               CONDUIT     0.001     0  01:00      0.06    0.00    0.12
  G01315               CONDUIT     0.001     0  01:00      0.10    0.00    0.13
  G01316               CONDUIT     0.063     0  01:37      0.28    0.03    1.00
  G01317               CONDUIT     0.001     0  01:36      0.11    0.00    0.06
  G01318               CONDUIT     0.001     0  01:34      0.36    0.00    0.03
  G01319               CONDUIT     0.008     0  01:41      0.07    0.01    0.27
  G01320               CONDUIT     0.001     0  01:00      0.24    0.00    0.06
  G01321               CONDUIT     0.001     0  01:35      0.45    0.00    0.02
  G01322               CONDUIT     0.014     0  02:07      0.29    0.05    0.19
  G01323               CONDUIT     0.017     0  01:41      0.29    0.06    0.22
  G01324               CONDUIT     0.002     0  01:40      0.38    0.00    0.04
  G01325               CONDUIT     0.579     0  01:07      1.15    1.96    1.00
  G01326               CONDUIT     1.036     0  01:08      2.06    1.40    1.00
  G01327               CONDUIT     0.343     0  01:41      1.00    0.20    0.45
  G01328               CONDUIT     0.007     0  02:43      0.86    0.00    0.04
  G01329               CONDUIT     0.004     0  01:40      0.47    0.00    0.04
  G01330               CONDUIT     0.002     0  01:40      0.20    0.01    0.06
  G01331               CONDUIT     0.002     0  01:40      0.05    0.01    0.12
  G01332               CONDUIT     0.005     0  01:44      0.12    0.01    0.14
  G01333               CONDUIT     0.002     0  01:00      0.23    0.00    0.12
  G01334               CONDUIT     0.025     0  01:40      0.77    0.03    0.20
  G01335               CONDUIT     0.004     0  01:00      0.65    0.00    0.04
  G01336               CONDUIT     0.000     0  01:00      0.12    0.00    0.04
  G01337               CONDUIT     0.001     0  01:00      0.15    0.00    0.04
  G01338               CONDUIT     0.005     0  01:38      0.24    0.02    0.09
  G01339               CONDUIT     0.001     0  01:37      0.09    0.00    0.04
  G01340               CONDUIT     1.024     0  01:08      2.04    1.44    1.00
  G01341               CONDUIT     0.005     0  01:40      0.30    0.01    0.45
  G01342               CONDUIT     0.253     0  01:09      0.50    0.23    1.00
  G01343               CONDUIT     0.000     0  01:00      0.04    0.00    1.00
  G01344               CONDUIT     0.005     0  01:00      0.21    0.01    0.27
  G01345               CONDUIT     0.016     0  01:40      0.19    0.04    0.45
  G01346               CONDUIT     0.006     0  01:42      0.06    0.01    0.28
  G01347               CONDUIT     0.004     0  02:04      0.18    0.01    0.10
  G01348               CONDUIT     1.031     0  01:09      1.33    0.74    0.98
  G01349               CONDUIT     0.466     0  02:00      1.69    1.58    0.54
  G01350               CONDUIT     0.468     0  02:00      1.03    0.19    1.00
  G01351               CONDUIT     0.469     0  01:57      1.33    0.58    0.67
  G01352               CONDUIT     0.015     0  02:10      0.20    0.01    1.00
  G01353               CONDUIT     0.220     0  02:04      0.44    0.74    1.00
  G01354               CONDUIT     0.265     0  02:04      0.53    0.90    1.00
  G01355               CONDUIT     0.526     0  01:38      1.25    0.29    1.00
  G01356               CONDUIT     0.250     0  01:41      1.04    0.84    0.82
  G01357               CONDUIT     0.000     0  01:00      0.11    0.00    0.03
  G01358               CONDUIT     1.166     0  02:05      1.48    2.17    1.00
  G01359               CONDUIT     0.434     0  02:18      0.86    1.47    1.00
  G01360               CONDUIT     0.036     0  02:13      0.08    0.04    1.00
  G01361               CONDUIT     0.001     0  01:00      0.05    0.00    0.75
  G01362               CONDUIT     0.303     0  02:21      0.60    0.61    1.00
  G01363               CONDUIT     0.001     0  01:00      0.32    0.00    0.02
  G01364               CONDUIT     0.000     0  01:00      0.30    0.00    0.01
  G01365               CONDUIT     0.001     0  01:35      0.38    0.00    0.03
  G01366               CONDUIT     0.003     0  01:36      0.56    0.00    0.04
  G01367               CONDUIT     0.007     0  01:41      0.31    0.02    0.09
  G01368               CONDUIT     0.000     0  01:00      0.09    0.00    0.04
  G01369               CONDUIT     0.003     0  01:40      0.44    0.00    0.05
  G01370               CONDUIT     0.431     0  02:03      0.86    1.46    1.00
  G01371               CONDUIT     0.001     0  01:35      0.19    0.00    0.67
  G01372               CONDUIT     0.142     0  02:00      0.28    0.20    1.00
  G01373               CONDUIT     0.022     0  01:39      0.88    0.02    0.32
  G01374               CONDUIT     0.115     0  02:07      0.67    0.08    1.00
  G01375               CONDUIT     0.001     0  01:40      0.23    0.00    0.11
  G01376               CONDUIT     0.002     0  01:40      0.28    0.00    0.07
  G01377               CONDUIT     0.024     0  02:05      0.97    0.03    0.10
  G01378               CONDUIT     0.023     0  02:04      0.53    0.08    0.14
  G01379               CONDUIT     0.001     0  01:40      0.15    0.00    0.09
  G01380               CONDUIT     0.000     0  01:00      0.22    0.00    0.35
  G01381               CONDUIT     0.000     0  01:34      0.06    0.00    0.08
  G01382               CONDUIT     0.035     0  01:01      1.13    0.02    0.39
  G01383               CONDUIT     0.157     0  01:40      1.75    0.09    0.23
  G01384               CONDUIT     0.004     0  01:37      0.18    0.00    0.15
  G01385               CONDUIT     0.000     0  01:00      0.08    0.00    0.26
  G01386               CONDUIT     0.082     0  01:37      1.73    0.03    0.18
  G01387               CONDUIT     0.162     0  01:41      1.44    0.08    0.20
  G01388               CONDUIT     0.000     0  01:00      0.05    0.00    0.12
  G01389               CONDUIT     0.080     0  01:41      1.55    0.03    0.12
  G01390               CONDUIT     0.025     0  01:40      0.27    0.01    0.28
  G01391               CONDUIT     0.016     0  01:40      0.97    0.01    0.07
  G01392               CONDUIT     0.047     0  01:40      0.95    0.16    0.15
  G01393               CONDUIT     0.047     0  01:41      1.01    0.02    0.16
  G01394               CONDUIT     0.183     0  01:40      0.66    0.14    0.47
  G01395               CONDUIT     0.220     0  02:02      1.20    0.74    0.40
  G01396               CONDUIT     0.029     0  01:40      0.59    0.02    0.36
  G01397               CONDUIT     0.006     0  01:36      0.24    0.00    0.58
  G01398               CONDUIT     0.005     0  01:35      0.21    0.00    0.58
  G01399               CONDUIT     0.000     0  01:00      0.11    0.00    0.35
  G01400               CONDUIT     0.000     0  01:40      0.16    0.00    0.10
  G01401               CONDUIT     0.015     0  02:05      0.15    0.03    0.26
  G01402               CONDUIT     0.003     0  01:37      0.26    0.00    0.06
  G01403               CONDUIT     0.035     0  01:40      0.36    0.02    0.29
  G01404               CONDUIT     0.015     0  01:40      0.98    0.01    0.07
  G01405               CONDUIT     0.026     0  01:37      0.34    0.01    0.28
  G01406               CONDUIT     0.000     0  01:35      0.33    0.00    0.08
  G01407               CONDUIT     0.044     0  01:40      0.66    0.05    0.19
  G01408               CONDUIT     0.234     0  02:02      1.79    0.27    0.31
  G01409               CONDUIT     0.163     0  01:41      1.47    0.10    0.20
  G01410               CONDUIT     0.079     0  01:37      1.47    0.08    0.16
  G01411               CONDUIT     0.234     0  02:03      1.14    0.14    0.43
  G01412               CONDUIT     0.011     0  01:36      0.57    0.01    0.08
  G01413               CONDUIT     0.256     0  02:04      0.67    0.48    0.49
  G01414               CONDUIT     0.038     0  04:12      0.43    0.04    0.93
  G01415               CONDUIT     0.034     0  01:23      0.17    0.04    0.99
  G01416               CONDUIT     0.002     0  01:40      0.32    0.00    0.04
  G01417               CONDUIT     0.004     0  01:40      0.25    0.00    0.24
  G01418               CONDUIT     0.062     0  01:41      0.82    0.21    0.21
  G01419               CONDUIT     0.001     0  01:37      0.07    0.00    0.14
  G01420               CONDUIT     0.000     0  01:00      0.24    0.00    0.04
  G01421               CONDUIT     0.011     0  01:40      0.98    0.01    0.06
  G01422               CONDUIT     0.005     0  01:40      0.56    0.00    0.05
  G01423               CONDUIT     0.445     0  02:05      1.17    0.37    1.00
  G01424               CONDUIT     0.031     0  01:51      0.25    0.04    1.00
  G01425               CONDUIT     0.250     0  02:10      0.41    0.12    1.00
  G01426               CONDUIT     0.068     0  02:13      0.90    0.03    0.50
  G01427               CONDUIT     0.002     0  01:00      0.13    0.00    0.68
  G01428               CONDUIT     0.000     0  01:00      0.03    0.00    0.80
  G01429               CONDUIT     0.031     0  02:47      0.21    0.03    0.94
  G01430               CONDUIT     0.001     0  01:00      0.15    0.00    0.67
  G01431               CONDUIT     0.012     0  01:38      0.13    0.01    0.61
  G01432               CONDUIT     0.054     0  01:42      0.22    0.08    1.00
  G01433               CONDUIT     1.777     0  02:43      1.57    2.04    1.00
  G01434               CONDUIT     1.827     0  02:43      1.62    0.91    1.00
  G01435               CONDUIT     0.897     0  02:07      1.14    1.16    1.00
  G01436               CONDUIT     0.293     0  02:42      0.58    0.99    1.00
  G01437               CONDUIT     0.043     0  04:13      0.17    0.15    1.00
  G01438               CONDUIT     0.001     0  01:00      0.19    0.00    0.04
  G01439               CONDUIT     0.050     0  01:40      1.07    0.04    0.15
  G01440               CONDUIT     0.020     0  01:38      0.63    0.02    0.13
  G01441               CONDUIT     0.000     0  01:00      0.07    0.00    0.05
  G01442               CONDUIT     0.000     0  01:00      0.30    0.00    0.02
  G01443               CONDUIT     0.021     0  01:44      0.26    0.07    0.22
  G01444               CONDUIT     0.018     0  01:40      0.43    0.01    0.14
  G01445               CONDUIT     0.001     0  01:37      0.35    0.00    0.03
  G01446               CONDUIT     0.000     0  01:00      0.10    0.00    0.29
  G01447               CONDUIT     0.624     0  02:27      1.55    1.42    1.00
  G01448               CONDUIT     0.340     0  02:04      1.01    0.42    1.00
  G01449               CONDUIT     0.000     0  01:00      0.19    0.00    0.02
  G01450               CONDUIT     0.001     0  01:35      0.31    0.00    0.04
  G01451               CONDUIT     0.122     0  02:01      0.39    0.19    1.00
  G01452               CONDUIT     0.001     0  01:40      0.17    0.00    0.09
  G01453               CONDUIT     0.096     0  01:41      1.59    0.04    0.13
  G01454               CONDUIT     0.065     0  01:40      0.98    0.05    0.19
  G01455               CONDUIT     0.064     0  01:41      1.13    0.22    0.17
  G01456               CONDUIT     0.025     0  01:36      0.80    0.02    0.12
  G01457               CONDUIT     0.001     0  01:00      0.30    0.00    0.03
  G01458               CONDUIT     0.014     0  01:38      0.55    0.01    0.10
  G01459               CONDUIT     0.007     0  01:44      0.32    0.02    0.09
  G01460               CONDUIT     0.030     0  02:08      0.47    0.01    0.14
  G01461               CONDUIT     0.024     0  02:05      1.30    0.01    0.08
  G01462               CONDUIT     0.002     0  01:40      0.40    0.00    0.03
  G01463               CONDUIT     0.001     0  01:01      0.26    0.00    0.05
  G01464               CONDUIT     0.096     0  02:02      0.45    0.05    0.81
  G01465               CONDUIT     0.029     0  02:09      0.27    0.02    0.45
  G01466               CONDUIT     0.000     0  01:35      0.19    0.00    0.02
  G01467               CONDUIT     0.058     0  01:38      0.60    0.05    0.59
  G01468               CONDUIT     0.041     0  01:37      0.93    0.03    0.38
  G01469               CONDUIT     0.001     0  02:01      0.21    0.00    0.36
  G01470               CONDUIT     0.313     0  02:04      1.10    1.06    0.68
  G01471               CONDUIT     0.061     0  01:41      0.45    0.11    0.23
  G01472               CONDUIT     0.033     0  02:10      0.29    0.06    0.22
  G01473               CONDUIT     0.608     0  03:14      0.84    0.70    0.61
  G01474               CONDUIT     0.063     0  01:58      0.74    0.05    0.23
  G01475               CONDUIT     0.002     0  01:36      0.23    0.00    0.05
  G01476               CONDUIT     0.003     0  01:40      0.55    0.00    0.03
  G01477               CONDUIT     0.003     0  01:40      0.19    0.00    0.47
  G01478               CONDUIT     0.000     0  01:00      0.09    0.00    0.05
  G01479               CONDUIT     0.001     0  01:35      0.36    0.00    0.01
  G01480               CONDUIT     0.001     0  01:00      0.09    0.00    0.08
  G01481               CONDUIT     0.169     0  01:42      2.05    0.06    0.16
  G01482               CONDUIT     0.003     0  01:01      0.66    0.00    0.04
  G01483               CONDUIT     0.013     0  01:37      0.31    0.00    0.22
  G01484               CONDUIT     0.170     0  01:42      0.60    0.05    0.42
  G01485               CONDUIT     0.011     0  01:58      0.13    0.00    0.47
  G01486               CONDUIT     0.169     0  01:41      1.55    0.10    0.20
  G01487               CONDUIT     0.385     0  02:33      0.77    1.30    1.00
  G01488               CONDUIT     0.062     0  01:44      1.19    0.05    0.16
  G01489               CONDUIT     0.062     0  01:45      1.28    0.04    0.11
  G01490               CONDUIT     0.065     0  01:45      1.60    0.01    0.10
  G01491               CONDUIT     0.012     0  01:40      0.35    0.04    0.14
  G01492               CONDUIT     0.001     0  01:39      0.15    0.00    0.10
  G01493               CONDUIT     0.001     0  01:36      0.10    0.00    0.10
  G01494               CONDUIT     0.003     0  01:36      0.24    0.00    0.07
  G01495               CONDUIT     0.000     0  01:00      0.03    0.00    0.08
  G01496               CONDUIT     0.001     0  01:00      0.12    0.00    0.08
  G01497               CONDUIT     0.045     0  01:40      1.06    0.04    0.14
  G01498               CONDUIT     0.564     0  03:13      0.91    1.05    0.74
  G01499               CONDUIT     0.113     0  01:42      0.57    0.03    0.41
  G01500               CONDUIT     0.050     0  01:40      1.27    0.04    0.13
  G01501               CONDUIT     0.581     0  02:07      2.18    0.35    0.38
  G01502               CONDUIT     0.579     0  02:07      2.09    0.28    0.38
  G01503               CONDUIT     0.128     0  01:41      0.51    0.20    0.55
  G01504               CONDUIT     0.166     0  02:10      0.38    0.56    1.00
  G01505               CONDUIT     0.064     0  01:42      0.38    0.03    0.66
  G01506               CONDUIT     0.004     0  01:35      0.26    0.00    0.10
  G01507               CONDUIT     0.030     0  02:01      0.19    0.05    0.63
  G01508               CONDUIT     0.038     0  01:41      0.50    0.07    0.15
  G01509               CONDUIT     0.014     0  01:40      0.38    0.01    0.12
  G01510               CONDUIT     0.007     0  01:40      0.66    0.00    0.06
  G01511               CONDUIT     0.004     0  01:40      0.59    0.00    0.04
  G01512               CONDUIT     0.001     0  01:00      0.42    0.00    0.02
  G01513               CONDUIT     0.002     0  01:01      0.33    0.00    0.04
  G01514               CONDUIT     0.001     0  01:35      0.20    0.00    0.05
  G01515               CONDUIT     0.000     0  01:00      0.09    0.00    0.03
  G01516               CONDUIT     0.001     0  01:40      0.16    0.00    0.04
  G01517               CONDUIT     0.002     0  01:40      0.36    0.00    0.03
  G01518               CONDUIT     0.001     0  01:35      0.38    0.00    0.03
  G01519               CONDUIT     0.033     0  01:39      0.39    0.11    0.23
  G01520               CONDUIT     0.112     0  02:03      0.65    0.15    0.38
  G01521               CONDUIT     0.048     0  02:01      1.05    0.07    0.15
  G01522               CONDUIT     0.049     0  02:01      0.91    0.02    0.17
  G01523               CONDUIT     0.064     0  01:24      0.21    0.08    1.00
  G01524               CONDUIT     0.001     0  01:36      0.09    0.00    0.14
  G01525               CONDUIT     0.023     0  02:01      0.34    0.03    0.19
  G01526               CONDUIT     0.116     0  02:00      1.30    0.10    0.23
  G01527               CONDUIT     0.103     0  02:00      1.55    0.06    0.19
  G01528               CONDUIT     0.004     0  01:40      0.61    0.00    0.04
  G01529               CONDUIT     0.004     0  01:40      0.21    0.00    0.08
  G01530               CONDUIT     0.982     0  04:07      1.25    0.69    1.00
  G01531               CONDUIT     1.158     0  03:42      1.47    1.91    1.00
  G01532               CONDUIT     1.439     0  02:08      1.83    2.54    1.00
  G01533               CONDUIT     0.021     0  01:55      0.13    0.02    1.00
  G01534               CONDUIT     0.342     0  02:02      0.68    1.16    1.00
  G01535               CONDUIT     0.018     0  01:30      0.05    0.01    1.00
  G01536               CONDUIT     0.484     0  02:03      0.96    1.50    1.00
  G01537               CONDUIT     0.000     0  01:00      0.17    0.00    0.05
  G01538               CONDUIT     0.004     0  01:40      0.17    0.02    0.10
  G01539               CONDUIT     0.004     0  01:40      0.08    0.01    0.17
  G01540               CONDUIT     0.006     0  01:42      0.17    0.02    0.12
  G01541               CONDUIT     0.015     0  01:40      0.31    0.00    0.18
  G01542               CONDUIT     0.666     0  01:42      3.25    0.19    0.31
  G01543               CONDUIT     0.666     0  01:41      2.96    0.53    0.46
  G01544               CONDUIT     0.007     0  01:37      0.28    0.00    0.30
  G01545               CONDUIT     0.503     0  01:43      1.55    1.70    0.62
  G01546               CONDUIT     0.000     0  02:53      0.30    0.00    0.03
  G01547               CONDUIT     0.000     0  01:00      0.07    0.00    0.20
  G01548               CONDUIT     0.013     0  01:40      0.66    0.01    0.09
  G01549               CONDUIT     0.025     0  01:37      1.05    0.01    0.09
  G01550               CONDUIT     0.013     0  01:41      1.12    0.01    0.06
  G01551               CONDUIT     0.001     0  01:00      0.11    0.00    0.20
  G01552               CONDUIT     0.000     0  01:00      0.07    0.00    0.20
  G01553               CONDUIT     0.004     0  01:35      0.53    0.00    0.09
  G01554               CONDUIT     0.392     0  01:44      3.18    0.11    0.21
  G01555               CONDUIT     0.000     0  01:00      0.23    0.00    0.13
  G01556               CONDUIT     0.336     0  01:44      0.67    1.14    1.00
  G01557               CONDUIT     0.646     0  02:06      1.28    2.18    1.00
  G01558               CONDUIT     0.332     0  01:42      0.66    1.12    1.00
  G01559               CONDUIT     0.226     0  01:42      0.68    0.06    0.66
  G01560               CONDUIT     0.219     0  01:41      1.83    0.27    0.29
  G01561               CONDUIT     0.175     0  01:41      1.11    0.25    0.35
  G01562               CONDUIT     0.007     0  01:40      0.21    0.03    0.16
  G01563               CONDUIT     0.000     0  01:00      0.08    0.00    0.08
  G01564               CONDUIT     0.005     0  02:00      0.19    0.01    0.24
  G01565               CONDUIT     0.115     0  02:04      0.61    0.39    0.41
  G01566               CONDUIT     0.000     0  01:33      0.05    0.00    0.23
  G01567               CONDUIT     0.001     0  01:00      0.30    0.00    0.02
  G01568               CONDUIT     0.001     0  01:00      0.51    0.00    0.02
  G01569               CONDUIT     0.045     0  02:04      0.34    0.05    0.32
  G01570               CONDUIT     0.034     0  02:06      0.28    0.05    0.35
  G01571               CONDUIT     0.529     0  01:57      1.05    1.79    1.00
  G01572               CONDUIT     0.196     0  02:09      0.89    0.66    0.45
  G01573               CONDUIT     0.195     0  02:09      1.05    0.16    0.40
  G01574               CONDUIT     0.351     0  01:57      0.70    0.85    1.00
  G01575               CONDUIT     0.043     0  02:26      0.20    0.15    0.46
  G01576               CONDUIT     0.003     0  01:00      0.29    0.00    0.07
  G01577               CONDUIT     0.000     0  01:00      0.04    0.00    0.11
  G01578               CONDUIT     0.000     0  01:00      0.04    0.00    0.11
  G01579               CONDUIT     0.001     0  01:00      0.40    0.00    0.02
  G01580               CONDUIT     0.019     0  01:38      0.49    0.02    0.13
  G01581               CONDUIT     0.002     0  01:01      0.16    0.00    0.25
  G01582               CONDUIT     0.146     0  01:57      0.29    0.28    1.00
  G01583               CONDUIT     0.001     0  01:39      0.13    0.00    0.05
  G01584               CONDUIT     0.003     0  01:38      0.19    0.00    0.33
  G01585               CONDUIT     0.509     0  03:37      1.01    1.06    1.00
  G01586               CONDUIT     0.000     0  01:35      0.22    0.00    0.02
  G01587               CONDUIT     0.684     0  04:20      1.36    1.88    1.00
  G01588               CONDUIT     0.138     0  01:16      0.68    0.13    1.00
  G01589               CONDUIT     0.001     0  01:35      0.19    0.00    0.24
  G01590               CONDUIT     0.009     0  01:40      0.32    0.03    0.10
  G01591               CONDUIT     0.039     0  01:41      1.15    0.02    0.09
  G01592               CONDUIT     0.013     0  02:26      0.08    0.01    0.39
  G01593               CONDUIT     0.000     0  01:00      0.20    0.00    0.08
  G01594               CONDUIT     0.040     0  01:42      0.28    0.02    0.35
  G01595               CONDUIT     0.040     0  01:41      1.27    0.01    0.08
  G01596               CONDUIT     0.010     0  01:40      0.44    0.01    0.09
  G01597               CONDUIT     0.070     0  01:41      0.33    0.24    0.44
  G01598               CONDUIT     0.000     0  01:00      0.31    0.00    0.02
  G01599               CONDUIT     0.002     0  01:37      0.18    0.00    0.05
  G01600               CONDUIT     0.034     0  01:40      0.40    0.02    0.28
  G01601               CONDUIT     0.018     0  01:37      0.85    0.01    0.10
  G01602               CONDUIT     0.003     0  01:37      0.07    0.00    0.23
  G01603               CONDUIT     0.001     0  01:00      0.31    0.00    0.02
  G01604               CONDUIT     0.000     0  01:36      0.04    0.00    0.40
  G01605               CONDUIT     0.003     0  01:38      0.15    0.00    0.23
  G01606               CONDUIT     0.096     0  02:43      0.49    0.33    0.45
  G01607               CONDUIT     0.033     0  03:32      0.13    0.05    1.00
  G01608               CONDUIT     0.003     0  03:20      0.15    0.01    0.35
  G01609               CONDUIT     0.020     0  02:44      0.13    0.05    0.37
  G01610               CONDUIT     0.013     0  01:40      0.16    0.02    0.34
  G01611               CONDUIT     0.000     0  01:36      0.06    0.00    0.05
  G01612               CONDUIT     0.002     0  01:40      0.16    0.01    0.06
  G01613               CONDUIT     0.002     0  01:42      0.09    0.01    0.10
  G01614               CONDUIT     0.111     0  01:41      0.50    0.15    0.65
  G01615               CONDUIT     0.002     0  01:00      0.21    0.01    0.05
  G01616               CONDUIT     0.005     0  01:02      0.21    0.02    0.21
  G01617               CONDUIT     0.000     0  01:35      0.05    0.00    0.09
  G01618               CONDUIT     0.000     0  01:40      0.24    0.00    0.30
  G01619               CONDUIT     0.000     0  01:00      0.15    0.00    0.05
  G01620               CONDUIT     0.024     0  02:12      0.10    0.04    0.66
  G01621               CONDUIT     0.000     0  01:40      0.13    0.00    0.18
  G01622               CONDUIT     0.011     0  02:44      0.15    0.01    0.82
  G01623               CONDUIT     0.046     0  02:09      0.09    0.05    1.00
  G01624               CONDUIT     0.001     0  01:35      0.27    0.00    0.03
  G01625               CONDUIT     0.000     0  00:59      0.35    0.00    0.01
  G01626               CONDUIT     0.000     0  01:00      0.09    0.00    0.03
  G01627               CONDUIT     0.001     0  01:00      0.08    0.00    0.11
  G01628               CONDUIT     0.001     0  01:00      0.05    0.00    0.11
  G01629               CONDUIT     0.001     0  01:00      0.11    0.00    0.11
  G01630               CONDUIT     0.001     0  01:00      0.26    0.00    0.11
  G01631               CONDUIT     0.068     0  01:40      1.12    0.06    0.13
  G01632               CONDUIT     0.069     0  01:40      1.35    0.02    0.12
  G01633               CONDUIT     0.063     0  01:37      1.38    0.01    0.15
  G01634               CONDUIT     0.072     0  02:06      0.50    0.05    0.58
  G01635               CONDUIT     0.007     0  01:37      0.57    0.00    0.23
  G01636               CONDUIT     0.001     0  01:00      0.22    0.00    0.03
  G01637               CONDUIT     0.872     0  01:44      1.73    2.95    1.00
  G01638               CONDUIT     0.009     0  01:40      0.08    0.01    0.97
  G01639               CONDUIT     0.001     0  01:00      0.05    0.00    0.10
  G01640               CONDUIT     0.131     0  02:03      1.88    0.08    0.20
  G01641               CONDUIT     0.133     0  02:04      0.45    0.09    0.86
  G01642               CONDUIT     0.061     0  01:41      0.71    0.21    0.23
  G01643               CONDUIT     0.062     0  01:42      1.23    0.04    0.16
  G01644               CONDUIT     0.007     0  01:40      0.36    0.02    0.08
  G01645               CONDUIT     0.080     0  01:40      0.95    0.04    0.16
  G01646               CONDUIT     0.000     0  01:00      0.30    0.00    0.07
  G01647               CONDUIT     0.813     0  01:44      1.04    0.41    0.98
  G01648               CONDUIT     0.544     0  01:46      2.05    0.21    0.53
  G01649               CONDUIT     0.008     0  01:37      0.63    0.01    0.37
  G01650               CONDUIT     0.537     0  01:46      2.25    0.30    0.34
  G01651               CONDUIT     0.534     0  01:45      1.67    0.87    0.61
  G01652               CONDUIT     0.001     0  01:00      0.23    0.00    0.04
  G01653               CONDUIT     0.092     0  01:48      0.29    0.31    0.64
  G01654               CONDUIT     0.014     0  01:40      0.12    0.01    0.33
  G01655               CONDUIT     0.062     0  01:41      0.81    0.21    0.21
  G01656               CONDUIT     0.123     0  01:40      2.58    0.03    0.15
  G01657               CONDUIT     0.000     0  01:40      0.07    0.00    0.03
  G01658               CONDUIT     0.040     0  04:12      0.41    0.07    1.00
  G01659               CONDUIT     0.000     0  01:40      0.05    0.00    0.43
  G01660               CONDUIT     0.190     0  03:36      0.40    0.64    1.00
  G01661               CONDUIT     0.000     0  01:35      0.07    0.00    0.55
  G01662               CONDUIT     0.001     0  01:00      0.17    0.00    0.14
  G01663               CONDUIT     0.233     0  03:31      0.46    0.79    1.00
  G01664               CONDUIT     0.146     0  01:40      1.48    0.04    0.19
  G01665               CONDUIT     0.000     0  01:35      0.06    0.00    0.26
  G01666               CONDUIT     0.092     0  01:40      1.37    0.08    0.19
  G01667               CONDUIT     0.002     0  01:00      0.42    0.00    0.03
  G01668               CONDUIT     0.000     0  00:59      0.06    0.00    0.24
  G01669               CONDUIT     0.003     0  01:05      0.10    0.01    0.16
  G01670               CONDUIT     0.000     0  01:35      0.06    0.00    0.24
  G01671               CONDUIT     0.001     0  01:00      0.11    0.00    0.09
  G01672               CONDUIT     0.144     0  01:40      2.43    0.03    0.13
  G01673               CONDUIT     0.000     0  01:00      0.04    0.00    0.08
  G01674               CONDUIT     0.032     0  01:41      0.59    0.02    0.17
  G01675               CONDUIT     0.003     0  01:01      0.46    0.00    0.05
  G01676               CONDUIT     0.003     0  01:00      0.73    0.00    0.03
  G01677               CONDUIT     0.125     0  01:41      2.87    0.05    0.14
  G01678               CONDUIT     0.126     0  01:42      2.92    0.04    0.14
  G01679               CONDUIT     0.179     0  01:41      1.43    0.12    0.33
  G01680               CONDUIT     0.240     0  02:09      0.72    0.11    0.74
  G01681               CONDUIT     0.012     0  01:00      0.88    0.00    0.10
  G01682               CONDUIT     0.000     0  01:00      0.17    0.00    0.03
  G01683               CONDUIT     0.002     0  01:37      0.32    0.00    0.10
  G01684               CONDUIT     0.125     0  01:41      2.33    0.06    0.16
  G01685               CONDUIT     0.006     0  01:00      0.63    0.00    0.06
  G01686               CONDUIT     0.022     0  01:40      1.10    0.02    0.08
  G01687               CONDUIT     0.027     0  01:40      1.66    0.01    0.07
  G01688               CONDUIT     0.005     0  01:35      0.48    0.00    0.06
  G01689               CONDUIT     0.028     0  01:40      1.43    0.01    0.08
  G01690               CONDUIT     0.001     0  01:00      0.27    0.00    0.02
  G01691               CONDUIT     0.158     0  02:04      0.31    0.53    1.00
  G01692               CONDUIT     0.000     0  00:59      0.07    0.00    0.27
  G01693               CONDUIT     0.000     0  00:59      0.42    0.00    0.01
  G01694               CONDUIT     0.139     0  02:03      0.53    0.11    0.56
  G01695               CONDUIT     0.000     0  01:00      0.08    0.00    0.12
  G01696               CONDUIT     0.024     0  02:15      0.14    0.08    0.42
  G01697               CONDUIT     0.081     0  01:41      0.51    0.17    0.36
  G01698               CONDUIT     0.003     0  01:00      0.21    0.00    0.19
  G01699               CONDUIT     0.257     0  02:04      0.51    0.63    1.00
  G01700               CONDUIT     0.086     0  01:40      0.50    0.06    0.69
  G01701               CONDUIT     0.000     0  01:37      0.05    0.00    0.63
  G01702               CONDUIT     0.178     0  03:08      0.35    0.60    1.00
  G01703               CONDUIT     0.002     0  01:00      0.48    0.00    0.03
  G01704               CONDUIT     0.000     0  01:00      0.13    0.00    0.08
  G01705               CONDUIT     0.027     0  02:21      0.18    0.09    0.59
  G01706               CONDUIT     0.297     0  02:43      0.59    0.99    1.00
  G01707               CONDUIT     0.563     0  03:31      0.72    1.05    1.00
  G01708               CONDUIT     0.128     0  02:19      0.26    0.16    1.00
  G01709               CONDUIT     0.000     0  01:40      0.09    0.00    0.46
  G01710               CONDUIT     0.148     0  02:06      0.90    0.50    0.36
  G01711               CONDUIT     0.148     0  02:07      0.91    0.13    0.36
  G01712               CONDUIT     0.175     0  02:08      0.61    0.26    0.40
  G01713               CONDUIT     0.202     0  02:08      0.63    0.38    0.43
  G01714               CONDUIT     0.011     0  01:17      0.24    0.02    0.37
  G01715               CONDUIT     0.048     0  01:39      0.39    0.05    0.40
  G01716               CONDUIT     0.048     0  01:38      0.56    0.16    0.24
  G01717               CONDUIT     0.001     0  01:35      0.10    0.00    0.15
  G01718               CONDUIT     0.001     0  01:00      0.11    0.00    0.24
  G01719               CONDUIT     0.015     0  01:40      0.58    0.02    0.10
  G01720               CONDUIT     0.019     0  01:40      0.45    0.02    0.14
  G01721               CONDUIT     0.018     0  02:42      0.19    0.01    0.28
  G01722               CONDUIT     0.001     0  01:35      0.09    0.00    0.14
  G01723               CONDUIT     0.163     0  02:07      0.71    0.55    0.47
  G01724               CONDUIT     0.030     0  01:40      0.38    0.03    0.47
  G01725               CONDUIT     0.015     0  02:47      0.15    0.02    0.54
  G01726               CONDUIT     0.003     0  03:22      0.16    0.01    0.18
  G01727               CONDUIT     0.386     0  02:09      0.75    0.72    0.63
  G01728               CONDUIT     0.007     0  01:40      0.16    0.01    0.15
  G01729               CONDUIT     0.008     0  01:50      0.15    0.01    0.58
  G01730               CONDUIT     0.002     0  01:43      0.08    0.00    0.37
  G01731               CONDUIT     0.323     0  01:44      0.70    0.60    0.57
  G01732               CONDUIT     0.008     0  01:41      0.28    0.01    0.10
  G01733               CONDUIT     0.001     0  01:00      0.40    0.00    0.03
  G01734               CONDUIT     0.001     0  01:00      0.25    0.00    0.18
  G01735               CONDUIT     0.018     0  01:38      1.06    0.01    0.20
  G01736               CONDUIT     0.324     0  01:44      1.07    0.27    0.67
  G01737               CONDUIT     0.000     0  00:58      0.22    0.00    0.01
  G01738               CONDUIT     0.000     0  01:40      0.18    0.00    0.04
  G01739               CONDUIT     0.029     0  01:37      1.48    0.01    0.08
  G01740               CONDUIT     0.000     0  01:00      0.12    0.00    0.05
  G01741               CONDUIT     0.019     0  01:40      0.62    0.01    0.16
  G01742               CONDUIT     0.060     0  01:37      0.56    0.20    0.27
  G01743               CONDUIT     0.002     0  01:00      0.22    0.00    0.13
  G01744               CONDUIT     0.001     0  01:00      0.21    0.00    0.08
  G01745               CONDUIT     0.009     0  01:40      0.17    0.01    0.17
  G01746               CONDUIT     0.002     0  01:00      0.13    0.00    0.20
  G01747               CONDUIT     0.191     0  01:40      1.75    0.65    0.27
  G01748               CONDUIT     0.023     0  01:51      0.16    0.02    1.00
  G01749               CONDUIT     0.265     0  01:46      1.15    0.09    0.39
  G01750               CONDUIT     0.001     0  01:38      0.12    0.00    0.03
  G01751               CONDUIT     0.177     0  02:05      0.66    0.07    0.43
  G01752               CONDUIT     0.176     0  02:04      1.18    0.59    0.34
  G01753               CONDUIT     0.000     0  01:00      0.02    0.00    0.44
  G01754               CONDUIT     0.017     0  01:40      0.93    0.02    0.08
  G01755               CONDUIT     0.000     0  01:00      0.04    0.00    0.12
  G01756               CONDUIT     0.094     0  01:40      0.74    0.11    0.30
  G01757               CONDUIT     0.093     0  01:41      0.53    0.31    0.38
  G01758               CONDUIT     0.001     0  01:36      0.26    0.00    0.04
  G01759               CONDUIT     0.013     0  01:38      0.14    0.01    0.24
  G01760               CONDUIT     0.139     0  02:23      0.28    0.38    1.00
  G01761               CONDUIT     0.289     0  02:03      0.37    0.49    0.99
  G01762               CONDUIT     0.060     0  01:40      0.43    0.07    0.83
  G01763               CONDUIT     0.062     0  01:57      0.68    0.21    0.76
  G01764               CONDUIT     0.001     0  01:36      0.42    0.00    0.02
  G01765               CONDUIT     0.001     0  01:40      0.38    0.00    0.03
  G01766               CONDUIT     0.002     0  01:40      0.11    0.00    0.29
  G01767               CONDUIT     0.005     0  01:40      0.22    0.00    0.41
  G01768               CONDUIT     0.200     0  03:41      0.43    0.48    1.00
  G01769               CONDUIT     0.000     0  01:00      0.29    0.00    0.01
  G01770               CONDUIT     0.002     0  02:42      0.23    0.00    0.06
  G01771               CONDUIT     0.557     0  02:21      1.11    1.89    1.00
  G01772               CONDUIT     0.043     0  02:01      1.02    0.03    0.14
  G01773               CONDUIT     0.001     0  01:40      0.09    0.00    0.06
  G01774               CONDUIT     0.063     0  02:01      0.35    0.06    0.44
  G01775               CONDUIT     0.003     0  01:01      0.15    0.00    0.62
  G01776               CONDUIT     0.005     0  02:00      0.07    0.00    0.40
  G01777               CONDUIT     0.000     0  01:00      0.05    0.00    0.34
  G01778               CONDUIT     0.134     0  02:21      0.49    0.17    0.59
  G01779               CONDUIT     0.004     0  01:36      0.23    0.00    0.35
  G01780               CONDUIT     0.162     0  02:00      0.78    0.23    0.58
  G01781               CONDUIT     0.737     0  01:44      0.94    0.97    1.00
  G01782               CONDUIT     0.019     0  01:41      0.07    0.03    0.98
  G01783               CONDUIT     0.000     0  01:00      0.12    0.00    0.50
  G01784               CONDUIT     0.007     0  02:45      0.09    0.00    0.74
  G01785               CONDUIT     0.050     0  02:42      0.11    0.17    0.91
  G01786               CONDUIT     0.357     0  02:39      0.71    0.70    1.00
  G01787               CONDUIT     0.248     0  02:36      0.56    0.43    0.92
  G01788               CONDUIT     0.258     0  02:34      0.51    0.45    1.00
  G01789               CONDUIT     0.007     0  02:41      0.41    0.01    0.08
  G01790               CONDUIT     0.020     0  01:37      0.30    0.07    0.19
  G01791               CONDUIT     0.010     0  01:37      0.28    0.01    0.13
  G01792               CONDUIT     0.000     0  01:00      0.01    0.00    0.23
  G01793               CONDUIT     0.002     0  02:04      0.06    0.00    0.63
  G01794               CONDUIT     0.285     0  02:44      0.36    0.53    1.00
  G01795               CONDUIT     0.001     0  01:39      0.03    0.00    0.44
  G01796               CONDUIT     0.663     0  01:57      1.32    1.61    1.00
  G01797               CONDUIT     0.606     0  01:57      1.21    2.05    1.00
  G01798               CONDUIT     0.013     0  01:37      0.45    0.01    0.84
  G01799               CONDUIT     0.174     0  02:08      0.35    0.45    1.00
  G01800               CONDUIT     0.277     0  01:45      1.30    0.16    0.32
  G01801               CONDUIT     0.105     0  01:41      0.74    0.08    0.36
  G01802               CONDUIT     0.170     0  01:41      0.64    0.58    0.52
  G01803               CONDUIT     0.001     0  01:36      0.14    0.00    0.04
  G01804               CONDUIT     0.000     0  01:00      0.45    0.00    0.01
  G01805               CONDUIT     0.000     0  01:40      0.16    0.00    0.04
  G01806               CONDUIT     0.001     0  01:00      0.05    0.00    0.10
  G01807               CONDUIT     0.005     0  01:44      0.12    0.01    0.15
  G01808               CONDUIT     0.000     0  01:00      0.18    0.00    0.02
  G01809               CONDUIT     0.000     0  01:00      0.23    0.00    0.02
  G01810               CONDUIT     0.336     0  02:03      0.67    1.13    1.00
  G01811               CONDUIT     0.456     0  02:03      0.91    1.54    1.00
  G01812               CONDUIT     0.130     0  01:40      0.79    0.16    1.00
  G01813               CONDUIT     0.382     0  01:50      1.74    0.26    0.32
  G01814               CONDUIT     0.383     0  01:51      1.25    0.19    0.41
  G01815               CONDUIT     0.034     0  01:40      0.83    0.01    0.25
  G01816               CONDUIT     0.001     0  01:00      0.07    0.00    0.10
  G01817               CONDUIT     0.093     0  01:37      1.72    0.05    0.16
  G01818               CONDUIT     0.010     0  01:39      0.17    0.03    0.17
  G01819               CONDUIT     0.015     0  01:40      0.93    0.01    0.07
  G01820               CONDUIT     0.019     0  01:40      0.18    0.01    0.27
  G01821               CONDUIT     0.067     0  01:39      1.63    0.03    0.14
  G01822               CONDUIT     0.057     0  01:38      1.79    0.02    0.11
  G01823               CONDUIT     0.012     0  01:40      0.56    0.00    0.09
  G01824               CONDUIT     0.004     0  01:40      0.26    0.00    0.08
  G01825               CONDUIT     0.006     0  01:40      0.25    0.00    0.19
  G01826               CONDUIT     0.062     0  01:41      0.75    0.02    0.22
  G01827               CONDUIT     0.061     0  01:41      1.86    0.03    0.12
  G01828               CONDUIT     0.001     0  01:35      0.14    0.00    0.07
  G01829               CONDUIT     0.001     0  01:37      0.42    0.00    0.03
  G01830               CONDUIT     0.000     0  01:35      0.13    0.00    0.07
  G01831               CONDUIT     0.020     0  01:38      0.48    0.07    0.14
  G01832               CONDUIT     0.020     0  01:40      0.44    0.01    0.15
  G01833               CONDUIT     0.008     0  01:36      0.26    0.00    0.14
  G01834               CONDUIT     0.016     0  01:36      0.49    0.06    0.12
  G01835               CONDUIT     0.054     0  01:40      0.74    0.03    0.20
  G01836               CONDUIT     0.060     0  01:41      0.68    0.20    0.24
  G01837               CONDUIT     0.016     0  01:57      0.12    0.05    0.98
  G01838               CONDUIT     0.004     0  01:36      0.59    0.00    0.05
  G01839               CONDUIT     0.354     0  03:31      0.70    1.09    1.00
  G01840               CONDUIT     0.000     0  01:36      0.17    0.00    0.07
  G01841               CONDUIT     0.016     0  01:38      0.31    0.01    0.16
  G01842               CONDUIT     0.000     0  01:00      0.20    0.00    0.03
  G01843               CONDUIT     0.001     0  01:00      0.30    0.00    0.04
  G01844               CONDUIT     0.013     0  01:37      0.41    0.05    0.12
  G01845               CONDUIT     0.099     0  01:41      0.89    0.06    0.27
  G01846               CONDUIT     0.006     0  01:36      0.70    0.00    0.05
  G01847               CONDUIT     0.001     0  01:00      0.06    0.00    0.10
  G01848               CONDUIT     0.048     0  01:40      1.00    0.05    0.15
  G01849               CONDUIT     0.124     0  01:40      1.20    0.04    0.26
  G01850               CONDUIT     0.242     0  03:34      0.31    0.45    0.99
  G01851               CONDUIT     0.005     0  01:40      0.12    0.01    0.31
  G01852               CONDUIT     0.091     0  02:06      0.35    0.12    1.00
  G01853               CONDUIT     0.043     0  01:45      0.14    0.08    1.00
  G01854               CONDUIT     0.000     0  01:01      0.13    0.00    0.02
  G01855               CONDUIT     0.000     0  01:40      0.08    0.00    0.03
  G01856               CONDUIT     0.004     0  01:40      0.20    0.00    0.34
  G01857               CONDUIT     0.023     0  01:16      0.28    0.08    0.66
  G01858               CONDUIT     0.001     0  01:00      0.09    0.00    0.14
  G01859               CONDUIT     0.005     0  01:00      0.21    0.01    0.11
  G01860               CONDUIT     0.057     0  01:40      0.70    0.06    0.23
  G01861               CONDUIT     0.000     0  01:00      0.08    0.00    0.08
  G01862               CONDUIT     0.000     0  01:33      0.16    0.00    0.05
  G01863               CONDUIT     0.446     0  02:04      0.89    1.51    1.00
  G01864               CONDUIT     0.000     0  01:00      0.04    0.00    0.20
  G01865               CONDUIT     0.379     0  02:05      0.75    1.12    1.00
  G01866               CONDUIT     0.001     0  01:35      0.12    0.00    0.07
  G01867               CONDUIT     0.001     0  01:40      0.16    0.00    0.13
  G01868               CONDUIT     0.003     0  01:01      0.20    0.00    0.14
  G01869               CONDUIT     0.028     0  01:42      0.33    0.03    0.70
  G01870               CONDUIT     0.209     0  02:04      0.42    0.71    1.00
  G01871               CONDUIT     0.002     0  01:00      0.11    0.00    0.14
  G01872               CONDUIT     0.000     0  01:35      0.05    0.00    0.25
  G01873               CONDUIT     0.092     0  01:41      0.68    0.13    0.31
  G01874               CONDUIT     0.026     0  01:40      0.65    0.02    0.17
  G01875               CONDUIT     0.060     0  01:40      0.32    0.20    0.40
  G01876               CONDUIT     0.058     0  03:33      0.42    0.20    0.46
  G01877               CONDUIT     0.006     0  01:26      0.12    0.01    0.32
  G01878               CONDUIT     0.004     0  01:39      0.17    0.00    0.21
  G01879               CONDUIT     0.039     0  02:00      0.13    0.06    1.00
  G01880               CONDUIT     0.061     0  01:50      0.17    0.08    1.00
  G01881               CONDUIT     0.063     0  01:49      0.16    0.15    1.00
  G01882               CONDUIT     0.059     0  01:40      0.63    0.20    0.24
  G01883               CONDUIT     0.059     0  01:41      0.52    0.03    0.28
  G01884               CONDUIT     0.202     0  01:41      1.46    0.53    0.32
  G01885               CONDUIT     0.002     0  01:36      0.13    0.00    0.10
  G01886               CONDUIT     0.116     0  01:40      2.22    0.07    0.16
  G01887               CONDUIT     0.116     0  01:41      0.59    0.04    0.94
  G01888               CONDUIT     0.227     0  02:04      0.69    0.77    0.64
  G01889               CONDUIT     0.053     0  01:41      0.62    0.04    0.38
  G01890               CONDUIT     0.051     0  01:41      1.10    0.05    0.15
  G01891               CONDUIT     0.051     0  01:40      0.82    0.09    0.18
  G01892               CONDUIT     0.001     0  01:40      0.06    0.00    0.33
  G01893               CONDUIT     0.366     0  01:58      1.09    0.60    0.67
  G01894               CONDUIT     0.000     0  01:00      0.25    0.00    0.02
  G01895               CONDUIT     0.002     0  01:40      0.07    0.00    0.39
  G01896               CONDUIT     0.061     0  01:41      1.40    0.03    0.10
  G01897               CONDUIT     0.037     0  01:42      0.11    0.02    1.00
  G01898               CONDUIT     2.128     0  01:44      2.11    0.52    1.00
  G01899               CONDUIT     0.041     0  01:43      1.13    0.04    0.12
  G01900               CONDUIT     0.042     0  01:42      0.76    0.07    0.17
  G01901               CONDUIT     0.001     0  01:36      0.14    0.00    0.09
  G01902               CONDUIT     0.103     0  01:43      0.54    0.25    0.47
  G01903               CONDUIT     0.061     0  01:43      0.18    0.01    0.56
  G01904               CONDUIT     0.294     0  02:04      0.66    0.11    0.63
  G01905               CONDUIT     0.668     0  01:45      0.85    1.25    1.00
  G01906               CONDUIT     0.000     0  01:35      0.11    0.00    0.42
  G01907               CONDUIT     0.765     0  01:43      1.91    0.28    0.51
  G01908               CONDUIT     0.041     0  01:44      0.31    0.02    0.41
  G01909               CONDUIT     0.146     0  01:48      0.58    0.09    1.00
  G01910               CONDUIT     0.403     0  02:04      1.99    0.48    0.42
  G01911               CONDUIT     0.082     0  02:00      0.44    0.17    0.46
  G01912               CONDUIT     0.002     0  01:37      0.16    0.00    0.07
  G01913               CONDUIT     0.019     0  01:40      0.21    0.02    0.25
  G01914               CONDUIT     0.211     0  02:05      1.80    0.09    0.21
  G01915               CONDUIT     0.212     0  02:05      1.76    0.10    0.21
  G01916               CONDUIT     0.213     0  02:03      1.61    0.27    0.31
  G01917               CONDUIT     0.152     0  01:40      1.58    0.13    0.26
  G01918               CONDUIT     0.538     0  02:05      1.16    0.11    0.64
  G01919               CONDUIT     0.408     0  02:04      2.62    0.16    0.25
  G01920               CONDUIT     0.002     0  01:36      0.10    0.00    0.96
  G01921               CONDUIT     0.128     0  01:46      0.25    0.43    1.00
  G01922               CONDUIT     0.219     0  02:06      0.79    0.10    0.39
  G01923               CONDUIT     0.083     0  01:41      0.63    0.15    0.33
  G01924               CONDUIT     0.024     0  01:00      0.58    0.08    0.14
  G01925               CONDUIT     0.003     0  01:00      0.46    0.00    0.04
  G01926               CONDUIT     0.013     0  01:40      0.39    0.04    0.12
  G01927               CONDUIT     0.007     0  01:40      0.18    0.02    0.14
  G01928               CONDUIT     0.006     0  01:00      0.23    0.01    0.12
  G01929               CONDUIT     0.004     0  01:01      0.42    0.00    0.09
  G01930               CONDUIT     0.217     0  02:01      1.60    0.16    0.32
  G01931               CONDUIT     0.072     0  01:40      0.57    0.24    0.30
  G01932               CONDUIT     0.012     0  01:00      0.23    0.04    0.23
  G01933               CONDUIT     0.163     0  02:01      1.57    0.14    0.26
  G01934               CONDUIT     0.001     0  02:00      0.06    0.00    0.14
  G01935               CONDUIT     0.038     0  02:00      0.54    0.03    0.20
  G01936               CONDUIT     0.001     0  01:00      0.30    0.00    0.09
  G01937               CONDUIT     0.003     0  01:00      0.54    0.00    0.65
  G01938               CONDUIT     1.293     0  01:41      2.82    0.51    0.42
  G01939               CONDUIT     0.935     0  01:42      3.35    0.21    0.29
  G01940               CONDUIT     0.940     0  01:42      2.30    0.17    0.39
  G01941               CONDUIT     0.365     0  01:40      0.91    1.24    0.76
  G01942               CONDUIT     0.041     0  01:40      0.26    0.03    0.44
  G01943               CONDUIT     0.000     0  00:59      0.28    0.00    0.01
  G01944               CONDUIT     0.000     0  01:00      0.25    0.00    0.01
  G01945               CONDUIT     0.148     0  02:21      0.38    0.50    1.00
  G01946               CONDUIT     0.002     0  01:02      0.41    0.00    0.11
  G01947               CONDUIT     0.002     0  01:01      0.64    0.00    0.03
  G01948               CONDUIT     0.059     0  01:44      0.19    0.06    1.00
  G01949               CONDUIT     0.143     0  01:50      0.28    0.20    1.00
  G01950               CONDUIT     0.105     0  01:43      0.33    0.21    0.82
  G01951               CONDUIT     0.062     0  02:11      0.28    0.21    0.74
  G01952               CONDUIT     0.000     0  01:38      0.16    0.00    0.68
  G01953               CONDUIT     0.003     0  02:56      0.06    0.00    0.25
  G01954               CONDUIT     0.499     0  02:10      1.03    0.41    1.00
  G01955               CONDUIT     0.000     0  01:00      0.24    0.00    0.28
  G01956               CONDUIT     0.498     0  02:05      1.30    0.51    1.00
  G01957               CONDUIT     0.394     0  01:53      1.03    0.74    0.49
  G01958               CONDUIT     0.003     0  02:47      0.06    0.00    0.43
  G01959               CONDUIT     0.201     0  01:47      0.40    0.68    1.00
  G01960               CONDUIT     0.001     0  01:37      0.02    0.00    0.76
  G01961               CONDUIT     0.006     0  01:01      0.14    0.00    0.76
  G01962               CONDUIT     0.120     0  02:40      0.24    0.32    1.00
  G01963               CONDUIT     0.101     0  01:42      0.55    0.34    0.39
  G01964               CONDUIT     0.263     0  02:43      0.52    0.89    1.00
  G01965               CONDUIT     0.013     0  02:10      0.26    0.04    0.16
  G01966               CONDUIT     0.039     0  01:40      0.16    0.04    1.00
  G01967               CONDUIT     0.049     0  02:10      0.31    0.05    0.79
  G01968               CONDUIT     0.073     0  01:17      0.60    0.10    1.00
  G01969               CONDUIT     0.000     0  01:35      0.20    0.00    0.02
  G01970               CONDUIT     0.197     0  02:12      1.56    0.08    0.22
  G01971               CONDUIT     0.196     0  02:14      0.76    0.13    0.39
  G01972               CONDUIT     0.366     0  02:01      0.88    1.24    0.77
  G01973               CONDUIT     0.002     0  01:37      0.20    0.00    0.33
  G01974               CONDUIT     0.262     0  02:06      0.57    0.28    0.57
  G01975               CONDUIT     0.006     0  01:38      0.30    0.02    0.08
  G01976               CONDUIT     0.000     0  01:37      0.17    0.00    0.05
  G01977               CONDUIT     0.004     0  02:54      0.09    0.01    0.17
  G01978               CONDUIT     0.000     0  01:00      0.12    0.00    0.02
  G01979               CONDUIT     0.001     0  01:40      0.23    0.00    0.11
  G01980               CONDUIT     0.093     0  02:04      0.46    0.09    0.50
  G01981               CONDUIT     0.000     0  01:40      0.05    0.00    0.11
  G01982               CONDUIT     0.000     0  01:36      0.16    0.00    0.01
  G01983               CONDUIT     0.001     0  01:14      0.12    0.00    0.20
  G01984               CONDUIT     0.000     0  01:00      0.31    0.00    0.14
  G01985               CONDUIT     0.001     0  01:35      0.04    0.00    0.14
  G01986               CONDUIT     0.000     0  01:00      0.06    0.00    0.29
  G01987               CONDUIT     0.000     0  01:00      0.08    0.00    0.05
  G01988               CONDUIT     0.037     0  01:40      0.59    0.04    0.26
  G01989               CONDUIT     0.001     0  01:00      0.22    0.00    0.96
  G01990               CONDUIT     0.660     0  02:34      1.31    2.23    1.00
  G01991               CONDUIT     0.001     0  01:40      0.11    0.00    0.04
  G01992               CONDUIT     0.000     0  01:35      0.12    0.00    0.02
  G01993               CONDUIT     0.002     0  01:35      0.70    0.00    0.03
  G01994               CONDUIT     0.015     0  01:41      0.50    0.01    0.11
  G01995               CONDUIT     0.000     0  01:00      0.07    0.00    0.05
  G01996               CONDUIT     0.951     0  02:04      1.21    1.77    1.00
  G01997               CONDUIT     0.056     0  01:42      0.14    0.05    1.00
  G01998               CONDUIT     0.001     0  01:00      0.29    0.00    0.35
  G01999               CONDUIT     0.126     0  02:08      0.25    0.21    1.00
  G02000               CONDUIT     0.130     0  02:08      0.83    0.24    0.35
  G02001               CONDUIT     0.130     0  02:10      1.04    0.38    0.40
  G02002               CONDUIT     0.049     0  01:46      0.15    0.03    1.00
  G02003               CONDUIT     0.026     0  01:41      0.13    0.04    0.87
  G02004               CONDUIT     0.010     0  02:29      0.13    0.01    0.73
  G02005               CONDUIT     0.057     0  01:41      0.35    0.06    0.38
  G02006               CONDUIT     0.002     0  01:40      0.73    0.00    0.02
  G02007               CONDUIT     0.003     0  01:38      0.18    0.00    0.19
  G02008               CONDUIT     0.003     0  01:40      0.14    0.00    0.38
  G02009               CONDUIT     0.005     0  01:40      0.22    0.02    0.09
  G02010               CONDUIT     0.014     0  01:42      0.82    0.01    0.19
  G02011               CONDUIT     0.014     0  01:42      0.46    0.04    0.11
  G02012               CONDUIT     0.044     0  01:37      0.77    0.15    0.17
  G02013               CONDUIT     0.101     0  01:42      0.53    0.34    0.40
  G02014               CONDUIT     0.341     0  02:10      0.73    0.64    0.58
  G02015               CONDUIT     0.138     0  02:20      0.39    0.47    0.70
  G02016               CONDUIT     0.392     0  01:44      0.65    0.09    0.85
  G02017               CONDUIT     0.689     0  02:10      0.88    1.28    1.00
  G02018               CONDUIT     0.004     0  01:35      0.34    0.00    0.96
  G02019               CONDUIT     0.060     0  01:51      0.14    0.09    1.00
  G02020               CONDUIT     0.200     0  02:10      1.04    0.33    0.41
  G02021               CONDUIT     0.199     0  02:11      1.20    0.37    0.27
  G02022               CONDUIT     0.038     0  01:40      0.10    0.03    0.97
  G02023               CONDUIT     0.972     0  04:09      1.37    1.81    1.00
  G02024               CONDUIT     0.020     0  02:04      0.17    0.02    0.41
  G02025               CONDUIT     0.000     0  01:00      0.17    0.00    0.07
  G02026               CONDUIT     0.000     0  01:00      0.11    0.00    0.06
  G02027               CONDUIT     0.000     0  01:00      0.09    0.00    0.02
  G02028               CONDUIT     0.000     0  01:00      0.09    0.00    0.12
  G02029               CONDUIT     0.029     0  01:38      0.11    0.04    1.00
  G02030               CONDUIT     0.054     0  02:42      0.77    0.11    0.20
  G02031               CONDUIT     0.056     0  02:43      0.67    0.05    0.22
  G02032               CONDUIT     0.115     0  02:45      0.71    0.10    0.37
  G02033               CONDUIT     0.075     0  01:47      0.34    0.06    1.00
  G02034               CONDUIT     0.130     0  02:10      0.53    0.12    0.74
  G02035               CONDUIT     0.006     0  01:02      0.33    0.01    0.35
  G02036               CONDUIT     0.006     0  01:01      0.36    0.01    0.34
  G02037               CONDUIT     0.097     0  01:41      0.72    0.33    0.31
  G02038               CONDUIT     0.096     0  01:42      0.72    0.11    0.35
  G02039               CONDUIT     0.002     0  01:37      0.11    0.00    0.31
  G02040               CONDUIT     0.002     0  01:00      0.59    0.00    0.02
  G02041               CONDUIT     0.101     0  01:40      2.20    0.04    0.15
  G02042               CONDUIT     0.072     0  02:03      0.76    0.02    0.18
  G02043               CONDUIT     0.086     0  01:43      0.51    0.16    0.27
  G02044               CONDUIT     0.326     0  01:43      2.12    0.25    0.35
  G02045               CONDUIT     0.001     0  02:00      0.19    0.00    0.08
  G02046               CONDUIT     0.000     0  01:00      0.11    0.00    0.12
  G02047               CONDUIT     0.029     0  01:40      0.57    0.03    0.22
  G02048               CONDUIT     0.088     0  01:41      0.55    0.16    0.26
  G02049               CONDUIT     0.088     0  01:45      0.61    0.16    0.24
  G02050               CONDUIT     0.006     0  01:40      0.44    0.00    0.07
  G02051               CONDUIT     0.003     0  01:37      0.07    0.00    0.20
  G02052               CONDUIT     0.103     0  02:48      0.20    0.13    1.00
  G02053               CONDUIT     0.047     0  01:37      0.97    0.03    0.17
  G02054               CONDUIT     0.002     0  01:39      0.13    0.00    0.07
  G02055               CONDUIT     0.003     0  01:16      0.09    0.01    0.20
  O00001               CONDUIT     0.053     0  02:06      0.44    0.18    0.29
  O00002               CONDUIT     0.391     0  02:06      0.74    0.73    0.63
  O00003               CONDUIT     0.683     0  02:04      0.87    1.27    1.00
  O00004               CONDUIT     0.778     0  01:41      0.99    1.45    1.00
  O00005               CONDUIT     0.870     0  03:12      1.11    1.62    1.00
  O00006               CONDUIT     0.171     0  02:09      0.61    0.58    0.54
  O00007               CONDUIT     0.091     0  01:43      0.52    0.31    0.38
  O00008               CONDUIT     2.384     0  02:42      2.11    2.73    1.00
  O00009               CONDUIT     1.467     0  02:04      1.87    2.74    1.00
  O00010               CONDUIT     0.325     0  02:09      0.71    0.61    0.56
  O00011               CONDUIT     0.122     0  01:43      0.56    0.41    0.45
  O00012               CONDUIT     0.070     0  01:44      0.48    0.24    0.33
  O00013               CONDUIT     0.386     0  02:41      0.74    0.72    0.63
  O00014               CONDUIT     0.307     0  01:44      0.71    0.57    0.54
  O00015               CONDUIT     0.384     0  02:09      0.74    0.72    0.63
  O00016               CONDUIT     0.202     0  02:03      0.63    0.68    0.61
  O00017               CONDUIT     5.624     0  03:08      4.97    6.45    1.00
  O00018               CONDUIT     0.480     0  02:05      0.77    0.90    0.74
  O00019               CONDUIT     0.311     0  02:09      0.71    0.58    0.55
  O00020               CONDUIT     0.223     0  02:05      0.65    0.42    0.45
  O00021               CONDUIT     0.000     0  01:00      0.10    0.00    0.03
  O00022               CONDUIT     0.008     0  01:41      0.25    0.03    0.11
  O00023               CONDUIT     0.045     0  01:42      0.42    0.08    0.20
  O00024               CONDUIT     0.436     0  02:09      0.77    0.50    0.50
  O00025               CONDUIT     0.098     0  01:41      0.53    0.33    0.40
  O00026               CONDUIT     0.456     0  02:29      0.91    1.54    1.00
  O00027               CONDUIT     2.129     0  02:42      2.71    3.97    1.00
  O00028               CONDUIT     1.301     0  02:15      1.15    1.49    1.00
  O00029               CONDUIT     0.993     0  02:21      1.26    1.85    1.00
  O00030               CONDUIT     1.148     0  02:09      2.28    3.88    1.00
  O00031               CONDUIT     0.025     0  03:33      0.36    0.09    0.20
  O00032               CONDUIT     0.381     0  01:45      0.74    0.71    0.62
  O00033               CONDUIT     0.110     0  01:43      0.54    0.21    0.31
  O00034               CONDUIT     0.001     0  01:00      0.11    0.00    0.03
  O00035               CONDUIT     0.655     0  02:13      1.30    2.21    1.00
  O00036               CONDUIT     0.242     0  01:43      0.67    0.45    0.47
  O00037               CONDUIT     0.089     0  02:42      0.52    0.30    0.38
  O00038               CONDUIT     0.001     0  01:35      0.12    0.00    0.04
  O00039               CONDUIT     0.011     0  01:36      0.28    0.04    0.13
  O00040               CONDUIT     0.096     0  02:03      0.53    0.33    0.39
  O00041               CONDUIT     0.591     0  02:06      0.78    1.10    1.00
  O00042               CONDUIT     0.174     0  01:48      0.61    0.32    0.39
  O00043               CONDUIT     0.001     0  01:00      0.12    0.00    0.04
  O00044               CONDUIT     0.024     0  02:41      0.35    0.08    0.19
  O00045               CONDUIT     0.037     0  01:37      0.40    0.12    0.24
  O00046               CONDUIT     0.287     0  02:09      0.69    0.54    0.52
  O00047               CONDUIT     0.744     0  02:02      0.95    1.39    1.00
  O00048               CONDUIT     0.036     0  01:40      0.40    0.12    0.24
  O00049               CONDUIT     0.355     0  01:44      0.73    0.66    0.59
  O00050               CONDUIT     0.798     0  01:48      1.59    2.70    1.00
  O00051               CONDUIT     1.418     0  02:06      1.80    2.64    1.00
  O00052               CONDUIT     0.122     0  03:32      0.56    0.41    0.45
  O00053               CONDUIT     0.339     0  02:10      0.72    0.63    0.58
  O00054               CONDUIT     1.325     0  02:01      1.69    2.47    1.00
  O00055               CONDUIT     0.004     0  01:39      0.20    0.01    0.08
  O00056               CONDUIT     0.336     0  01:44      0.72    0.63    0.57
  O00057               CONDUIT     0.868     0  01:40      1.10    1.62    1.00
  O00058               CONDUIT     0.257     0  01:42      0.68    0.48    0.49
  O00059               CONDUIT     0.059     0  01:42      0.46    0.20    0.30
  O00060               CONDUIT     0.239     0  01:42      0.65    0.81    0.68
  O00061               CONDUIT     0.096     0  02:24      0.52    0.32    0.39
  O00062               CONDUIT     0.124     0  03:32      0.56    0.42    0.45
  O00063               CONDUIT     0.001     0  01:00      0.14    0.00    0.04
  O00064               CONDUIT     0.061     0  01:59      0.46    0.21    0.31
  O00065               CONDUIT     0.121     0  01:40      0.56    0.41    0.45
  O00066               CONDUIT     0.724     0  02:41      0.92    1.35    1.00
  O00067               CONDUIT     0.056     0  02:44      0.45    0.19    0.30
  O00068               CONDUIT     0.186     0  02:17      0.62    0.63    0.58
  O00069               CONDUIT     0.577     0  02:48      0.78    1.08    1.00
  O00070               CONDUIT     0.001     0  01:40      0.12    0.00    0.03
  O00071               CONDUIT     0.054     0  01:41      0.45    0.18    0.29
  O00072               CONDUIT     0.115     0  03:34      0.55    0.39    0.43
  O00073               CONDUIT     0.009     0  01:36      0.27    0.03    0.12
  O00074               CONDUIT     0.034     0  02:05      0.39    0.12    0.23
  O00075               CONDUIT     0.403     0  02:42      0.75    0.75    0.65
  O00076               CONDUIT     0.041     0  01:43      0.40    0.08    0.19
  O00077               CONDUIT     0.334     0  02:04      0.72    0.62    0.57
  O00078               CONDUIT     0.139     0  02:09      0.58    0.47    0.48
  O00079               CONDUIT     0.024     0  02:28      0.36    0.08    0.19
  O00080               CONDUIT     0.212     0  01:41      0.64    0.72    0.63
  O00081               CONDUIT     0.092     0  01:42      0.52    0.31    0.38
  O00082               CONDUIT     0.854     0  02:45      0.88    0.98    0.80
  O00083               CONDUIT     0.001     0  01:40      0.14    0.00    0.05
  O00084               CONDUIT     0.572     0  02:17      1.14    1.93    1.00
  O00085               CONDUIT     1.413     0  02:41      1.25    1.62    1.00
  O00086               CONDUIT     0.324     0  01:41      0.71    0.61    0.56
  O00087               CONDUIT     0.051     0  01:44      0.43    0.09    0.21
  O00088               CONDUIT     0.020     0  01:41      0.33    0.07    0.17
  O00089               CONDUIT     0.183     0  01:44      0.62    0.62    0.57
  O00090               CONDUIT     0.180     0  01:42      0.61    0.34    0.40
  O00091               CONDUIT     0.042     0  01:42      0.41    0.08    0.19
  O00092               CONDUIT     0.004     0  01:35      0.20    0.01    0.08
  O00093               CONDUIT     0.859     0  02:09      0.88    0.99    0.81
  O00094               CONDUIT     2.465     0  02:08      2.18    2.83    1.00
  O00095               CONDUIT     0.082     0  02:05      0.50    0.28    0.36
  O00096               CONDUIT     0.147     0  02:07      0.59    0.50    0.50
  O00097               CONDUIT     0.032     0  01:40      0.38    0.11    0.22
  O00098               CONDUIT     0.577     0  02:38      0.78    1.08    1.00
  O00099               CONDUIT     0.724     0  03:25      0.92    1.35    1.00
  O00100               CONDUIT     0.198     0  02:09      0.63    0.37    0.42
  O00101               CONDUIT     0.093     0  02:03      0.52    0.31    0.38
  O00102               CONDUIT     0.000     0  01:00      0.10    0.00    0.02
  O00103               CONDUIT     0.248     0  02:06      0.67    0.46    0.48
  O00104               CONDUIT     0.577     0  02:45      0.78    1.08    0.98
  O00105               CONDUIT     0.381     0  02:09      0.74    0.71    0.62
  O00106               CONDUIT     5.608     0  02:39      4.96    6.43    1.00
  O00107               CONDUIT     2.069     0  02:06      2.63    3.86    1.00
  O00108               CONDUIT     0.014     0  01:42      0.31    0.05    0.15
  O00109               CONDUIT     0.041     0  01:41      0.41    0.14    0.25
  O00110               CONDUIT     0.223     0  03:41      0.65    0.75    0.65
  O00111               CONDUIT     0.082     0  01:40      0.50    0.28    0.36
  O00112               CONDUIT     1.211     0  03:41      1.54    2.26    1.00
  O00113               CONDUIT     0.324     0  02:07      0.71    0.61    0.56
  O00114               CONDUIT     0.008     0  01:39      0.25    0.03    0.11
  O00115               CONDUIT     0.039     0  01:39      0.41    0.13    0.25
  O00116               CONDUIT     0.133     0  01:42      0.57    0.45    0.47
  O00117               CONDUIT     0.002     0  01:40      0.16    0.01    0.05
  O00118               CONDUIT     0.166     0  01:44      0.60    0.56    0.54
  O00119               CONDUIT     0.161     0  02:06      0.60    0.54    0.53
  O00120               CONDUIT     0.274     0  02:09      0.69    0.51    0.51
  O00121               CONDUIT     0.266     0  02:06      0.68    0.50    0.50
  O00122               CONDUIT     0.037     0  01:40      0.40    0.12    0.24
  O00123               CONDUIT     0.418     0  01:43      0.75    0.78    0.66
  O00124               CONDUIT     1.147     0  01:45      1.46    2.14    1.00
  O00125               CONDUIT     0.786     0  02:15      1.56    2.66    1.00
  O00126               CONDUIT     0.017     0  01:40      0.32    0.06    0.16
  O00127               CONDUIT     0.001     0  01:02      0.11    0.00    0.03
  O00128               CONDUIT     0.053     0  01:42      0.44    0.10    0.21
  O00129               CONDUIT     0.023     0  01:41      0.35    0.08    0.19
  O00130               CONDUIT     0.275     0  02:06      0.67    0.93    0.76
  O00131               CONDUIT     0.361     0  02:04      0.73    0.67    0.60
  O00132               CONDUIT     1.167     0  02:05      1.49    2.18    1.00
  O00133               CONDUIT     0.506     0  02:42      1.01    1.71    1.00
  O00134               CONDUIT     1.402     0  02:34      1.79    2.62    1.00
  O00135               CONDUIT     0.256     0  02:04      0.67    0.48    0.49
  O00136               CONDUIT     1.581     0  02:06      1.40    1.81    1.00
  O00137               CONDUIT     0.017     0  02:42      0.32    0.06    0.16
  O00138               CONDUIT     0.005     0  01:38      0.22    0.02    0.09
  O00139               CONDUIT     0.001     0  01:00      0.12    0.00    0.04
  O00140               CONDUIT     0.062     0  01:41      0.46    0.12    0.23
  O00141               CONDUIT     0.852     0  02:01      1.08    1.59    1.00
  O00142               CONDUIT     0.008     0  01:40      0.25    0.03    0.11
  O00143               CONDUIT     0.003     0  01:40      0.20    0.01    0.08
  O00144               CONDUIT     0.007     0  02:41      0.24    0.02    0.10
  O00145               CONDUIT     0.005     0  01:37      0.22    0.02    0.09
  O00146               CONDUIT     0.084     0  01:40      0.51    0.28    0.36
  O00147               CONDUIT     0.034     0  01:41      0.39    0.11    0.23
  O00148               CONDUIT     0.002     0  01:37      0.17    0.01    0.06
  O00149               CONDUIT     1.970     0  02:00      1.74    2.26    1.00
  O00150               CONDUIT     1.149     0  02:09      1.46    2.14    1.00
  O00151               CONDUIT     0.012     0  01:40      0.29    0.04    0.14
  O00152               CONDUIT     0.347     0  02:02      0.69    1.17    1.00
  O00153               CONDUIT     0.370     0  02:01      0.74    0.69    0.61
  O00154               CONDUIT     0.117     0  02:09      0.55    0.22    0.32
  O00155               CONDUIT     0.134     0  01:42      0.57    0.45    0.47
  O00156               CONDUIT     0.198     0  02:11      0.63    0.37    0.42
  O00157               CONDUIT     0.125     0  01:41      0.56    0.42    0.45
  O00158               CONDUIT     0.160     0  01:42      0.60    0.54    0.52
  O00159               CONDUIT     0.100     0  02:09      0.53    0.34    0.40
  O00160               CONDUIT     0.016     0  02:43      0.31    0.05    0.16
  O00161               CONDUIT     0.002     0  01:40      0.15    0.01    0.05
  O00162               CONDUIT     0.001     0  01:00      0.15    0.00    0.05
  O00163               CONDUIT     0.883     0  01:39      1.76    2.99    1.00
  O00164               CONDUIT     1.387     0  01:44      1.23    1.59    1.00
  O00165               CONDUIT     0.312     0  01:43      0.71    0.58    0.55
  O00166               CONDUIT     0.243     0  01:40      0.66    0.82    0.69
  O00167               CONDUIT     0.003     0  01:38      0.18    0.01    0.07
  O00168               CONDUIT     0.086     0  01:44      0.50    0.16    0.27
  O00169               CONDUIT     0.007     0  01:38      0.24    0.02    0.10
  O00170               CONDUIT     0.028     0  01:36      0.37    0.10    0.21
  O00171               CONDUIT     0.009     0  01:40      0.27    0.03    0.12
  O00172               CONDUIT     0.130     0  02:06      0.57    0.44    0.46
  O00173               CONDUIT     0.000     0  01:00      0.10    0.00    0.03
  O00174               CONDUIT     0.971     0  02:42      1.24    1.81    1.00
  O00175               CONDUIT     0.113     0  02:40      0.55    0.38    0.43
  O00176               CONDUIT     0.205     0  02:09      0.64    0.38    0.43
  O00177               CONDUIT     0.384     0  02:10      0.74    0.72    0.63
  O00178               CONDUIT     1.277     0  02:07      1.63    2.38    1.00
  O00179               CONDUIT     0.000     0  01:38      0.08    0.00    0.02
  O00180               CONDUIT     0.120     0  02:43      0.56    0.41    0.44
  O00181               CONDUIT     0.858     0  02:04      1.09    1.60    1.00
  O00182               CONDUIT     2.250     0  01:57      2.86    4.20    1.00
  O00183               CONDUIT     0.815     0  02:13      0.88    0.94    0.77
  O00184               CONDUIT     0.017     0  02:08      0.32    0.06    0.16
  O00185               CONDUIT     0.558     0  02:45      0.82    0.64    0.58
  O00186               CONDUIT     0.000     0  01:00      0.10    0.00    0.03
  O00187               CONDUIT     0.002     0  01:40      0.16    0.01    0.05
  O00188               CONDUIT     0.101     0  01:43      0.53    0.34    0.40
  O00189               CONDUIT     0.002     0  01:40      0.17    0.01    0.06
  O00190               CONDUIT     0.509     0  01:44      0.78    0.95    0.78
  O00191               CONDUIT     0.000     0  01:00      0.10    0.00    0.03
  O00192               CONDUIT     0.000     0  01:00      0.08    0.00    0.02
  O00193               CONDUIT     0.095     0  01:42      0.52    0.32    0.39
  O00194               CONDUIT     0.822     0  02:10      1.05    1.53    1.00
  O00195               CONDUIT     0.574     0  03:35      0.78    1.07    0.96
  O00196               CONDUIT     0.027     0  01:41      0.37    0.09    0.20
  O00197               CONDUIT     0.008     0  01:41      0.25    0.03    0.11
  O00198               CONDUIT     0.060     0  01:41      0.46    0.20    0.30
  O00199               CONDUIT     0.000     0  01:00      0.10    0.00    0.03
  O00200               CONDUIT     0.008     0  01:40      0.25    0.03    0.11
  O00201               CONDUIT     0.110     0  01:44      0.54    0.20    0.31
  O00202               CONDUIT     0.720     0  02:05      0.92    1.34    1.00
  O00203               CONDUIT     0.000     0  03:01      0.08    0.00    0.02
  O00204               CONDUIT     0.670     0  01:45      0.85    1.25    1.00
  O00205               CONDUIT     1.901     0  02:08      1.68    2.18    1.00
  O00206               CONDUIT     0.000     0  01:00      0.10    0.00    0.03
  O00207               CONDUIT     0.318     0  02:47      0.67    1.08    1.00
  O00208               CONDUIT     0.309     0  01:49      0.71    0.58    0.54
  O00209               CONDUIT     0.176     0  02:04      0.61    0.60    0.56
  O00210               CONDUIT     0.000     0  01:00      0.09    0.00    0.02
  O00211               CONDUIT     0.214     0  02:43      0.64    0.72    0.63
  O00212               CONDUIT     0.092     0  01:57      0.52    0.31    0.38
  O00213               CONDUIT     0.323     0  02:07      0.71    0.60    0.56
  O00214               CONDUIT     1.656     0  02:42      2.11    3.09    1.00
  O00215               CONDUIT     0.949     0  02:05      1.89    3.21    1.00
  O00216               CONDUIT     0.155     0  02:05      0.60    0.53    0.51
  O00217               CONDUIT     0.158     0  02:43      0.60    0.54    0.52
  O00218               CONDUIT     0.219     0  01:41      0.64    0.74    0.64
  O00219               CONDUIT     0.602     0  03:11      0.83    0.69    0.61
  O00220               CONDUIT     0.080     0  01:39      0.50    0.27    0.35
  O00221               CONDUIT     0.039     0  02:00      0.41    0.13    0.25
  
  
  ***************************
  Flow Classification Summary
  ***************************
  
  -------------------------------------------------------------------------------------
                      Adjusted    ---------- Fraction of Time in Flow Class ---------- 
                       /Actual         Up    Down  Sub   Sup   Up    Down  Norm  Inlet 
  Conduit               Length    Dry  Dry   Dry   Crit  Crit  Crit  Crit  Ltd   Ctrl  
  -------------------------------------------------------------------------------------
  G00001                  1.00   0.02  0.00  0.00  0.98  0.00  0.00  0.00  0.98  0.00
  G00002                  1.00   0.02  0.00  0.00  0.98  0.00  0.00  0.00  0.00  0.00
  G00003                  1.00   0.02  0.06  0.00  0.92  0.00  0.00  0.00  0.98  0.00
  G00004                  1.00   0.02  0.00  0.00  0.98  0.00  0.00  0.00  0.08  0.00
  G00005                  1.00   0.02  0.00  0.00  0.98  0.00  0.00  0.00  0.98  0.00
  G00006                  1.00   0.02  0.00  0.00  0.98  0.00  0.00  0.00  0.98  0.00
  G00007                  1.00   0.02  0.00  0.00  0.98  0.00  0.00  0.00  0.12  0.00
  G00008                  1.00   0.02  0.00  0.00  0.98  0.00  0.00  0.00  0.03  0.00
  G00009                  1.00   0.02  0.00  0.00  0.98  0.00  0.00  0.00  0.98  0.00
  G00010                  1.00   0.02  0.00  0.00  0.98  0.00  0.00  0.00  0.14  0.00
  G00011                  1.00   0.02  0.00  0.00  0.98  0.00  0.00  0.00  0.03  0.00
  G00012                  1.00   0.02  0.00  0.00  0.98  0.00  0.00  0.00  0.80  0.00
  G00013                  1.00   0.02  0.00  0.00  0.98  0.00  0.00  0.00  0.98  0.00
  G00014                  1.00   0.02  0.00  0.00  0.98  0.00  0.00  0.00  0.49  0.00
  G00015                  1.00   0.01  0.01  0.00  0.98  0.00  0.00  0.00  0.98  0.00
  G00016                  1.00   0.02  0.00  0.00  0.96  0.03  0.00  0.00  0.98  0.00
  G00017                  1.00   0.02  0.00  0.00  0.98  0.00  0.00  0.00  0.98  0.00
  G00018                  1.00   0.02  0.00  0.00  0.98  0.00  0.00  0.00  0.41  0.00
  G00019                  1.00   0.02  0.00  0.00  0.98  0.00  0.00  0.00  0.15  0.00
  G00020                  1.00   0.02  0.00  0.00  0.98  0.00  0.00  0.00  0.98  0.00
  G00021                  1.00   0.02  0.00  0.00  0.77  0.22  0.00  0.00  0.88  0.00
  G00022                  1.00   0.02  0.07  0.00  0.92  0.00  0.00  0.00  0.98  0.00
  G00023                  1.00   0.02  0.00  0.00  0.00  0.98  0.00  0.00  0.83  0.00
  G00024                  1.00   0.01  0.01  0.00  0.98  0.00  0.00  0.00  0.96  0.00
  G00025                  1.00   0.02  0.06  0.00  0.93  0.00  0.00  0.00  0.98  0.00
  G00026                  1.00   0.02  0.00  0.00  0.98  0.00  0.00  0.00  0.98  0.00
  G00027                  1.00   0.02  0.00  0.00  0.98  0.00  0.00  0.00  0.00  0.00
  G00028                  1.00   0.02  0.00  0.00  0.98  0.00  0.00  0.00  0.98  0.00
  G00029                  1.00   0.02  0.00  0.00  0.98  0.00  0.00  0.00  0.98  0.00
  G00030                  1.00   0.02  0.03  0.00  0.95  0.00  0.00  0.00  0.98  0.00
  G00031                  1.00   0.02  0.00  0.00  0.04  0.95  0.00  0.00  0.86  0.00
  G00032                  1.00   0.02  0.00  0.00  0.85  0.13  0.00  0.00  0.94  0.00
  G00033                  1.00   0.02  0.00  0.00  0.98  0.00  0.00  0.00  0.52  0.00
  G00034                  1.00   0.02  0.00  0.00  0.98  0.00  0.00  0.00  0.15  0.00
  G00035                  1.00   0.02  0.00  0.00  0.98  0.00  0.00  0.00  0.98  0.00
  G00036                  1.00   0.02  0.05  0.00  0.93  0.00  0.00  0.00  0.98  0.00
  G00037                  1.00   0.02  0.00  0.00  0.98  0.00  0.00  0.00  0.98  0.00
  G00038                  1.00   0.02  0.00  0.00  0.80  0.18  0.00  0.00  0.81  0.00
  G00039                  1.00   0.02  0.00  0.00  0.98  0.00  0.00  0.00  0.98  0.00
  G00040                  1.00   0.02  0.00  0.00  0.98  0.00  0.00  0.00  0.98  0.00
  G00041                  1.00   0.02  0.01  0.00  0.97  0.00  0.00  0.00  0.70  0.00
  G00042                  1.00   0.02  0.00  0.00  0.98  0.00  0.00  0.00  0.62  0.00
  G00043                  1.00   0.02  0.00  0.00  0.98  0.00  0.00  0.00  0.13  0.00
  G00044                  1.00   0.02  0.00  0.00  0.98  0.00  0.00  0.00  0.17  0.00
  G00045                  1.00   0.02  0.00  0.00  0.98  0.00  0.00  0.00  0.90  0.00
  G00046                  1.00   0.02  0.00  0.00  0.98  0.00  0.00  0.00  0.65  0.00
  G00047                  1.00   0.02  0.00  0.00  0.98  0.00  0.00  0.00  0.98  0.00
  G00048                  1.00   0.01  0.00  0.00  0.99  0.00  0.00  0.00  0.30  0.00
  G00049                  1.00   0.02  0.00  0.00  0.91  0.07  0.00  0.00  0.86  0.00
  G00050                  1.00   0.02  0.00  0.00  0.96  0.02  0.00  0.00  0.98  0.00
  G00051                  1.00   0.02  0.00  0.00  0.98  0.00  0.00  0.00  0.98  0.00
  G00052                  1.00   0.02  0.00  0.00  0.98  0.00  0.00  0.00  0.44  0.00
  G00053                  1.00   0.02  0.00  0.00  0.98  0.00  0.00  0.00  0.03  0.00
  G00054                  1.00   0.01  0.00  0.00  0.99  0.00  0.00  0.00  0.11  0.00
  G00055                  1.00   0.02  0.11  0.00  0.88  0.00  0.00  0.00  0.98  0.00
  G00056                  1.00   0.01  0.01  0.00  0.98  0.00  0.00  0.00  0.98  0.00
  G00057                  1.00   0.01  0.00  0.00  0.99  0.00  0.00  0.00  0.97  0.00
  G00058                  1.00   0.02  0.00  0.00  0.98  0.00  0.00  0.00  0.98  0.00
  G00059                  1.00   0.02  0.00  0.00  0.98  0.00  0.00  0.00  0.00  0.00
  G00060                  1.00   0.02  0.00  0.00  0.98  0.00  0.00  0.00  0.00  0.00
  G00061                  1.00   0.02  0.00  0.00  0.97  0.02  0.00  0.00  0.98  0.00
  G00062                  1.00   0.02  0.00  0.00  0.98  0.00  0.00  0.00  0.06  0.00
  G00063                  1.00   0.02  0.04  0.00  0.95  0.00  0.00  0.00  0.98  0.00
  G00064                  1.00   0.02  0.00  0.00  0.67  0.31  0.00  0.00  0.00  0.00
  G00065                  1.00   0.02  0.00  0.00  0.59  0.39  0.00  0.00  0.00  0.00
  G00066                  1.00   0.02  0.00  0.00  0.64  0.34  0.00  0.00  0.60  0.00
  G00067                  1.00   0.02  0.00  0.00  0.98  0.00  0.00  0.00  0.44  0.00
  G00068                  1.00   0.02  0.00  0.00  0.98  0.00  0.00  0.00  0.47  0.00
  G00069                  1.00   0.02  0.00  0.00  0.56  0.43  0.00  0.00  0.53  0.00
  G00070                  1.00   0.02  0.00  0.00  0.98  0.00  0.00  0.00  0.03  0.00
  G00071                  1.00   0.01  0.01  0.00  0.98  0.00  0.00  0.00  0.18  0.00
  G00072                  1.00   0.02  0.00  0.00  0.98  0.00  0.00  0.00  0.20  0.00
  G00073                  1.00   0.01  0.00  0.00  0.99  0.00  0.00  0.00  0.00  0.00
  G00074                  1.00   0.01  0.01  0.00  0.30  0.68  0.00  0.00  0.98  0.00
  G00075                  1.00   0.02  0.00  0.00  0.98  0.00  0.00  0.00  0.00  0.00
  G00076                  1.00   0.01  0.01  0.00  0.98  0.00  0.00  0.00  0.33  0.00
  G00077                  1.00   0.02  0.05  0.00  0.94  0.00  0.00  0.00  0.90  0.00
  G00078                  1.00   0.02  0.00  0.00  0.98  0.00  0.00  0.00  0.73  0.00
  G00079                  1.00   0.02  0.03  0.00  0.96  0.00  0.00  0.00  0.98  0.00
  G00080                  1.00   0.02  0.00  0.00  0.98  0.00  0.00  0.00  0.41  0.00
  G00081                  1.00   0.02  0.00  0.00  0.96  0.03  0.00  0.00  0.95  0.00
  G00082                  1.00   0.02  0.00  0.00  0.98  0.00  0.00  0.00  0.98  0.00
  G00083                  1.00   0.02  0.00  0.00  0.48  0.50  0.00  0.00  0.95  0.00
  G00084                  1.00   0.02  0.00  0.00  0.97  0.01  0.00  0.00  0.98  0.00
  G00085                  1.00   0.02  0.00  0.00  0.41  0.58  0.00  0.00  0.89  0.00
  G00086                  1.00   0.02  0.00  0.00  0.98  0.00  0.00  0.00  0.29  0.00
  G00087                  1.00   0.02  0.00  0.00  0.98  0.00  0.00  0.00  0.20  0.00
  G00088                  1.00   0.02  0.00  0.00  0.98  0.00  0.00  0.00  0.09  0.00
  G00089                  1.00   0.02  0.05  0.00  0.93  0.00  0.00  0.00  0.98  0.00
  G00090                  1.00   0.02  0.00  0.00  0.98  0.00  0.00  0.00  0.12  0.00
  G00091                  1.00   0.02  0.00  0.00  0.98  0.00  0.00  0.00  0.01  0.00
  G00092                  1.00   0.02  0.00  0.00  0.97  0.01  0.00  0.00  0.98  0.00
  G00093                  1.00   0.02  0.04  0.00  0.95  0.00  0.00  0.00  0.98  0.00
  G00094                  1.00   0.02  0.01  0.00  0.97  0.00  0.00  0.00  0.98  0.00
  G00095                  1.00   0.02  0.10  0.00  0.89  0.00  0.00  0.00  0.98  0.00
  G00096                  1.00   0.02  0.03  0.00  0.95  0.00  0.00  0.00  0.98  0.00
  G00097                  1.00   0.02  0.16  0.00  0.82  0.00  0.00  0.00  0.98  0.00
  G00098                  1.00   0.01  0.02  0.00  0.97  0.00  0.00  0.00  0.98  0.00
  G00099                  1.00   0.02  0.00  0.00  0.98  0.00  0.00  0.00  0.98  0.00
  G00100                  1.00   0.02  0.00  0.00  0.98  0.00  0.00  0.00  0.85  0.00
  G00101                  1.00   0.02  0.00  0.00  0.98  0.00  0.00  0.00  0.79  0.00
  G00102                  1.00   0.02  0.00  0.00  0.98  0.00  0.00  0.00  0.08  0.00
  G00103                  1.00   0.02  0.00  0.00  0.98  0.00  0.00  0.00  0.96  0.00
  G00104                  1.00   0.02  0.00  0.00  0.98  0.01  0.00  0.00  0.98  0.00
  G00105                  1.00   0.02  0.01  0.00  0.94  0.04  0.00  0.00  0.96  0.00
  G00106                  1.00   0.02  0.00  0.00  0.84  0.14  0.00  0.00  0.81  0.00
  G00107                  1.00   0.01  0.01  0.00  0.98  0.00  0.00  0.00  0.18  0.00
  G00108                  1.00   0.02  0.00  0.00  0.98  0.00  0.00  0.00  0.28  0.00
  G00109                  1.00   0.01  0.01  0.00  0.98  0.00  0.00  0.00  0.14  0.00
  G00110                  1.00   0.01  0.00  0.00  0.99  0.00  0.00  0.00  0.98  0.00
  G00111                  1.00   0.02  0.00  0.00  0.98  0.00  0.00  0.00  0.00  0.00
  G00112                  1.00   0.02  0.00  0.00  0.98  0.00  0.00  0.00  0.00  0.00
  G00113                  1.00   0.02  0.00  0.00  0.82  0.17  0.00  0.00  0.98  0.00
  G00114                  1.00   0.02  0.00  0.00  0.98  0.00  0.00  0.00  0.07  0.00
  G00115                  1.00   0.02  0.00  0.00  0.84  0.14  0.00  0.00  0.01  0.00
  G00116                  1.00   0.02  0.00  0.00  0.98  0.00  0.00  0.00  0.00  0.00
  G00117                  1.00   0.02  0.00  0.00  0.15  0.83  0.00  0.00  0.98  0.00
  G00118                  1.00   0.01  0.00  0.00  0.99  0.00  0.00  0.00  0.68  0.00
  G00119                  1.00   0.02  0.00  0.00  0.98  0.00  0.00  0.00  0.33  0.00
  G00120                  1.00   0.02  0.00  0.00  0.98  0.00  0.00  0.00  0.10  0.00
  G00121                  1.00   0.02  0.00  0.00  0.98  0.00  0.00  0.00  0.98  0.00
  G00122                  1.00   0.02  0.00  0.00  0.98  0.00  0.00  0.00  0.97  0.00
  G00123                  1.00   0.02  0.00  0.00  0.98  0.00  0.00  0.00  0.98  0.00
  G00124                  1.00   0.02  0.00  0.00  0.98  0.00  0.00  0.00  0.51  0.00
  G00125                  1.00   0.02  0.00  0.00  0.98  0.00  0.00  0.00  0.05  0.00
  G00126                  1.00   0.02  0.00  0.00  0.98  0.00  0.00  0.00  0.98  0.00
  G00127                  1.00   0.02  0.03  0.00  0.95  0.00  0.00  0.00  0.98  0.00
  G00128                  1.00   0.02  0.00  0.00  0.98  0.00  0.00  0.00  0.08  0.00
  G00129                  1.00   0.02  0.00  0.00  0.98  0.00  0.00  0.00  0.08  0.00
  G00130                  1.00   0.02  0.00  0.00  0.98  0.00  0.00  0.00  0.15  0.00
  G00131                  1.00   0.02  0.00  0.00  0.98  0.00  0.00  0.00  0.15  0.00
  G00132                  1.00   0.02  0.00  0.00  0.98  0.00  0.00  0.00  0.14  0.00
  G00133                  1.00   0.02  0.00  0.00  0.98  0.00  0.00  0.00  0.41  0.00
  G00134                  1.00   0.02  0.00  0.00  0.98  0.00  0.00  0.00  0.06  0.00
  G00135                  1.00   0.02  0.00  0.00  0.98  0.00  0.00  0.00  0.00  0.00
  G00136                  1.00   0.02  0.00  0.00  0.98  0.00  0.00  0.00  0.06  0.00
  G00137                  1.00   0.01  0.00  0.00  0.99  0.00  0.00  0.00  0.23  0.00
  G00138                  1.00   0.02  0.00  0.00  0.98  0.00  0.00  0.00  0.98  0.00
  G00139                  1.00   0.02  0.00  0.00  0.98  0.00  0.00  0.00  0.10  0.00
  G00140                  1.00   0.02  0.00  0.00  0.98  0.00  0.00  0.00  0.58  0.00
  G00141                  1.00   0.02  0.00  0.00  0.98  0.00  0.00  0.00  0.19  0.00
  G00142                  1.00   0.02  0.00  0.00  0.98  0.00  0.00  0.00  0.98  0.00
  G00143                  1.00   0.02  0.07  0.00  0.92  0.00  0.00  0.00  0.98  0.00
  G00144                  1.00   0.02  0.00  0.00  0.98  0.00  0.00  0.00  0.06  0.00
  G00145                  1.00   0.02  0.00  0.00  0.98  0.00  0.00  0.00  0.20  0.00
  G00146                  1.00   0.02  0.00  0.00  0.98  0.00  0.00  0.00  0.13  0.00
  G00147                  1.00   0.02  0.00  0.00  0.98  0.00  0.00  0.00  0.13  0.00
  G00148                  1.00   0.02  0.00  0.00  0.98  0.00  0.00  0.00  0.15  0.00
  G00149                  1.00   0.01  0.05  0.00  0.93  0.00  0.00  0.00  0.98  0.00
  G00150                  1.00   0.02  0.00  0.00  0.98  0.00  0.00  0.00  0.98  0.00
  G00151                  1.00   0.02  0.00  0.00  0.98  0.00  0.00  0.00  0.08  0.00
  G00152                  1.00   0.02  0.00  0.00  0.98  0.00  0.00  0.00  0.68  0.00
  G00153                  1.00   0.02  0.00  0.00  0.98  0.00  0.00  0.00  0.12  0.00
  G00154                  1.00   0.02  0.00  0.00  0.98  0.00  0.00  0.00  0.19  0.00
  G00155                  1.00   0.02  0.00  0.00  0.98  0.00  0.00  0.00  0.19  0.00
  G00156                  1.00   0.02  0.00  0.00  0.98  0.00  0.00  0.00  0.98  0.00
  G00157                  1.00   0.02  0.00  0.00  0.98  0.00  0.00  0.00  0.00  0.00
  G00158                  1.00   0.02  0.00  0.00  0.98  0.00  0.00  0.00  0.00  0.00
  G00159                  1.00   0.02  0.00  0.00  0.96  0.03  0.00  0.00  0.95  0.00
  G00160                  1.00   0.02  0.00  0.00  0.98  0.00  0.00  0.00  0.48  0.00
  G00161                  1.00   0.02  0.00  0.00  0.98  0.00  0.00  0.00  0.00  0.00
  G00162                  1.00   0.02  0.00  0.00  0.98  0.00  0.00  0.00  0.19  0.00
  G00163                  1.00   0.02  0.00  0.00  0.98  0.00  0.00  0.00  0.58  0.00
  G00164                  1.00   0.02  0.00  0.00  0.98  0.00  0.00  0.00  0.98  0.00
  G00165                  1.00   0.01  0.06  0.00  0.93  0.00  0.00  0.00  0.98  0.00
  G00166                  1.00   0.01  0.01  0.00  0.98  0.00  0.00  0.00  0.31  0.00
  G00167                  1.00   0.02  0.00  0.00  0.98  0.00  0.00  0.00  0.90  0.00
  G00168                  1.00   0.02  0.00  0.00  0.98  0.00  0.00  0.00  0.98  0.00
  G00169                  1.00   0.02  0.00  0.00  0.98  0.00  0.00  0.00  0.12  0.00
  G00170                  1.00   0.02  0.14  0.00  0.85  0.00  0.00  0.00  0.98  0.00
  G00171                  1.00   0.02  0.00  0.00  0.98  0.00  0.00  0.00  0.98  0.00
  G00172                  1.00   0.02  0.00  0.00  0.32  0.67  0.00  0.00  0.84  0.00
  G00173                  1.00   0.02  0.00  0.00  0.98  0.00  0.00  0.00  0.37  0.00
  G00174                  1.00   0.02  0.00  0.00  0.98  0.00  0.00  0.00  0.10  0.00
  G00175                  1.00   0.02  0.00  0.00  0.98  0.00  0.00  0.00  0.18  0.00
  G00176                  1.00   0.02  0.00  0.00  0.04  0.94  0.00  0.00  0.00  0.00
  G00177                  1.00   0.02  0.00  0.00  0.04  0.94  0.00  0.00  0.98  0.00
  G00178                  1.00   0.02  0.00  0.00  0.98  0.00  0.00  0.00  0.95  0.00
  G00179                  1.00   0.02  0.00  0.00  0.98  0.00  0.00  0.00  0.98  0.00
  G00180                  1.00   0.02  0.00  0.00  0.98  0.00  0.00  0.00  0.19  0.00
  G00181                  1.00   0.02  0.00  0.00  0.98  0.00  0.00  0.00  0.11  0.00
  G00182                  1.00   0.01  0.01  0.00  0.98  0.00  0.00  0.00  0.98  0.00
  G00183                  1.00   0.01  0.01  0.00  0.98  0.00  0.00  0.00  0.98  0.00
  G00184                  1.00   0.02  0.14  0.00  0.85  0.00  0.00  0.00  0.98  0.00
  G00185                  1.00   0.01  0.01  0.00  0.98  0.00  0.00  0.00  0.90  0.00
  G00186                  1.00   0.01  0.00  0.00  0.99  0.00  0.00  0.00  0.98  0.00
  G00187                  1.00   0.01  0.00  0.00  0.99  0.00  0.00  0.00  0.55  0.00
  G00188                  1.00   0.02  0.00  0.00  0.98  0.00  0.00  0.00  0.98  0.00
  G00189                  1.00   0.02  0.00  0.00  0.98  0.00  0.00  0.00  0.10  0.00
  G00190                  1.00   0.02  0.00  0.00  0.98  0.00  0.00  0.00  0.13  0.00
  G00191                  1.00   0.02  0.00  0.00  0.98  0.00  0.00  0.00  0.13  0.00
  G00192                  1.00   0.02  0.00  0.00  0.98  0.00  0.00  0.00  0.98  0.00
  G00193                  1.00   0.02  0.00  0.00  0.98  0.00  0.00  0.00  0.66  0.00
  G00194                  1.00   0.02  0.00  0.00  0.98  0.00  0.00  0.00  0.00  0.00
  G00195                  1.00   0.02  0.11  0.00  0.87  0.00  0.00  0.00  0.98  0.00
  G00196                  1.00   0.02  0.00  0.00  0.98  0.00  0.00  0.00  0.86  0.00
  G00197                  1.00   0.02  0.00  0.00  0.98  0.00  0.00  0.00  0.43  0.00
  G00198                  1.00   0.02  0.00  0.00  0.98  0.00  0.00  0.00  0.00  0.00
  G00199                  1.00   0.02  0.00  0.00  0.98  0.00  0.00  0.00  0.98  0.00
  G00200                  1.00   0.02  0.00  0.00  0.98  0.00  0.00  0.00  0.98  0.00
  G00201                  1.00   0.02  0.00  0.00  0.98  0.00  0.00  0.00  0.21  0.00
  G00202                  1.00   0.02  0.00  0.00  0.98  0.00  0.00  0.00  0.17  0.00
  G00203                  1.00   0.02  0.00  0.00  0.98  0.00  0.00  0.00  0.98  0.00
  G00204                  1.00   0.02  0.00  0.00  0.98  0.00  0.00  0.00  0.01  0.00
  G00205                  1.00   0.02  0.00  0.00  0.98  0.00  0.00  0.00  0.98  0.00
  G00206                  1.00   0.02  0.00  0.00  0.98  0.01  0.00  0.00  0.98  0.00
  G00207                  1.00   0.02  0.00  0.00  0.98  0.00  0.00  0.00  0.10  0.00
  G00208                  1.00   0.02  0.00  0.00  0.98  0.00  0.00  0.00  0.98  0.00
  G00209                  1.00   0.02  0.10  0.00  0.89  0.00  0.00  0.00  0.98  0.00
  G00210                  1.00   0.02  0.03  0.00  0.95  0.00  0.00  0.00  0.98  0.00
  G00211                  1.00   0.02  0.01  0.00  0.97  0.00  0.00  0.00  0.98  0.00
  G00212                  1.00   0.02  0.00  0.00  0.98  0.00  0.00  0.00  0.98  0.00
  G00213                  1.00   0.02  0.00  0.00  0.98  0.00  0.00  0.00  0.21  0.00
  G00214                  1.00   0.02  0.00  0.00  0.98  0.00  0.00  0.00  0.17  0.00
  G00215                  1.00   0.02  0.00  0.00  0.98  0.00  0.00  0.00  0.41  0.00
  G00216                  1.00   0.02  0.00  0.00  0.98  0.00  0.00  0.00  0.74  0.00
  G00217                  1.00   0.01  0.10  0.00  0.89  0.00  0.00  0.00  0.98  0.00
  G00218                  1.00   0.02  0.00  0.00  0.98  0.00  0.00  0.00  0.98  0.00
  G00219                  1.00   0.02  0.01  0.00  0.98  0.00  0.00  0.00  0.98  0.00
  G00220                  1.00   0.02  0.01  0.00  0.97  0.00  0.00  0.00  0.98  0.00
  G00221                  1.00   0.02  0.00  0.00  0.98  0.00  0.00  0.00  0.98  0.00
  G00222                  1.00   0.02  0.00  0.00  0.98  0.00  0.00  0.00  0.00  0.00
  G00223                  1.00   0.02  0.00  0.00  0.75  0.24  0.00  0.00  0.06  0.00
  G00224                  1.00   0.02  0.00  0.00  0.98  0.00  0.00  0.00  0.98  0.00
  G00225                  1.00   0.02  0.00  0.00  0.98  0.00  0.00  0.00  0.06  0.00
  G00226                  1.00   0.01  0.01  0.00  0.98  0.00  0.00  0.00  0.14  0.00
  G00227                  1.00   0.01  0.00  0.00  0.99  0.00  0.00  0.00  0.05  0.00
  G00228                  1.00   0.02  0.00  0.00  0.98  0.00  0.00  0.00  0.37  0.00
  G00229                  1.00   0.02  0.00  0.00  0.98  0.00  0.00  0.00  0.00  0.00
  G00230                  1.00   0.02  0.00  0.00  0.98  0.00  0.00  0.00  0.42  0.00
  G00231                  1.00   0.02  0.00  0.00  0.98  0.00  0.00  0.00  0.73  0.00
  G00232                  1.00   0.02  0.00  0.00  0.98  0.01  0.00  0.00  0.04  0.00
  G00233                  1.00   0.02  0.00  0.00  0.98  0.00  0.00  0.00  0.93  0.00
  G00234                  1.00   0.02  0.00  0.00  0.98  0.00  0.00  0.00  0.62  0.00
  G00235                  1.00   0.02  0.00  0.00  0.98  0.00  0.00  0.00  0.00  0.00
  G00236                  1.00   0.02  0.00  0.00  0.98  0.00  0.00  0.00  0.98  0.00
  G00237                  1.00   0.02  0.07  0.00  0.90  0.01  0.00  0.00  0.96  0.00
  G00238                  1.00   0.02  0.19  0.00  0.80  0.00  0.00  0.00  0.98  0.00
  G00239                  1.00   0.02  0.00  0.00  0.98  0.00  0.00  0.00  0.57  0.00
  G00240                  1.00   0.02  0.00  0.00  0.98  0.00  0.00  0.00  0.98  0.00
  G00241                  1.00   0.02  0.00  0.00  0.98  0.00  0.00  0.00  0.00  0.00
  G00242                  1.00   0.02  0.00  0.00  0.92  0.06  0.00  0.00  0.98  0.00
  G00243                  1.00   0.02  0.00  0.00  0.98  0.00  0.00  0.00  0.14  0.00
  G00244                  1.00   0.02  0.00  0.00  0.98  0.00  0.00  0.00  0.02  0.00
  G00245                  1.00   0.02  0.00  0.00  0.98  0.00  0.00  0.00  0.12  0.00
  G00246                  1.00   0.02  0.00  0.00  0.98  0.00  0.00  0.00  0.02  0.00
  G00247                  1.00   0.02  0.00  0.00  0.98  0.00  0.00  0.00  0.98  0.00
  G00248                  1.00   0.02  0.00  0.00  0.98  0.00  0.00  0.00  0.06  0.00
  G00249                  1.00   0.02  0.00  0.00  0.98  0.00  0.00  0.00  0.18  0.00
  G00250                  1.00   0.02  0.00  0.00  0.98  0.00  0.00  0.00  0.98  0.00
  G00251                  1.00   0.02  0.00  0.00  0.98  0.00  0.00  0.00  0.13  0.00
  G00252                  1.00   0.02  0.02  0.00  0.97  0.00  0.00  0.00  0.77  0.00
  G00253                  1.00   0.02  0.00  0.00  0.98  0.00  0.00  0.00  0.11  0.00
  G00254                  1.00   0.02  0.00  0.00  0.98  0.00  0.00  0.00  0.42  0.00
  G00255                  1.00   0.02  0.00  0.00  0.98  0.00  0.00  0.00  0.98  0.00
  G00256                  1.00   0.02  0.03  0.00  0.95  0.00  0.00  0.00  0.97  0.00
  G00257                  1.00   0.02  0.15  0.00  0.83  0.00  0.00  0.00  0.98  0.00
  G00258                  1.00   0.02  0.14  0.00  0.85  0.00  0.00  0.00  0.98  0.00
  G00259                  1.00   0.02  0.00  0.00  0.96  0.02  0.00  0.00  0.98  0.00
  G00260                  1.00   0.02  0.05  0.00  0.93  0.00  0.00  0.00  0.98  0.00
  G00261                  1.00   0.02  0.00  0.00  0.98  0.00  0.00  0.00  0.98  0.00
  G00262                  1.00   0.02  0.00  0.00  0.03  0.95  0.00  0.00  0.81  0.00
  G00263                  1.00   0.02  0.00  0.00  0.98  0.00  0.00  0.00  0.49  0.00
  G00264                  1.00   0.01  0.01  0.00  0.98  0.00  0.00  0.00  0.98  0.00
  G00265                  1.00   0.01  0.00  0.00  0.18  0.81  0.00  0.00  0.93  0.00
  G00266                  1.00   0.02  0.00  0.00  0.45  0.53  0.00  0.00  0.93  0.00
  G00267                  1.00   0.02  0.00  0.00  0.17  0.81  0.00  0.00  0.85  0.00
  G00268                  1.00   0.02  0.00  0.00  0.98  0.00  0.00  0.00  0.98  0.00
  G00269                  1.00   0.02  0.00  0.00  0.98  0.00  0.00  0.00  0.00  0.00
  G00270                  1.00   0.01  0.01  0.00  0.98  0.00  0.00  0.00  0.13  0.00
  G00271                  1.00   0.02  0.00  0.00  0.98  0.00  0.00  0.00  0.61  0.00
  G00272                  1.00   0.01  0.01  0.00  0.98  0.00  0.00  0.00  0.25  0.00
  G00273                  1.00   0.02  0.00  0.00  0.98  0.00  0.00  0.00  0.08  0.00
  G00274                  1.00   0.02  0.00  0.00  0.98  0.00  0.00  0.00  0.25  0.00
  G00275                  1.00   0.02  0.00  0.00  0.98  0.00  0.00  0.00  0.17  0.00
  G00276                  1.00   0.02  0.00  0.00  0.98  0.00  0.00  0.00  0.15  0.00
  G00277                  1.00   0.02  0.00  0.00  0.98  0.00  0.00  0.00  0.29  0.00
  G00278                  1.00   0.02  0.00  0.00  0.98  0.00  0.00  0.00  0.00  0.00
  G00279                  1.00   0.02  0.00  0.00  0.98  0.00  0.00  0.00  0.00  0.00
  G00280                  1.00   0.02  0.00  0.00  0.98  0.00  0.00  0.00  0.54  0.00
  G00281                  1.00   0.02  0.00  0.00  0.98  0.00  0.00  0.00  0.17  0.00
  G00282                  1.00   0.02  0.00  0.00  0.98  0.00  0.00  0.00  0.96  0.00
  G00283                  1.00   0.02  0.00  0.00  0.98  0.00  0.00  0.00  0.00  0.00
  G00284                  1.00   0.01  0.01  0.00  0.98  0.00  0.00  0.00  0.50  0.00
  G00285                  1.00   0.01  0.00  0.00  0.99  0.00  0.00  0.00  0.03  0.00
  G00286                  1.00   0.01  0.06  0.00  0.93  0.00  0.00  0.00  0.98  0.00
  G00287                  1.00   0.01  0.01  0.00  0.98  0.00  0.00  0.00  0.98  0.00
  G00288                  1.00   0.02  0.00  0.00  0.98  0.00  0.00  0.00  0.04  0.00
  G00289                  1.00   0.02  0.00  0.00  0.98  0.00  0.00  0.00  0.10  0.00
  G00290                  1.00   0.01  0.00  0.00  0.99  0.00  0.00  0.00  0.95  0.00
  G00291                  1.00   0.02  0.22  0.00  0.76  0.00  0.00  0.00  0.98  0.00
  G00292                  1.00   0.02  0.00  0.00  0.54  0.45  0.00  0.00  0.18  0.00
  G00293                  1.00   0.02  0.00  0.00  0.98  0.00  0.00  0.00  0.00  0.00
  G00294                  1.00   0.02  0.00  0.00  0.98  0.00  0.00  0.00  0.98  0.00
  G00295                  1.00   0.01  0.12  0.00  0.87  0.00  0.00  0.00  0.98  0.00
  G00296                  1.00   0.02  0.00  0.00  0.98  0.00  0.00  0.00  0.23  0.00
  G00297                  1.00   0.02  0.02  0.00  0.97  0.00  0.00  0.00  0.94  0.00
  G00298                  1.00   0.01  0.01  0.00  0.98  0.00  0.00  0.00  0.98  0.00
  G00299                  1.00   0.02  0.01  0.00  0.89  0.09  0.00  0.00  0.98  0.00
  G00300                  1.00   0.02  0.00  0.00  0.98  0.00  0.00  0.00  0.67  0.00
  G00301                  1.00   0.01  0.00  0.00  0.99  0.00  0.00  0.00  0.00  0.00
  G00302                  1.00   0.02  0.01  0.00  0.98  0.00  0.00  0.00  0.98  0.00
  G00303                  1.00   0.01  0.01  0.00  0.98  0.00  0.00  0.00  0.98  0.00
  G00304                  1.00   0.02  0.00  0.00  0.98  0.00  0.00  0.00  0.98  0.00
  G00305                  1.00   0.02  0.03  0.00  0.95  0.00  0.00  0.00  0.98  0.00
  G00306                  1.00   0.02  0.00  0.00  0.98  0.00  0.00  0.00  0.95  0.00
  G00307                  1.00   0.02  0.00  0.00  0.98  0.00  0.00  0.00  0.36  0.00
  G00308                  1.00   0.02  0.00  0.00  0.98  0.00  0.00  0.00  0.00  0.00
  G00309                  1.00   0.02  0.00  0.00  0.98  0.00  0.00  0.00  0.98  0.00
  G00310                  1.00   0.02  0.00  0.00  0.98  0.00  0.00  0.00  0.98  0.00
  G00311                  1.00   0.02  0.00  0.00  0.98  0.00  0.00  0.00  0.59  0.00
  G00312                  1.00   0.02  0.21  0.00  0.78  0.00  0.00  0.00  0.98  0.00
  G00313                  1.00   0.02  0.00  0.00  0.98  0.00  0.00  0.00  0.98  0.00
  G00314                  1.00   0.02  0.00  0.00  0.98  0.00  0.00  0.00  0.04  0.00
  G00315                  1.00   0.02  0.00  0.00  0.98  0.00  0.00  0.00  0.98  0.00
  G00316                  1.00   0.02  0.00  0.00  0.98  0.00  0.00  0.00  0.98  0.00
  G00317                  1.00   0.02  0.00  0.00  0.98  0.00  0.00  0.00  0.98  0.00
  G00318                  1.00   0.01  0.29  0.00  0.69  0.00  0.00  0.00  0.98  0.00
  G00319                  1.00   0.02  0.00  0.00  0.98  0.00  0.00  0.00  0.98  0.00
  G00320                  1.00   0.02  0.06  0.00  0.93  0.00  0.00  0.00  0.98  0.00
  G00321                  1.00   0.02  0.13  0.00  0.85  0.00  0.00  0.00  0.98  0.00
  G00322                  1.00   0.02  0.00  0.00  0.98  0.00  0.00  0.00  0.17  0.00
  G00323                  1.00   0.02  0.00  0.00  0.98  0.00  0.00  0.00  0.98  0.00
  G00324                  1.00   0.02  0.00  0.00  0.98  0.00  0.00  0.00  0.26  0.00
  G00325                  1.00   0.02  0.00  0.00  0.98  0.00  0.00  0.00  0.98  0.00
  G00326                  1.00   0.02  0.00  0.00  0.98  0.00  0.00  0.00  0.00  0.00
  G00327                  1.00   0.02  0.00  0.00  0.98  0.00  0.00  0.00  0.98  0.00
  G00328                  1.00   0.02  0.00  0.00  0.98  0.00  0.00  0.00  0.82  0.00
  G00329                  1.00   0.01  0.01  0.00  0.80  0.18  0.00  0.00  0.79  0.00
  G00330                  1.00   0.01  0.00  0.00  0.99  0.00  0.00  0.00  0.94  0.00
  G00331                  1.00   0.02  0.00  0.00  0.98  0.00  0.00  0.00  0.02  0.00
  G00332                  1.00   0.02  0.00  0.00  0.98  0.00  0.00  0.00  0.31  0.00
  G00333                  1.00   0.02  0.00  0.00  0.98  0.00  0.00  0.00  0.33  0.00
  G00334                  1.00   0.02  0.00  0.00  0.98  0.00  0.00  0.00  0.98  0.00
  G00335                  1.00   0.02  0.00  0.00  0.98  0.00  0.00  0.00  0.98  0.00
  G00336                  1.00   0.02  0.00  0.00  0.98  0.00  0.00  0.00  0.98  0.00
  G00337                  1.00   0.02  0.00  0.00  0.80  0.19  0.00  0.00  0.76  0.00
  G00338                  1.00   0.02  0.00  0.00  0.93  0.06  0.00  0.00  0.98  0.00
  G00339                  1.00   0.02  0.00  0.00  0.98  0.00  0.00  0.00  0.98  0.00
  G00340                  1.00   0.02  0.00  0.00  0.98  0.00  0.00  0.00  0.07  0.00
  G00341                  1.00   0.02  0.00  0.00  0.98  0.00  0.00  0.00  0.24  0.00
  G00342                  1.00   0.02  0.00  0.00  0.98  0.00  0.00  0.00  0.27  0.00
  G00343                  1.00   0.02  0.02  0.00  0.96  0.00  0.00  0.00  0.98  0.00
  G00344                  1.00   0.02  0.00  0.00  0.98  0.00  0.00  0.00  0.98  0.00
  G00345                  1.00   0.02  0.00  0.00  0.98  0.00  0.00  0.00  0.01  0.00
  G00346                  1.00   0.02  0.00  0.00  0.98  0.00  0.00  0.00  0.29  0.00
  G00347                  1.00   0.02  0.00  0.00  0.98  0.00  0.00  0.00  0.07  0.00
  G00348                  1.00   0.01  0.01  0.00  0.98  0.00  0.00  0.00  0.98  0.00
  G00349                  1.00   0.02  0.00  0.00  0.98  0.00  0.00  0.00  0.17  0.00
  G00350                  1.00   0.01  0.01  0.00  0.98  0.00  0.00  0.00  0.98  0.00
  G00351                  1.00   0.02  0.00  0.00  0.02  0.96  0.00  0.00  0.00  0.00
  G00352                  1.00   0.02  0.00  0.00  0.50  0.48  0.00  0.00  0.98  0.00
  G00353                  1.00   0.02  0.00  0.00  0.98  0.00  0.00  0.00  0.98  0.00
  G00354                  1.00   0.01  0.01  0.00  0.98  0.00  0.00  0.00  0.98  0.00
  G00355                  1.00   0.02  0.00  0.00  0.41  0.57  0.00  0.00  0.19  0.00
  G00356                  1.00   0.02  0.00  0.00  0.98  0.00  0.00  0.00  0.83  0.00
  G00357                  1.00   0.02  0.00  0.00  0.98  0.00  0.00  0.00  0.95  0.00
  G00358                  1.00   0.02  0.00  0.00  0.98  0.00  0.00  0.00  0.68  0.00
  G00359                  1.00   0.02  0.00  0.00  0.98  0.00  0.00  0.00  0.06  0.00
  G00360                  1.00   0.02  0.00  0.00  0.75  0.24  0.00  0.00  0.00  0.00
  G00361                  1.00   0.02  0.00  0.00  0.98  0.00  0.00  0.00  0.56  0.00
  G00362                  1.00   0.02  0.00  0.00  0.91  0.07  0.00  0.00  0.97  0.00
  G00363                  1.00   0.02  0.00  0.00  0.15  0.83  0.00  0.00  0.98  0.00
  G00364                  1.00   0.02  0.00  0.00  0.51  0.47  0.00  0.00  0.55  0.00
  G00365                  1.00   0.02  0.12  0.00  0.86  0.00  0.00  0.00  0.98  0.00
  G00366                  1.00   0.01  0.00  0.00  0.02  0.97  0.00  0.00  0.24  0.00
  G00367                  1.00   0.02  0.00  0.00  0.27  0.72  0.00  0.00  0.98  0.00
  G00368                  1.00   0.02  0.08  0.00  0.59  0.32  0.00  0.00  0.98  0.00
  G00369                  1.00   0.02  0.00  0.00  0.84  0.14  0.00  0.00  0.73  0.00
  G00370                  1.00   0.02  0.00  0.00  0.98  0.00  0.00  0.00  0.98  0.00
  G00371                  1.00   0.02  0.00  0.00  0.75  0.24  0.00  0.00  0.00  0.00
  G00372                  1.00   0.02  0.00  0.00  0.92  0.07  0.00  0.00  0.98  0.00
  G00373                  1.00   0.02  0.02  0.00  0.96  0.00  0.00  0.00  0.98  0.00
  G00374                  1.00   0.02  0.00  0.00  0.98  0.00  0.00  0.00  0.98  0.00
  G00375                  1.00   0.02  0.00  0.00  0.98  0.00  0.00  0.00  0.59  0.00
  G00376                  1.00   0.02  0.00  0.00  0.98  0.00  0.00  0.00  0.00  0.00
  G00377                  1.00   0.02  0.00  0.00  0.97  0.01  0.00  0.00  0.98  0.00
  G00378                  1.00   0.02  0.05  0.00  0.93  0.00  0.00  0.00  0.98  0.00
  G00379                  1.00   0.02  0.00  0.00  0.98  0.00  0.00  0.00  0.93  0.00
  G00380                  1.00   0.02  0.00  0.00  0.98  0.00  0.00  0.00  0.07  0.00
  G00381                  1.00   0.02  0.00  0.00  0.98  0.00  0.00  0.00  0.98  0.00
  G00382                  1.00   0.01  0.09  0.00  0.90  0.00  0.00  0.00  0.98  0.00
  G00383                  1.00   0.02  0.00  0.00  0.98  0.00  0.00  0.00  0.94  0.00
  G00384                  1.00   0.01  0.00  0.00  0.76  0.24  0.00  0.00  0.92  0.00
  G00385                  1.00   0.02  0.00  0.00  0.98  0.00  0.00  0.00  0.98  0.00
  G00386                  1.00   0.02  0.00  0.00  0.08  0.91  0.00  0.00  0.98  0.00
  G00387                  1.00   0.02  0.00  0.00  0.98  0.00  0.00  0.00  0.98  0.00
  G00388                  1.00   0.02  0.00  0.00  0.98  0.00  0.00  0.00  0.98  0.00
  G00389                  1.00   0.02  0.00  0.00  0.66  0.33  0.00  0.00  0.00  0.00
  G00390                  1.00   0.02  0.00  0.00  0.98  0.00  0.00  0.00  0.92  0.00
  G00391                  1.00   0.02  0.00  0.00  0.98  0.00  0.00  0.00  0.31  0.00
  G00392                  1.00   0.02  0.00  0.00  0.98  0.00  0.00  0.00  0.15  0.00
  G00393                  1.00   0.02  0.00  0.00  0.98  0.00  0.00  0.00  0.49  0.00
  G00394                  1.00   0.01  0.00  0.00  0.99  0.00  0.00  0.00  0.04  0.00
  G00395                  1.00   0.02  0.00  0.00  0.98  0.00  0.00  0.00  0.90  0.00
  G00396                  1.00   0.02  0.08  0.00  0.91  0.00  0.00  0.00  0.98  0.00
  G00397                  1.00   0.02  0.00  0.00  0.98  0.00  0.00  0.00  0.44  0.00
  G00398                  1.00   0.02  0.00  0.00  0.98  0.00  0.00  0.00  0.70  0.00
  G00399                  1.00   0.02  0.00  0.00  0.98  0.00  0.00  0.00  0.11  0.00
  G00400                  1.00   0.02  0.00  0.00  0.98  0.00  0.00  0.00  0.00  0.00
  G00401                  1.00   0.02  0.00  0.00  0.98  0.00  0.00  0.00  0.57  0.00
  G00402                  1.00   0.02  0.00  0.00  0.98  0.00  0.00  0.00  0.71  0.00
  G00403                  1.00   0.02  0.00  0.00  0.98  0.00  0.00  0.00  0.54  0.00
  G00404                  1.00   0.02  0.00  0.00  0.98  0.00  0.00  0.00  0.35  0.00
  G00405                  1.00   0.02  0.00  0.00  0.98  0.00  0.00  0.00  0.13  0.00
  G00406                  1.00   0.02  0.00  0.00  0.98  0.00  0.00  0.00  0.52  0.00
  G00407                  1.00   0.02  0.00  0.00  0.96  0.02  0.00  0.00  0.95  0.00
  G00408                  1.00   0.02  0.00  0.00  0.98  0.00  0.00  0.00  0.69  0.00
  G00409                  1.00   0.02  0.00  0.00  0.98  0.00  0.00  0.00  0.08  0.00
  G00410                  1.00   0.01  0.00  0.00  0.99  0.00  0.00  0.00  0.98  0.00
  G00411                  1.00   0.02  0.00  0.00  0.98  0.00  0.00  0.00  0.06  0.00
  G00412                  1.00   0.02  0.00  0.00  0.98  0.00  0.00  0.00  0.62  0.00
  G00413                  1.00   0.02  0.00  0.00  0.98  0.00  0.00  0.00  0.74  0.00
  G00414                  1.00   0.02  0.00  0.00  0.98  0.00  0.00  0.00  0.57  0.00
  G00415                  1.00   0.02  0.00  0.00  0.98  0.00  0.00  0.00  0.65  0.00
  G00416                  1.00   0.02  0.00  0.00  0.98  0.00  0.00  0.00  0.70  0.00
  G00417                  1.00   0.02  0.00  0.00  0.98  0.00  0.00  0.00  0.09  0.00
  G00418                  1.00   0.02  0.00  0.00  0.98  0.00  0.00  0.00  0.49  0.00
  G00419                  1.00   0.02  0.00  0.00  0.98  0.00  0.00  0.00  0.98  0.00
  G00420                  1.00   0.02  0.06  0.00  0.92  0.00  0.00  0.00  0.98  0.00
  G00421                  1.00   0.01  0.00  0.00  0.97  0.02  0.00  0.00  0.98  0.00
  G00422                  1.00   0.02  0.00  0.00  0.98  0.00  0.00  0.00  0.06  0.00
  G00423                  1.00   0.02  0.00  0.00  0.98  0.00  0.00  0.00  0.88  0.00
  G00424                  1.00   0.02  0.00  0.00  0.98  0.00  0.00  0.00  0.96  0.00
  G00425                  1.00   0.02  0.00  0.00  0.98  0.00  0.00  0.00  0.98  0.00
  G00426                  1.00   0.02  0.00  0.00  0.98  0.00  0.00  0.00  0.00  0.00
  G00427                  1.00   0.02  0.04  0.00  0.94  0.00  0.00  0.00  0.98  0.00
  G00428                  1.00   0.02  0.00  0.00  0.98  0.00  0.00  0.00  0.98  0.00
  G00429                  1.00   0.02  0.00  0.00  0.90  0.08  0.00  0.00  0.42  0.00
  G00430                  1.00   0.02  0.00  0.00  0.98  0.00  0.00  0.00  0.41  0.00
  G00431                  1.00   0.02  0.00  0.00  0.98  0.00  0.00  0.00  0.72  0.00
  G00432                  1.00   0.02  0.00  0.00  0.38  0.61  0.00  0.00  0.19  0.00
  G00433                  1.00   0.02  0.00  0.00  0.98  0.00  0.00  0.00  0.00  0.00
  G00434                  1.00   0.02  0.00  0.00  0.98  0.00  0.00  0.00  0.76  0.00
  G00435                  1.00   0.02  0.00  0.00  0.95  0.04  0.00  0.00  0.38  0.00
  G00436                  1.00   0.02  0.00  0.00  0.98  0.00  0.00  0.00  0.98  0.00
  G00437                  1.00   0.02  0.00  0.00  0.98  0.00  0.00  0.00  0.98  0.00
  G00438                  1.00   0.02  0.00  0.00  0.98  0.00  0.00  0.00  0.98  0.00
  G00439                  1.00   0.01  0.00  0.00  0.36  0.63  0.00  0.00  0.95  0.00
  G00440                  1.00   0.01  0.01  0.00  0.51  0.48  0.00  0.00  0.98  0.00
  G00441                  1.00   0.02  0.00  0.00  0.65  0.33  0.00  0.00  0.88  0.00
  G00442                  1.00   0.02  0.00  0.00  0.87  0.11  0.00  0.00  0.98  0.00
  G00443                  1.00   0.02  0.00  0.00  0.98  0.00  0.00  0.00  0.00  0.00
  G00444                  1.00   0.01  0.01  0.00  0.98  0.00  0.00  0.00  0.98  0.00
  G00445                  1.00   0.02  0.00  0.00  0.97  0.02  0.00  0.00  0.98  0.00
  G00446                  1.00   0.02  0.00  0.00  0.98  0.00  0.00  0.00  0.19  0.00
  G00447                  1.00   0.02  0.00  0.00  0.98  0.00  0.00  0.00  0.98  0.00
  G00448                  1.00   0.02  0.00  0.00  0.02  0.97  0.00  0.00  0.94  0.00
  G00449                  1.00   0.02  0.14  0.00  0.85  0.00  0.00  0.00  0.98  0.00
  G00450                  1.00   0.02  0.00  0.00  0.57  0.41  0.00  0.00  0.86  0.00
  G00451                  1.00   0.02  0.00  0.00  0.51  0.47  0.00  0.00  0.77  0.00
  G00452                  1.00   0.02  0.00  0.00  0.81  0.17  0.00  0.00  0.98  0.00
  G00453                  1.00   0.02  0.00  0.00  0.63  0.35  0.00  0.00  0.02  0.00
  G00454                  1.00   0.02  0.00  0.00  0.98  0.00  0.00  0.00  0.98  0.00
  G00455                  1.00   0.02  0.00  0.00  0.36  0.63  0.00  0.00  0.98  0.00
  G00456                  1.00   0.02  0.04  0.00  0.95  0.00  0.00  0.00  0.98  0.00
  G00457                  1.00   0.02  0.00  0.00  0.98  0.00  0.00  0.00  0.98  0.00
  G00458                  1.00   0.02  0.00  0.00  0.98  0.00  0.00  0.00  0.98  0.00
  G00459                  1.00   0.02  0.00  0.00  0.98  0.00  0.00  0.00  0.20  0.00
  G00460                  1.00   0.02  0.00  0.00  0.98  0.00  0.00  0.00  0.98  0.00
  G00461                  1.00   0.01  0.01  0.00  0.98  0.00  0.00  0.00  0.98  0.00
  G00462                  1.00   0.02  0.00  0.00  0.98  0.00  0.00  0.00  0.07  0.00
  G00463                  1.00   0.02  0.00  0.00  0.98  0.00  0.00  0.00  0.79  0.00
  G00464                  1.00   0.01  0.02  0.00  0.97  0.00  0.00  0.00  0.98  0.00
  G00465                  1.00   0.01  0.01  0.00  0.98  0.00  0.00  0.00  0.98  0.00
  G00466                  1.00   0.01  0.00  0.00  0.99  0.00  0.00  0.00  0.00  0.00
  G00467                  1.00   0.01  0.01  0.00  0.98  0.00  0.00  0.00  0.98  0.00
  G00468                  1.00   0.02  0.00  0.00  0.98  0.00  0.00  0.00  0.98  0.00
  G00469                  1.00   0.02  0.00  0.00  0.05  0.94  0.00  0.00  0.00  0.00
  G00470                  1.00   0.01  0.00  0.00  0.04  0.95  0.00  0.00  0.00  0.00
  G00471                  1.00   0.01  0.01  0.00  0.65  0.33  0.00  0.00  0.98  0.00
  G00472                  1.00   0.02  0.05  0.00  0.93  0.00  0.00  0.00  0.98  0.00
  G00473                  1.00   0.02  0.00  0.00  0.12  0.86  0.00  0.00  0.97  0.00
  G00474                  1.00   0.02  0.00  0.00  0.89  0.10  0.00  0.00  0.89  0.00
  G00475                  1.00   0.02  0.00  0.00  0.98  0.00  0.00  0.00  0.98  0.00
  G00476                  1.00   0.02  0.00  0.00  0.85  0.14  0.00  0.00  0.93  0.00
  G00477                  1.00   0.02  0.00  0.00  0.98  0.00  0.00  0.00  0.98  0.00
  G00478                  1.00   0.02  0.00  0.00  0.98  0.00  0.00  0.00  0.00  0.00
  G00479                  1.00   0.02  0.00  0.00  0.51  0.48  0.00  0.00  0.98  0.00
  G00480                  1.00   0.02  0.00  0.00  0.03  0.96  0.00  0.00  0.93  0.00
  G00481                  1.00   0.02  0.00  0.00  0.98  0.00  0.00  0.00  0.98  0.00
  G00482                  1.00   0.02  0.00  0.00  0.98  0.00  0.00  0.00  0.98  0.00
  G00483                  1.00   0.02  0.00  0.00  0.60  0.39  0.00  0.00  0.65  0.00
  G00484                  1.00   0.02  0.00  0.00  0.98  0.00  0.00  0.00  0.34  0.00
  G00485                  1.00   0.02  0.02  0.00  0.97  0.00  0.00  0.00  0.98  0.00
  G00486                  1.00   0.02  0.18  0.00  0.80  0.00  0.00  0.00  0.97  0.00
  G00487                  1.00   0.02  0.25  0.00  0.74  0.00  0.00  0.00  0.98  0.00
  G00488                  1.00   0.02  0.01  0.00  0.97  0.00  0.00  0.00  0.98  0.00
  G00489                  1.00   0.02  0.00  0.00  0.98  0.00  0.00  0.00  0.98  0.00
  G00490                  1.00   0.02  0.17  0.00  0.81  0.00  0.00  0.00  0.97  0.00
  G00491                  1.00   0.02  0.11  0.00  0.88  0.00  0.00  0.00  0.98  0.00
  G00492                  1.00   0.02  0.00  0.00  0.98  0.00  0.00  0.00  0.00  0.00
  G00493                  1.00   0.01  0.01  0.00  0.98  0.00  0.00  0.00  0.98  0.00
  G00494                  1.00   0.02  0.03  0.00  0.96  0.00  0.00  0.00  0.98  0.00
  G00495                  1.00   0.01  0.00  0.00  0.99  0.00  0.00  0.00  0.30  0.00
  G00496                  1.00   0.01  0.23  0.00  0.77  0.00  0.00  0.00  0.98  0.00
  G00497                  1.00   0.01  0.01  0.00  0.98  0.00  0.00  0.00  0.98  0.00
  G00498                  1.00   0.01  0.01  0.00  0.98  0.00  0.00  0.00  0.98  0.00
  G00499                  1.00   0.02  0.00  0.00  0.98  0.00  0.00  0.00  0.98  0.00
  G00500                  1.00   0.02  0.08  0.00  0.90  0.00  0.00  0.00  0.98  0.00
  G00501                  1.00   0.01  0.01  0.00  0.98  0.00  0.00  0.00  0.98  0.00
  G00502                  1.00   0.01  0.01  0.00  0.98  0.00  0.00  0.00  0.98  0.00
  G00503                  1.00   0.02  0.00  0.00  0.98  0.00  0.00  0.00  0.98  0.00
  G00504                  1.00   0.02  0.00  0.00  0.98  0.00  0.00  0.00  0.01  0.00
  G00505                  1.00   0.02  0.00  0.00  0.98  0.00  0.00  0.00  0.11  0.00
  G00506                  1.00   0.01  0.00  0.00  0.99  0.00  0.00  0.00  0.07  0.00
  G00507                  1.00   0.02  0.00  0.00  0.98  0.00  0.00  0.00  0.15  0.00
  G00508                  1.00   0.02  0.00  0.00  0.98  0.00  0.00  0.00  0.08  0.00
  G00509                  1.00   0.02  0.00  0.00  0.98  0.00  0.00  0.00  0.15  0.00
  G00510                  1.00   0.02  0.00  0.00  0.98  0.00  0.00  0.00  0.16  0.00
  G00511                  1.00   0.02  0.00  0.00  0.98  0.00  0.00  0.00  0.98  0.00
  G00512                  1.00   0.02  0.01  0.00  0.97  0.00  0.00  0.00  0.98  0.00
  G00513                  1.00   0.01  0.01  0.00  0.63  0.35  0.00  0.00  0.98  0.00
  G00514                  1.00   0.02  0.00  0.00  0.42  0.57  0.00  0.00  0.00  0.00
  G00515                  1.00   0.01  0.00  0.00  0.99  0.00  0.00  0.00  0.09  0.00
  G00516                  1.00   0.01  0.01  0.00  0.98  0.00  0.00  0.00  0.98  0.00
  G00517                  1.00   0.02  0.00  0.00  0.98  0.00  0.00  0.00  0.00  0.00
  G00518                  1.00   0.02  0.00  0.00  0.98  0.00  0.00  0.00  0.96  0.00
  G00519                  1.00   0.01  0.00  0.00  0.99  0.00  0.00  0.00  0.94  0.00
  G00520                  1.00   0.02  0.00  0.00  0.98  0.00  0.00  0.00  0.05  0.00
  G00521                  1.00   0.02  0.00  0.00  0.98  0.00  0.00  0.00  0.13  0.00
  G00522                  1.00   0.02  0.00  0.00  0.46  0.53  0.00  0.00  0.98  0.00
  G00523                  1.00   0.02  0.15  0.00  0.64  0.19  0.00  0.00  0.98  0.00
  G00524                  1.00   0.02  0.00  0.00  0.98  0.01  0.00  0.00  0.98  0.00
  G00525                  1.00   0.02  0.00  0.00  0.00  0.98  0.00  0.00  0.98  0.00
  G00526                  1.00   0.02  0.00  0.00  0.98  0.00  0.00  0.00  0.98  0.00
  G00527                  1.00   0.02  0.00  0.00  0.98  0.00  0.00  0.00  0.96  0.00
  G00528                  1.00   0.02  0.00  0.00  0.12  0.87  0.00  0.00  0.00  0.00
  G00529                  1.00   0.02  0.00  0.00  0.76  0.22  0.00  0.00  0.96  0.00
  G00530                  1.00   0.02  0.00  0.00  0.98  0.00  0.00  0.00  0.98  0.00
  G00531                  1.00   0.02  0.00  0.00  0.98  0.00  0.00  0.00  0.98  0.00
  G00532                  1.00   0.02  0.00  0.00  0.98  0.00  0.00  0.00  0.16  0.00
  G00533                  1.00   0.02  0.00  0.00  0.98  0.00  0.00  0.00  0.00  0.00
  G00534                  1.00   0.02  0.00  0.00  0.90  0.08  0.00  0.00  0.98  0.00
  G00535                  1.00   0.02  0.00  0.00  0.95  0.03  0.00  0.00  0.00  0.00
  G00536                  1.00   0.02  0.00  0.00  0.93  0.05  0.00  0.00  0.98  0.00
  G00537                  1.00   0.02  0.04  0.00  0.95  0.00  0.00  0.00  0.98  0.00
  G00538                  1.00   0.02  0.00  0.00  0.98  0.00  0.00  0.00  0.98  0.00
  G00539                  1.00   0.02  0.00  0.00  0.98  0.00  0.00  0.00  0.10  0.00
  G00540                  1.00   0.01  0.00  0.00  0.99  0.00  0.00  0.00  0.97  0.00
  G00541                  1.00   0.02  0.00  0.00  0.98  0.00  0.00  0.00  0.13  0.00
  G00542                  1.00   0.02  0.00  0.00  0.87  0.11  0.00  0.00  0.83  0.00
  G00543                  1.00   0.02  0.00  0.00  0.98  0.00  0.00  0.00  0.98  0.00
  G00544                  1.00   0.02  0.11  0.00  0.87  0.00  0.00  0.00  0.98  0.00
  G00545                  1.00   0.02  0.00  0.00  0.02  0.96  0.00  0.00  0.82  0.00
  G00546                  1.00   0.02  0.00  0.00  0.98  0.00  0.00  0.00  0.69  0.00
  G00547                  1.00   0.02  0.00  0.00  0.98  0.00  0.00  0.00  0.52  0.00
  G00548                  1.00   0.02  0.00  0.00  0.87  0.11  0.00  0.00  0.82  0.00
  G00549                  1.00   0.02  0.00  0.00  0.85  0.13  0.00  0.00  0.93  0.00
  G00550                  1.00   0.02  0.00  0.00  0.98  0.00  0.00  0.00  0.98  0.00
  G00551                  1.00   0.02  0.11  0.00  0.88  0.00  0.00  0.00  0.98  0.00
  G00552                  1.00   0.02  0.09  0.00  0.90  0.00  0.00  0.00  0.98  0.00
  G00553                  1.00   0.02  0.00  0.00  0.98  0.00  0.00  0.00  0.98  0.00
  G00554                  1.00   0.02  0.00  0.00  0.98  0.00  0.00  0.00  0.59  0.00
  G00555                  1.00   0.02  0.00  0.00  0.69  0.29  0.00  0.00  0.97  0.00
  G00556                  1.00   0.02  0.00  0.00  0.16  0.82  0.00  0.00  0.98  0.00
  G00557                  1.00   0.02  0.00  0.00  0.12  0.86  0.00  0.00  0.00  0.00
  G00558                  1.00   0.02  0.00  0.00  0.73  0.25  0.00  0.00  0.98  0.00
  G00559                  1.00   0.01  0.15  0.00  0.84  0.00  0.00  0.00  0.98  0.00
  G00560                  1.00   0.02  0.00  0.00  0.98  0.00  0.00  0.00  0.00  0.00
  G00561                  1.00   0.02  0.00  0.00  0.98  0.00  0.00  0.00  0.10  0.00
  G00562                  1.00   0.02  0.00  0.00  0.04  0.94  0.00  0.00  0.98  0.00
  G00563                  1.00   0.02  0.00  0.00  0.04  0.94  0.00  0.00  0.00  0.00
  G00564                  1.00   0.02  0.00  0.00  0.46  0.53  0.00  0.00  0.89  0.00
  G00565                  1.00   0.02  0.00  0.00  0.98  0.00  0.00  0.00  0.98  0.00
  G00566                  1.00   0.01  0.00  0.00  0.94  0.05  0.00  0.00  0.97  0.00
  G00567                  1.00   0.02  0.00  0.00  0.03  0.95  0.00  0.00  0.98  0.00
  G00568                  1.00   0.01  0.01  0.00  0.98  0.00  0.00  0.00  0.98  0.00
  G00569                  1.00   0.02  0.00  0.00  0.98  0.00  0.00  0.00  0.00  0.00
  G00570                  1.00   0.01  0.01  0.00  0.98  0.00  0.00  0.00  0.98  0.00
  G00571                  1.00   0.02  0.00  0.00  0.06  0.93  0.00  0.00  0.04  0.00
  G00572                  1.00   0.02  0.00  0.00  0.98  0.00  0.00  0.00  0.00  0.00
  G00573                  1.00   0.02  0.00  0.00  0.04  0.94  0.00  0.00  0.00  0.00
  G00574                  1.00   0.02  0.00  0.00  0.98  0.00  0.00  0.00  0.93  0.00
  G00575                  1.00   0.01  0.00  0.00  0.01  0.98  0.00  0.00  0.95  0.00
  G00576                  1.00   0.01  0.00  0.00  0.99  0.00  0.00  0.00  0.00  0.00
  G00577                  1.00   0.02  0.00  0.00  0.98  0.00  0.00  0.00  0.98  0.00
  G00578                  1.00   0.01  0.00  0.00  0.95  0.04  0.00  0.00  0.91  0.00
  G00579                  1.00   0.02  0.03  0.00  0.95  0.00  0.00  0.00  0.98  0.00
  G00580                  1.00   0.02  0.13  0.00  0.85  0.00  0.00  0.00  0.98  0.00
  G00581                  1.00   0.01  0.00  0.00  0.94  0.05  0.00  0.00  0.98  0.00
  G00582                  1.00   0.01  0.01  0.00  0.22  0.76  0.00  0.00  0.98  0.00
  G00583                  1.00   0.02  0.00  0.00  0.98  0.00  0.00  0.00  0.52  0.00
  G00584                  1.00   0.02  0.00  0.00  0.02  0.96  0.00  0.00  0.98  0.00
  G00585                  1.00   0.02  0.00  0.00  0.02  0.97  0.00  0.00  0.98  0.00
  G00586                  1.00   0.02  0.00  0.00  0.98  0.00  0.00  0.00  0.17  0.00
  G00587                  1.00   0.01  0.00  0.00  0.99  0.00  0.00  0.00  0.00  0.00
  G00588                  1.00   0.02  0.00  0.00  0.07  0.92  0.00  0.00  0.07  0.00
  G00589                  1.00   0.02  0.00  0.00  0.47  0.51  0.00  0.00  0.98  0.00
  G00590                  1.00   0.01  0.01  0.00  0.98  0.00  0.00  0.00  0.12  0.00
  G00591                  1.00   0.02  0.00  0.00  0.98  0.00  0.00  0.00  0.16  0.00
  G00592                  1.00   0.02  0.00  0.00  0.98  0.00  0.00  0.00  0.22  0.00
  G00593                  1.00   0.02  0.00  0.00  0.98  0.00  0.00  0.00  0.16  0.00
  G00594                  1.00   0.02  0.00  0.00  0.98  0.00  0.00  0.00  0.00  0.00
  G00595                  1.00   0.02  0.00  0.00  0.85  0.13  0.00  0.00  0.61  0.00
  G00596                  1.00   0.02  0.00  0.00  0.98  0.00  0.00  0.00  0.18  0.00
  G00597                  1.00   0.01  0.01  0.00  0.98  0.00  0.00  0.00  0.91  0.00
  G00598                  1.00   0.02  0.00  0.00  0.98  0.00  0.00  0.00  0.41  0.00
  G00599                  1.00   0.02  0.00  0.00  0.98  0.00  0.00  0.00  0.98  0.00
  G00600                  1.00   0.02  0.00  0.00  0.98  0.00  0.00  0.00  0.98  0.00
  G00601                  1.00   0.02  0.00  0.00  0.98  0.00  0.00  0.00  0.65  0.00
  G00602                  1.00   0.02  0.00  0.00  0.79  0.19  0.00  0.00  0.66  0.00
  G00603                  1.00   0.02  0.00  0.00  0.98  0.00  0.00  0.00  0.98  0.00
  G00604                  1.00   0.02  0.00  0.00  0.98  0.00  0.00  0.00  0.49  0.00
  G00605                  1.00   0.02  0.00  0.00  0.56  0.42  0.00  0.00  0.98  0.00
  G00606                  1.00   0.02  0.01  0.00  0.97  0.00  0.00  0.00  0.98  0.00
  G00607                  1.00   0.01  0.01  0.00  0.45  0.53  0.00  0.00  0.98  0.00
  G00608                  1.00   0.01  0.00  0.00  0.99  0.00  0.00  0.00  0.59  0.00
  G00609                  1.00   0.02  0.00  0.00  0.97  0.02  0.00  0.00  0.98  0.00
  G00610                  1.00   0.02  0.00  0.00  0.98  0.00  0.00  0.00  0.00  0.00
  G00611                  1.00   0.02  0.00  0.00  0.98  0.00  0.00  0.00  0.07  0.00
  G00612                  1.00   0.02  0.00  0.00  0.97  0.02  0.00  0.00  0.98  0.00
  G00613                  1.00   0.02  0.00  0.00  0.02  0.96  0.00  0.00  0.00  0.00
  G00614                  1.00   0.02  0.00  0.00  0.98  0.00  0.00  0.00  0.98  0.00
  G00615                  1.00   0.02  0.03  0.00  0.95  0.00  0.00  0.00  0.98  0.00
  G00616                  1.00   0.02  0.00  0.00  0.98  0.00  0.00  0.00  0.17  0.00
  G00617                  1.00   0.02  0.00  0.00  0.98  0.00  0.00  0.00  0.98  0.00
  G00618                  1.00   0.02  0.00  0.00  0.98  0.01  0.00  0.00  0.85  0.00
  G00619                  1.00   0.02  0.00  0.00  0.96  0.03  0.00  0.00  0.98  0.00
  G00620                  1.00   0.02  0.00  0.00  0.98  0.00  0.00  0.00  0.98  0.00
  G00621                  1.00   0.01  0.01  0.00  0.98  0.00  0.00  0.00  0.98  0.00
  G00622                  1.00   0.02  0.00  0.00  0.98  0.00  0.00  0.00  0.98  0.00
  G00623                  1.00   0.02  0.00  0.00  0.98  0.00  0.00  0.00  0.40  0.00
  G00624                  1.00   0.01  0.00  0.00  0.99  0.00  0.00  0.00  0.00  0.00
  G00625                  1.00   0.01  0.00  0.00  0.99  0.00  0.00  0.00  0.00  0.00
  G00626                  1.00   0.02  0.22  0.00  0.76  0.00  0.00  0.00  0.98  0.00
  G00627                  1.00   0.02  0.00  0.00  0.46  0.53  0.00  0.00  0.00  0.00
  G00628                  1.00   0.02  0.00  0.00  0.59  0.40  0.00  0.00  0.93  0.00
  G00629                  1.00   0.02  0.00  0.00  0.98  0.00  0.00  0.00  0.02  0.00
  G00630                  1.00   0.02  0.00  0.00  0.98  0.00  0.00  0.00  0.00  0.00
  G00631                  1.00   0.02  0.00  0.00  0.98  0.00  0.00  0.00  0.98  0.00
  G00632                  1.00   0.02  0.00  0.00  0.98  0.00  0.00  0.00  0.98  0.00
  G00633                  1.00   0.02  0.00  0.00  0.98  0.00  0.00  0.00  0.00  0.00
  G00634                  1.00   0.02  0.00  0.00  0.98  0.00  0.00  0.00  0.29  0.00
  G00635                  1.00   0.02  0.00  0.00  0.98  0.00  0.00  0.00  0.12  0.00
  G00636                  1.00   0.02  0.00  0.00  0.98  0.00  0.00  0.00  0.28  0.00
  G00637                  1.00   0.02  0.00  0.00  0.98  0.00  0.00  0.00  0.98  0.00
  G00638                  1.00   0.02  0.00  0.00  0.98  0.00  0.00  0.00  0.28  0.00
  G00639                  1.00   0.02  0.00  0.00  0.00  0.98  0.00  0.00  0.98  0.00
  G00640                  1.00   0.01  0.01  0.00  0.68  0.30  0.00  0.00  0.98  0.00
  G00641                  1.00   0.01  0.00  0.00  0.02  0.97  0.00  0.00  0.00  0.00
  G00642                  1.00   0.02  0.00  0.00  0.98  0.00  0.00  0.00  0.98  0.00
  G00643                  1.00   0.02  0.08  0.00  0.90  0.00  0.00  0.00  0.98  0.00
  G00644                  1.00   0.02  0.00  0.00  0.98  0.00  0.00  0.00  0.89  0.00
  G00645                  1.00   0.02  0.00  0.00  0.98  0.00  0.00  0.00  0.13  0.00
  G00646                  1.00   0.02  0.00  0.00  0.98  0.00  0.00  0.00  0.00  0.00
  G00647                  1.00   0.02  0.00  0.00  0.98  0.00  0.00  0.00  0.59  0.00
  G00648                  1.00   0.02  0.00  0.00  0.98  0.00  0.00  0.00  0.00  0.00
  G00649                  1.00   0.02  0.00  0.00  0.98  0.00  0.00  0.00  0.15  0.00
  G00650                  1.00   0.02  0.00  0.00  0.98  0.00  0.00  0.00  0.01  0.00
  G00651                  1.00   0.02  0.00  0.00  0.98  0.00  0.00  0.00  0.06  0.00
  G00652                  1.00   0.02  0.00  0.00  0.98  0.00  0.00  0.00  0.20  0.00
  G00653                  1.00   0.02  0.00  0.00  0.98  0.00  0.00  0.00  0.14  0.00
  G00654                  1.00   0.02  0.00  0.00  0.98  0.00  0.00  0.00  0.17  0.00
  G00655                  1.00   0.02  0.00  0.00  0.98  0.00  0.00  0.00  0.23  0.00
  G00656                  1.00   0.01  0.00  0.00  0.99  0.00  0.00  0.00  0.96  0.00
  G00657                  1.00   0.02  0.00  0.00  0.98  0.00  0.00  0.00  0.12  0.00
  G00658                  1.00   0.02  0.00  0.00  0.98  0.00  0.00  0.00  0.00  0.00
  G00659                  1.00   0.02  0.00  0.00  0.98  0.00  0.00  0.00  0.54  0.00
  G00660                  1.00   0.02  0.00  0.00  0.98  0.00  0.00  0.00  0.00  0.00
  G00661                  1.00   0.02  0.00  0.00  0.98  0.00  0.00  0.00  0.58  0.00
  G00662                  1.00   0.02  0.00  0.00  0.98  0.00  0.00  0.00  0.98  0.00
  G00663                  1.00   0.02  0.00  0.00  0.98  0.00  0.00  0.00  0.13  0.00
  G00664                  1.00   0.01  0.00  0.00  0.99  0.00  0.00  0.00  0.85  0.00
  G00665                  1.00   0.02  0.37  0.00  0.61  0.00  0.00  0.00  0.98  0.00
  G00666                  1.00   0.02  0.00  0.00  0.03  0.96  0.00  0.00  0.10  0.00
  G00667                  1.00   0.02  0.00  0.00  0.98  0.00  0.00  0.00  0.98  0.00
  G00668                  1.00   0.02  0.00  0.00  0.98  0.00  0.00  0.00  0.88  0.00
  G00669                  1.00   0.02  0.04  0.00  0.80  0.14  0.00  0.00  0.98  0.00
  G00670                  1.00   0.02  0.00  0.00  0.46  0.52  0.00  0.00  0.80  0.00
  G00671                  1.00   0.02  0.00  0.00  0.97  0.02  0.00  0.00  0.98  0.00
  G00672                  1.00   0.02  0.00  0.00  0.58  0.40  0.00  0.00  0.70  0.00
  G00673                  1.00   0.02  0.00  0.00  0.91  0.07  0.00  0.00  0.97  0.00
  G00674                  1.00   0.02  0.00  0.00  0.98  0.00  0.00  0.00  0.00  0.00
  G00675                  1.00   0.02  0.00  0.00  0.98  0.00  0.00  0.00  0.08  0.00
  G00676                  1.00   0.02  0.00  0.00  0.27  0.72  0.00  0.00  0.95  0.00
  G00677                  1.00   0.02  0.00  0.00  0.96  0.02  0.00  0.00  0.98  0.00
  G00678                  1.00   0.02  0.00  0.00  0.98  0.00  0.00  0.00  0.58  0.00
  G00679                  1.00   0.02  0.00  0.00  0.98  0.00  0.00  0.00  0.98  0.00
  G00680                  1.00   0.02  0.00  0.00  0.04  0.95  0.00  0.00  0.00  0.00
  G00681                  1.00   0.01  0.09  0.00  0.90  0.00  0.00  0.00  0.98  0.00
  G00682                  1.00   0.02  0.02  0.00  0.67  0.29  0.00  0.00  0.98  0.00
  G00683                  1.00   0.02  0.00  0.00  0.98  0.00  0.00  0.00  0.98  0.00
  G00684                  1.00   0.02  0.00  0.00  0.98  0.00  0.00  0.00  0.62  0.00
  G00685                  1.00   0.01  0.01  0.00  0.98  0.00  0.00  0.00  0.14  0.00
  G00686                  1.00   0.02  0.00  0.00  0.98  0.00  0.00  0.00  0.98  0.00
  G00687                  1.00   0.02  0.00  0.00  0.98  0.00  0.00  0.00  0.49  0.00
  G00688                  1.00   0.02  0.01  0.00  0.63  0.35  0.00  0.00  0.98  0.00
  G00689                  1.00   0.02  0.00  0.00  0.98  0.00  0.00  0.00  0.35  0.00
  G00690                  1.00   0.02  0.00  0.00  0.63  0.35  0.00  0.00  0.00  0.00
  G00691                  1.00   0.02  0.00  0.00  0.98  0.00  0.00  0.00  0.73  0.00
  G00692                  1.00   0.02  0.00  0.00  0.98  0.00  0.00  0.00  0.09  0.00
  G00693                  1.00   0.01  0.01  0.00  0.13  0.85  0.00  0.00  0.95  0.00
  G00694                  1.00   0.01  0.00  0.00  0.80  0.19  0.00  0.00  0.98  0.00
  G00695                  1.00   0.02  0.00  0.00  0.98  0.00  0.00  0.00  0.98  0.00
  G00696                  1.00   0.02  0.00  0.00  0.98  0.00  0.00  0.00  0.00  0.00
  G00697                  1.00   0.01  0.01  0.00  0.98  0.00  0.00  0.00  0.14  0.00
  G00698                  1.00   0.02  0.00  0.00  0.98  0.00  0.00  0.00  0.73  0.00
  G00699                  1.00   0.02  0.10  0.00  0.88  0.01  0.00  0.00  0.98  0.00
  G00700                  1.00   0.02  0.00  0.00  0.98  0.00  0.00  0.00  0.24  0.00
  G00701                  1.00   0.02  0.00  0.00  0.98  0.00  0.00  0.00  0.06  0.00
  G00702                  1.00   0.02  0.00  0.00  0.98  0.00  0.00  0.00  0.14  0.00
  G00703                  1.00   0.02  0.05  0.00  0.94  0.00  0.00  0.00  0.98  0.00
  G00704                  1.00   0.02  0.00  0.00  0.98  0.00  0.00  0.00  0.74  0.00
  G00705                  1.00   0.02  0.00  0.00  0.98  0.00  0.00  0.00  0.91  0.00
  G00706                  1.00   0.01  0.00  0.00  0.99  0.00  0.00  0.00  0.62  0.00
  G00707                  1.00   0.02  0.00  0.00  0.98  0.00  0.00  0.00  0.91  0.00
  G00708                  1.00   0.02  0.00  0.00  0.06  0.93  0.00  0.00  0.10  0.00
  G00709                  1.00   0.02  0.00  0.00  0.98  0.00  0.00  0.00  0.98  0.00
  G00710                  1.00   0.02  0.00  0.00  0.98  0.00  0.00  0.00  0.01  0.00
  G00711                  1.00   0.02  0.00  0.00  0.98  0.00  0.00  0.00  0.84  0.00
  G00712                  1.00   0.02  0.00  0.00  0.98  0.00  0.00  0.00  0.00  0.00
  G00713                  1.00   0.02  0.00  0.00  0.98  0.00  0.00  0.00  0.98  0.00
  G00714                  1.00   0.02  0.02  0.00  0.88  0.08  0.00  0.00  0.73  0.00
  G00715                  1.00   0.01  0.00  0.00  0.99  0.00  0.00  0.00  0.92  0.00
  G00716                  1.00   0.01  0.01  0.00  0.98  0.00  0.00  0.00  0.52  0.00
  G00717                  1.00   0.02  0.00  0.00  0.98  0.00  0.00  0.00  0.96  0.00
  G00718                  1.00   0.02  0.00  0.00  0.98  0.00  0.00  0.00  0.98  0.00
  G00719                  1.00   0.02  0.00  0.00  0.98  0.00  0.00  0.00  0.93  0.00
  G00720                  1.00   0.02  0.00  0.00  0.98  0.00  0.00  0.00  0.00  0.00
  G00721                  1.00   0.02  0.00  0.00  0.98  0.00  0.00  0.00  0.98  0.00
  G00722                  1.00   0.02  0.00  0.00  0.82  0.17  0.00  0.00  0.58  0.00
  G00723                  1.00   0.01  0.01  0.00  0.98  0.00  0.00  0.00  0.98  0.00
  G00724                  1.00   0.02  0.00  0.00  0.98  0.00  0.00  0.00  0.98  0.00
  G00725                  1.00   0.02  0.00  0.00  0.98  0.00  0.00  0.00  0.98  0.00
  G00726                  1.00   0.02  0.00  0.00  0.98  0.00  0.00  0.00  0.00  0.00
  G00727                  1.00   0.02  0.00  0.00  0.98  0.00  0.00  0.00  0.98  0.00
  G00728                  1.00   0.02  0.00  0.00  0.98  0.00  0.00  0.00  0.06  0.00
  G00729                  1.00   0.02  0.00  0.00  0.96  0.02  0.00  0.00  0.92  0.00
  G00730                  1.00   0.02  0.00  0.00  0.98  0.00  0.00  0.00  0.98  0.00
  G00731                  1.00   0.02  0.00  0.00  0.98  0.00  0.00  0.00  0.00  0.00
  G00732                  1.00   0.02  0.00  0.00  0.98  0.00  0.00  0.00  0.09  0.00
  G00733                  1.00   0.02  0.00  0.00  0.98  0.00  0.00  0.00  0.98  0.00
  G00734                  1.00   0.02  0.00  0.00  0.98  0.00  0.00  0.00  0.98  0.00
  G00735                  1.00   0.02  0.00  0.00  0.43  0.56  0.00  0.00  0.98  0.00
  G00736                  1.00   0.02  0.00  0.00  0.98  0.00  0.00  0.00  0.93  0.00
  G00737                  1.00   0.02  0.04  0.00  0.94  0.00  0.00  0.00  0.98  0.00
  G00738                  1.00   0.02  0.14  0.00  0.84  0.00  0.00  0.00  0.98  0.00
  G00739                  1.00   0.02  0.00  0.00  0.98  0.00  0.00  0.00  0.00  0.00
  G00740                  1.00   0.02  0.00  0.00  0.95  0.04  0.00  0.00  0.77  0.00
  G00741                  1.00   0.02  0.00  0.00  0.16  0.83  0.00  0.00  0.00  0.00
  G00742                  1.00   0.02  0.00  0.00  0.98  0.00  0.00  0.00  0.57  0.00
  G00743                  1.00   0.02  0.00  0.00  0.98  0.00  0.00  0.00  0.78  0.00
  G00744                  1.00   0.02  0.00  0.00  0.98  0.00  0.00  0.00  0.79  0.00
  G00745                  1.00   0.02  0.00  0.00  0.98  0.00  0.00  0.00  0.08  0.00
  G00746                  1.00   0.02  0.00  0.00  0.98  0.00  0.00  0.00  0.98  0.00
  G00747                  1.00   0.02  0.00  0.00  0.98  0.00  0.00  0.00  0.98  0.00
  G00748                  1.00   0.02  0.00  0.00  0.98  0.00  0.00  0.00  0.76  0.00
  G00749                  1.00   0.02  0.00  0.00  0.98  0.00  0.00  0.00  0.84  0.00
  G00750                  1.00   0.02  0.00  0.00  0.98  0.00  0.00  0.00  0.36  0.00
  G00751                  1.00   0.02  0.00  0.00  0.98  0.00  0.00  0.00  0.15  0.00
  G00752                  1.00   0.02  0.00  0.00  0.98  0.00  0.00  0.00  0.09  0.00
  G00753                  1.00   0.02  0.00  0.00  0.98  0.00  0.00  0.00  0.00  0.00
  G00754                  1.00   0.02  0.00  0.00  0.98  0.00  0.00  0.00  0.98  0.00
  G00755                  1.00   0.02  0.00  0.00  0.85  0.14  0.00  0.00  0.92  0.00
  G00756                  1.00   0.02  0.00  0.00  0.98  0.00  0.00  0.00  0.98  0.00
  G00757                  1.00   0.02  0.00  0.00  0.98  0.00  0.00  0.00  0.74  0.00
  G00758                  1.00   0.02  0.00  0.00  0.76  0.22  0.00  0.00  0.98  0.00
  G00759                  1.00   0.02  0.00  0.00  0.04  0.94  0.00  0.00  0.94  0.00
  G00760                  1.00   0.02  0.00  0.00  0.98  0.00  0.00  0.00  0.98  0.00
  G00761                  1.00   0.02  0.00  0.00  0.98  0.00  0.00  0.00  0.00  0.00
  G00762                  1.00   0.02  0.00  0.00  0.98  0.00  0.00  0.00  0.98  0.00
  G00763                  1.00   0.02  0.00  0.00  0.98  0.00  0.00  0.00  0.00  0.00
  G00764                  1.00   0.02  0.00  0.00  0.95  0.03  0.00  0.00  0.98  0.00
  G00765                  1.00   0.02  0.00  0.00  0.04  0.95  0.00  0.00  0.98  0.00
  G00766                  1.00   0.02  0.00  0.00  0.51  0.48  0.00  0.00  0.48  0.00
  G00767                  1.00   0.02  0.00  0.00  0.50  0.48  0.00  0.00  0.64  0.00
  G00768                  1.00   0.02  0.00  0.00  0.73  0.25  0.00  0.00  0.98  0.00
  G00769                  1.00   0.02  0.00  0.00  0.98  0.00  0.00  0.00  0.90  0.00
  G00770                  1.00   0.02  0.00  0.00  0.12  0.86  0.00  0.00  0.19  0.00
  G00771                  1.00   0.02  0.00  0.00  0.98  0.00  0.00  0.00  0.69  0.00
  G00772                  1.00   0.02  0.00  0.00  0.98  0.00  0.00  0.00  0.51  0.00
  G00773                  1.00   0.01  0.01  0.00  0.98  0.00  0.00  0.00  0.98  0.00
  G00774                  1.00   0.02  0.00  0.00  0.98  0.00  0.00  0.00  0.98  0.00
  G00775                  1.00   0.02  0.00  0.00  0.98  0.00  0.00  0.00  0.46  0.00
  G00776                  1.00   0.02  0.00  0.00  0.98  0.00  0.00  0.00  0.98  0.00
  G00777                  1.00   0.02  0.10  0.00  0.61  0.28  0.00  0.00  0.98  0.00
  G00778                  1.00   0.01  0.00  0.00  0.02  0.97  0.00  0.00  0.00  0.00
  G00779                  1.00   0.02  0.00  0.00  0.98  0.00  0.00  0.00  0.04  0.00
  G00780                  1.00   0.02  0.00  0.00  0.98  0.00  0.00  0.00  0.58  0.00
  G00781                  1.00   0.02  0.00  0.00  0.98  0.00  0.00  0.00  0.35  0.00
  G00782                  1.00   0.02  0.00  0.00  0.98  0.00  0.00  0.00  0.26  0.00
  G00783                  1.00   0.02  0.00  0.00  0.98  0.00  0.00  0.00  0.00  0.00
  G00784                  1.00   0.02  0.00  0.00  0.98  0.00  0.00  0.00  0.98  0.00
  G00785                  1.00   0.02  0.00  0.00  0.98  0.00  0.00  0.00  0.47  0.00
  G00786                  1.00   0.02  0.00  0.00  0.97  0.02  0.00  0.00  0.98  0.00
  G00787                  1.00   0.02  0.00  0.00  0.98  0.00  0.00  0.00  0.98  0.00
  G00788                  1.00   0.02  0.03  0.00  0.95  0.00  0.00  0.00  0.53  0.00
  G00789                  1.00   0.02  0.00  0.00  0.98  0.00  0.00  0.00  0.98  0.00
  G00790                  1.00   0.02  0.00  0.00  0.57  0.42  0.00  0.00  0.98  0.00
  G00791                  1.00   0.02  0.00  0.00  0.98  0.00  0.00  0.00  0.01  0.00
  G00792                  1.00   0.02  0.00  0.00  0.98  0.00  0.00  0.00  0.98  0.00
  G00793                  1.00   0.02  0.00  0.00  0.98  0.00  0.00  0.00  0.13  0.00
  G00794                  1.00   0.01  0.00  0.00  0.77  0.22  0.00  0.00  0.00  0.00
  G00795                  1.00   0.02  0.04  0.00  0.94  0.00  0.00  0.00  0.98  0.00
  G00796                  1.00   0.02  0.02  0.00  0.97  0.00  0.00  0.00  0.98  0.00
  G00797                  1.00   0.02  0.15  0.00  0.83  0.00  0.00  0.00  0.98  0.00
  G00798                  1.00   0.02  0.00  0.00  0.98  0.01  0.00  0.00  0.98  0.00
  G00799                  1.00   0.02  0.00  0.00  0.98  0.00  0.00  0.00  0.37  0.00
  G00800                  1.00   0.02  0.00  0.00  0.98  0.00  0.00  0.00  0.24  0.00
  G00801                  1.00   0.02  0.00  0.00  0.98  0.00  0.00  0.00  0.25  0.00
  G00802                  1.00   0.02  0.00  0.00  0.98  0.00  0.00  0.00  0.16  0.00
  G00803                  1.00   0.02  0.00  0.00  0.98  0.00  0.00  0.00  0.07  0.00
  G00804                  1.00   0.02  0.00  0.00  0.97  0.01  0.00  0.00  0.98  0.00
  G00805                  1.00   0.02  0.00  0.00  0.98  0.00  0.00  0.00  0.15  0.00
  G00806                  1.00   0.02  0.00  0.00  0.98  0.00  0.00  0.00  0.00  0.00
  G00807                  1.00   0.02  0.00  0.00  0.98  0.00  0.00  0.00  0.98  0.00
  G00808                  1.00   0.01  0.00  0.00  0.99  0.00  0.00  0.00  0.94  0.00
  G00809                  1.00   0.02  0.00  0.00  0.98  0.00  0.00  0.00  0.00  0.00
  G00810                  1.00   0.02  0.00  0.00  0.98  0.00  0.00  0.00  0.15  0.00
  G00811                  1.00   0.02  0.00  0.00  0.98  0.00  0.00  0.00  0.00  0.00
  G00812                  1.00   0.02  0.00  0.00  0.98  0.00  0.00  0.00  0.95  0.00
  G00813                  1.00   0.02  0.00  0.00  0.98  0.00  0.00  0.00  0.00  0.00
  G00814                  1.00   0.02  0.02  0.00  0.97  0.00  0.00  0.00  0.98  0.00
  G00815                  1.00   0.02  0.00  0.00  0.98  0.00  0.00  0.00  0.98  0.00
  G00816                  1.00   0.02  0.00  0.00  0.98  0.00  0.00  0.00  0.98  0.00
  G00817                  1.00   0.02  0.00  0.00  0.98  0.00  0.00  0.00  0.09  0.00
  G00818                  1.00   0.02  0.00  0.00  0.98  0.00  0.00  0.00  0.11  0.00
  G00819                  1.00   0.02  0.00  0.00  0.98  0.00  0.00  0.00  0.24  0.00
  G00820                  1.00   0.02  0.00  0.00  0.98  0.00  0.00  0.00  0.20  0.00
  G00821                  1.00   0.02  0.00  0.00  0.98  0.00  0.00  0.00  0.98  0.00
  G00822                  1.00   0.02  0.00  0.00  0.98  0.00  0.00  0.00  0.85  0.00
  G00823                  1.00   0.02  0.00  0.00  0.98  0.00  0.00  0.00  0.00  0.00
  G00824                  1.00   0.02  0.00  0.00  0.98  0.00  0.00  0.00  0.02  0.00
  G00825                  1.00   0.02  0.00  0.00  0.97  0.02  0.00  0.00  0.93  0.00
  G00826                  1.00   0.02  0.00  0.00  0.98  0.00  0.00  0.00  0.98  0.00
  G00827                  1.00   0.02  0.00  0.00  0.06  0.92  0.00  0.00  0.05  0.00
  G00828                  1.00   0.02  0.00  0.00  0.98  0.00  0.00  0.00  0.51  0.00
  G00829                  1.00   0.02  0.15  0.00  0.83  0.00  0.00  0.00  0.98  0.00
  G00830                  1.00   0.02  0.00  0.00  0.98  0.00  0.00  0.00  0.00  0.00
  G00831                  1.00   0.02  0.00  0.00  0.94  0.04  0.00  0.00  0.98  0.00
  G00832                  1.00   0.02  0.00  0.00  0.98  0.00  0.00  0.00  0.41  0.00
  G00833                  1.00   0.02  0.11  0.00  0.87  0.00  0.00  0.00  0.98  0.00
  G00834                  1.00   0.02  0.00  0.00  0.98  0.00  0.00  0.00  0.03  0.00
  G00835                  1.00   0.01  0.01  0.00  0.98  0.00  0.00  0.00  0.94  0.00
  G00836                  1.00   0.01  0.00  0.00  0.99  0.00  0.00  0.00  0.06  0.00
  G00837                  1.00   0.02  0.08  0.00  0.90  0.00  0.00  0.00  0.98  0.00
  G00838                  1.00   0.02  0.00  0.00  0.98  0.00  0.00  0.00  0.98  0.00
  G00839                  1.00   0.01  0.01  0.00  0.98  0.00  0.00  0.00  0.98  0.00
  G00840                  1.00   0.01  0.00  0.00  0.99  0.00  0.00  0.00  0.01  0.00
  G00841                  1.00   0.01  0.01  0.00  0.98  0.00  0.00  0.00  0.98  0.00
  G00842                  1.00   0.02  0.05  0.00  0.93  0.00  0.00  0.00  0.98  0.00
  G00843                  1.00   0.02  0.00  0.00  0.98  0.00  0.00  0.00  0.98  0.00
  G00844                  1.00   0.02  0.00  0.00  0.98  0.00  0.00  0.00  0.98  0.00
  G00845                  1.00   0.02  0.00  0.00  0.98  0.00  0.00  0.00  0.00  0.00
  G00846                  1.00   0.02  0.00  0.00  0.98  0.00  0.00  0.00  0.14  0.00
  G00847                  1.00   0.02  0.00  0.00  0.84  0.14  0.00  0.00  0.98  0.00
  G00848                  1.00   0.02  0.00  0.00  0.02  0.96  0.00  0.00  0.96  0.00
  G00849                  1.00   0.02  0.00  0.00  0.98  0.00  0.00  0.00  0.98  0.00
  G00850                  1.00   0.02  0.07  0.00  0.91  0.00  0.00  0.00  0.98  0.00
  G00851                  1.00   0.02  0.00  0.00  0.08  0.91  0.00  0.00  0.98  0.00
  G00852                  1.00   0.01  0.00  0.00  0.77  0.22  0.00  0.00  0.88  0.00
  G00853                  1.00   0.02  0.00  0.00  0.98  0.00  0.00  0.00  0.81  0.00
  G00854                  1.00   0.02  0.00  0.00  0.98  0.00  0.00  0.00  0.57  0.00
  G00855                  1.00   0.02  0.00  0.00  0.98  0.00  0.00  0.00  0.98  0.00
  G00856                  1.00   0.01  0.01  0.00  0.91  0.07  0.00  0.00  0.98  0.00
  G00857                  1.00   0.02  0.00  0.00  0.98  0.00  0.00  0.00  0.00  0.00
  G00858                  1.00   0.02  0.00  0.00  0.98  0.00  0.00  0.00  0.98  0.00
  G00859                  1.00   0.02  0.00  0.00  0.37  0.61  0.00  0.00  0.79  0.00
  G00860                  1.00   0.02  0.03  0.00  0.96  0.00  0.00  0.00  0.98  0.00
  G00861                  1.00   0.02  0.00  0.00  0.98  0.00  0.00  0.00  0.98  0.00
  G00862                  1.00   0.02  0.00  0.00  0.98  0.00  0.00  0.00  0.98  0.00
  G00863                  1.00   0.02  0.00  0.00  0.98  0.00  0.00  0.00  0.98  0.00
  G00864                  1.00   0.02  0.00  0.00  0.98  0.00  0.00  0.00  0.70  0.00
  G00865                  1.00   0.02  0.00  0.00  0.98  0.00  0.00  0.00  0.03  0.00
  G00866                  1.00   0.02  0.00  0.00  0.52  0.47  0.00  0.00  0.87  0.00
  G00867                  1.00   0.02  0.01  0.00  0.98  0.00  0.00  0.00  0.98  0.00
  G00868                  1.00   0.02  0.00  0.00  0.79  0.19  0.00  0.00  0.64  0.00
  G00869                  1.00   0.02  0.00  0.00  0.98  0.00  0.00  0.00  0.21  0.00
  G00870                  1.00   0.01  0.00  0.00  0.99  0.00  0.00  0.00  0.02  0.00
  G00871                  1.00   0.02  0.00  0.00  0.98  0.00  0.00  0.00  0.00  0.00
  G00872                  1.00   0.02  0.00  0.00  0.98  0.00  0.00  0.00  0.19  0.00
  G00873                  1.00   0.01  0.01  0.00  0.98  0.00  0.00  0.00  0.36  0.00
  G00874                  1.00   0.02  0.00  0.00  0.98  0.00  0.00  0.00  0.60  0.00
  G00875                  1.00   0.02  0.00  0.00  0.38  0.61  0.00  0.00  0.00  0.00
  G00876                  1.00   0.02  0.00  0.00  0.89  0.09  0.00  0.00  0.92  0.00
  G00877                  1.00   0.02  0.00  0.00  0.50  0.48  0.00  0.00  0.98  0.00
  G00878                  1.00   0.02  0.00  0.00  0.03  0.95  0.00  0.00  0.85  0.00
  G00879                  1.00   0.02  0.00  0.00  0.98  0.00  0.00  0.00  0.62  0.00
  G00880                  1.00   0.02  0.00  0.00  0.98  0.00  0.00  0.00  0.98  0.00
  G00881                  1.00   0.02  0.00  0.00  0.76  0.23  0.00  0.00  0.75  0.00
  G00882                  1.00   0.02  0.05  0.00  0.82  0.11  0.00  0.00  0.98  0.00
  G00883                  1.00   0.02  0.00  0.00  0.98  0.00  0.00  0.00  0.98  0.00
  G00884                  1.00   0.02  0.00  0.00  0.98  0.00  0.00  0.00  0.98  0.00
  G00885                  1.00   0.02  0.00  0.00  0.98  0.00  0.00  0.00  0.53  0.00
  G00886                  1.00   0.02  0.00  0.00  0.98  0.00  0.00  0.00  0.00  0.00
  G00887                  1.00   0.02  0.00  0.00  0.98  0.00  0.00  0.00  0.08  0.00
  G00888                  1.00   0.02  0.00  0.00  0.98  0.00  0.00  0.00  0.18  0.00
  G00889                  1.00   0.02  0.00  0.00  0.98  0.00  0.00  0.00  0.00  0.00
  G00890                  1.00   0.02  0.00  0.00  0.98  0.00  0.00  0.00  0.00  0.00
  G00891                  1.00   0.01  0.10  0.00  0.89  0.00  0.00  0.00  0.98  0.00
  G00892                  1.00   0.02  0.00  0.00  0.98  0.00  0.00  0.00  0.48  0.00
  G00893                  1.00   0.02  0.00  0.00  0.98  0.00  0.00  0.00  0.09  0.00
  G00894                  1.00   0.01  0.28  0.00  0.71  0.00  0.00  0.00  0.98  0.00
  G00895                  1.00   0.02  0.04  0.00  0.94  0.00  0.00  0.00  0.98  0.00
  G00896                  1.00   0.02  0.00  0.00  0.98  0.00  0.00  0.00  0.91  0.00
  G00897                  1.00   0.02  0.00  0.00  0.98  0.00  0.00  0.00  0.98  0.00
  G00898                  1.00   0.01  0.01  0.00  0.98  0.00  0.00  0.00  0.66  0.00
  G00899                  1.00   0.02  0.00  0.00  0.98  0.00  0.00  0.00  0.96  0.00
  G00900                  1.00   0.02  0.00  0.00  0.98  0.00  0.00  0.00  0.71  0.00
  G00901                  1.00   0.02  0.00  0.00  0.98  0.00  0.00  0.00  0.00  0.00
  G00902                  1.00   0.02  0.00  0.00  0.98  0.00  0.00  0.00  0.00  0.00
  G00903                  1.00   0.01  0.01  0.00  0.98  0.00  0.00  0.00  0.98  0.00
  G00904                  1.00   0.02  0.00  0.00  0.98  0.00  0.00  0.00  0.98  0.00
  G00905                  1.00   0.02  0.10  0.00  0.88  0.00  0.00  0.00  0.98  0.00
  G00906                  1.00   0.02  0.00  0.00  0.98  0.00  0.00  0.00  0.98  0.00
  G00907                  1.00   0.02  0.00  0.00  0.98  0.00  0.00  0.00  0.98  0.00
  G00908                  1.00   0.02  0.00  0.00  0.98  0.00  0.00  0.00  0.98  0.00
  G00909                  1.00   0.02  0.00  0.00  0.98  0.00  0.00  0.00  0.00  0.00
  G00910                  1.00   0.02  0.00  0.00  0.40  0.58  0.00  0.00  0.98  0.00
  G00911                  1.00   0.02  0.09  0.00  0.89  0.00  0.00  0.00  0.98  0.00
  G00912                  1.00   0.02  0.01  0.00  0.98  0.00  0.00  0.00  0.98  0.00
  G00913                  1.00   0.02  0.00  0.00  0.01  0.98  0.00  0.00  0.98  0.00
  G00914                  1.00   0.02  0.00  0.00  0.00  0.98  0.00  0.00  0.00  0.00
  G00915                  1.00   0.02  0.00  0.00  0.81  0.17  0.00  0.00  0.98  0.00
  G00916                  1.00   0.02  0.00  0.00  0.87  0.12  0.00  0.00  0.98  0.00
  G00917                  1.00   0.02  0.00  0.00  0.98  0.00  0.00  0.00  0.09  0.00
  G00918                  1.00   0.02  0.00  0.00  0.98  0.00  0.00  0.00  0.12  0.00
  G00919                  1.00   0.02  0.00  0.00  0.56  0.42  0.00  0.00  0.00  0.00
  G00920                  1.00   0.02  0.00  0.00  0.98  0.00  0.00  0.00  0.17  0.00
  G00921                  1.00   0.02  0.00  0.00  0.98  0.00  0.00  0.00  0.98  0.00
  G00922                  1.00   0.02  0.00  0.00  0.98  0.00  0.00  0.00  0.68  0.00
  G00923                  1.00   0.01  0.00  0.00  0.99  0.00  0.00  0.00  0.00  0.00
  G00924                  1.00   0.01  0.01  0.00  0.98  0.00  0.00  0.00  0.98  0.00
  G00925                  1.00   0.02  0.00  0.00  0.98  0.00  0.00  0.00  0.98  0.00
  G00926                  1.00   0.02  0.00  0.00  0.98  0.00  0.00  0.00  0.26  0.00
  G00927                  1.00   0.02  0.00  0.00  0.98  0.00  0.00  0.00  0.98  0.00
  G00928                  1.00   0.02  0.12  0.00  0.86  0.00  0.00  0.00  0.98  0.00
  G00929                  1.00   0.02  0.00  0.00  0.98  0.00  0.00  0.00  0.98  0.00
  G00930                  1.00   0.02  0.00  0.00  0.61  0.37  0.00  0.00  0.00  0.00
  G00931                  1.00   0.02  0.00  0.00  0.98  0.00  0.00  0.00  0.00  0.00
  G00932                  1.00   0.02  0.00  0.00  0.34  0.64  0.00  0.00  0.91  0.00
  G00933                  1.00   0.02  0.00  0.00  0.98  0.00  0.00  0.00  0.01  0.00
  G00934                  1.00   0.02  0.00  0.00  0.98  0.00  0.00  0.00  0.16  0.00
  G00935                  1.00   0.02  0.00  0.00  0.98  0.00  0.00  0.00  0.10  0.00
  G00936                  1.00   0.01  0.00  0.00  0.99  0.00  0.00  0.00  0.06  0.00
  G00937                  1.00   0.02  0.00  0.00  0.98  0.00  0.00  0.00  0.23  0.00
  G00938                  1.00   0.02  0.00  0.00  0.98  0.00  0.00  0.00  0.14  0.00
  G00939                  1.00   0.02  0.00  0.00  0.98  0.00  0.00  0.00  0.16  0.00
  G00940                  1.00   0.02  0.00  0.00  0.98  0.00  0.00  0.00  0.00  0.00
  G00941                  1.00   0.02  0.00  0.00  0.98  0.00  0.00  0.00  0.98  0.00
  G00942                  1.00   0.01  0.01  0.00  0.98  0.00  0.00  0.00  0.98  0.00
  G00943                  1.00   0.02  0.00  0.00  0.01  0.97  0.00  0.00  0.02  0.00
  G00944                  1.00   0.01  0.30  0.00  0.70  0.00  0.00  0.00  0.98  0.00
  G00945                  1.00   0.02  0.00  0.00  0.98  0.00  0.00  0.00  0.13  0.00
  G00946                  1.00   0.02  0.03  0.00  0.95  0.00  0.00  0.00  0.98  0.00
  G00947                  1.00   0.02  0.00  0.00  0.98  0.00  0.00  0.00  0.23  0.00
  G00948                  1.00   0.02  0.00  0.00  0.92  0.06  0.00  0.00  0.96  0.00
  G00949                  1.00   0.02  0.11  0.00  0.87  0.00  0.00  0.00  0.98  0.00
  G00950                  1.00   0.02  0.00  0.00  0.98  0.00  0.00  0.00  0.00  0.00
  G00951                  1.00   0.02  0.00  0.00  0.98  0.00  0.00  0.00  0.73  0.00
  G00952                  1.00   0.02  0.00  0.00  0.98  0.00  0.00  0.00  0.98  0.00
  G00953                  1.00   0.02  0.00  0.00  0.98  0.00  0.00  0.00  0.98  0.00
  G00954                  1.00   0.01  0.00  0.00  0.99  0.00  0.00  0.00  0.45  0.00
  G00955                  1.00   0.02  0.00  0.00  0.98  0.00  0.00  0.00  0.00  0.00
  G00956                  1.00   0.02  0.00  0.00  0.98  0.00  0.00  0.00  0.98  0.00
  G00957                  1.00   0.02  0.00  0.00  0.02  0.96  0.00  0.00  0.56  0.00
  G00958                  1.00   0.02  0.00  0.00  0.98  0.00  0.00  0.00  0.07  0.00
  G00959                  1.00   0.01  0.01  0.00  0.67  0.31  0.00  0.00  0.98  0.00
  G00960                  1.00   0.02  0.12  0.00  0.86  0.00  0.00  0.00  0.98  0.00
  G00961                  1.00   0.02  0.00  0.00  0.73  0.26  0.00  0.00  0.05  0.00
  G00962                  1.00   0.01  0.00  0.00  0.99  0.00  0.00  0.00  0.00  0.00
  G00963                  1.00   0.01  0.01  0.00  0.98  0.00  0.00  0.00  0.98  0.00
  G00964                  1.00   0.02  0.00  0.00  0.98  0.00  0.00  0.00  0.98  0.00
  G00965                  1.00   0.02  0.00  0.00  0.98  0.00  0.00  0.00  0.94  0.00
  G00966                  1.00   0.02  0.00  0.00  0.98  0.00  0.00  0.00  0.13  0.00
  G00967                  1.00   0.02  0.00  0.00  0.98  0.00  0.00  0.00  0.13  0.00
  G00968                  1.00   0.02  0.00  0.00  0.98  0.00  0.00  0.00  0.98  0.00
  G00969                  1.00   0.02  0.00  0.00  0.98  0.00  0.00  0.00  0.59  0.00
  G00970                  1.00   0.02  0.00  0.00  0.98  0.00  0.00  0.00  0.68  0.00
  G00971                  1.00   0.01  0.06  0.00  0.93  0.00  0.00  0.00  0.98  0.00
  G00972                  1.00   0.02  0.00  0.00  0.49  0.50  0.00  0.00  0.10  0.00
  G00973                  1.00   0.02  0.00  0.00  0.98  0.00  0.00  0.00  0.98  0.00
  G00974                  1.00   0.02  0.00  0.00  0.55  0.43  0.00  0.00  0.98  0.00
  G00975                  1.00   0.02  0.00  0.00  0.98  0.00  0.00  0.00  0.03  0.00
  G00976                  1.00   0.02  0.00  0.00  0.98  0.00  0.00  0.00  0.98  0.00
  G00977                  1.00   0.02  0.01  0.00  0.97  0.00  0.00  0.00  0.98  0.00
  G00978                  1.00   0.02  0.00  0.00  0.03  0.96  0.00  0.00  0.98  0.00
  G00979                  1.00   0.01  0.01  0.00  0.54  0.44  0.00  0.00  0.98  0.00
  G00980                  1.00   0.01  0.00  0.00  0.83  0.16  0.00  0.00  0.98  0.00
  G00981                  1.00   0.01  0.01  0.00  0.98  0.00  0.00  0.00  0.98  0.00
  G00982                  1.00   0.01  0.00  0.00  0.99  0.00  0.00  0.00  0.33  0.00
  G00983                  1.00   0.02  0.00  0.00  0.98  0.00  0.00  0.00  0.98  0.00
  G00984                  1.00   0.02  0.08  0.00  0.90  0.00  0.00  0.00  0.98  0.00
  G00985                  1.00   0.02  0.00  0.00  0.77  0.21  0.00  0.00  0.25  0.00
  G00986                  1.00   0.02  0.19  0.00  0.80  0.00  0.00  0.00  0.98  0.00
  G00987                  1.00   0.02  0.00  0.00  0.03  0.95  0.00  0.00  0.00  0.00
  G00988                  1.00   0.02  0.00  0.00  0.02  0.96  0.00  0.00  0.94  0.00
  G00989                  1.00   0.02  0.00  0.00  0.98  0.00  0.00  0.00  0.98  0.00
  G00990                  1.00   0.02  0.00  0.00  0.98  0.00  0.00  0.00  0.00  0.00
  G00991                  1.00   0.02  0.00  0.00  0.98  0.00  0.00  0.00  0.98  0.00
  G00992                  1.00   0.01  0.01  0.00  0.13  0.85  0.00  0.00  0.98  0.00
  G00993                  1.00   0.02  0.00  0.00  0.45  0.54  0.00  0.00  0.00  0.00
  G00994                  1.00   0.02  0.00  0.00  0.85  0.14  0.00  0.00  0.98  0.00
  G00995                  1.00   0.02  0.00  0.00  0.98  0.00  0.00  0.00  0.36  0.00
  G00996                  1.00   0.02  0.00  0.00  0.98  0.00  0.00  0.00  0.98  0.00
  G00997                  1.00   0.02  0.01  0.00  0.95  0.02  0.00  0.00  0.96  0.00
  G00998                  1.00   0.02  0.00  0.00  0.98  0.00  0.00  0.00  0.95  0.00
  G00999                  1.00   0.02  0.00  0.00  0.98  0.00  0.00  0.00  0.98  0.00
  G01000                  1.00   0.02  0.00  0.00  0.98  0.00  0.00  0.00  0.00  0.00
  G01001                  1.00   0.02  0.00  0.00  0.98  0.00  0.00  0.00  0.00  0.00
  G01002                  1.00   0.02  0.00  0.00  0.98  0.00  0.00  0.00  0.98  0.00
  G01003                  1.00   0.02  0.00  0.00  0.98  0.00  0.00  0.00  0.06  0.00
  G01004                  1.00   0.02  0.00  0.00  0.98  0.00  0.00  0.00  0.98  0.00
  G01005                  1.00   0.02  0.34  0.00  0.64  0.00  0.00  0.00  0.98  0.00
  G01006                  1.00   0.02  0.00  0.00  0.98  0.00  0.00  0.00  0.48  0.00
  G01007                  1.00   0.02  0.00  0.00  0.98  0.00  0.00  0.00  0.98  0.00
  G01008                  1.00   0.02  0.09  0.00  0.89  0.00  0.00  0.00  0.98  0.00
  G01009                  1.00   0.02  0.04  0.00  0.95  0.00  0.00  0.00  0.98  0.00
  G01010                  1.00   0.02  0.00  0.00  0.98  0.00  0.00  0.00  0.98  0.00
  G01011                  1.00   0.02  0.08  0.00  0.90  0.00  0.00  0.00  0.98  0.00
  G01012                  1.00   0.01  0.00  0.00  0.99  0.00  0.00  0.00  0.00  0.00
  G01013                  1.00   0.03  0.06  0.00  0.90  0.01  0.00  0.00  0.96  0.00
  G01014                  1.00   0.02  0.00  0.00  0.98  0.00  0.00  0.00  0.98  0.00
  G01015                  1.00   0.02  0.00  0.00  0.98  0.00  0.00  0.00  0.00  0.00
  G01016                  1.00   0.02  0.00  0.00  0.98  0.00  0.00  0.00  0.00  0.00
  G01017                  1.00   0.02  0.00  0.00  0.98  0.00  0.00  0.00  0.98  0.00
  G01018                  1.00   0.02  0.00  0.00  0.91  0.07  0.00  0.00  0.98  0.00
  G01019                  1.00   0.02  0.00  0.00  0.98  0.00  0.00  0.00  0.98  0.00
  G01020                  1.00   0.02  0.00  0.00  0.98  0.00  0.00  0.00  0.53  0.00
  G01021                  1.00   0.02  0.00  0.00  0.98  0.00  0.00  0.00  0.98  0.00
  G01022                  1.00   0.02  0.00  0.00  0.98  0.00  0.00  0.00  0.15  0.00
  G01023                  1.00   0.02  0.00  0.00  0.98  0.00  0.00  0.00  0.16  0.00
  G01024                  1.00   0.02  0.00  0.00  0.98  0.00  0.00  0.00  0.15  0.00
  G01025                  1.00   0.02  0.00  0.00  0.98  0.00  0.00  0.00  0.19  0.00
  G01026                  1.00   0.02  0.00  0.00  0.98  0.00  0.00  0.00  0.09  0.00
  G01027                  1.00   0.01  0.00  0.00  0.99  0.00  0.00  0.00  0.00  0.00
  G01028                  1.00   0.02  0.00  0.00  0.98  0.00  0.00  0.00  0.95  0.00
  G01029                  1.00   0.02  0.00  0.00  0.98  0.00  0.00  0.00  0.00  0.00
  G01030                  1.00   0.02  0.00  0.00  0.98  0.00  0.00  0.00  0.95  0.00
  G01031                  1.00   0.02  0.00  0.00  0.98  0.00  0.00  0.00  0.15  0.00
  G01032                  1.00   0.02  0.00  0.00  0.98  0.00  0.00  0.00  0.00  0.00
  G01033                  1.00   0.02  0.00  0.00  0.44  0.55  0.00  0.00  0.25  0.00
  G01034                  1.00   0.02  0.00  0.00  0.98  0.00  0.00  0.00  0.09  0.00
  G01035                  1.00   0.02  0.00  0.00  0.98  0.00  0.00  0.00  0.16  0.00
  G01036                  1.00   0.02  0.00  0.00  0.98  0.00  0.00  0.00  0.13  0.00
  G01037                  1.00   0.02  0.10  0.00  0.89  0.00  0.00  0.00  0.98  0.00
  G01038                  1.00   0.02  0.00  0.00  0.98  0.00  0.00  0.00  0.12  0.00
  G01039                  1.00   0.02  0.00  0.00  0.98  0.00  0.00  0.00  0.51  0.00
  G01040                  1.00   0.02  0.00  0.00  0.98  0.00  0.00  0.00  0.05  0.00
  G01041                  1.00   0.02  0.00  0.00  0.98  0.00  0.00  0.00  0.00  0.00
  G01042                  1.00   0.02  0.01  0.00  0.97  0.00  0.00  0.00  0.98  0.00
  G01043                  1.00   0.02  0.04  0.00  0.92  0.02  0.00  0.00  0.95  0.00
  G01044                  1.00   0.02  0.00  0.00  0.98  0.00  0.00  0.00  0.25  0.00
  G01045                  1.00   0.02  0.00  0.00  0.98  0.00  0.00  0.00  0.98  0.00
  G01046                  1.00   0.02  0.00  0.00  0.98  0.00  0.00  0.00  0.91  0.00
  G01047                  1.00   0.02  0.00  0.00  0.98  0.00  0.00  0.00  0.14  0.00
  G01048                  1.00   0.02  0.00  0.00  0.98  0.00  0.00  0.00  0.15  0.00
  G01049                  1.00   0.02  0.00  0.00  0.97  0.01  0.00  0.00  0.98  0.00
  G01050                  1.00   0.02  0.00  0.00  0.98  0.00  0.00  0.00  0.11  0.00
  G01051                  1.00   0.02  0.00  0.00  0.98  0.00  0.00  0.00  0.18  0.00
  G01052                  1.00   0.01  0.01  0.00  0.98  0.00  0.00  0.00  0.13  0.00
  G01053                  1.00   0.01  0.00  0.00  0.99  0.00  0.00  0.00  0.00  0.00
  G01054                  1.00   0.02  0.00  0.00  0.98  0.00  0.00  0.00  0.05  0.00
  G01055                  1.00   0.02  0.00  0.00  0.98  0.00  0.00  0.00  0.98  0.00
  G01056                  1.00   0.02  0.03  0.00  0.95  0.00  0.00  0.00  0.98  0.00
  G01057                  1.00   0.01  0.00  0.00  0.99  0.00  0.00  0.00  0.32  0.00
  G01058                  1.00   0.01  0.00  0.00  0.99  0.00  0.00  0.00  0.70  0.00
  G01059                  1.00   0.02  0.00  0.00  0.98  0.00  0.00  0.00  0.13  0.00
  G01060                  1.00   0.01  0.01  0.00  0.98  0.00  0.00  0.00  0.98  0.00
  G01061                  1.00   0.01  0.01  0.00  0.98  0.00  0.00  0.00  0.98  0.00
  G01062                  1.00   0.02  0.00  0.00  0.98  0.00  0.00  0.00  0.46  0.00
  G01063                  1.00   0.02  0.03  0.00  0.96  0.00  0.00  0.00  0.98  0.00
  G01064                  1.00   0.02  0.00  0.00  0.93  0.05  0.00  0.00  0.98  0.00
  G01065                  1.00   0.02  0.00  0.00  0.98  0.00  0.00  0.00  0.97  0.00
  G01066                  1.00   0.01  0.10  0.00  0.88  0.01  0.00  0.00  0.98  0.00
  G01067                  1.00   0.01  0.00  0.00  0.99  0.00  0.00  0.00  0.98  0.00
  G01068                  1.00   0.02  0.00  0.00  0.90  0.08  0.00  0.00  0.98  0.00
  G01069                  1.00   0.02  0.00  0.00  0.98  0.00  0.00  0.00  0.98  0.00
  G01070                  1.00   0.02  0.00  0.00  0.98  0.00  0.00  0.00  0.98  0.00
  G01071                  1.00   0.02  0.13  0.00  0.85  0.00  0.00  0.00  0.98  0.00
  G01072                  1.00   0.02  0.00  0.00  0.98  0.00  0.00  0.00  0.05  0.00
  G01073                  1.00   0.02  0.00  0.00  0.98  0.00  0.00  0.00  0.98  0.00
  G01074                  1.00   0.02  0.00  0.00  0.98  0.00  0.00  0.00  0.98  0.00
  G01075                  1.00   0.02  0.00  0.00  0.98  0.00  0.00  0.00  0.98  0.00
  G01076                  1.00   0.02  0.09  0.00  0.89  0.00  0.00  0.00  0.98  0.00
  G01077                  1.00   0.02  0.00  0.00  0.98  0.00  0.00  0.00  0.07  0.00
  G01078                  1.00   0.02  0.00  0.00  0.98  0.00  0.00  0.00  0.61  0.00
  G01079                  1.00   0.02  0.00  0.00  0.98  0.00  0.00  0.00  0.98  0.00
  G01080                  1.00   0.02  0.00  0.00  0.98  0.00  0.00  0.00  0.01  0.00
  G01081                  1.00   0.02  0.00  0.00  0.98  0.00  0.00  0.00  0.15  0.00
  G01082                  1.00   0.02  0.00  0.00  0.98  0.00  0.00  0.00  0.98  0.00
  G01083                  1.00   0.02  0.07  0.00  0.89  0.02  0.00  0.00  0.92  0.00
  G01084                  1.00   0.02  0.29  0.00  0.70  0.00  0.00  0.00  0.98  0.00
  G01085                  1.00   0.02  0.00  0.00  0.98  0.00  0.00  0.00  0.98  0.00
  G01086                  1.00   0.01  0.00  0.00  0.99  0.00  0.00  0.00  0.13  0.00
  G01087                  1.00   0.02  0.00  0.00  0.98  0.00  0.00  0.00  0.67  0.00
  G01088                  1.00   0.02  0.00  0.00  0.86  0.12  0.00  0.00  0.85  0.00
  G01089                  1.00   0.02  0.18  0.00  0.80  0.00  0.00  0.00  0.98  0.00
  G01090                  1.00   0.02  0.00  0.00  0.98  0.00  0.00  0.00  0.09  0.00
  G01091                  1.00   0.02  0.00  0.00  0.98  0.00  0.00  0.00  0.51  0.00
  G01092                  1.00   0.02  0.13  0.00  0.86  0.00  0.00  0.00  0.98  0.00
  G01093                  1.00   0.02  0.00  0.00  0.98  0.00  0.00  0.00  0.82  0.00
  G01094                  1.00   0.02  0.00  0.00  0.98  0.00  0.00  0.00  0.98  0.00
  G01095                  1.00   0.02  0.00  0.00  0.09  0.89  0.00  0.00  0.98  0.00
  G01096                  1.00   0.02  0.00  0.00  0.98  0.00  0.00  0.00  0.98  0.00
  G01097                  1.00   0.02  0.00  0.00  0.98  0.00  0.00  0.00  0.13  0.00
  G01098                  1.00   0.02  0.00  0.00  0.98  0.00  0.00  0.00  0.98  0.00
  G01099                  1.00   0.02  0.00  0.00  0.98  0.00  0.00  0.00  0.00  0.00
  G01100                  1.00   0.02  0.00  0.00  0.98  0.00  0.00  0.00  0.15  0.00
  G01101                  1.00   0.02  0.00  0.00  0.98  0.00  0.00  0.00  0.07  0.00
  G01102                  1.00   0.02  0.00  0.00  0.98  0.00  0.00  0.00  0.98  0.00
  G01103                  1.00   0.02  0.00  0.00  0.98  0.00  0.00  0.00  0.56  0.00
  G01104                  1.00   0.02  0.00  0.00  0.98  0.00  0.00  0.00  0.05  0.00
  G01105                  1.00   0.02  0.00  0.00  0.98  0.00  0.00  0.00  0.18  0.00
  G01106                  1.00   0.02  0.00  0.00  0.98  0.00  0.00  0.00  0.10  0.00
  G01107                  1.00   0.02  0.00  0.00  0.98  0.00  0.00  0.00  0.18  0.00
  G01108                  1.00   0.02  0.00  0.00  0.98  0.00  0.00  0.00  0.30  0.00
  G01109                  1.00   0.02  0.00  0.00  0.98  0.00  0.00  0.00  0.98  0.00
  G01110                  1.00   0.02  0.00  0.00  0.98  0.00  0.00  0.00  0.98  0.00
  G01111                  1.00   0.02  0.00  0.00  0.78  0.21  0.00  0.00  0.50  0.00
  G01112                  1.00   0.02  0.00  0.00  0.98  0.00  0.00  0.00  0.00  0.00
  G01113                  1.00   0.02  0.00  0.00  0.98  0.00  0.00  0.00  0.07  0.00
  G01114                  1.00   0.01  0.00  0.00  0.97  0.02  0.00  0.00  0.96  0.00
  G01115                  1.00   0.02  0.00  0.00  0.98  0.00  0.00  0.00  0.56  0.00
  G01116                  1.00   0.02  0.00  0.00  0.95  0.03  0.00  0.00  0.98  0.00
  G01117                  1.00   0.02  0.05  0.00  0.93  0.00  0.00  0.00  0.98  0.00
  G01118                  1.00   0.02  0.00  0.00  0.98  0.00  0.00  0.00  0.98  0.00
  G01119                  1.00   0.02  0.00  0.00  0.98  0.00  0.00  0.00  0.98  0.00
  G01120                  1.00   0.02  0.00  0.00  0.98  0.00  0.00  0.00  0.08  0.00
  G01121                  1.00   0.02  0.00  0.00  0.98  0.00  0.00  0.00  0.15  0.00
  G01122                  1.00   0.01  0.00  0.00  0.99  0.00  0.00  0.00  0.48  0.00
  G01123                  1.00   0.02  0.00  0.00  0.98  0.00  0.00  0.00  0.00  0.00
  G01124                  1.00   0.02  0.00  0.00  0.98  0.00  0.00  0.00  0.98  0.00
  G01125                  1.00   0.02  0.00  0.00  0.98  0.00  0.00  0.00  0.98  0.00
  G01126                  1.00   0.02  0.07  0.00  0.92  0.00  0.00  0.00  0.98  0.00
  G01127                  1.00   0.02  0.00  0.00  0.98  0.00  0.00  0.00  0.98  0.00
  G01128                  1.00   0.02  0.00  0.00  0.02  0.96  0.00  0.00  0.00  0.00
  G01129                  1.00   0.02  0.00  0.00  0.98  0.00  0.00  0.00  0.16  0.00
  G01130                  1.00   0.02  0.00  0.00  0.98  0.00  0.00  0.00  0.98  0.00
  G01131                  1.00   0.02  0.00  0.00  0.68  0.30  0.00  0.00  0.00  0.00
  G01132                  1.00   0.01  0.01  0.00  0.98  0.00  0.00  0.00  0.98  0.00
  G01133                  1.00   0.01  0.00  0.00  0.99  0.00  0.00  0.00  0.00  0.00
  G01134                  1.00   0.01  0.00  0.00  0.89  0.10  0.00  0.00  0.93  0.00
  G01135                  1.00   0.02  0.05  0.00  0.93  0.00  0.00  0.00  0.98  0.00
  G01136                  1.00   0.02  0.00  0.00  0.98  0.00  0.00  0.00  0.74  0.00
  G01137                  1.00   0.02  0.00  0.00  0.98  0.00  0.00  0.00  0.98  0.00
  G01138                  1.00   0.02  0.00  0.00  0.69  0.29  0.00  0.00  0.15  0.00
  G01139                  1.00   0.02  0.00  0.00  0.98  0.00  0.00  0.00  0.92  0.00
  G01140                  1.00   0.02  0.00  0.00  0.04  0.94  0.00  0.00  0.01  0.00
  G01141                  1.00   0.02  0.07  0.00  0.92  0.00  0.00  0.00  0.98  0.00
  G01142                  1.00   0.02  0.00  0.00  0.98  0.00  0.00  0.00  0.93  0.00
  G01143                  1.00   0.02  0.00  0.00  0.98  0.00  0.00  0.00  0.94  0.00
  G01144                  1.00   0.02  0.00  0.00  0.98  0.00  0.00  0.00  0.98  0.00
  G01145                  1.00   0.02  0.00  0.00  0.98  0.00  0.00  0.00  0.98  0.00
  G01146                  1.00   0.02  0.00  0.00  0.98  0.00  0.00  0.00  0.04  0.00
  G01147                  1.00   0.02  0.00  0.00  0.98  0.00  0.00  0.00  0.64  0.00
  G01148                  1.00   0.01  0.00  0.00  0.99  0.00  0.00  0.00  0.00  0.00
  G01149                  1.00   0.02  0.00  0.00  0.98  0.00  0.00  0.00  0.04  0.00
  G01150                  1.00   0.02  0.00  0.00  0.98  0.00  0.00  0.00  0.00  0.00
  G01151                  1.00   0.02  0.00  0.00  0.98  0.00  0.00  0.00  0.98  0.00
  G01152                  1.00   0.02  0.00  0.00  0.98  0.00  0.00  0.00  0.98  0.00
  G01153                  1.00   0.02  0.00  0.00  0.98  0.00  0.00  0.00  0.16  0.00
  G01154                  1.00   0.02  0.02  0.00  0.96  0.00  0.00  0.00  0.98  0.00
  G01155                  1.00   0.02  0.00  0.00  0.96  0.03  0.00  0.00  0.97  0.00
  G01156                  1.00   0.02  0.00  0.00  0.98  0.00  0.00  0.00  0.15  0.00
  G01157                  1.00   0.02  0.00  0.00  0.98  0.00  0.00  0.00  0.55  0.00
  G01158                  1.00   0.02  0.00  0.00  0.98  0.00  0.00  0.00  0.95  0.00
  G01159                  1.00   0.02  0.00  0.00  0.98  0.00  0.00  0.00  0.00  0.00
  G01160                  1.00   0.02  0.00  0.00  0.98  0.00  0.00  0.00  0.83  0.00
  G01161                  1.00   0.02  0.00  0.00  0.98  0.00  0.00  0.00  0.98  0.00
  G01162                  1.00   0.02  0.00  0.00  0.98  0.00  0.00  0.00  0.98  0.00
  G01163                  1.00   0.02  0.00  0.00  0.98  0.00  0.00  0.00  0.98  0.00
  G01164                  1.00   0.02  0.00  0.00  0.98  0.00  0.00  0.00  0.15  0.00
  G01165                  1.00   0.01  0.00  0.00  0.99  0.00  0.00  0.00  0.01  0.00
  G01166                  1.00   0.02  0.00  0.00  0.98  0.00  0.00  0.00  0.13  0.00
  G01167                  1.00   0.02  0.00  0.00  0.98  0.00  0.00  0.00  0.80  0.00
  G01168                  1.00   0.02  0.12  0.00  0.86  0.00  0.00  0.00  0.98  0.00
  G01169                  1.00   0.01  0.00  0.00  0.98  0.00  0.00  0.00  0.10  0.00
  G01170                  1.00   0.02  0.00  0.00  0.98  0.00  0.00  0.00  0.15  0.00
  G01171                  1.00   0.02  0.00  0.00  0.98  0.00  0.00  0.00  0.11  0.00
  G01172                  1.00   0.02  0.00  0.00  0.98  0.00  0.00  0.00  0.15  0.00
  G01173                  1.00   0.01  0.01  0.00  0.98  0.00  0.00  0.00  0.98  0.00
  G01174                  1.00   0.02  0.00  0.00  0.98  0.00  0.00  0.00  0.00  0.00
  G01175                  1.00   0.02  0.12  0.00  0.86  0.00  0.00  0.00  0.98  0.00
  G01176                  1.00   0.02  0.00  0.00  0.98  0.00  0.00  0.00  0.15  0.00
  G01177                  1.00   0.02  0.00  0.00  0.98  0.00  0.00  0.00  0.98  0.00
  G01178                  1.00   0.02  0.00  0.00  0.03  0.95  0.00  0.00  0.00  0.00
  G01179                  1.00   0.02  0.00  0.00  0.98  0.00  0.00  0.00  0.14  0.00
  G01180                  1.00   0.02  0.00  0.00  0.98  0.00  0.00  0.00  0.73  0.00
  G01181                  1.00   0.02  0.00  0.00  0.98  0.00  0.00  0.00  0.19  0.00
  G01182                  1.00   0.02  0.00  0.00  0.98  0.00  0.00  0.00  0.95  0.00
  G01183                  1.00   0.02  0.00  0.00  0.98  0.00  0.00  0.00  0.97  0.00
  G01184                  1.00   0.02  0.00  0.00  0.98  0.00  0.00  0.00  0.16  0.00
  G01185                  1.00   0.01  0.01  0.00  0.98  0.00  0.00  0.00  0.50  0.00
  G01186                  1.00   0.02  0.00  0.00  0.98  0.00  0.00  0.00  0.05  0.00
  G01187                  1.00   0.02  0.00  0.00  0.98  0.00  0.00  0.00  0.00  0.00
  G01188                  1.00   0.02  0.00  0.00  0.98  0.00  0.00  0.00  0.85  0.00
  G01189                  1.00   0.02  0.00  0.00  0.98  0.00  0.00  0.00  0.13  0.00
  G01190                  1.00   0.01  0.01  0.00  0.98  0.00  0.00  0.00  0.19  0.00
  G01191                  1.00   0.02  0.00  0.00  0.98  0.00  0.00  0.00  0.65  0.00
  G01192                  1.00   0.02  0.00  0.00  0.90  0.09  0.00  0.00  0.98  0.00
  G01193                  1.00   0.02  0.00  0.00  0.98  0.00  0.00  0.00  0.17  0.00
  G01194                  1.00   0.02  0.00  0.00  0.98  0.00  0.00  0.00  0.96  0.00
  G01195                  1.00   0.02  0.00  0.00  0.98  0.00  0.00  0.00  0.17  0.00
  G01196                  1.00   0.02  0.00  0.00  0.98  0.00  0.00  0.00  0.18  0.00
  G01197                  1.00   0.02  0.00  0.00  0.98  0.00  0.00  0.00  0.26  0.00
  G01198                  1.00   0.02  0.00  0.00  0.98  0.00  0.00  0.00  0.26  0.00
  G01199                  1.00   0.02  0.00  0.00  0.98  0.00  0.00  0.00  0.51  0.00
  G01200                  1.00   0.02  0.00  0.00  0.98  0.00  0.00  0.00  0.00  0.00
  G01201                  1.00   0.02  0.00  0.00  0.98  0.00  0.00  0.00  0.09  0.00
  G01202                  1.00   0.02  0.00  0.00  0.98  0.00  0.00  0.00  0.85  0.00
  G01203                  1.00   0.02  0.00  0.00  0.98  0.00  0.00  0.00  0.98  0.00
  G01204                  1.00   0.02  0.20  0.00  0.78  0.00  0.00  0.00  0.98  0.00
  G01205                  1.00   0.02  0.00  0.00  0.98  0.00  0.00  0.00  0.93  0.00
  G01206                  1.00   0.02  0.00  0.00  0.98  0.00  0.00  0.00  0.94  0.00
  G01207                  1.00   0.02  0.00  0.00  0.98  0.00  0.00  0.00  0.20  0.00
  G01208                  1.00   0.02  0.00  0.00  0.98  0.00  0.00  0.00  0.98  0.00
  G01209                  1.00   0.02  0.00  0.00  0.98  0.00  0.00  0.00  0.00  0.00
  G01210                  1.00   0.01  0.01  0.00  0.98  0.00  0.00  0.00  0.27  0.00
  G01211                  1.00   0.01  0.00  0.00  0.99  0.00  0.00  0.00  0.04  0.00
  G01212                  1.00   0.02  0.00  0.00  0.98  0.00  0.00  0.00  0.88  0.00
  G01213                  1.00   0.02  0.00  0.00  0.98  0.00  0.00  0.00  0.98  0.00
  G01214                  1.00   0.02  0.00  0.00  0.98  0.00  0.00  0.00  0.00  0.00
  G01215                  1.00   0.02  0.00  0.00  0.98  0.00  0.00  0.00  0.14  0.00
  G01216                  1.00   0.02  0.00  0.00  0.98  0.00  0.00  0.00  0.95  0.00
  G01217                  1.00   0.02  0.01  0.00  0.97  0.00  0.00  0.00  0.98  0.00
  G01218                  1.00   0.01  0.01  0.00  0.98  0.00  0.00  0.00  0.17  0.00
  G01219                  1.00   0.02  0.00  0.00  0.98  0.00  0.00  0.00  0.14  0.00
  G01220                  1.00   0.02  0.00  0.00  0.98  0.00  0.00  0.00  0.35  0.00
  G01221                  1.00   0.01  0.01  0.00  0.98  0.00  0.00  0.00  0.09  0.00
  G01222                  1.00   0.02  0.00  0.00  0.98  0.00  0.00  0.00  0.25  0.00
  G01223                  1.00   0.02  0.00  0.00  0.98  0.00  0.00  0.00  0.02  0.00
  G01224                  1.00   0.02  0.00  0.00  0.98  0.00  0.00  0.00  0.12  0.00
  G01225                  1.00   0.01  0.01  0.00  0.98  0.00  0.00  0.00  0.69  0.00
  G01226                  1.00   0.02  0.00  0.00  0.98  0.00  0.00  0.00  0.15  0.00
  G01227                  1.00   0.01  0.00  0.00  0.99  0.00  0.00  0.00  0.12  0.00
  G01228                  1.00   0.02  0.00  0.00  0.98  0.00  0.00  0.00  0.11  0.00
  G01229                  1.00   0.02  0.00  0.00  0.98  0.00  0.00  0.00  0.13  0.00
  G01230                  1.00   0.02  0.00  0.00  0.98  0.00  0.00  0.00  0.98  0.00
  G01231                  1.00   0.01  0.01  0.00  0.98  0.00  0.00  0.00  0.98  0.00
  G01232                  1.00   0.02  0.00  0.00  0.98  0.00  0.00  0.00  0.01  0.00
  G01233                  1.00   0.02  0.00  0.00  0.98  0.00  0.00  0.00  0.95  0.00
  G01234                  1.00   0.02  0.05  0.00  0.93  0.00  0.00  0.00  0.98  0.00
  G01235                  1.00   0.02  0.09  0.00  0.89  0.00  0.00  0.00  0.98  0.00
  G01236                  1.00   0.02  0.00  0.00  0.98  0.00  0.00  0.00  0.98  0.00
  G01237                  1.00   0.02  0.00  0.00  0.98  0.00  0.00  0.00  0.47  0.00
  G01238                  1.00   0.02  0.00  0.00  0.98  0.00  0.00  0.00  0.98  0.00
  G01239                  1.00   0.02  0.00  0.00  0.98  0.00  0.00  0.00  0.16  0.00
  G01240                  1.00   0.02  0.00  0.00  0.98  0.00  0.00  0.00  0.10  0.00
  G01241                  1.00   0.02  0.00  0.00  0.98  0.00  0.00  0.00  0.13  0.00
  G01242                  1.00   0.02  0.00  0.00  0.98  0.00  0.00  0.00  0.58  0.00
  G01243                  1.00   0.02  0.00  0.00  0.98  0.00  0.00  0.00  0.10  0.00
  G01244                  1.00   0.02  0.00  0.00  0.98  0.00  0.00  0.00  0.61  0.00
  G01245                  1.00   0.02  0.00  0.00  0.98  0.00  0.00  0.00  0.07  0.00
  G01246                  1.00   0.02  0.00  0.00  0.98  0.00  0.00  0.00  0.69  0.00
  G01247                  1.00   0.02  0.00  0.00  0.98  0.00  0.00  0.00  0.04  0.00
  G01248                  1.00   0.01  0.00  0.00  0.98  0.01  0.00  0.00  0.95  0.00
  G01249                  1.00   0.02  0.11  0.00  0.88  0.00  0.00  0.00  0.98  0.00
  G01250                  1.00   0.01  0.00  0.00  0.95  0.04  0.00  0.00  0.00  0.00
  G01251                  1.00   0.02  0.00  0.00  0.98  0.00  0.00  0.00  0.98  0.00
  G01252                  1.00   0.02  0.00  0.00  0.98  0.00  0.00  0.00  0.13  0.00
  G01253                  1.00   0.02  0.00  0.00  0.98  0.00  0.00  0.00  0.52  0.00
  G01254                  1.00   0.02  0.00  0.00  0.98  0.00  0.00  0.00  0.45  0.00
  G01255                  1.00   0.02  0.00  0.00  0.98  0.00  0.00  0.00  0.18  0.00
  G01256                  1.00   0.01  0.01  0.00  0.98  0.00  0.00  0.00  0.98  0.00
  G01257                  1.00   0.01  0.00  0.00  0.99  0.00  0.00  0.00  0.11  0.00
  G01258                  1.00   0.02  0.00  0.00  0.98  0.00  0.00  0.00  0.93  0.00
  G01259                  1.00   0.02  0.00  0.00  0.98  0.00  0.00  0.00  0.61  0.00
  G01260                  1.00   0.01  0.00  0.00  0.99  0.00  0.00  0.00  0.98  0.00
  G01261                  1.00   0.01  0.01  0.00  0.98  0.00  0.00  0.00  0.57  0.00
  G01262                  1.00   0.02  0.00  0.00  0.98  0.00  0.00  0.00  0.71  0.00
  G01263                  1.00   0.02  0.00  0.00  0.98  0.00  0.00  0.00  0.03  0.00
  G01264                  1.00   0.02  0.00  0.00  0.98  0.00  0.00  0.00  0.98  0.00
  G01265                  1.00   0.02  0.00  0.00  0.98  0.00  0.00  0.00  0.12  0.00
  G01266                  1.00   0.02  0.00  0.00  0.98  0.00  0.00  0.00  0.00  0.00
  G01267                  1.00   0.02  0.00  0.00  0.98  0.00  0.00  0.00  0.13  0.00
  G01268                  1.00   0.02  0.00  0.00  0.98  0.00  0.00  0.00  0.09  0.00
  G01269                  1.00   0.02  0.00  0.00  0.98  0.00  0.00  0.00  0.16  0.00
  G01270                  1.00   0.02  0.00  0.00  0.98  0.00  0.00  0.00  0.98  0.00
  G01271                  1.00   0.02  0.00  0.00  0.98  0.00  0.00  0.00  0.58  0.00
  G01272                  1.00   0.01  0.00  0.00  0.99  0.00  0.00  0.00  0.00  0.00
  G01273                  1.00   0.02  0.00  0.00  0.98  0.00  0.00  0.00  0.54  0.00
  G01274                  1.00   0.02  0.00  0.00  0.98  0.00  0.00  0.00  0.49  0.00
  G01275                  1.00   0.02  0.00  0.00  0.98  0.00  0.00  0.00  0.11  0.00
  G01276                  1.00   0.02  0.00  0.00  0.98  0.00  0.00  0.00  0.72  0.00
  G01277                  1.00   0.02  0.00  0.00  0.98  0.00  0.00  0.00  0.08  0.00
  G01278                  1.00   0.02  0.00  0.00  0.98  0.00  0.00  0.00  0.09  0.00
  G01279                  1.00   0.02  0.00  0.00  0.98  0.00  0.00  0.00  0.54  0.00
  G01280                  1.00   0.02  0.00  0.00  0.98  0.00  0.00  0.00  0.12  0.00
  G01281                  1.00   0.02  0.00  0.00  0.98  0.00  0.00  0.00  0.24  0.00
  G01282                  1.00   0.02  0.00  0.00  0.98  0.00  0.00  0.00  0.98  0.00
  G01283                  1.00   0.02  0.00  0.00  0.98  0.00  0.00  0.00  0.16  0.00
  G01284                  1.00   0.02  0.00  0.00  0.98  0.00  0.00  0.00  0.19  0.00
  G01285                  1.00   0.02  0.00  0.00  0.98  0.00  0.00  0.00  0.42  0.00
  G01286                  1.00   0.02  0.00  0.00  0.98  0.00  0.00  0.00  0.16  0.00
  G01287                  1.00   0.02  0.00  0.00  0.98  0.00  0.00  0.00  0.26  0.00
  G01288                  1.00   0.02  0.00  0.00  0.98  0.00  0.00  0.00  0.68  0.00
  G01289                  1.00   0.02  0.00  0.00  0.98  0.00  0.00  0.00  0.01  0.00
  G01290                  1.00   0.02  0.04  0.00  0.94  0.00  0.00  0.00  0.98  0.00
  G01291                  1.00   0.02  0.00  0.00  0.98  0.00  0.00  0.00  0.98  0.00
  G01292                  1.00   0.02  0.00  0.00  0.98  0.00  0.00  0.00  0.06  0.00
  G01293                  1.00   0.02  0.00  0.00  0.98  0.00  0.00  0.00  0.98  0.00
  G01294                  1.00   0.02  0.00  0.00  0.98  0.00  0.00  0.00  0.70  0.00
  G01295                  1.00   0.02  0.00  0.00  0.85  0.13  0.00  0.00  0.04  0.00
  G01296                  1.00   0.02  0.00  0.00  0.98  0.00  0.00  0.00  0.11  0.00
  G01297                  1.00   0.02  0.00  0.00  0.98  0.00  0.00  0.00  0.52  0.00
  G01298                  1.00   0.02  0.04  0.00  0.95  0.00  0.00  0.00  0.98  0.00
  G01299                  1.00   0.02  0.00  0.00  0.98  0.00  0.00  0.00  0.16  0.00
  G01300                  1.00   0.02  0.00  0.00  0.09  0.89  0.00  0.00  0.07  0.00
  G01301                  1.00   0.02  0.00  0.00  0.98  0.00  0.00  0.00  0.98  0.00
  G01302                  1.00   0.02  0.00  0.00  0.98  0.00  0.00  0.00  0.00  0.00
  G01303                  1.00   0.02  0.00  0.00  0.98  0.00  0.00  0.00  0.98  0.00
  G01304                  1.00   0.02  0.00  0.00  0.98  0.00  0.00  0.00  0.00  0.00
  G01305                  1.00   0.02  0.00  0.00  0.94  0.04  0.00  0.00  0.94  0.00
  G01306                  1.00   0.02  0.00  0.00  0.98  0.00  0.00  0.00  0.91  0.00
  G01307                  1.00   0.02  0.03  0.00  0.96  0.00  0.00  0.00  0.98  0.00
  G01308                  1.00   0.02  0.00  0.00  0.98  0.00  0.00  0.00  0.08  0.00
  G01309                  1.00   0.02  0.00  0.00  0.98  0.00  0.00  0.00  0.57  0.00
  G01310                  1.00   0.02  0.00  0.00  0.98  0.00  0.00  0.00  0.00  0.00
  G01311                  1.00   0.02  0.00  0.00  0.98  0.00  0.00  0.00  0.98  0.00
  G01312                  1.00   0.02  0.00  0.00  0.98  0.00  0.00  0.00  0.68  0.00
  G01313                  1.00   0.02  0.00  0.00  0.98  0.00  0.00  0.00  0.98  0.00
  G01314                  1.00   0.02  0.04  0.00  0.95  0.00  0.00  0.00  0.98  0.00
  G01315                  1.00   0.02  0.00  0.00  0.98  0.00  0.00  0.00  0.98  0.00
  G01316                  1.00   0.01  0.01  0.00  0.98  0.00  0.00  0.00  0.91  0.00
  G01317                  1.00   0.02  0.00  0.00  0.98  0.00  0.00  0.00  0.98  0.00
  G01318                  1.00   0.02  0.13  0.00  0.83  0.03  0.00  0.00  0.98  0.00
  G01319                  1.00   0.02  0.00  0.00  0.98  0.00  0.00  0.00  0.98  0.00
  G01320                  1.00   0.02  0.02  0.00  0.95  0.02  0.00  0.00  0.98  0.00
  G01321                  1.00   0.02  0.00  0.00  0.54  0.45  0.00  0.00  0.54  0.00
  G01322                  1.00   0.02  0.00  0.00  0.98  0.00  0.00  0.00  0.03  0.00
  G01323                  1.00   0.02  0.00  0.00  0.98  0.00  0.00  0.00  0.45  0.00
  G01324                  1.00   0.02  0.00  0.00  0.96  0.02  0.00  0.00  0.94  0.00
  G01325                  1.00   0.01  0.00  0.00  0.99  0.00  0.00  0.00  0.00  0.00
  G01326                  1.00   0.02  0.00  0.00  0.98  0.00  0.00  0.00  0.52  0.00
  G01327                  1.00   0.02  0.00  0.00  0.98  0.00  0.00  0.00  0.98  0.00
  G01328                  1.00   0.02  0.00  0.00  0.12  0.87  0.00  0.00  0.98  0.00
  G01329                  1.00   0.02  0.00  0.00  0.92  0.06  0.00  0.00  0.81  0.00
  G01330                  1.00   0.02  0.00  0.00  0.98  0.00  0.00  0.00  0.00  0.00
  G01331                  1.00   0.02  0.00  0.00  0.98  0.00  0.00  0.00  0.98  0.00
  G01332                  1.00   0.02  0.00  0.00  0.98  0.00  0.00  0.00  0.93  0.00
  G01333                  1.00   0.02  0.00  0.00  0.98  0.00  0.00  0.00  0.98  0.00
  G01334                  1.00   0.02  0.00  0.00  0.93  0.05  0.00  0.00  0.72  0.00
  G01335                  1.00   0.02  0.00  0.00  0.46  0.52  0.00  0.00  0.98  0.00
  G01336                  1.00   0.02  0.10  0.00  0.89  0.00  0.00  0.00  0.98  0.00
  G01337                  1.00   0.02  0.05  0.00  0.93  0.00  0.00  0.00  0.98  0.00
  G01338                  1.00   0.02  0.00  0.00  0.98  0.00  0.00  0.00  0.69  0.00
  G01339                  1.00   0.02  0.00  0.00  0.98  0.00  0.00  0.00  0.83  0.00
  G01340                  1.00   0.01  0.01  0.00  0.97  0.01  0.00  0.00  0.13  0.00
  G01341                  1.00   0.02  0.00  0.00  0.98  0.00  0.00  0.00  0.95  0.00
  G01342                  1.00   0.02  0.00  0.00  0.98  0.00  0.00  0.00  0.53  0.00
  G01343                  1.00   0.01  0.11  0.00  0.88  0.00  0.00  0.00  0.98  0.00
  G01344                  1.00   0.02  0.00  0.00  0.98  0.00  0.00  0.00  0.96  0.00
  G01345                  1.00   0.02  0.00  0.00  0.98  0.00  0.00  0.00  0.09  0.00
  G01346                  1.00   0.02  0.00  0.00  0.98  0.00  0.00  0.00  0.85  0.00
  G01347                  1.00   0.02  0.00  0.00  0.98  0.00  0.00  0.00  0.98  0.00
  G01348                  1.00   0.01  0.00  0.00  0.99  0.00  0.00  0.00  0.54  0.00
  G01349                  1.00   0.02  0.00  0.00  0.98  0.00  0.00  0.00  0.00  0.00
  G01350                  1.00   0.02  0.00  0.00  0.98  0.00  0.00  0.00  0.98  0.00
  G01351                  1.00   0.02  0.00  0.00  0.98  0.00  0.00  0.00  0.92  0.00
  G01352                  1.00   0.02  0.00  0.00  0.98  0.00  0.00  0.00  0.17  0.00
  G01353                  1.00   0.02  0.00  0.00  0.98  0.00  0.00  0.00  0.00  0.00
  G01354                  1.00   0.02  0.00  0.00  0.98  0.00  0.00  0.00  0.11  0.00
  G01355                  1.00   0.02  0.00  0.00  0.98  0.00  0.00  0.00  0.60  0.00
  G01356                  1.00   0.02  0.00  0.00  0.98  0.00  0.00  0.00  0.00  0.00
  G01357                  1.00   0.02  0.00  0.00  0.98  0.00  0.00  0.00  0.80  0.00
  G01358                  1.00   0.02  0.00  0.00  0.98  0.00  0.00  0.00  0.01  0.00
  G01359                  1.00   0.02  0.00  0.00  0.98  0.00  0.00  0.00  0.00  0.00
  G01360                  1.00   0.02  0.00  0.00  0.98  0.00  0.00  0.00  0.48  0.00
  G01361                  1.00   0.02  0.05  0.00  0.93  0.00  0.00  0.00  0.98  0.00
  G01362                  1.00   0.02  0.00  0.00  0.98  0.00  0.00  0.00  0.14  0.00
  G01363                  1.00   0.02  0.00  0.00  0.87  0.12  0.00  0.00  0.97  0.00
  G01364                  1.00   0.02  0.12  0.00  0.81  0.05  0.00  0.00  0.98  0.00
  G01365                  1.00   0.02  0.10  0.00  0.85  0.04  0.00  0.00  0.98  0.00
  G01366                  1.00   0.02  0.00  0.00  0.68  0.31  0.00  0.00  0.88  0.00
  G01367                  1.00   0.02  0.00  0.00  0.98  0.00  0.00  0.00  0.00  0.00
  G01368                  1.00   0.02  0.04  0.00  0.95  0.00  0.00  0.00  0.98  0.00
  G01369                  1.00   0.02  0.00  0.00  0.85  0.13  0.00  0.00  0.94  0.00
  G01370                  1.00   0.02  0.00  0.00  0.98  0.00  0.00  0.00  0.08  0.00
  G01371                  1.00   0.02  0.00  0.00  0.98  0.00  0.00  0.00  0.98  0.00
  G01372                  1.00   0.02  0.00  0.00  0.98  0.00  0.00  0.00  0.13  0.00
  G01373                  1.00   0.02  0.00  0.00  0.72  0.26  0.00  0.00  0.35  0.00
  G01374                  1.00   0.02  0.00  0.00  0.98  0.00  0.00  0.00  0.68  0.00
  G01375                  1.00   0.02  0.00  0.00  0.98  0.00  0.00  0.00  0.87  0.00
  G01376                  1.00   0.01  0.01  0.00  0.98  0.00  0.00  0.00  0.98  0.00
  G01377                  1.00   0.01  0.00  0.00  0.15  0.84  0.00  0.00  0.00  0.00
  G01378                  1.00   0.01  0.01  0.00  0.98  0.00  0.00  0.00  0.09  0.00
  G01379                  1.00   0.02  0.00  0.00  0.98  0.00  0.00  0.00  0.98  0.00
  G01380                  1.00   0.02  0.00  0.00  0.98  0.00  0.00  0.00  0.98  0.00
  G01381                  1.00   0.02  0.08  0.00  0.90  0.00  0.00  0.00  0.98  0.00
  G01382                  1.00   0.02  0.00  0.00  0.83  0.15  0.00  0.00  0.96  0.00
  G01383                  1.00   0.02  0.00  0.00  0.03  0.95  0.00  0.00  0.98  0.00
  G01384                  1.00   0.02  0.00  0.00  0.98  0.00  0.00  0.00  0.98  0.00
  G01385                  1.00   0.02  0.00  0.00  0.98  0.00  0.00  0.00  0.98  0.00
  G01386                  1.00   0.01  0.01  0.00  0.68  0.30  0.00  0.00  0.98  0.00
  G01387                  1.00   0.01  0.00  0.00  0.30  0.69  0.00  0.00  0.87  0.00
  G01388                  1.00   0.01  0.11  0.00  0.88  0.00  0.00  0.00  0.98  0.00
  G01389                  1.00   0.02  0.00  0.00  0.03  0.96  0.00  0.00  0.72  0.00
  G01390                  1.00   0.02  0.00  0.00  0.98  0.00  0.00  0.00  0.98  0.00
  G01391                  1.00   0.02  0.00  0.00  0.13  0.86  0.00  0.00  0.80  0.00
  G01392                  1.00   0.02  0.00  0.00  0.90  0.08  0.00  0.00  0.00  0.00
  G01393                  1.00   0.01  0.01  0.00  0.47  0.52  0.00  0.00  0.98  0.00
  G01394                  1.00   0.02  0.00  0.00  0.98  0.00  0.00  0.00  0.64  0.00
  G01395                  1.00   0.01  0.00  0.00  0.99  0.00  0.00  0.00  0.00  0.00
  G01396                  1.00   0.02  0.00  0.00  0.98  0.00  0.00  0.00  0.98  0.00
  G01397                  1.00   0.02  0.00  0.00  0.98  0.00  0.00  0.00  0.98  0.00
  G01398                  1.00   0.02  0.00  0.00  0.98  0.00  0.00  0.00  0.98  0.00
  G01399                  1.00   0.02  0.00  0.00  0.98  0.00  0.00  0.00  0.98  0.00
  G01400                  1.00   0.02  0.00  0.00  0.98  0.00  0.00  0.00  0.98  0.00
  G01401                  1.00   0.02  0.00  0.00  0.98  0.00  0.00  0.00  0.52  0.00
  G01402                  1.00   0.02  0.00  0.00  0.98  0.00  0.00  0.00  0.98  0.00
  G01403                  1.00   0.02  0.00  0.00  0.98  0.00  0.00  0.00  0.98  0.00
  G01404                  1.00   0.02  0.00  0.00  0.02  0.97  0.00  0.00  0.91  0.00
  G01405                  1.00   0.02  0.00  0.00  0.98  0.00  0.00  0.00  0.98  0.00
  G01406                  1.00   0.02  0.00  0.00  0.95  0.03  0.00  0.00  0.98  0.00
  G01407                  1.00   0.02  0.00  0.00  0.98  0.00  0.00  0.00  0.98  0.00
  G01408                  1.00   0.02  0.00  0.00  0.09  0.89  0.00  0.00  0.00  0.00
  G01409                  1.00   0.02  0.00  0.00  0.07  0.92  0.00  0.00  0.00  0.00
  G01410                  1.00   0.02  0.00  0.00  0.16  0.83  0.00  0.00  0.00  0.00
  G01411                  1.00   0.02  0.00  0.00  0.98  0.00  0.00  0.00  0.98  0.00
  G01412                  1.00   0.02  0.00  0.00  0.98  0.00  0.00  0.00  0.98  0.00
  G01413                  1.00   0.02  0.00  0.00  0.98  0.00  0.00  0.00  0.00  0.00
  G01414                  1.00   0.02  0.00  0.00  0.98  0.00  0.00  0.00  0.12  0.00
  G01415                  1.00   0.02  0.00  0.00  0.98  0.00  0.00  0.00  0.40  0.00
  G01416                  1.00   0.02  0.00  0.00  0.98  0.00  0.00  0.00  0.92  0.00
  G01417                  1.00   0.02  0.00  0.00  0.98  0.00  0.00  0.00  0.98  0.00
  G01418                  1.00   0.01  0.00  0.00  0.99  0.00  0.00  0.00  0.00  0.00
  G01419                  1.00   0.01  0.01  0.00  0.98  0.00  0.00  0.00  0.98  0.00
  G01420                  1.00   0.02  0.08  0.00  0.90  0.00  0.00  0.00  0.98  0.00
  G01421                  1.00   0.02  0.00  0.00  0.01  0.97  0.00  0.00  0.75  0.00
  G01422                  1.00   0.02  0.00  0.00  0.70  0.29  0.00  0.00  0.98  0.00
  G01423                  1.00   0.01  0.00  0.00  0.99  0.00  0.00  0.00  0.21  0.00
  G01424                  1.00   0.02  0.00  0.00  0.98  0.00  0.00  0.00  0.23  0.00
  G01425                  1.00   0.01  0.00  0.00  0.99  0.00  0.00  0.00  0.26  0.00
  G01426                  1.00   0.01  0.01  0.00  0.96  0.02  0.00  0.00  0.98  0.00
  G01427                  1.00   0.02  0.00  0.00  0.98  0.00  0.00  0.00  0.98  0.00
  G01428                  1.00   0.02  0.20  0.00  0.78  0.00  0.00  0.00  0.98  0.00
  G01429                  1.00   0.02  0.00  0.00  0.98  0.00  0.00  0.00  0.69  0.00
  G01430                  1.00   0.02  0.00  0.00  0.98  0.00  0.00  0.00  0.98  0.00
  G01431                  1.00   0.01  0.01  0.00  0.98  0.00  0.00  0.00  0.98  0.00
  G01432                  1.00   0.02  0.00  0.00  0.98  0.00  0.00  0.00  0.22  0.00
  G01433                  1.00   0.02  0.00  0.00  0.98  0.00  0.00  0.00  0.00  0.00
  G01434                  1.00   0.02  0.00  0.00  0.98  0.00  0.00  0.00  0.14  0.00
  G01435                  1.00   0.02  0.00  0.00  0.98  0.00  0.00  0.00  0.01  0.00
  G01436                  1.00   0.02  0.00  0.00  0.98  0.00  0.00  0.00  0.01  0.00
  G01437                  1.00   0.02  0.00  0.00  0.98  0.00  0.00  0.00  0.01  0.00
  G01438                  1.00   0.02  0.01  0.00  0.97  0.00  0.00  0.00  0.98  0.00
  G01439                  1.00   0.02  0.00  0.00  0.17  0.82  0.00  0.00  0.83  0.00
  G01440                  1.00   0.02  0.00  0.00  0.98  0.00  0.00  0.00  0.96  0.00
  G01441                  1.00   0.02  0.09  0.00  0.89  0.00  0.00  0.00  0.98  0.00
  G01442                  1.00   0.02  0.08  0.00  0.88  0.02  0.00  0.00  0.98  0.00
  G01443                  1.00   0.01  0.01  0.00  0.98  0.00  0.00  0.00  0.37  0.00
  G01444                  1.00   0.02  0.00  0.00  0.98  0.00  0.00  0.00  0.98  0.00
  G01445                  1.00   0.02  0.01  0.00  0.98  0.00  0.00  0.00  0.61  0.00
  G01446                  1.00   0.02  0.02  0.00  0.96  0.00  0.00  0.00  0.98  0.00
  G01447                  1.00   0.02  0.00  0.00  0.98  0.00  0.00  0.00  0.06  0.00
  G01448                  1.00   0.02  0.00  0.00  0.98  0.00  0.00  0.00  0.79  0.00
  G01449                  1.00   0.02  0.12  0.00  0.85  0.01  0.00  0.00  0.98  0.00
  G01450                  1.00   0.02  0.02  0.00  0.96  0.00  0.00  0.00  0.98  0.00
  G01451                  1.00   0.02  0.00  0.00  0.98  0.00  0.00  0.00  0.45  0.00
  G01452                  1.00   0.02  0.00  0.00  0.98  0.00  0.00  0.00  0.98  0.00
  G01453                  1.00   0.02  0.00  0.00  0.04  0.94  0.00  0.00  0.72  0.00
  G01454                  1.00   0.01  0.00  0.00  0.98  0.01  0.00  0.00  0.95  0.00
  G01455                  1.00   0.02  0.00  0.00  0.72  0.26  0.00  0.00  0.00  0.00
  G01456                  1.00   0.02  0.00  0.00  0.90  0.08  0.00  0.00  0.97  0.00
  G01457                  1.00   0.02  0.00  0.00  0.94  0.04  0.00  0.00  0.93  0.00
  G01458                  1.00   0.02  0.00  0.00  0.98  0.01  0.00  0.00  0.98  0.00
  G01459                  1.00   0.02  0.00  0.00  0.98  0.00  0.00  0.00  0.65  0.00
  G01460                  1.00   0.02  0.00  0.00  0.98  0.00  0.00  0.00  0.98  0.00
  G01461                  1.00   0.02  0.00  0.00  0.01  0.97  0.00  0.00  0.86  0.00
  G01462                  1.00   0.02  0.00  0.00  0.98  0.00  0.00  0.00  0.98  0.00
  G01463                  1.00   0.02  0.00  0.00  0.98  0.00  0.00  0.00  0.83  0.00
  G01464                  1.00   0.02  0.00  0.00  0.98  0.00  0.00  0.00  0.32  0.00
  G01465                  1.00   0.02  0.00  0.00  0.98  0.00  0.00  0.00  0.70  0.00
  G01466                  1.00   0.02  0.00  0.00  0.98  0.00  0.00  0.00  0.81  0.00
  G01467                  1.00   0.02  0.00  0.00  0.98  0.00  0.00  0.00  0.98  0.00
  G01468                  1.00   0.02  0.00  0.00  0.86  0.12  0.00  0.00  0.90  0.00
  G01469                  1.00   0.02  0.00  0.00  0.98  0.00  0.00  0.00  0.98  0.00
  G01470                  1.00   0.02  0.00  0.00  0.98  0.00  0.00  0.00  0.00  0.00
  G01471                  1.00   0.02  0.00  0.00  0.98  0.00  0.00  0.00  0.00  0.00
  G01472                  1.00   0.02  0.00  0.00  0.98  0.00  0.00  0.00  0.04  0.00
  G01473                  1.00   0.02  0.00  0.00  0.98  0.00  0.00  0.00  0.01  0.00
  G01474                  1.00   0.02  0.00  0.00  0.98  0.00  0.00  0.00  0.98  0.00
  G01475                  1.00   0.02  0.00  0.00  0.98  0.00  0.00  0.00  0.98  0.00
  G01476                  1.00   0.02  0.00  0.00  0.04  0.94  0.00  0.00  0.00  0.00
  G01477                  1.00   0.02  0.00  0.00  0.98  0.00  0.00  0.00  0.98  0.00
  G01478                  1.00   0.02  0.06  0.00  0.92  0.00  0.00  0.00  0.98  0.00
  G01479                  1.00   0.02  0.00  0.00  0.82  0.16  0.00  0.00  0.98  0.00
  G01480                  1.00   0.02  0.09  0.00  0.89  0.00  0.00  0.00  0.98  0.00
  G01481                  1.00   0.02  0.00  0.00  0.05  0.94  0.00  0.00  0.00  0.00
  G01482                  1.00   0.02  0.00  0.00  0.79  0.20  0.00  0.00  0.94  0.00
  G01483                  1.00   0.02  0.00  0.00  0.98  0.00  0.00  0.00  0.98  0.00
  G01484                  1.00   0.02  0.00  0.00  0.98  0.00  0.00  0.00  0.98  0.00
  G01485                  1.00   0.02  0.00  0.00  0.98  0.00  0.00  0.00  0.98  0.00
  G01486                  1.00   0.02  0.00  0.00  0.06  0.92  0.00  0.00  0.03  0.00
  G01487                  1.00   0.02  0.00  0.00  0.98  0.00  0.00  0.00  0.00  0.00
  G01488                  1.00   0.02  0.00  0.00  0.52  0.47  0.00  0.00  0.95  0.00
  G01489                  1.00   0.02  0.00  0.00  0.14  0.84  0.00  0.00  0.00  0.00
  G01490                  1.00   0.02  0.00  0.00  0.17  0.81  0.00  0.00  0.98  0.00
  G01491                  1.00   0.02  0.00  0.00  0.98  0.00  0.00  0.00  0.51  0.00
  G01492                  1.00   0.02  0.00  0.00  0.98  0.00  0.00  0.00  0.98  0.00
  G01493                  1.00   0.02  0.00  0.00  0.98  0.00  0.00  0.00  0.98  0.00
  G01494                  1.00   0.02  0.00  0.00  0.98  0.00  0.00  0.00  0.98  0.00
  G01495                  1.00   0.02  0.14  0.00  0.85  0.00  0.00  0.00  0.98  0.00
  G01496                  1.00   0.02  0.06  0.00  0.93  0.00  0.00  0.00  0.98  0.00
  G01497                  1.00   0.02  0.00  0.00  0.50  0.48  0.00  0.00  0.86  0.00
  G01498                  1.00   0.02  0.00  0.00  0.98  0.00  0.00  0.00  0.00  0.00
  G01499                  1.00   0.02  0.00  0.00  0.98  0.00  0.00  0.00  0.98  0.00
  G01500                  1.00   0.02  0.00  0.00  0.11  0.87  0.00  0.00  0.00  0.00
  G01501                  1.00   0.02  0.00  0.00  0.17  0.81  0.00  0.00  0.90  0.00
  G01502                  1.00   0.02  0.00  0.00  0.10  0.89  0.00  0.00  0.89  0.00
  G01503                  1.00   0.01  0.00  0.00  0.99  0.00  0.00  0.00  0.65  0.00
  G01504                  1.00   0.02  0.00  0.00  0.98  0.00  0.00  0.00  0.00  0.00
  G01505                  1.00   0.02  0.00  0.00  0.98  0.00  0.00  0.00  0.98  0.00
  G01506                  1.00   0.02  0.00  0.00  0.98  0.00  0.00  0.00  0.94  0.00
  G01507                  1.00   0.02  0.00  0.00  0.98  0.00  0.00  0.00  0.23  0.00
  G01508                  1.00   0.02  0.00  0.00  0.98  0.00  0.00  0.00  0.00  0.00
  G01509                  1.00   0.02  0.00  0.00  0.98  0.00  0.00  0.00  0.98  0.00
  G01510                  1.00   0.02  0.00  0.00  0.42  0.56  0.00  0.00  0.98  0.00
  G01511                  1.00   0.02  0.00  0.00  0.34  0.64  0.00  0.00  0.94  0.00
  G01512                  1.00   0.02  0.00  0.00  0.60  0.38  0.00  0.00  0.98  0.00
  G01513                  1.00   0.02  0.00  0.00  0.95  0.03  0.00  0.00  0.98  0.00
  G01514                  1.00   0.02  0.00  0.00  0.98  0.00  0.00  0.00  0.98  0.00
  G01515                  1.00   0.02  0.12  0.00  0.86  0.00  0.00  0.00  0.98  0.00
  G01516                  1.00   0.02  0.00  0.00  0.98  0.00  0.00  0.00  0.00  0.00
  G01517                  1.00   0.02  0.00  0.00  0.98  0.00  0.00  0.00  0.98  0.00
  G01518                  1.00   0.02  0.03  0.00  0.87  0.08  0.00  0.00  0.98  0.00
  G01519                  1.00   0.02  0.00  0.00  0.98  0.00  0.00  0.00  0.67  0.00
  G01520                  1.00   0.02  0.00  0.00  0.98  0.00  0.00  0.00  0.95  0.00
  G01521                  1.00   0.02  0.00  0.00  0.43  0.56  0.00  0.00  0.04  0.00
  G01522                  1.00   0.02  0.00  0.00  0.96  0.03  0.00  0.00  0.98  0.00
  G01523                  1.00   0.02  0.00  0.00  0.98  0.00  0.00  0.00  0.18  0.00
  G01524                  1.00   0.02  0.04  0.00  0.94  0.00  0.00  0.00  0.98  0.00
  G01525                  1.00   0.02  0.00  0.00  0.98  0.00  0.00  0.00  0.95  0.00
  G01526                  1.00   0.02  0.00  0.00  0.45  0.53  0.00  0.00  0.89  0.00
  G01527                  1.00   0.02  0.00  0.00  0.02  0.97  0.00  0.00  0.94  0.00
  G01528                  1.00   0.02  0.00  0.00  0.39  0.60  0.00  0.00  0.95  0.00
  G01529                  1.00   0.02  0.00  0.00  0.98  0.00  0.00  0.00  0.98  0.00
  G01530                  1.00   0.02  0.00  0.00  0.98  0.00  0.00  0.00  0.23  0.00
  G01531                  1.00   0.02  0.00  0.00  0.98  0.00  0.00  0.00  0.14  0.00
  G01532                  1.00   0.02  0.00  0.00  0.98  0.00  0.00  0.00  0.08  0.00
  G01533                  1.00   0.02  0.00  0.00  0.98  0.00  0.00  0.00  0.18  0.00
  G01534                  1.00   0.02  0.00  0.00  0.98  0.00  0.00  0.00  0.03  0.00
  G01535                  1.00   0.02  0.00  0.00  0.98  0.00  0.00  0.00  0.17  0.00
  G01536                  1.00   0.02  0.00  0.00  0.98  0.00  0.00  0.00  0.16  0.00
  G01537                  1.00   0.02  0.00  0.00  0.98  0.00  0.00  0.00  0.98  0.00
  G01538                  1.00   0.02  0.00  0.00  0.98  0.00  0.00  0.00  0.49  0.00
  G01539                  1.00   0.02  0.00  0.00  0.98  0.00  0.00  0.00  0.65  0.00
  G01540                  1.00   0.02  0.00  0.00  0.98  0.00  0.00  0.00  0.68  0.00
  G01541                  1.00   0.02  0.00  0.00  0.95  0.03  0.00  0.00  0.98  0.00
  G01542                  1.00   0.02  0.00  0.00  0.05  0.94  0.00  0.00  0.88  0.00
  G01543                  1.00   0.02  0.00  0.00  0.02  0.96  0.00  0.00  0.00  0.00
  G01544                  1.00   0.02  0.00  0.00  0.97  0.01  0.00  0.00  0.97  0.00
  G01545                  1.00   0.01  0.00  0.00  0.99  0.00  0.00  0.00  0.00  0.00
  G01546                  1.00   0.02  0.00  0.00  0.94  0.04  0.00  0.00  0.98  0.00
  G01547                  1.00   0.02  0.07  0.00  0.92  0.00  0.00  0.00  0.98  0.00
  G01548                  1.00   0.02  0.00  0.00  0.49  0.50  0.00  0.00  0.98  0.00
  G01549                  1.00   0.02  0.00  0.00  0.51  0.47  0.00  0.00  0.98  0.00
  G01550                  1.00   0.02  0.00  0.00  0.08  0.91  0.00  0.00  0.94  0.00
  G01551                  1.00   0.02  0.00  0.00  0.98  0.00  0.00  0.00  0.98  0.00
  G01552                  1.00   0.02  0.06  0.00  0.93  0.00  0.00  0.00  0.98  0.00
  G01553                  1.00   0.02  0.00  0.00  0.86  0.12  0.00  0.00  0.98  0.00
  G01554                  1.00   0.02  0.00  0.00  0.05  0.93  0.00  0.00  0.06  0.00
  G01555                  1.00   0.02  0.03  0.00  0.92  0.03  0.00  0.00  0.98  0.00
  G01556                  1.00   0.02  0.00  0.00  0.98  0.00  0.00  0.00  0.14  0.00
  G01557                  1.00   0.02  0.00  0.00  0.98  0.00  0.00  0.00  0.05  0.00
  G01558                  1.00   0.02  0.00  0.00  0.98  0.00  0.00  0.00  0.01  0.00
  G01559                  1.00   0.02  0.00  0.00  0.98  0.00  0.00  0.00  0.98  0.00
  G01560                  1.00   0.02  0.00  0.00  0.05  0.94  0.00  0.00  0.00  0.00
  G01561                  1.00   0.02  0.00  0.00  0.98  0.00  0.00  0.00  0.95  0.00
  G01562                  1.00   0.02  0.00  0.00  0.98  0.00  0.00  0.00  0.88  0.00
  G01563                  1.00   0.02  0.13  0.00  0.85  0.00  0.00  0.00  0.98  0.00
  G01564                  1.00   0.02  0.00  0.00  0.98  0.00  0.00  0.00  0.98  0.00
  G01565                  1.00   0.02  0.00  0.00  0.98  0.00  0.00  0.00  0.00  0.00
  G01566                  1.00   0.02  0.14  0.00  0.85  0.00  0.00  0.00  0.98  0.00
  G01567                  1.00   0.02  0.05  0.00  0.93  0.00  0.00  0.00  0.98  0.00
  G01568                  1.00   0.02  0.06  0.00  0.69  0.23  0.00  0.00  0.95  0.00
  G01569                  1.00   0.02  0.00  0.00  0.98  0.00  0.00  0.00  0.98  0.00
  G01570                  1.00   0.02  0.00  0.00  0.98  0.00  0.00  0.00  0.64  0.00
  G01571                  1.00   0.02  0.00  0.00  0.98  0.00  0.00  0.00  0.09  0.00
  G01572                  1.00   0.02  0.00  0.00  0.98  0.00  0.00  0.00  0.00  0.00
  G01573                  1.00   0.02  0.00  0.00  0.98  0.00  0.00  0.00  0.98  0.00
  G01574                  1.00   0.02  0.00  0.00  0.98  0.00  0.00  0.00  0.08  0.00
  G01575                  1.00   0.02  0.00  0.00  0.98  0.00  0.00  0.00  0.12  0.00
  G01576                  1.00   0.02  0.00  0.00  0.97  0.01  0.00  0.00  0.98  0.00
  G01577                  1.00   0.02  0.31  0.00  0.67  0.00  0.00  0.00  0.98  0.00
  G01578                  1.00   0.02  0.30  0.00  0.68  0.00  0.00  0.00  0.98  0.00
  G01579                  1.00   0.02  0.02  0.00  0.75  0.21  0.00  0.00  0.98  0.00
  G01580                  1.00   0.02  0.00  0.00  0.98  0.00  0.00  0.00  0.92  0.00
  G01581                  1.00   0.02  0.00  0.00  0.98  0.00  0.00  0.00  0.98  0.00
  G01582                  1.00   0.02  0.00  0.00  0.98  0.00  0.00  0.00  0.14  0.00
  G01583                  1.00   0.01  0.00  0.00  0.99  0.00  0.00  0.00  0.94  0.00
  G01584                  1.00   0.02  0.00  0.00  0.98  0.00  0.00  0.00  0.77  0.00
  G01585                  1.00   0.02  0.00  0.00  0.98  0.00  0.00  0.00  0.11  0.00
  G01586                  1.00   0.02  0.00  0.00  0.98  0.00  0.00  0.00  0.98  0.00
  G01587                  1.00   0.02  0.00  0.00  0.98  0.00  0.00  0.00  0.10  0.00
  G01588                  1.00   0.02  0.00  0.00  0.97  0.01  0.00  0.00  0.19  0.00
  G01589                  1.00   0.02  0.00  0.00  0.98  0.00  0.00  0.00  0.98  0.00
  G01590                  1.00   0.02  0.00  0.00  0.98  0.00  0.00  0.00  0.04  0.00
  G01591                  1.00   0.02  0.00  0.00  0.24  0.74  0.00  0.00  0.00  0.00
  G01592                  1.00   0.02  0.00  0.00  0.98  0.00  0.00  0.00  0.79  0.00
  G01593                  1.00   0.02  0.03  0.00  0.96  0.00  0.00  0.00  0.90  0.00
  G01594                  1.00   0.02  0.00  0.00  0.98  0.00  0.00  0.00  0.98  0.00
  G01595                  1.00   0.02  0.00  0.00  0.15  0.83  0.00  0.00  0.97  0.00
  G01596                  1.00   0.02  0.00  0.00  0.98  0.00  0.00  0.00  0.98  0.00
  G01597                  1.00   0.02  0.00  0.00  0.98  0.00  0.00  0.00  0.02  0.00
  G01598                  1.00   0.02  0.09  0.00  0.85  0.04  0.00  0.00  0.98  0.00
  G01599                  1.00   0.02  0.00  0.00  0.98  0.00  0.00  0.00  0.98  0.00
  G01600                  1.00   0.02  0.00  0.00  0.98  0.00  0.00  0.00  0.98  0.00
  G01601                  1.00   0.02  0.00  0.00  0.82  0.17  0.00  0.00  0.91  0.00
  G01602                  1.00   0.02  0.00  0.00  0.98  0.00  0.00  0.00  0.98  0.00
  G01603                  1.00   0.02  0.10  0.00  0.88  0.00  0.00  0.00  0.98  0.00
  G01604                  1.00   0.02  0.00  0.00  0.98  0.00  0.00  0.00  0.98  0.00
  G01605                  1.00   0.02  0.00  0.00  0.98  0.00  0.00  0.00  0.98  0.00
  G01606                  1.00   0.02  0.00  0.00  0.98  0.00  0.00  0.00  0.00  0.00
  G01607                  1.00   0.02  0.00  0.00  0.98  0.00  0.00  0.00  0.19  0.00
  G01608                  1.00   0.01  0.00  0.00  0.99  0.00  0.00  0.00  0.12  0.00
  G01609                  1.00   0.02  0.00  0.00  0.98  0.00  0.00  0.00  0.12  0.00
  G01610                  1.00   0.02  0.00  0.00  0.98  0.00  0.00  0.00  0.13  0.00
  G01611                  1.00   0.02  0.00  0.00  0.98  0.00  0.00  0.00  0.98  0.00
  G01612                  1.00   0.02  0.00  0.00  0.98  0.00  0.00  0.00  0.74  0.00
  G01613                  1.00   0.02  0.00  0.00  0.98  0.00  0.00  0.00  0.82  0.00
  G01614                  1.00   0.02  0.00  0.00  0.98  0.00  0.00  0.00  0.20  0.00
  G01615                  1.00   0.02  0.00  0.00  0.98  0.00  0.00  0.00  0.05  0.00
  G01616                  1.00   0.02  0.00  0.00  0.98  0.00  0.00  0.00  0.04  0.00
  G01617                  1.00   0.02  0.04  0.00  0.94  0.00  0.00  0.00  0.98  0.00
  G01618                  1.00   0.02  0.00  0.00  0.98  0.00  0.00  0.00  0.98  0.00
  G01619                  1.00   0.02  0.03  0.00  0.96  0.00  0.00  0.00  0.98  0.00
  G01620                  1.00   0.02  0.00  0.00  0.98  0.00  0.00  0.00  0.13  0.00
  G01621                  1.00   0.02  0.00  0.00  0.98  0.00  0.00  0.00  0.88  0.00
  G01622                  1.00   0.02  0.00  0.00  0.98  0.00  0.00  0.00  0.90  0.00
  G01623                  1.00   0.02  0.00  0.00  0.98  0.00  0.00  0.00  0.53  0.00
  G01624                  1.00   0.02  0.00  0.00  0.97  0.02  0.00  0.00  0.98  0.00
  G01625                  1.00   0.02  0.15  0.00  0.68  0.15  0.00  0.00  0.98  0.00
  G01626                  1.00   0.02  0.11  0.00  0.87  0.00  0.00  0.00  0.98  0.00
  G01627                  1.00   0.02  0.08  0.00  0.90  0.00  0.00  0.00  0.98  0.00
  G01628                  1.00   0.02  0.17  0.00  0.81  0.00  0.00  0.00  0.98  0.00
  G01629                  1.00   0.02  0.02  0.00  0.97  0.00  0.00  0.00  0.98  0.00
  G01630                  1.00   0.02  0.00  0.00  0.98  0.01  0.00  0.00  0.98  0.00
  G01631                  1.00   0.02  0.00  0.00  0.57  0.42  0.00  0.00  0.00  0.00
  G01632                  1.00   0.02  0.00  0.00  0.05  0.94  0.00  0.00  0.98  0.00
  G01633                  1.00   0.02  0.00  0.00  0.43  0.55  0.00  0.00  0.98  0.00
  G01634                  1.00   0.01  0.00  0.00  0.98  0.01  0.00  0.00  0.77  0.00
  G01635                  1.00   0.01  0.01  0.00  0.83  0.15  0.00  0.00  0.98  0.00
  G01636                  1.00   0.02  0.03  0.00  0.95  0.00  0.00  0.00  0.97  0.00
  G01637                  1.00   0.02  0.00  0.00  0.98  0.00  0.00  0.00  0.10  0.00
  G01638                  1.00   0.02  0.00  0.00  0.98  0.00  0.00  0.00  0.98  0.00
  G01639                  1.00   0.02  0.15  0.00  0.84  0.00  0.00  0.00  0.98  0.00
  G01640                  1.00   0.02  0.00  0.00  0.03  0.96  0.00  0.00  0.72  0.00
  G01641                  1.00   0.02  0.00  0.00  0.98  0.00  0.00  0.00  0.98  0.00
  G01642                  1.00   0.01  0.01  0.00  0.98  0.00  0.00  0.00  0.05  0.00
  G01643                  1.00   0.01  0.00  0.00  0.19  0.80  0.00  0.00  0.96  0.00
  G01644                  1.00   0.02  0.00  0.00  0.98  0.00  0.00  0.00  0.37  0.00
  G01645                  1.00   0.01  0.01  0.00  0.98  0.00  0.00  0.00  0.97  0.00
  G01646                  1.00   0.01  0.01  0.00  0.94  0.04  0.00  0.00  0.98  0.00
  G01647                  1.00   0.02  0.00  0.00  0.98  0.00  0.00  0.00  0.82  0.00
  G01648                  1.00   0.02  0.00  0.00  0.77  0.22  0.00  0.00  0.95  0.00
  G01649                  1.00   0.02  0.00  0.00  0.86  0.13  0.00  0.00  0.98  0.00
  G01650                  1.00   0.02  0.00  0.00  0.09  0.89  0.00  0.00  0.21  0.00
  G01651                  1.00   0.02  0.00  0.00  0.98  0.00  0.00  0.00  0.00  0.00
  G01652                  1.00   0.02  0.00  0.00  0.98  0.00  0.00  0.00  0.98  0.00
  G01653                  1.00   0.01  0.00  0.00  0.99  0.00  0.00  0.00  0.32  0.00
  G01654                  1.00   0.01  0.01  0.00  0.98  0.00  0.00  0.00  0.98  0.00
  G01655                  1.00   0.02  0.00  0.00  0.98  0.00  0.00  0.00  0.00  0.00
  G01656                  1.00   0.02  0.00  0.00  0.01  0.97  0.00  0.00  0.98  0.00
  G01657                  1.00   0.02  0.00  0.00  0.98  0.00  0.00  0.00  0.95  0.00
  G01658                  1.00   0.02  0.00  0.00  0.98  0.00  0.00  0.00  0.14  0.00
  G01659                  1.00   0.02  0.00  0.00  0.98  0.00  0.00  0.00  0.98  0.00
  G01660                  1.00   0.02  0.00  0.00  0.98  0.00  0.00  0.00  0.03  0.00
  G01661                  1.00   0.02  0.00  0.00  0.98  0.00  0.00  0.00  0.98  0.00
  G01662                  1.00   0.02  0.00  0.00  0.98  0.00  0.00  0.00  0.95  0.00
  G01663                  1.00   0.02  0.00  0.00  0.98  0.00  0.00  0.00  0.00  0.00
  G01664                  1.00   0.02  0.00  0.00  0.03  0.96  0.00  0.00  0.98  0.00
  G01665                  1.00   0.02  0.08  0.00  0.90  0.00  0.00  0.00  0.98  0.00
  G01666                  1.00   0.01  0.01  0.00  0.22  0.76  0.00  0.00  0.52  0.00
  G01667                  1.00   0.02  0.00  0.00  0.90  0.09  0.00  0.00  0.91  0.00
  G01668                  1.00   0.02  0.10  0.00  0.89  0.00  0.00  0.00  0.98  0.00
  G01669                  1.00   0.02  0.00  0.00  0.98  0.00  0.00  0.00  0.67  0.00
  G01670                  1.00   0.02  0.08  0.00  0.91  0.00  0.00  0.00  0.98  0.00
  G01671                  1.00   0.02  0.04  0.00  0.94  0.00  0.00  0.00  0.98  0.00
  G01672                  1.00   0.02  0.00  0.00  0.00  0.98  0.00  0.00  0.95  0.00
  G01673                  1.00   0.02  0.29  0.00  0.69  0.00  0.00  0.00  0.98  0.00
  G01674                  1.00   0.02  0.00  0.00  0.98  0.00  0.00  0.00  0.98  0.00
  G01675                  1.00   0.02  0.01  0.00  0.94  0.03  0.00  0.00  0.98  0.00
  G01676                  1.00   0.02  0.00  0.00  0.19  0.79  0.00  0.00  0.38  0.00
  G01677                  1.00   0.02  0.00  0.00  0.00  0.98  0.00  0.00  0.04  0.00
  G01678                  1.00   0.02  0.00  0.00  0.00  0.98  0.00  0.00  0.98  0.00
  G01679                  1.00   0.02  0.00  0.00  0.74  0.24  0.00  0.00  0.66  0.00
  G01680                  1.00   0.02  0.00  0.00  0.98  0.00  0.00  0.00  0.32  0.00
  G01681                  1.00   0.02  0.00  0.00  0.86  0.12  0.00  0.00  0.98  0.00
  G01682                  1.00   0.02  0.05  0.00  0.93  0.00  0.00  0.00  0.98  0.00
  G01683                  1.00   0.02  0.00  0.00  0.94  0.04  0.00  0.00  0.98  0.00
  G01684                  1.00   0.02  0.00  0.00  0.00  0.98  0.00  0.00  0.00  0.00
  G01685                  1.00   0.02  0.03  0.00  0.75  0.21  0.00  0.00  0.98  0.00
  G01686                  1.00   0.02  0.00  0.00  0.04  0.95  0.00  0.00  0.00  0.00
  G01687                  1.00   0.02  0.00  0.00  0.00  0.98  0.00  0.00  0.98  0.00
  G01688                  1.00   0.01  0.00  0.00  0.52  0.47  0.00  0.00  0.86  0.00
  G01689                  1.00   0.02  0.00  0.00  0.01  0.98  0.00  0.00  0.82  0.00
  G01690                  1.00   0.02  0.00  0.00  0.98  0.00  0.00  0.00  0.02  0.00
  G01691                  1.00   0.01  0.01  0.00  0.98  0.00  0.00  0.00  0.06  0.00
  G01692                  1.00   0.02  0.32  0.00  0.66  0.00  0.00  0.00  0.98  0.00
  G01693                  1.00   0.02  0.13  0.00  0.79  0.06  0.00  0.00  0.98  0.00
  G01694                  1.00   0.01  0.01  0.00  0.98  0.00  0.00  0.00  0.98  0.00
  G01695                  1.00   0.02  0.00  0.00  0.98  0.00  0.00  0.00  0.98  0.00
  G01696                  1.00   0.02  0.00  0.00  0.98  0.00  0.00  0.00  0.29  0.00
  G01697                  1.00   0.02  0.00  0.00  0.98  0.00  0.00  0.00  0.98  0.00
  G01698                  1.00   0.02  0.00  0.00  0.98  0.00  0.00  0.00  0.96  0.00
  G01699                  1.00   0.02  0.00  0.00  0.98  0.00  0.00  0.00  0.07  0.00
  G01700                  1.00   0.02  0.00  0.00  0.98  0.00  0.00  0.00  0.98  0.00
  G01701                  1.00   0.02  0.00  0.00  0.98  0.00  0.00  0.00  0.98  0.00
  G01702                  1.00   0.02  0.00  0.00  0.98  0.00  0.00  0.00  0.13  0.00
  G01703                  1.00   0.01  0.01  0.00  0.79  0.19  0.00  0.00  0.98  0.00
  G01704                  1.00   0.02  0.05  0.00  0.93  0.00  0.00  0.00  0.98  0.00
  G01705                  1.00   0.02  0.00  0.00  0.98  0.00  0.00  0.00  0.13  0.00
  G01706                  1.00   0.02  0.00  0.00  0.98  0.00  0.00  0.00  0.01  0.00
  G01707                  1.00   0.02  0.00  0.00  0.98  0.00  0.00  0.00  0.01  0.00
  G01708                  1.00   0.02  0.00  0.00  0.98  0.00  0.00  0.00  0.22  0.00
  G01709                  1.00   0.02  0.00  0.00  0.98  0.00  0.00  0.00  0.98  0.00
  G01710                  1.00   0.02  0.00  0.00  0.98  0.00  0.00  0.00  0.00  0.00
  G01711                  1.00   0.02  0.00  0.00  0.98  0.00  0.00  0.00  0.98  0.00
  G01712                  1.00   0.02  0.00  0.00  0.98  0.00  0.00  0.00  0.54  0.00
  G01713                  1.00   0.02  0.00  0.00  0.98  0.00  0.00  0.00  0.06  0.00
  G01714                  1.00   0.02  0.00  0.00  0.98  0.00  0.00  0.00  0.15  0.00
  G01715                  1.00   0.02  0.00  0.00  0.98  0.00  0.00  0.00  0.48  0.00
  G01716                  1.00   0.02  0.00  0.00  0.98  0.00  0.00  0.00  0.10  0.00
  G01717                  1.00   0.02  0.00  0.00  0.98  0.00  0.00  0.00  0.98  0.00
  G01718                  1.00   0.02  0.00  0.00  0.98  0.00  0.00  0.00  0.98  0.00
  G01719                  1.00   0.02  0.00  0.00  0.98  0.00  0.00  0.00  0.74  0.00
  G01720                  1.00   0.02  0.00  0.00  0.98  0.00  0.00  0.00  0.98  0.00
  G01721                  1.00   0.02  0.00  0.00  0.98  0.00  0.00  0.00  0.76  0.00
  G01722                  1.00   0.02  0.00  0.00  0.98  0.00  0.00  0.00  0.98  0.00
  G01723                  1.00   0.02  0.00  0.00  0.98  0.00  0.00  0.00  0.01  0.00
  G01724                  1.00   0.02  0.00  0.00  0.98  0.00  0.00  0.00  0.72  0.00
  G01725                  1.00   0.02  0.00  0.00  0.98  0.00  0.00  0.00  0.56  0.00
  G01726                  1.00   0.02  0.00  0.00  0.98  0.00  0.00  0.00  0.39  0.00
  G01727                  1.00   0.02  0.00  0.00  0.98  0.00  0.00  0.00  0.04  0.00
  G01728                  1.00   0.02  0.00  0.00  0.98  0.00  0.00  0.00  0.98  0.00
  G01729                  1.00   0.02  0.00  0.00  0.98  0.00  0.00  0.00  0.46  0.00
  G01730                  1.00   0.02  0.00  0.00  0.98  0.00  0.00  0.00  0.97  0.00
  G01731                  1.00   0.02  0.00  0.00  0.98  0.00  0.00  0.00  0.19  0.00
  G01732                  1.00   0.02  0.00  0.00  0.98  0.00  0.00  0.00  0.98  0.00
  G01733                  1.00   0.02  0.02  0.00  0.92  0.04  0.00  0.00  0.98  0.00
  G01734                  1.00   0.02  0.00  0.00  0.98  0.01  0.00  0.00  0.96  0.00
  G01735                  1.00   0.02  0.00  0.00  0.81  0.18  0.00  0.00  0.98  0.00
  G01736                  1.00   0.02  0.00  0.00  0.98  0.00  0.00  0.00  0.98  0.00
  G01737                  1.00   0.02  0.13  0.00  0.85  0.00  0.00  0.00  0.98  0.00
  G01738                  1.00   0.01  0.01  0.00  0.98  0.00  0.00  0.00  0.98  0.00
  G01739                  1.00   0.01  0.00  0.00  0.01  0.98  0.00  0.00  0.92  0.00
  G01740                  1.00   0.02  0.08  0.00  0.91  0.00  0.00  0.00  0.98  0.00
  G01741                  1.00   0.02  0.00  0.00  0.98  0.00  0.00  0.00  0.98  0.00
  G01742                  1.00   0.01  0.00  0.00  0.99  0.00  0.00  0.00  0.40  0.00
  G01743                  1.00   0.02  0.00  0.00  0.98  0.00  0.00  0.00  0.98  0.00
  G01744                  1.00   0.02  0.00  0.00  0.98  0.00  0.00  0.00  0.98  0.00
  G01745                  1.00   0.01  0.01  0.00  0.98  0.00  0.00  0.00  0.98  0.00
  G01746                  1.00   0.02  0.00  0.00  0.98  0.00  0.00  0.00  0.98  0.00
  G01747                  1.00   0.02  0.00  0.00  0.57  0.42  0.00  0.00  0.00  0.00
  G01748                  1.00   0.02  0.00  0.00  0.98  0.00  0.00  0.00  0.25  0.00
  G01749                  1.00   0.02  0.00  0.00  0.91  0.07  0.00  0.00  0.98  0.00
  G01750                  1.00   0.02  0.00  0.00  0.98  0.00  0.00  0.00  0.26  0.00
  G01751                  1.00   0.01  0.01  0.00  0.98  0.00  0.00  0.00  0.98  0.00
  G01752                  1.00   0.02  0.00  0.00  0.98  0.00  0.00  0.00  0.00  0.00
  G01753                  1.00   0.01  0.15  0.00  0.85  0.00  0.00  0.00  0.98  0.00
  G01754                  1.00   0.02  0.00  0.00  0.44  0.55  0.00  0.00  0.00  0.00
  G01755                  1.00   0.01  0.07  0.00  0.92  0.00  0.00  0.00  0.98  0.00
  G01756                  1.00   0.01  0.00  0.00  0.99  0.00  0.00  0.00  0.92  0.00
  G01757                  1.00   0.02  0.00  0.00  0.98  0.00  0.00  0.00  0.03  0.00
  G01758                  1.00   0.02  0.00  0.00  0.97  0.02  0.00  0.00  0.92  0.00
  G01759                  1.00   0.02  0.00  0.00  0.98  0.00  0.00  0.00  0.98  0.00
  G01760                  1.00   0.01  0.01  0.00  0.98  0.00  0.00  0.00  0.07  0.00
  G01761                  1.00   0.02  0.00  0.00  0.98  0.00  0.00  0.00  0.13  0.00
  G01762                  1.00   0.01  0.00  0.00  0.99  0.00  0.00  0.00  0.33  0.00
  G01763                  1.00   0.01  0.00  0.00  0.99  0.00  0.00  0.00  0.00  0.00
  G01764                  1.00   0.02  0.00  0.00  0.70  0.28  0.00  0.00  0.98  0.00
  G01765                  1.00   0.02  0.00  0.00  0.91  0.08  0.00  0.00  0.21  0.00
  G01766                  1.00   0.01  0.01  0.00  0.98  0.00  0.00  0.00  0.98  0.00
  G01767                  1.00   0.02  0.00  0.00  0.98  0.00  0.00  0.00  0.98  0.00
  G01768                  1.00   0.02  0.00  0.00  0.98  0.00  0.00  0.00  0.18  0.00
  G01769                  1.00   0.02  0.15  0.00  0.81  0.02  0.00  0.00  0.98  0.00
  G01770                  1.00   0.02  0.07  0.00  0.91  0.00  0.00  0.00  0.98  0.00
  G01771                  1.00   0.02  0.00  0.00  0.98  0.00  0.00  0.00  0.08  0.00
  G01772                  1.00   0.02  0.00  0.00  0.45  0.54  0.00  0.00  0.98  0.00
  G01773                  1.00   0.02  0.01  0.00  0.97  0.00  0.00  0.00  0.98  0.00
  G01774                  1.00   0.02  0.00  0.00  0.98  0.00  0.00  0.00  0.98  0.00
  G01775                  1.00   0.02  0.00  0.00  0.98  0.00  0.00  0.00  0.98  0.00
  G01776                  1.00   0.02  0.00  0.00  0.98  0.00  0.00  0.00  0.87  0.00
  G01777                  1.00   0.02  0.09  0.00  0.90  0.00  0.00  0.00  0.98  0.00
  G01778                  1.00   0.02  0.00  0.00  0.98  0.00  0.00  0.00  0.47  0.00
  G01779                  1.00   0.02  0.00  0.00  0.98  0.00  0.00  0.00  0.98  0.00
  G01780                  1.00   0.02  0.00  0.00  0.98  0.00  0.00  0.00  0.65  0.00
  G01781                  1.00   0.02  0.00  0.00  0.98  0.00  0.00  0.00  0.08  0.00
  G01782                  1.00   0.02  0.00  0.00  0.98  0.00  0.00  0.00  0.20  0.00
  G01783                  1.00   0.01  0.05  0.00  0.94  0.00  0.00  0.00  0.98  0.00
  G01784                  1.00   0.02  0.00  0.00  0.98  0.00  0.00  0.00  0.98  0.00
  G01785                  1.00   0.02  0.00  0.00  0.98  0.00  0.00  0.00  0.14  0.00
  G01786                  1.00   0.01  0.00  0.00  0.99  0.00  0.00  0.00  0.07  0.00
  G01787                  1.00   0.01  0.01  0.00  0.98  0.00  0.00  0.00  0.56  0.00
  G01788                  1.00   0.02  0.00  0.00  0.98  0.00  0.00  0.00  0.13  0.00
  G01789                  1.00   0.02  0.00  0.00  0.98  0.00  0.00  0.00  0.45  0.00
  G01790                  1.00   0.02  0.00  0.00  0.98  0.00  0.00  0.00  0.02  0.00
  G01791                  1.00   0.02  0.00  0.00  0.98  0.00  0.00  0.00  0.98  0.00
  G01792                  1.00   0.02  0.23  0.00  0.75  0.00  0.00  0.00  0.98  0.00
  G01793                  1.00   0.02  0.00  0.00  0.98  0.00  0.00  0.00  0.97  0.00
  G01794                  1.00   0.02  0.00  0.00  0.98  0.00  0.00  0.00  0.00  0.00
  G01795                  1.00   0.01  0.01  0.00  0.98  0.00  0.00  0.00  0.98  0.00
  G01796                  1.00   0.02  0.00  0.00  0.98  0.00  0.00  0.00  0.15  0.00
  G01797                  1.00   0.02  0.00  0.00  0.98  0.00  0.00  0.00  0.03  0.00
  G01798                  1.00   0.02  0.00  0.00  0.94  0.04  0.00  0.00  0.98  0.00
  G01799                  1.00   0.02  0.00  0.00  0.98  0.00  0.00  0.00  0.07  0.00
  G01800                  1.00   0.02  0.00  0.00  0.97  0.01  0.00  0.00  0.88  0.00
  G01801                  1.00   0.01  0.00  0.00  0.96  0.03  0.00  0.00  0.94  0.00
  G01802                  1.00   0.02  0.00  0.00  0.98  0.00  0.00  0.00  0.00  0.00
  G01803                  1.00   0.02  0.20  0.00  0.78  0.00  0.00  0.00  0.98  0.00
  G01804                  1.00   0.02  0.00  0.00  0.00  0.98  0.00  0.00  0.31  0.00
  G01805                  1.00   0.02  0.03  0.00  0.95  0.00  0.00  0.00  0.98  0.00
  G01806                  1.00   0.02  0.07  0.00  0.91  0.00  0.00  0.00  0.98  0.00
  G01807                  1.00   0.01  0.01  0.00  0.98  0.00  0.00  0.00  0.94  0.00
  G01808                  1.00   0.02  0.07  0.00  0.91  0.00  0.00  0.00  0.98  0.00
  G01809                  1.00   0.02  0.05  0.00  0.94  0.00  0.00  0.00  0.98  0.00
  G01810                  1.00   0.02  0.00  0.00  0.98  0.00  0.00  0.00  0.04  0.00
  G01811                  1.00   0.02  0.00  0.00  0.98  0.00  0.00  0.00  0.00  0.00
  G01812                  1.00   0.02  0.00  0.00  0.98  0.00  0.00  0.00  0.33  0.00
  G01813                  1.00   0.02  0.00  0.00  0.16  0.82  0.00  0.00  0.00  0.00
  G01814                  1.00   0.02  0.00  0.00  0.98  0.00  0.00  0.00  0.98  0.00
  G01815                  1.00   0.02  0.00  0.00  0.85  0.14  0.00  0.00  0.93  0.00
  G01816                  1.00   0.02  0.08  0.00  0.90  0.00  0.00  0.00  0.98  0.00
  G01817                  1.00   0.02  0.00  0.00  0.29  0.70  0.00  0.00  0.94  0.00
  G01818                  1.00   0.02  0.00  0.00  0.98  0.00  0.00  0.00  0.45  0.00
  G01819                  1.00   0.02  0.00  0.00  0.04  0.94  0.00  0.00  0.89  0.00
  G01820                  1.00   0.02  0.00  0.00  0.98  0.00  0.00  0.00  0.98  0.00
  G01821                  1.00   0.02  0.00  0.00  0.01  0.97  0.00  0.00  0.93  0.00
  G01822                  1.00   0.02  0.00  0.00  0.01  0.97  0.00  0.00  0.98  0.00
  G01823                  1.00   0.02  0.00  0.00  0.97  0.01  0.00  0.00  0.98  0.00
  G01824                  1.00   0.02  0.00  0.00  0.98  0.00  0.00  0.00  0.98  0.00
  G01825                  1.00   0.02  0.00  0.00  0.98  0.00  0.00  0.00  0.98  0.00
  G01826                  1.00   0.02  0.00  0.00  0.80  0.18  0.00  0.00  0.98  0.00
  G01827                  1.00   0.02  0.00  0.00  0.01  0.97  0.00  0.00  0.00  0.00
  G01828                  1.00   0.02  0.09  0.00  0.89  0.00  0.00  0.00  0.98  0.00
  G01829                  1.00   0.02  0.01  0.00  0.76  0.21  0.00  0.00  0.94  0.00
  G01830                  1.00   0.02  0.12  0.00  0.86  0.00  0.00  0.00  0.98  0.00
  G01831                  1.00   0.02  0.00  0.00  0.98  0.00  0.00  0.00  0.00  0.00
  G01832                  1.00   0.02  0.00  0.00  0.98  0.00  0.00  0.00  0.98  0.00
  G01833                  1.00   0.02  0.00  0.00  0.98  0.00  0.00  0.00  0.98  0.00
  G01834                  1.00   0.02  0.00  0.00  0.98  0.00  0.00  0.00  0.00  0.00
  G01835                  1.00   0.02  0.00  0.00  0.98  0.00  0.00  0.00  0.98  0.00
  G01836                  1.00   0.02  0.00  0.00  0.98  0.00  0.00  0.00  0.38  0.00
  G01837                  1.00   0.02  0.00  0.00  0.98  0.00  0.00  0.00  0.10  0.00
  G01838                  1.00   0.02  0.00  0.00  0.79  0.19  0.00  0.00  0.79  0.00
  G01839                  1.00   0.02  0.00  0.00  0.98  0.00  0.00  0.00  0.01  0.00
  G01840                  1.00   0.02  0.00  0.00  0.98  0.00  0.00  0.00  0.98  0.00
  G01841                  1.00   0.02  0.00  0.00  0.98  0.00  0.00  0.00  0.98  0.00
  G01842                  1.00   0.02  0.08  0.00  0.88  0.02  0.00  0.00  0.98  0.00
  G01843                  1.00   0.02  0.05  0.00  0.89  0.05  0.00  0.00  0.98  0.00
  G01844                  1.00   0.02  0.00  0.00  0.98  0.00  0.00  0.00  0.00  0.00
  G01845                  1.00   0.02  0.00  0.00  0.98  0.00  0.00  0.00  0.98  0.00
  G01846                  1.00   0.02  0.00  0.00  0.53  0.45  0.00  0.00  0.98  0.00
  G01847                  1.00   0.02  0.06  0.00  0.92  0.00  0.00  0.00  0.98  0.00
  G01848                  1.00   0.02  0.00  0.00  0.16  0.82  0.00  0.00  0.07  0.00
  G01849                  1.00   0.02  0.00  0.00  0.75  0.24  0.00  0.00  0.98  0.00
  G01850                  1.00   0.02  0.00  0.00  0.98  0.00  0.00  0.00  0.14  0.00
  G01851                  1.00   0.02  0.00  0.00  0.98  0.00  0.00  0.00  0.98  0.00
  G01852                  1.00   0.02  0.00  0.00  0.98  0.00  0.00  0.00  0.21  0.00
  G01853                  1.00   0.02  0.00  0.00  0.98  0.00  0.00  0.00  0.19  0.00
  G01854                  1.00   0.02  0.12  0.00  0.86  0.00  0.00  0.00  0.98  0.00
  G01855                  1.00   0.02  0.03  0.00  0.95  0.00  0.00  0.00  0.98  0.00
  G01856                  1.00   0.02  0.00  0.00  0.98  0.00  0.00  0.00  0.98  0.00
  G01857                  1.00   0.02  0.00  0.00  0.98  0.00  0.00  0.00  0.12  0.00
  G01858                  1.00   0.01  0.01  0.00  0.98  0.00  0.00  0.00  0.98  0.00
  G01859                  1.00   0.01  0.01  0.00  0.98  0.00  0.00  0.00  0.98  0.00
  G01860                  1.00   0.01  0.00  0.00  0.97  0.02  0.00  0.00  0.92  0.00
  G01861                  1.00   0.02  0.00  0.00  0.98  0.00  0.00  0.00  0.31  0.00
  G01862                  1.00   0.02  0.14  0.00  0.85  0.00  0.00  0.00  0.98  0.00
  G01863                  1.00   0.01  0.00  0.00  0.99  0.00  0.00  0.00  0.01  0.00
  G01864                  1.00   0.01  0.12  0.00  0.87  0.00  0.00  0.00  0.98  0.00
  G01865                  1.00   0.02  0.00  0.00  0.98  0.00  0.00  0.00  0.14  0.00
  G01866                  1.00   0.02  0.04  0.00  0.95  0.00  0.00  0.00  0.98  0.00
  G01867                  1.00   0.02  0.00  0.00  0.98  0.00  0.00  0.00  0.98  0.00
  G01868                  1.00   0.02  0.00  0.00  0.98  0.00  0.00  0.00  0.98  0.00
  G01869                  1.00   0.02  0.00  0.00  0.98  0.00  0.00  0.00  0.98  0.00
  G01870                  1.00   0.02  0.00  0.00  0.98  0.00  0.00  0.00  0.14  0.00
  G01871                  1.00   0.02  0.00  0.00  0.98  0.00  0.00  0.00  0.98  0.00
  G01872                  1.00   0.02  0.04  0.00  0.95  0.00  0.00  0.00  0.98  0.00
  G01873                  1.00   0.02  0.00  0.00  0.98  0.00  0.00  0.00  0.98  0.00
  G01874                  1.00   0.02  0.00  0.00  0.94  0.04  0.00  0.00  0.91  0.00
  G01875                  1.00   0.02  0.00  0.00  0.98  0.00  0.00  0.00  0.03  0.00
  G01876                  1.00   0.02  0.00  0.00  0.98  0.00  0.00  0.00  0.01  0.00
  G01877                  1.00   0.02  0.00  0.00  0.98  0.00  0.00  0.00  0.62  0.00
  G01878                  1.00   0.02  0.00  0.00  0.98  0.00  0.00  0.00  0.98  0.00
  G01879                  1.00   0.02  0.00  0.00  0.98  0.00  0.00  0.00  0.15  0.00
  G01880                  1.00   0.02  0.00  0.00  0.98  0.00  0.00  0.00  0.16  0.00
  G01881                  1.00   0.02  0.00  0.00  0.98  0.00  0.00  0.00  0.13  0.00
  G01882                  1.00   0.01  0.00  0.00  0.99  0.00  0.00  0.00  0.00  0.00
  G01883                  1.00   0.02  0.00  0.00  0.98  0.00  0.00  0.00  0.98  0.00
  G01884                  1.00   0.02  0.00  0.00  0.76  0.22  0.00  0.00  0.00  0.00
  G01885                  1.00   0.02  0.00  0.00  0.98  0.00  0.00  0.00  0.98  0.00
  G01886                  1.00   0.02  0.00  0.00  0.03  0.96  0.00  0.00  0.01  0.00
  G01887                  1.00   0.02  0.00  0.00  0.96  0.02  0.00  0.00  0.98  0.00
  G01888                  1.00   0.02  0.00  0.00  0.98  0.00  0.00  0.00  0.11  0.00
  G01889                  1.00   0.02  0.00  0.00  0.98  0.00  0.00  0.00  0.98  0.00
  G01890                  1.00   0.02  0.00  0.00  0.47  0.51  0.00  0.00  0.61  0.00
  G01891                  1.00   0.02  0.00  0.00  0.98  0.00  0.00  0.00  0.00  0.00
  G01892                  1.00   0.02  0.00  0.00  0.98  0.00  0.00  0.00  0.98  0.00
  G01893                  1.00   0.01  0.00  0.00  0.99  0.00  0.00  0.00  0.88  0.00
  G01894                  1.00   0.02  0.02  0.00  0.96  0.01  0.00  0.00  0.77  0.00
  G01895                  1.00   0.02  0.03  0.00  0.96  0.00  0.00  0.00  0.98  0.00
  G01896                  1.00   0.02  0.00  0.00  0.06  0.93  0.00  0.00  0.00  0.00
  G01897                  1.00   0.02  0.00  0.00  0.98  0.00  0.00  0.00  0.87  0.00
  G01898                  1.00   0.02  0.00  0.00  0.58  0.40  0.00  0.00  0.16  0.00
  G01899                  1.00   0.02  0.00  0.00  0.06  0.93  0.00  0.00  0.00  0.00
  G01900                  1.00   0.01  0.00  0.00  0.99  0.00  0.00  0.00  0.00  0.00
  G01901                  1.00   0.02  0.00  0.00  0.98  0.00  0.00  0.00  0.98  0.00
  G01902                  1.00   0.02  0.00  0.00  0.98  0.00  0.00  0.00  0.19  0.00
  G01903                  1.00   0.02  0.00  0.00  0.98  0.00  0.00  0.00  0.98  0.00
  G01904                  1.00   0.02  0.00  0.00  0.98  0.00  0.00  0.00  0.98  0.00
  G01905                  1.00   0.02  0.00  0.00  0.98  0.00  0.00  0.00  0.05  0.00
  G01906                  1.00   0.02  0.00  0.00  0.98  0.00  0.00  0.00  0.98  0.00
  G01907                  1.00   0.02  0.00  0.00  0.45  0.53  0.00  0.00  0.98  0.00
  G01908                  1.00   0.02  0.00  0.00  0.98  0.00  0.00  0.00  0.98  0.00
  G01909                  1.00   0.02  0.00  0.00  0.98  0.00  0.00  0.00  0.80  0.00
  G01910                  1.00   0.02  0.00  0.00  0.07  0.92  0.00  0.00  0.00  0.00
  G01911                  1.00   0.02  0.00  0.00  0.98  0.00  0.00  0.00  0.12  0.00
  G01912                  1.00   0.02  0.00  0.00  0.98  0.00  0.00  0.00  0.95  0.00
  G01913                  1.00   0.02  0.00  0.00  0.98  0.00  0.00  0.00  0.96  0.00
  G01914                  1.00   0.02  0.00  0.00  0.10  0.89  0.00  0.00  0.90  0.00
  G01915                  1.00   0.02  0.00  0.00  0.17  0.82  0.00  0.00  0.68  0.00
  G01916                  1.00   0.02  0.00  0.00  0.11  0.88  0.00  0.00  0.00  0.00
  G01917                  1.00   0.02  0.00  0.00  0.50  0.49  0.00  0.00  0.75  0.00
  G01918                  1.00   0.02  0.00  0.00  0.98  0.00  0.00  0.00  0.98  0.00
  G01919                  1.00   0.02  0.00  0.00  0.12  0.87  0.00  0.00  0.18  0.00
  G01920                  1.00   0.02  0.00  0.00  0.98  0.00  0.00  0.00  0.98  0.00
  G01921                  1.00   0.02  0.00  0.00  0.98  0.00  0.00  0.00  0.05  0.00
  G01922                  1.00   0.02  0.00  0.00  0.98  0.00  0.00  0.00  0.98  0.00
  G01923                  1.00   0.02  0.00  0.00  0.98  0.00  0.00  0.00  0.91  0.00
  G01924                  1.00   0.02  0.00  0.00  0.98  0.00  0.00  0.00  0.00  0.00
  G01925                  1.00   0.01  0.02  0.00  0.95  0.02  0.00  0.00  0.96  0.00
  G01926                  1.00   0.02  0.00  0.00  0.98  0.00  0.00  0.00  0.00  0.00
  G01927                  1.00   0.02  0.00  0.00  0.98  0.00  0.00  0.00  0.60  0.00
  G01928                  1.00   0.02  0.00  0.00  0.98  0.00  0.00  0.00  0.72  0.00
  G01929                  1.00   0.01  0.00  0.00  0.99  0.00  0.00  0.00  0.94  0.00
  G01930                  1.00   0.02  0.00  0.00  0.13  0.85  0.00  0.00  0.90  0.00
  G01931                  1.00   0.02  0.00  0.00  0.98  0.00  0.00  0.00  0.00  0.00
  G01932                  1.00   0.02  0.00  0.00  0.98  0.00  0.00  0.00  0.04  0.00
  G01933                  1.00   0.02  0.00  0.00  0.13  0.85  0.00  0.00  0.85  0.00
  G01934                  1.00   0.02  0.00  0.00  0.98  0.00  0.00  0.00  0.98  0.00
  G01935                  1.00   0.02  0.00  0.00  0.98  0.00  0.00  0.00  0.97  0.00
  G01936                  1.00   0.01  0.00  0.00  0.97  0.02  0.00  0.00  0.98  0.00
  G01937                  1.00   0.02  0.00  0.00  0.94  0.05  0.00  0.00  0.98  0.00
  G01938                  1.00   0.02  0.00  0.00  0.07  0.91  0.00  0.00  0.30  0.00
  G01939                  1.00   0.01  0.01  0.00  0.03  0.95  0.00  0.00  0.03  0.00
  G01940                  1.00   0.01  0.00  0.00  0.23  0.76  0.00  0.00  0.98  0.00
  G01941                  1.00   0.02  0.00  0.00  0.98  0.00  0.00  0.00  0.02  0.00
  G01942                  1.00   0.02  0.00  0.00  0.98  0.00  0.00  0.00  0.98  0.00
  G01943                  1.00   0.02  0.02  0.00  0.92  0.03  0.00  0.00  0.96  0.00
  G01944                  1.00   0.03  0.06  0.00  0.91  0.00  0.00  0.00  0.98  0.00
  G01945                  1.00   0.02  0.00  0.00  0.98  0.00  0.00  0.00  0.58  0.00
  G01946                  1.00   0.02  0.00  0.00  0.88  0.10  0.00  0.00  0.98  0.00
  G01947                  1.00   0.02  0.03  0.00  0.55  0.41  0.00  0.00  0.58  0.00
  G01948                  1.00   0.02  0.00  0.00  0.98  0.00  0.00  0.00  0.16  0.00
  G01949                  1.00   0.02  0.00  0.00  0.98  0.00  0.00  0.00  0.14  0.00
  G01950                  1.00   0.02  0.00  0.00  0.98  0.00  0.00  0.00  0.28  0.00
  G01951                  1.00   0.02  0.00  0.00  0.98  0.00  0.00  0.00  0.00  0.00
  G01952                  1.00   0.02  0.00  0.00  0.98  0.00  0.00  0.00  0.98  0.00
  G01953                  1.00   0.02  0.00  0.00  0.98  0.00  0.00  0.00  0.81  0.00
  G01954                  1.00   0.02  0.00  0.00  0.98  0.00  0.00  0.00  0.16  0.00
  G01955                  1.00   0.02  0.00  0.00  0.98  0.00  0.00  0.00  0.98  0.00
  G01956                  1.00   0.02  0.00  0.00  0.98  0.00  0.00  0.00  0.00  0.00
  G01957                  1.00   0.02  0.00  0.00  0.98  0.00  0.00  0.00  0.00  0.00
  G01958                  1.00   0.01  0.01  0.00  0.98  0.00  0.00  0.00  0.52  0.00
  G01959                  1.00   0.02  0.00  0.00  0.98  0.00  0.00  0.00  0.00  0.00
  G01960                  1.00   0.02  0.00  0.00  0.98  0.00  0.00  0.00  0.98  0.00
  G01961                  1.00   0.02  0.00  0.00  0.98  0.00  0.00  0.00  0.98  0.00
  G01962                  1.00   0.02  0.00  0.00  0.98  0.00  0.00  0.00  0.14  0.00
  G01963                  1.00   0.01  0.00  0.00  0.99  0.00  0.00  0.00  0.43  0.00
  G01964                  1.00   0.02  0.00  0.00  0.98  0.00  0.00  0.00  0.05  0.00
  G01965                  1.00   0.02  0.00  0.00  0.98  0.00  0.00  0.00  0.51  0.00
  G01966                  1.00   0.02  0.00  0.00  0.98  0.00  0.00  0.00  0.41  0.00
  G01967                  1.00   0.02  0.00  0.00  0.98  0.00  0.00  0.00  0.51  0.00
  G01968                  1.00   0.01  0.00  0.00  0.99  0.00  0.00  0.00  0.01  0.00
  G01969                  1.00   0.02  0.00  0.00  0.98  0.00  0.00  0.00  0.98  0.00
  G01970                  1.00   0.02  0.00  0.00  0.16  0.83  0.00  0.00  0.96  0.00
  G01971                  1.00   0.02  0.00  0.00  0.98  0.00  0.00  0.00  0.98  0.00
  G01972                  1.00   0.02  0.00  0.00  0.98  0.00  0.00  0.00  0.06  0.00
  G01973                  1.00   0.02  0.00  0.00  0.98  0.00  0.00  0.00  0.98  0.00
  G01974                  1.00   0.02  0.00  0.00  0.98  0.00  0.00  0.00  0.53  0.00
  G01975                  1.00   0.02  0.00  0.00  0.98  0.00  0.00  0.00  0.00  0.00
  G01976                  1.00   0.02  0.00  0.00  0.98  0.00  0.00  0.00  0.98  0.00
  G01977                  1.00   0.02  0.00  0.00  0.98  0.00  0.00  0.00  0.51  0.00
  G01978                  1.00   0.02  0.19  0.00  0.80  0.00  0.00  0.00  0.98  0.00
  G01979                  1.00   0.02  0.00  0.00  0.98  0.00  0.00  0.00  0.98  0.00
  G01980                  1.00   0.02  0.00  0.00  0.98  0.00  0.00  0.00  0.98  0.00
  G01981                  1.00   0.02  0.00  0.00  0.98  0.00  0.00  0.00  0.98  0.00
  G01982                  1.00   0.02  0.04  0.00  0.94  0.00  0.00  0.00  0.92  0.00
  G01983                  1.00   0.02  0.00  0.00  0.98  0.00  0.00  0.00  0.18  0.00
  G01984                  1.00   0.02  0.00  0.00  0.96  0.02  0.00  0.00  0.98  0.00
  G01985                  1.00   0.01  0.12  0.00  0.87  0.00  0.00  0.00  0.98  0.00
  G01986                  1.00   0.02  0.09  0.00  0.90  0.00  0.00  0.00  0.98  0.00
  G01987                  1.00   0.01  0.19  0.00  0.80  0.00  0.00  0.00  0.98  0.00
  G01988                  1.00   0.02  0.00  0.00  0.98  0.00  0.00  0.00  0.92  0.00
  G01989                  1.00   0.02  0.00  0.00  0.98  0.00  0.00  0.00  0.98  0.00
  G01990                  1.00   0.02  0.00  0.00  0.98  0.00  0.00  0.00  0.06  0.00
  G01991                  1.00   0.02  0.00  0.00  0.98  0.00  0.00  0.00  0.94  0.00
  G01992                  1.00   0.02  0.08  0.00  0.90  0.00  0.00  0.00  0.98  0.00
  G01993                  1.00   0.02  0.00  0.00  0.00  0.98  0.00  0.00  0.98  0.00
  G01994                  1.00   0.02  0.00  0.00  0.98  0.00  0.00  0.00  0.98  0.00
  G01995                  1.00   0.02  0.14  0.00  0.84  0.00  0.00  0.00  0.98  0.00
  G01996                  1.00   0.02  0.00  0.00  0.98  0.00  0.00  0.00  0.00  0.00
  G01997                  1.00   0.02  0.00  0.00  0.98  0.00  0.00  0.00  0.79  0.00
  G01998                  1.00   0.02  0.00  0.00  0.97  0.02  0.00  0.00  0.98  0.00
  G01999                  1.00   0.02  0.00  0.00  0.98  0.00  0.00  0.00  0.13  0.00
  G02000                  1.00   0.02  0.00  0.00  0.98  0.00  0.00  0.00  0.85  0.00
  G02001                  1.00   0.02  0.00  0.00  0.98  0.00  0.00  0.00  0.00  0.00
  G02002                  1.00   0.02  0.00  0.00  0.98  0.00  0.00  0.00  0.41  0.00
  G02003                  1.00   0.02  0.00  0.00  0.98  0.00  0.00  0.00  0.57  0.00
  G02004                  1.00   0.02  0.00  0.00  0.98  0.00  0.00  0.00  0.57  0.00
  G02005                  1.00   0.02  0.00  0.00  0.98  0.00  0.00  0.00  0.92  0.00
  G02006                  1.00   0.02  0.00  0.00  0.10  0.88  0.00  0.00  0.09  0.00
  G02007                  1.00   0.02  0.00  0.00  0.98  0.00  0.00  0.00  0.95  0.00
  G02008                  1.00   0.02  0.00  0.00  0.98  0.00  0.00  0.00  0.98  0.00
  G02009                  1.00   0.01  0.01  0.00  0.98  0.00  0.00  0.00  0.56  0.00
  G02010                  1.00   0.02  0.00  0.00  0.63  0.36  0.00  0.00  0.98  0.00
  G02011                  1.00   0.02  0.00  0.00  0.98  0.00  0.00  0.00  0.00  0.00
  G02012                  1.00   0.02  0.00  0.00  0.98  0.00  0.00  0.00  0.00  0.00
  G02013                  1.00   0.02  0.00  0.00  0.98  0.00  0.00  0.00  0.43  0.00
  G02014                  1.00   0.02  0.00  0.00  0.98  0.00  0.00  0.00  0.00  0.00
  G02015                  1.00   0.02  0.00  0.00  0.98  0.00  0.00  0.00  0.12  0.00
  G02016                  1.00   0.02  0.00  0.00  0.98  0.00  0.00  0.00  0.98  0.00
  G02017                  1.00   0.02  0.00  0.00  0.98  0.00  0.00  0.00  0.04  0.00
  G02018                  1.00   0.02  0.00  0.00  0.96  0.02  0.00  0.00  0.98  0.00
  G02019                  1.00   0.02  0.00  0.00  0.98  0.00  0.00  0.00  0.15  0.00
  G02020                  1.00   0.02  0.00  0.00  0.98  0.00  0.00  0.00  0.93  0.00
  G02021                  1.00   0.02  0.00  0.00  0.98  0.00  0.00  0.00  0.00  0.00
  G02022                  1.00   0.02  0.00  0.00  0.98  0.00  0.00  0.00  0.43  0.00
  G02023                  1.00   0.02  0.00  0.00  0.98  0.00  0.00  0.00  0.00  0.00
  G02024                  1.00   0.02  0.00  0.00  0.98  0.00  0.00  0.00  0.98  0.00
  G02025                  1.00   0.02  0.00  0.00  0.98  0.00  0.00  0.00  0.98  0.00
  G02026                  1.00   0.01  0.01  0.00  0.98  0.00  0.00  0.00  0.98  0.00
  G02027                  1.00   0.01  0.30  0.00  0.69  0.00  0.00  0.00  0.98  0.00
  G02028                  1.00   0.01  0.03  0.00  0.96  0.00  0.00  0.00  0.98  0.00
  G02029                  1.00   0.02  0.00  0.00  0.98  0.00  0.00  0.00  0.19  0.00
  G02030                  1.00   0.01  0.00  0.00  0.99  0.00  0.00  0.00  0.00  0.00
  G02031                  1.00   0.02  0.00  0.00  0.98  0.00  0.00  0.00  0.98  0.00
  G02032                  1.00   0.01  0.01  0.00  0.98  0.00  0.00  0.00  0.98  0.00
  G02033                  1.00   0.02  0.00  0.00  0.98  0.00  0.00  0.00  0.47  0.00
  G02034                  1.00   0.02  0.00  0.00  0.98  0.00  0.00  0.00  0.68  0.00
  G02035                  1.00   0.02  0.00  0.00  0.98  0.00  0.00  0.00  0.97  0.00
  G02036                  1.00   0.02  0.00  0.00  0.98  0.00  0.00  0.00  0.98  0.00
  G02037                  1.00   0.02  0.00  0.00  0.98  0.00  0.00  0.00  0.00  0.00
  G02038                  1.00   0.02  0.00  0.00  0.98  0.00  0.00  0.00  0.98  0.00
  G02039                  1.00   0.01  0.01  0.00  0.98  0.00  0.00  0.00  0.98  0.00
  G02040                  1.00   0.02  0.00  0.00  0.50  0.49  0.00  0.00  0.85  0.00
  G02041                  1.00   0.02  0.00  0.00  0.01  0.97  0.00  0.00  0.90  0.00
  G02042                  1.00   0.01  0.01  0.00  0.98  0.00  0.00  0.00  0.98  0.00
  G02043                  1.00   0.01  0.00  0.00  0.99  0.00  0.00  0.00  0.24  0.00
  G02044                  1.00   0.02  0.00  0.00  0.06  0.92  0.00  0.00  0.71  0.00
  G02045                  1.00   0.02  0.00  0.00  0.98  0.00  0.00  0.00  0.98  0.00
  G02046                  1.00   0.02  0.03  0.00  0.96  0.00  0.00  0.00  0.98  0.00
  G02047                  1.00   0.02  0.00  0.00  0.98  0.00  0.00  0.00  0.98  0.00
  G02048                  1.00   0.02  0.00  0.00  0.98  0.00  0.00  0.00  0.58  0.00
  G02049                  1.00   0.02  0.00  0.00  0.98  0.00  0.00  0.00  0.07  0.00
  G02050                  1.00   0.02  0.00  0.00  0.98  0.00  0.00  0.00  0.98  0.00
  G02051                  1.00   0.01  0.01  0.00  0.98  0.00  0.00  0.00  0.98  0.00
  G02052                  1.00   0.02  0.00  0.00  0.98  0.00  0.00  0.00  0.16  0.00
  G02053                  1.00   0.02  0.00  0.00  0.83  0.15  0.00  0.00  0.98  0.00
  G02054                  1.00   0.02  0.00  0.00  0.98  0.00  0.00  0.00  0.98  0.00
  G02055                  1.00   0.02  0.00  0.00  0.98  0.00  0.00  0.00  0.62  0.00
  O00001                  1.00   0.02  0.00  0.00  0.98  0.00  0.00  0.00  0.08  0.00
  O00002                  1.00   0.02  0.00  0.00  0.98  0.00  0.00  0.00  0.09  0.00
  O00003                  1.00   0.02  0.00  0.00  0.98  0.00  0.00  0.00  0.12  0.00
  O00004                  1.00   0.02  0.00  0.00  0.98  0.00  0.00  0.00  0.10  0.00
  O00005                  1.00   0.02  0.00  0.00  0.98  0.00  0.00  0.00  0.08  0.00
  O00006                  1.00   0.02  0.00  0.00  0.98  0.00  0.00  0.00  0.10  0.00
  O00007                  1.00   0.02  0.00  0.00  0.98  0.00  0.00  0.00  0.10  0.00
  O00008                  1.00   0.02  0.00  0.00  0.98  0.00  0.00  0.00  0.08  0.00
  O00009                  1.00   0.02  0.00  0.00  0.98  0.00  0.00  0.00  0.10  0.00
  O00010                  1.00   0.01  0.00  0.00  0.99  0.00  0.00  0.00  0.08  0.00
  O00011                  1.00   0.02  0.00  0.00  0.98  0.00  0.00  0.00  0.10  0.00
  O00012                  1.00   0.02  0.00  0.00  0.98  0.00  0.00  0.00  0.08  0.00
  O00013                  1.00   0.02  0.00  0.00  0.98  0.00  0.00  0.00  0.08  0.00
  O00014                  1.00   0.02  0.00  0.00  0.98  0.00  0.00  0.00  0.10  0.00
  O00015                  1.00   0.02  0.00  0.00  0.98  0.00  0.00  0.00  0.08  0.00
  O00016                  1.00   0.02  0.00  0.00  0.98  0.00  0.00  0.00  0.05  0.00
  O00017                  1.00   0.02  0.00  0.00  0.98  0.00  0.00  0.00  0.05  0.00
  O00018                  1.00   0.01  0.00  0.00  0.99  0.00  0.00  0.00  0.09  0.00
  O00019                  1.00   0.02  0.00  0.00  0.98  0.00  0.00  0.00  0.10  0.00
  O00020                  1.00   0.02  0.00  0.00  0.98  0.00  0.00  0.00  0.10  0.00
  O00021                  1.00   0.02  0.00  0.00  0.98  0.00  0.00  0.00  0.62  0.00
  O00022                  1.00   0.02  0.00  0.00  0.98  0.00  0.00  0.00  0.26  0.00
  O00023                  1.00   0.02  0.00  0.00  0.98  0.00  0.00  0.00  0.11  0.00
  O00024                  1.00   0.02  0.00  0.00  0.98  0.00  0.00  0.00  0.11  0.00
  O00025                  1.00   0.01  0.00  0.00  0.99  0.00  0.00  0.00  0.28  0.00
  O00026                  1.00   0.02  0.00  0.00  0.98  0.00  0.00  0.00  0.06  0.00
  O00027                  1.00   0.02  0.00  0.00  0.98  0.00  0.00  0.00  0.09  0.00
  O00028                  1.00   0.02  0.00  0.00  0.98  0.00  0.00  0.00  0.12  0.00
  O00029                  1.00   0.02  0.00  0.00  0.98  0.00  0.00  0.00  0.11  0.00
  O00030                  1.00   0.02  0.00  0.00  0.98  0.00  0.00  0.00  0.06  0.00
  O00031                  1.00   0.02  0.00  0.00  0.98  0.00  0.00  0.00  0.05  0.00
  O00032                  1.00   0.02  0.00  0.00  0.98  0.00  0.00  0.00  0.11  0.00
  O00033                  1.00   0.02  0.00  0.00  0.98  0.00  0.00  0.00  0.08  0.00
  O00034                  1.00   0.02  0.00  0.00  0.98  0.00  0.00  0.00  0.55  0.00
  O00035                  1.00   0.02  0.00  0.00  0.98  0.00  0.00  0.00  0.07  0.00
  O00036                  1.00   0.02  0.00  0.00  0.98  0.00  0.00  0.00  0.08  0.00
  O00037                  1.00   0.02  0.00  0.00  0.98  0.00  0.00  0.00  0.07  0.00
  O00038                  1.00   0.02  0.00  0.00  0.98  0.00  0.00  0.00  0.82  0.00
  O00039                  1.00   0.02  0.00  0.00  0.98  0.00  0.00  0.00  0.29  0.00
  O00040                  1.00   0.02  0.00  0.00  0.98  0.00  0.00  0.00  0.16  0.00
  O00041                  1.00   0.02  0.00  0.00  0.98  0.00  0.00  0.00  0.12  0.00
  O00042                  1.00   0.02  0.00  0.00  0.98  0.00  0.00  0.00  0.09  0.00
  O00043                  1.00   0.02  0.00  0.00  0.98  0.00  0.00  0.00  0.69  0.00
  O00044                  1.00   0.02  0.00  0.00  0.98  0.00  0.00  0.00  0.05  0.00
  O00045                  1.00   0.02  0.00  0.00  0.98  0.00  0.00  0.00  0.11  0.00
  O00046                  1.00   0.02  0.00  0.00  0.98  0.00  0.00  0.00  0.11  0.00
  O00047                  1.00   0.02  0.00  0.00  0.98  0.00  0.00  0.00  0.10  0.00
  O00048                  1.00   0.02  0.00  0.00  0.98  0.00  0.00  0.00  0.26  0.00
  O00049                  1.00   0.02  0.00  0.00  0.98  0.00  0.00  0.00  0.11  0.00
  O00050                  1.00   0.02  0.00  0.00  0.98  0.00  0.00  0.00  0.11  0.00
  O00051                  1.00   0.02  0.00  0.00  0.98  0.00  0.00  0.00  0.08  0.00
  O00052                  1.00   0.02  0.00  0.00  0.98  0.00  0.00  0.00  0.10  0.00
  O00053                  1.00   0.02  0.00  0.00  0.98  0.00  0.00  0.00  0.12  0.00
  O00054                  1.00   0.02  0.00  0.00  0.98  0.00  0.00  0.00  0.09  0.00
  O00055                  1.00   0.02  0.00  0.00  0.98  0.00  0.00  0.00  0.31  0.00
  O00056                  1.00   0.02  0.00  0.00  0.98  0.00  0.00  0.00  0.09  0.00
  O00057                  1.00   0.02  0.00  0.00  0.98  0.00  0.00  0.00  0.08  0.00
  O00058                  1.00   0.02  0.00  0.00  0.98  0.00  0.00  0.00  0.07  0.00
  O00059                  1.00   0.02  0.00  0.00  0.98  0.00  0.00  0.00  0.17  0.00
  O00060                  1.00   0.02  0.00  0.00  0.98  0.00  0.00  0.00  0.08  0.00
  O00061                  1.00   0.02  0.00  0.00  0.98  0.00  0.00  0.00  0.08  0.00
  O00062                  1.00   0.02  0.00  0.00  0.98  0.00  0.00  0.00  0.07  0.00
  O00063                  1.00   0.02  0.00  0.00  0.98  0.00  0.00  0.00  0.63  0.00
  O00064                  1.00   0.02  0.00  0.00  0.98  0.00  0.00  0.00  0.12  0.00
  O00065                  1.00   0.02  0.00  0.00  0.98  0.00  0.00  0.00  0.09  0.00
  O00066                  1.00   0.02  0.00  0.00  0.98  0.00  0.00  0.00  0.09  0.00
  O00067                  1.00   0.02  0.00  0.00  0.98  0.00  0.00  0.00  0.09  0.00
  O00068                  1.00   0.02  0.00  0.00  0.98  0.00  0.00  0.00  0.15  0.00
  O00069                  1.00   0.02  0.00  0.00  0.98  0.00  0.00  0.00  0.12  0.00
  O00070                  1.00   0.02  0.00  0.00  0.98  0.00  0.00  0.00  0.67  0.00
  O00071                  1.00   0.02  0.00  0.00  0.98  0.00  0.00  0.00  0.13  0.00
  O00072                  1.00   0.02  0.00  0.00  0.98  0.00  0.00  0.00  0.08  0.00
  O00073                  1.00   0.02  0.00  0.00  0.98  0.00  0.00  0.00  0.51  0.00
  O00074                  1.00   0.02  0.00  0.00  0.98  0.00  0.00  0.00  0.06  0.00
  O00075                  1.00   0.02  0.00  0.00  0.98  0.00  0.00  0.00  0.06  0.00
  O00076                  1.00   0.02  0.00  0.00  0.98  0.00  0.00  0.00  0.10  0.00
  O00077                  1.00   0.02  0.00  0.00  0.98  0.00  0.00  0.00  0.09  0.00
  O00078                  1.00   0.02  0.00  0.00  0.98  0.00  0.00  0.00  0.10  0.00
  O00079                  1.00   0.02  0.00  0.00  0.98  0.00  0.00  0.00  0.09  0.00
  O00080                  1.00   0.02  0.00  0.00  0.98  0.00  0.00  0.00  0.07  0.00
  O00081                  1.00   0.02  0.00  0.00  0.98  0.00  0.00  0.00  0.10  0.00
  O00082                  1.00   0.02  0.00  0.00  0.98  0.00  0.00  0.00  0.12  0.00
  O00083                  1.00   0.02  0.00  0.00  0.98  0.00  0.00  0.00  0.34  0.00
  O00084                  1.00   0.02  0.00  0.00  0.98  0.00  0.00  0.00  0.09  0.00
  O00085                  1.00   0.02  0.00  0.00  0.98  0.00  0.00  0.00  0.08  0.00
  O00086                  1.00   0.02  0.00  0.00  0.98  0.00  0.00  0.00  0.08  0.00
  O00087                  1.00   0.02  0.00  0.00  0.98  0.00  0.00  0.00  0.12  0.00
  O00088                  1.00   0.02  0.00  0.00  0.98  0.00  0.00  0.00  0.25  0.00
  O00089                  1.00   0.02  0.00  0.00  0.98  0.00  0.00  0.00  0.10  0.00
  O00090                  1.00   0.02  0.00  0.00  0.98  0.00  0.00  0.00  0.07  0.00
  O00091                  1.00   0.02  0.00  0.00  0.98  0.00  0.00  0.00  0.18  0.00
  O00092                  1.00   0.02  0.00  0.00  0.98  0.00  0.00  0.00  0.52  0.00
  O00093                  1.00   0.02  0.00  0.00  0.98  0.00  0.00  0.00  0.11  0.00
  O00094                  1.00   0.02  0.00  0.00  0.98  0.00  0.00  0.00  0.08  0.00
  O00095                  1.00   0.02  0.00  0.00  0.98  0.00  0.00  0.00  0.08  0.00
  O00096                  1.00   0.02  0.00  0.00  0.98  0.00  0.00  0.00  0.10  0.00
  O00097                  1.00   0.01  0.00  0.00  0.99  0.00  0.00  0.00  0.18  0.00
  O00098                  1.00   0.02  0.00  0.00  0.98  0.00  0.00  0.00  0.10  0.00
  O00099                  1.00   0.02  0.00  0.00  0.98  0.00  0.00  0.00  0.09  0.00
  O00100                  1.00   0.02  0.00  0.00  0.98  0.00  0.00  0.00  0.09  0.00
  O00101                  1.00   0.02  0.00  0.00  0.98  0.00  0.00  0.00  0.12  0.00
  O00102                  1.00   0.02  0.00  0.00  0.98  0.00  0.00  0.00  0.79  0.00
  O00103                  1.00   0.02  0.00  0.00  0.98  0.00  0.00  0.00  0.10  0.00
  O00104                  1.00   0.02  0.00  0.00  0.98  0.00  0.00  0.00  0.11  0.00
  O00105                  1.00   0.02  0.00  0.00  0.98  0.00  0.00  0.00  0.09  0.00
  O00106                  1.00   0.02  0.00  0.00  0.98  0.00  0.00  0.00  0.06  0.00
  O00107                  1.00   0.02  0.00  0.00  0.98  0.00  0.00  0.00  0.06  0.00
  O00108                  1.00   0.02  0.00  0.00  0.98  0.00  0.00  0.00  0.26  0.00
  O00109                  1.00   0.02  0.00  0.00  0.98  0.00  0.00  0.00  0.17  0.00
  O00110                  1.00   0.02  0.00  0.00  0.98  0.00  0.00  0.00  0.10  0.00
  O00111                  1.00   0.02  0.00  0.00  0.98  0.00  0.00  0.00  0.10  0.00
  O00112                  1.00   0.01  0.00  0.00  0.99  0.00  0.00  0.00  0.06  0.00
  O00113                  1.00   0.02  0.00  0.00  0.98  0.00  0.00  0.00  0.10  0.00
  O00114                  1.00   0.02  0.00  0.00  0.98  0.00  0.00  0.00  0.16  0.00
  O00115                  1.00   0.02  0.00  0.00  0.98  0.00  0.00  0.00  0.12  0.00
  O00116                  1.00   0.02  0.00  0.00  0.98  0.00  0.00  0.00  0.07  0.00
  O00117                  1.00   0.02  0.00  0.00  0.98  0.00  0.00  0.00  0.66  0.00
  O00118                  1.00   0.02  0.00  0.00  0.98  0.00  0.00  0.00  0.10  0.00
  O00119                  1.00   0.02  0.00  0.00  0.98  0.00  0.00  0.00  0.10  0.00
  O00120                  1.00   0.02  0.00  0.00  0.98  0.00  0.00  0.00  0.10  0.00
  O00121                  1.00   0.02  0.00  0.00  0.98  0.00  0.00  0.00  0.10  0.00
  O00122                  1.00   0.02  0.00  0.00  0.98  0.00  0.00  0.00  0.10  0.00
  O00123                  1.00   0.02  0.00  0.00  0.98  0.00  0.00  0.00  0.08  0.00
  O00124                  1.00   0.02  0.00  0.00  0.98  0.00  0.00  0.00  0.10  0.00
  O00125                  1.00   0.02  0.00  0.00  0.98  0.00  0.00  0.00  0.09  0.00
  O00126                  1.00   0.02  0.00  0.00  0.98  0.00  0.00  0.00  0.46  0.00
  O00127                  1.00   0.02  0.00  0.00  0.98  0.00  0.00  0.00  0.73  0.00
  O00128                  1.00   0.02  0.00  0.00  0.98  0.00  0.00  0.00  0.11  0.00
  O00129                  1.00   0.02  0.00  0.00  0.98  0.00  0.00  0.00  0.26  0.00
  O00130                  1.00   0.02  0.00  0.00  0.98  0.00  0.00  0.00  0.09  0.00
  O00131                  1.00   0.02  0.00  0.00  0.98  0.00  0.00  0.00  0.08  0.00
  O00132                  1.00   0.02  0.00  0.00  0.98  0.00  0.00  0.00  0.14  0.00
  O00133                  1.00   0.02  0.00  0.00  0.98  0.00  0.00  0.00  0.06  0.00
  O00134                  1.00   0.02  0.00  0.00  0.98  0.00  0.00  0.00  0.05  0.00
  O00135                  1.00   0.02  0.00  0.00  0.98  0.00  0.00  0.00  0.11  0.00
  O00136                  1.00   0.02  0.00  0.00  0.98  0.00  0.00  0.00  0.09  0.00
  O00137                  1.00   0.02  0.00  0.00  0.98  0.00  0.00  0.00  0.17  0.00
  O00138                  1.00   0.02  0.00  0.00  0.98  0.00  0.00  0.00  0.50  0.00
  O00139                  1.00   0.02  0.00  0.00  0.98  0.00  0.00  0.00  0.70  0.00
  O00140                  1.00   0.02  0.00  0.00  0.98  0.00  0.00  0.00  0.08  0.00
  O00141                  1.00   0.02  0.00  0.00  0.98  0.00  0.00  0.00  0.06  0.00
  O00142                  1.00   0.02  0.00  0.00  0.98  0.00  0.00  0.00  0.26  0.00
  O00143                  1.00   0.02  0.00  0.00  0.98  0.00  0.00  0.00  0.50  0.00
  O00144                  1.00   0.02  0.00  0.00  0.98  0.00  0.00  0.00  0.11  0.00
  O00145                  1.00   0.02  0.00  0.00  0.98  0.00  0.00  0.00  0.15  0.00
  O00146                  1.00   0.02  0.00  0.00  0.98  0.00  0.00  0.00  0.07  0.00
  O00147                  1.00   0.02  0.00  0.00  0.98  0.00  0.00  0.00  0.33  0.00
  O00148                  1.00   0.02  0.00  0.00  0.98  0.00  0.00  0.00  0.42  0.00
  O00149                  1.00   0.02  0.00  0.00  0.98  0.00  0.00  0.00  0.04  0.00
  O00150                  1.00   0.02  0.00  0.00  0.98  0.00  0.00  0.00  0.10  0.00
  O00151                  1.00   0.02  0.00  0.00  0.98  0.00  0.00  0.00  0.38  0.00
  O00152                  1.00   0.02  0.00  0.00  0.98  0.00  0.00  0.00  0.10  0.00
  O00153                  1.00   0.02  0.00  0.00  0.98  0.00  0.00  0.00  0.11  0.00
  O00154                  1.00   0.02  0.00  0.00  0.98  0.00  0.00  0.00  0.10  0.00
  O00155                  1.00   0.02  0.00  0.00  0.98  0.00  0.00  0.00  0.10  0.00
  O00156                  1.00   0.02  0.00  0.00  0.98  0.00  0.00  0.00  0.13  0.00
  O00157                  1.00   0.02  0.00  0.00  0.98  0.00  0.00  0.00  0.08  0.00
  O00158                  1.00   0.02  0.00  0.00  0.98  0.00  0.00  0.00  0.08  0.00
  O00159                  1.00   0.02  0.00  0.00  0.98  0.00  0.00  0.00  0.09  0.00
  O00160                  1.00   0.02  0.00  0.00  0.98  0.00  0.00  0.00  0.08  0.00
  O00161                  1.00   0.02  0.00  0.00  0.98  0.00  0.00  0.00  0.29  0.00
  O00162                  1.00   0.02  0.00  0.00  0.98  0.00  0.00  0.00  0.55  0.00
  O00163                  1.00   0.02  0.00  0.00  0.98  0.00  0.00  0.00  0.11  0.00
  O00164                  1.00   0.02  0.00  0.00  0.98  0.00  0.00  0.00  0.10  0.00
  O00165                  1.00   0.02  0.00  0.00  0.98  0.00  0.00  0.00  0.09  0.00
  O00166                  1.00   0.02  0.00  0.00  0.98  0.00  0.00  0.00  0.06  0.00
  O00167                  1.00   0.02  0.00  0.00  0.98  0.00  0.00  0.00  0.66  0.00
  O00168                  1.00   0.02  0.00  0.00  0.98  0.00  0.00  0.00  0.09  0.00
  O00169                  1.00   0.02  0.00  0.00  0.98  0.00  0.00  0.00  0.50  0.00
  O00170                  1.00   0.02  0.00  0.00  0.98  0.00  0.00  0.00  0.15  0.00
  O00171                  1.00   0.02  0.00  0.00  0.98  0.00  0.00  0.00  0.13  0.00
  O00172                  1.00   0.02  0.00  0.00  0.98  0.00  0.00  0.00  0.09  0.00
  O00173                  1.00   0.02  0.00  0.00  0.98  0.00  0.00  0.00  0.83  0.00
  O00174                  1.00   0.02  0.00  0.00  0.98  0.00  0.00  0.00  0.14  0.00
  O00175                  1.00   0.02  0.00  0.00  0.98  0.00  0.00  0.00  0.12  0.00
  O00176                  1.00   0.02  0.00  0.00  0.98  0.00  0.00  0.00  0.09  0.00
  O00177                  1.00   0.02  0.00  0.00  0.98  0.00  0.00  0.00  0.10  0.00
  O00178                  1.00   0.02  0.00  0.00  0.98  0.00  0.00  0.00  0.09  0.00
  O00179                  1.00   0.02  0.00  0.00  0.98  0.00  0.00  0.00  0.81  0.00
  O00180                  1.00   0.02  0.00  0.00  0.98  0.00  0.00  0.00  0.11  0.00
  O00181                  1.00   0.02  0.00  0.00  0.98  0.00  0.00  0.00  0.10  0.00
  O00182                  1.00   0.02  0.00  0.00  0.98  0.00  0.00  0.00  0.05  0.00
  O00183                  1.00   0.02  0.00  0.00  0.98  0.00  0.00  0.00  0.10  0.00
  O00184                  1.00   0.02  0.00  0.00  0.98  0.00  0.00  0.00  0.18  0.00
  O00185                  1.00   0.01  0.00  0.00  0.99  0.00  0.00  0.00  0.07  0.00
  O00186                  1.00   0.02  0.00  0.00  0.98  0.00  0.00  0.00  0.69  0.00
  O00187                  1.00   0.02  0.00  0.00  0.98  0.00  0.00  0.00  0.58  0.00
  O00188                  1.00   0.02  0.00  0.00  0.98  0.00  0.00  0.00  0.17  0.00
  O00189                  1.00   0.02  0.00  0.00  0.98  0.00  0.00  0.00  0.52  0.00
  O00190                  1.00   0.02  0.00  0.00  0.98  0.00  0.00  0.00  0.10  0.00
  O00191                  1.00   0.02  0.00  0.00  0.98  0.00  0.00  0.00  0.79  0.00
  O00192                  1.00   0.02  0.00  0.00  0.98  0.00  0.00  0.00  0.81  0.00
  O00193                  1.00   0.02  0.00  0.00  0.98  0.00  0.00  0.00  0.11  0.00
  O00194                  1.00   0.02  0.00  0.00  0.98  0.00  0.00  0.00  0.09  0.00
  O00195                  1.00   0.02  0.00  0.00  0.98  0.00  0.00  0.00  0.11  0.00
  O00196                  1.00   0.02  0.00  0.00  0.98  0.00  0.00  0.00  0.21  0.00
  O00197                  1.00   0.02  0.00  0.00  0.98  0.00  0.00  0.00  0.35  0.00
  O00198                  1.00   0.02  0.00  0.00  0.98  0.00  0.00  0.00  0.07  0.00
  O00199                  1.00   0.02  0.00  0.00  0.98  0.00  0.00  0.00  0.83  0.00
  O00200                  1.00   0.02  0.00  0.00  0.98  0.00  0.00  0.00  0.35  0.00
  O00201                  1.00   0.02  0.00  0.00  0.98  0.00  0.00  0.00  0.11  0.00
  O00202                  1.00   0.02  0.00  0.00  0.98  0.00  0.00  0.00  0.09  0.00
  O00203                  1.00   0.02  0.00  0.00  0.98  0.00  0.00  0.00  0.49  0.00
  O00204                  1.00   0.02  0.00  0.00  0.98  0.00  0.00  0.00  0.11  0.00
  O00205                  1.00   0.02  0.00  0.00  0.98  0.00  0.00  0.00  0.10  0.00
  O00206                  1.00   0.03  0.00  0.00  0.97  0.00  0.00  0.00  0.84  0.00
  O00207                  1.00   0.02  0.00  0.00  0.98  0.00  0.00  0.00  0.12  0.00
  O00208                  1.00   0.02  0.00  0.00  0.98  0.00  0.00  0.00  0.13  0.00
  O00209                  1.00   0.02  0.00  0.00  0.98  0.00  0.00  0.00  0.11  0.00
  O00210                  1.00   0.02  0.00  0.00  0.98  0.00  0.00  0.00  0.81  0.00
  O00211                  1.00   0.02  0.00  0.00  0.98  0.00  0.00  0.00  0.08  0.00
  O00212                  1.00   0.02  0.00  0.00  0.98  0.00  0.00  0.00  0.09  0.00
  O00213                  1.00   0.02  0.00  0.00  0.98  0.00  0.00  0.00  0.08  0.00
  O00214                  1.00   0.02  0.00  0.00  0.98  0.00  0.00  0.00  0.08  0.00
  O00215                  1.00   0.02  0.00  0.00  0.98  0.00  0.00  0.00  0.05  0.00
  O00216                  1.00   0.02  0.00  0.00  0.98  0.00  0.00  0.00  0.10  0.00
  O00217                  1.00   0.01  0.00  0.00  0.99  0.00  0.00  0.00  0.09  0.00
  O00218                  1.00   0.02  0.00  0.00  0.98  0.00  0.00  0.00  0.11  0.00
  O00219                  1.00   0.02  0.00  0.00  0.98  0.00  0.00  0.00  0.10  0.00
  O00220                  1.00   0.01  0.00  0.00  0.99  0.00  0.00  0.00  0.16  0.00
  O00221                  1.00   0.02  0.00  0.00  0.98  0.00  0.00  0.00  0.05  0.00
  
  
  *************************
  Conduit Surcharge Summary
  *************************
  
  ----------------------------------------------------------------------------
                                                           Hours        Hours 
                         --------- Hours Full --------   Above Full   Capacity
  Conduit                Both Ends  Upstream  Dnstream   Normal Flow   Limited
  ----------------------------------------------------------------------------
  G00003                      0.01      0.01      0.54      0.01         0.01
  G00004                      1.53      1.53      1.97      0.01         0.01
  G00005                      0.01      0.01      1.53      0.01         0.01
  G00019                      0.86      0.86      1.22      0.01         0.01
  G00020                      0.01      0.01      0.86      0.01         0.01
  G00033                      0.01      0.01      0.83      0.01         0.01
  G00034                      0.83      0.83      1.22      0.01         0.01
  G00051                      0.01      0.01      0.23      0.01         0.01
  G00052                      0.01      0.01      1.02      0.01         0.01
  G00053                      0.75      0.75      1.02      0.01         0.01
  G00054                      0.47      0.47      0.75      0.01         0.01
  G00060                      0.54      0.54      0.64      0.01         0.01
  G00063                      0.01      0.01      0.54      0.01         0.01
  G00067                      0.01      0.01      0.48      0.01         0.01
  G00068                      0.01      0.01      2.35      0.01         0.01
  G00070                      2.35      2.54      2.35      4.28         2.47
  G00071                      1.81      1.81      2.17      0.01         0.01
  G00072                      1.89      1.89      2.50      0.01         0.01
  G00073                      2.58      2.58      2.90      2.34         2.41
  G00074                      0.01      0.01      0.61      0.01         0.01
  G00075                      1.09      1.22      1.09      1.77         1.16
  G00076                      0.48      0.48      2.58      0.01         0.01
  G00086                      2.35      2.35      2.99      1.42         1.18
  G00087                      0.01      0.01      2.99      0.01         0.01
  G00099                      0.01      0.01      0.40      0.01         0.01
  G00100                      0.01      0.01      1.02      0.01         0.01
  G00101                      0.01      0.01      1.08      0.01         0.01
  G00106                      0.01      0.01      3.18      0.01         0.01
  G00107                      1.55      1.55      3.43      0.01         0.01
  G00108                      0.01      0.01      1.89      0.01         0.01
  G00118                      0.61      0.61      1.22      0.01         0.01
  G00119                      0.45      0.45      2.54      0.01         0.01
  G00124                      1.01      1.01      2.28      0.01         0.01
  G00125                      2.29      2.29      2.43      0.01         0.01
  G00126                      0.01      0.01      2.29      0.01         0.01
  G00127                      0.01      0.01      0.86      0.01         0.01
  G00128                      4.38      4.38      4.39      0.01         0.01
  G00129                      4.36      4.36      4.41      0.01         0.01
  G00130                      4.37      4.37      4.43      0.01         0.01
  G00131                      2.62      2.62      2.81      0.01         0.01
  G00132                      2.13      2.13      2.43      0.01         0.01
  G00133                      0.01      0.01      3.00      0.01         0.01
  G00134                      2.30      2.30      2.43      0.01         0.01
  G00135                      2.28      2.28      2.43      1.61         1.59
  G00136                      2.29      2.29      2.43      0.01         0.01
  G00137                      0.01      0.01      2.81      0.01         0.01
  G00138                      0.01      0.01      2.92      0.01         0.01
  G00139                      2.92      2.92      2.99      0.01         0.01
  G00140                      0.01      0.01      2.99      0.01         0.01
  G00141                      1.84      1.84      2.97      0.01         0.01
  G00142                      0.01      0.01      4.38      0.01         0.01
  G00143                      0.01      0.01      2.29      0.01         0.01
  G00144                      2.29      2.29      2.43      0.01         0.01
  G00145                      1.90      1.90      2.28      0.01         0.01
  G00146                      4.39      4.39      4.41      0.01         0.01
  G00147                      4.41      4.41      4.43      0.01         0.01
  G00148                      2.33      2.33      2.81      0.01         0.01
  G00150                      0.01      0.01      1.94      0.01         0.01
  G00151                      2.58      2.58      2.76      0.01         0.01
  G00152                      0.01      0.01      2.58      0.01         0.01
  G00153                      3.96      3.96      4.77      0.01         0.02
  G00154                      1.85      1.85      4.82      0.01         0.01
  G00155                      1.71      1.71      4.76      0.01         0.01
  G00157                      1.36      1.36      1.71      0.01         0.01
  G00162                      0.01      0.01      4.81      0.01         0.01
  G00163                      0.01      0.01      4.81      0.01         0.01
  G00164                      0.01      0.01      1.36      0.01         0.01
  G00169                      0.01      0.01      2.28      0.01         0.01
  G00173                      1.25      1.25      2.34      0.43         0.25
  G00174                      2.34      2.34      2.44      1.26         1.10
  G00175                      1.95      1.95      2.62      0.01         0.01
  G00201                      0.01      0.01      2.83      0.01         0.01
  G00218                      0.01      0.01      1.49      0.01         0.01
  G00221                      0.01      0.01      4.58      0.01         0.01
  G00224                      0.01      0.01      0.37      0.01         0.01
  G00226                      4.58      4.58      4.61      0.01         0.17
  G00227                      4.61      4.61      4.62      2.33         1.75
  G00228                      2.11      2.11      4.54      0.01         0.01
  G00229                      4.54      4.54      4.54      4.30         4.30
  G00230                      0.72      0.72      1.18      0.01         0.01
  G00231                      0.01      0.01      0.72      0.01         0.01
  G00239                      0.01      0.01      0.86      0.01         0.01
  G00243                      4.55      4.55      4.56      3.10         2.73
  G00244                      4.56      4.56      4.59      0.01         0.01
  G00245                      4.59      4.59      4.62      0.01         0.19
  G00246                      4.58      4.58      4.59      0.72         0.73
  G00248                      4.58      4.58      4.59      0.01         0.25
  G00249                      0.01      0.01      0.90      0.01         0.01
  G00250                      0.01      0.01      0.86      0.01         0.01
  G00251                      4.58      4.58      4.62      2.02         2.03
  G00253                      4.58      4.58      4.62      0.05         0.74
  G00254                      0.01      0.01      4.56      0.01         0.01
  G00255                      0.01      0.01      4.54      0.01         0.01
  G00267                      0.01      0.01      0.51      0.01         0.01
  G00268                      0.01      0.01      1.53      0.01         0.01
  G00273                      4.38      4.38      4.39      0.01         0.01
  G00274                      0.01      0.01      4.39      0.01         0.01
  G00275                      0.72      0.72      1.17      0.01         0.01
  G00276                      1.31      1.31      1.59      0.95         0.83
  G00277                      1.59      1.59      3.62      0.01         0.01
  G00280                      0.01      0.01      1.59      0.01         0.01
  G00281                      0.74      0.74      1.17      0.01         0.01
  G00284                      0.01      0.01      2.89      0.01         0.01
  G00285                      2.88      2.89      2.88      3.14         2.89
  G00286                      0.01      0.01      2.89      0.01         0.01
  G00287                      0.01      0.01      1.95      0.01         0.01
  G00296                      0.01      0.01      4.36      0.01         0.01
  G00300                      0.01      0.01      4.38      0.01         0.01
  G00301                      0.65      0.65      1.00      0.01         0.01
  G00302                      0.01      0.01      2.88      0.01         0.01
  G00307                      0.01      0.01      2.02      0.01         0.01
  G00308                      1.00      2.88      1.00      3.32         2.17
  G00322                      0.01      0.01      2.35      0.01         0.01
  G00325                      0.01      0.01      1.88      0.01         0.01
  G00341                      0.01      0.01      3.79      0.01         0.01
  G00342                      0.01      0.01      3.79      0.01         0.01
  G00345                      3.43      3.43      3.79      0.01         0.01
  G00346                      0.01      0.01      3.16      0.01         0.01
  G00348                      0.01      0.01      0.84      0.01         0.01
  G00350                      0.01      0.01      0.84      0.01         0.01
  G00354                      0.01      0.01      1.92      0.01         0.01
  G00387                      0.01      0.01      2.21      0.01         0.01
  G00391                      0.01      0.01      1.49      0.01         0.01
  G00392                      1.16      1.16      1.33      0.01         0.01
  G00393                      0.01      0.01      1.33      0.01         0.01
  G00394                      2.49      2.49      2.51      0.95         0.93
  G00397                      0.01      0.01      1.49      0.01         0.01
  G00398                      0.01      0.01      2.05      0.01         0.01
  G00399                      1.97      2.05      1.98      2.18         1.91
  G00400                      3.09      3.09      3.61      2.94         2.92
  G00401                      0.01      0.01      1.33      0.01         0.01
  G00402                      0.01      0.01      1.98      0.01         0.01
  G00403                      0.01      0.01      0.65      0.01         0.01
  G00404                      0.65      0.65      1.33      0.01         0.01
  G00405                      2.52      2.52      2.54      1.03         0.97
  G00406                      0.01      0.01      1.98      0.01         0.01
  G00409                      4.04      4.04      4.21      0.01         0.01
  G00410                      0.01      0.01      1.83      0.01         0.01
  G00411                      1.83      1.83      1.98      0.01         0.01
  G00412                      0.01      0.01      1.33      0.01         0.01
  G00414                      0.01      0.01      2.05      0.01         0.01
  G00415                      0.01      0.01      1.98      0.01         0.01
  G00417                      4.12      4.12      4.18      1.08         1.02
  G00418                      0.01      0.01      4.12      0.01         0.01
  G00419                      0.01      0.01      4.12      0.01         0.01
  G00431                      0.01      0.01      2.78      0.01         0.01
  G00462                      0.79      0.84      0.79      1.57         0.82
  G00503                      0.01      0.01      0.08      0.01         0.01
  G00507                      0.43      0.43      0.97      0.01         0.01
  G00508                      0.97      0.97      1.02      0.01         0.01
  G00509                      0.08      0.08      1.08      0.01         0.01
  G00532                      0.01      0.01      2.28      0.01         0.01
  G00533                      1.48      1.49      1.48      1.73         1.40
  G00539                      3.80      3.80      3.99      0.01         0.01
  G00540                      0.01      0.01      3.80      0.01         0.01
  G00541                      3.80      3.80      3.99      0.01         0.01
  G00543                      0.01      0.01      0.86      0.01         0.01
  G00546                      0.65      0.65      4.74      0.01         0.01
  G00547                      0.75      0.75      1.31      0.01         0.01
  G00548                      0.01      0.01      0.75      0.01         0.01
  G00550                      0.01      0.01      1.66      0.01         0.01
  G00551                      0.01      0.01      2.29      0.01         0.01
  G00561                      4.04      4.04      4.21      0.01         0.01
  G00578                      0.01      0.01      0.79      0.01         0.01
  G00586                      3.60      3.60      4.21      0.01         0.01
  G00591                      2.51      2.51      2.97      0.01         0.01
  G00592                      0.07      0.07      2.47      0.01         0.01
  G00593                      2.47      2.47      3.46      0.01         0.01
  G00594                      2.51      2.51      2.64      0.01         0.01
  G00595                      0.01      0.01      2.39      0.01         0.01
  G00596                      2.39      2.39      3.58      0.01         0.01
  G00597                      0.01      0.01      0.71      0.01         0.01
  G00607                      0.01      0.01      0.16      0.01         0.01
  G00608                      0.16      0.16      1.96      0.01         0.01
  G00610                      1.71      1.71      1.94      0.10         0.10
  G00611                      1.20      1.20      1.25      0.15         0.15
  G00617                      0.01      0.01      3.37      0.01         0.01
  G00620                      0.01      0.01      3.37      0.01         0.01
  G00621                      0.01      0.01      0.71      0.01         0.01
  G00631                      0.01      0.01      2.62      0.01         0.01
  G00633                      2.75      2.78      2.76      3.06         2.77
  G00636                      0.01      0.01      2.76      0.01         0.01
  G00637                      0.01      0.01      2.31      0.01         0.01
  G00638                      0.01      0.01      2.31      0.01         0.01
  G00645                      0.64      0.64      1.02      0.01         0.01
  G00646                      0.01      0.56      0.01      1.34         0.20
  G00647                      0.01      0.01      1.68      0.01         0.01
  G00649                      0.01      0.01      0.02      0.01         0.01
  G00650                      3.15      3.15      3.28      0.46         0.48
  G00651                      0.01      0.02      0.10      0.01         0.01
  G00652                      0.01      0.01      0.70      0.01         0.01
  G00653                      1.67      1.67      2.04      0.01         0.01
  G00654                      1.10      1.10      1.67      0.01         0.01
  G00655                      0.01      0.01      4.50      0.01         0.01
  G00657                      0.86      0.86      2.33      0.01         0.01
  G00658                      2.57      2.57      2.65      0.01         0.01
  G00659                      0.01      0.01      2.57      0.01         0.01
  G00662                      0.01      0.01      3.47      0.01         0.01
  G00663                      3.47      3.47      3.80      0.01         0.01
  G00668                      0.01      0.01      0.64      0.01         0.01
  G00697                      2.64      2.64      2.99      0.01         0.01
  G00700                      0.01      0.01      2.29      0.01         0.01
  G00701                      2.21      2.21      2.28      0.01         0.14
  G00702                      4.38      4.38      4.39      0.01         0.01
  G00703                      0.01      0.01      4.38      0.01         0.01
  G00705                      0.01      0.01      1.17      0.01         0.01
  G00718                      0.01      0.01      2.31      0.01         0.01
  G00741                      0.01      0.01      0.01      2.41         0.01
  G00745                      2.50      2.50      2.92      2.45         2.43
  G00751                      3.74      3.74      4.54      0.30         0.17
  G00752                      4.54      4.54      4.54      0.01         0.05
  G00753                      4.58      4.58      4.58      0.01         0.31
  G00779                      0.22      0.22      0.53      0.01         0.01
  G00780                      0.01      0.01      0.22      0.01         0.01
  G00781                      0.01      0.01      1.67      0.01         0.01
  G00782                      1.67      1.67      4.18      0.01         0.01
  G00802                      0.01      0.01      1.68      0.01         0.01
  G00803                      1.68      1.68      2.52      0.29         0.28
  G00806                      0.86      0.86      0.90      0.01         0.01
  G00810                      0.37      0.37      0.74      0.01         0.01
  G00811                      0.74      0.74      0.81      0.01         0.01
  G00816                      0.01      0.01      1.07      0.01         0.01
  G00817                      1.07      1.07      1.67      0.01         0.01
  G00819                      0.01      0.01      1.67      0.01         0.01
  G00820                      0.01      0.01      1.10      0.01         0.01
  G00826                      0.01      0.01      0.84      0.01         0.01
  G00834                      0.01      0.01      0.01      0.53         0.01
  G00853                      0.01      0.01      0.82      0.01         0.01
  G00869                      2.12      2.12      4.25      0.01         0.01
  G00870                      1.54      1.54      2.12      0.01         0.01
  G00871                      1.66      1.66      1.81      0.01         0.01
  G00873                      0.01      0.01      0.92      0.01         0.01
  G00875                      0.65      0.74      0.65      0.99         0.70
  G00886                      2.64      2.70      2.64      2.94         2.69
  G00887                      2.43      2.64      2.43      2.88         2.56
  G00888                      0.59      0.59      4.57      0.01         0.01
  G00889                      1.01      1.01      1.15      0.01         0.01
  G00918                      3.07      3.07      4.18      0.01         0.01
  G00922                      0.01      0.01      1.21      0.01         0.01
  G00926                      1.18      1.18      2.28      0.01         0.01
  G00927                      0.01      0.01      1.18      0.01         0.01
  G00934                      4.37      4.37      4.43      0.01         0.01
  G00935                      2.97      2.97      3.46      0.01         0.01
  G00936                      2.17      2.17      2.43      0.01         0.02
  G00937                      0.01      0.01      2.97      0.01         0.01
  G00938                      2.64      2.64      2.97      0.01         0.01
  G00939                      2.24      2.24      3.46      0.01         0.01
  G00945                      1.18      1.18      1.21      0.20         0.14
  G00946                      0.01      0.01      0.86      0.01         0.01
  G00947                      2.17      2.17      4.18      0.01         0.01
  G00955                      0.01      0.88      0.01      2.41         0.58
  G00956                      0.01      0.01      0.88      0.01         0.01
  G00975                      0.34      0.35      0.35      0.44         0.34
  G00976                      0.01      0.01      0.35      0.01         0.01
  G00995                      1.80      1.80      1.86      1.63         1.52
  G01002                      0.01      0.01      4.56      0.01         0.01
  G01003                      4.56      4.56      4.56      0.01         0.02
  G01004                      0.01      0.01      4.58      0.01         0.01
  G01015                      0.01      0.01      0.01      1.13         0.01
  G01022                      4.50      4.50      4.54      0.01         0.01
  G01023                      2.73      2.73      3.24      0.01         0.01
  G01024                      3.24      3.24      3.52      0.01         0.01
  G01025                      0.01      0.01      4.38      0.01         0.01
  G01032                      0.01      0.01      0.01      0.02         0.01
  G01034                      2.21      2.21      2.39      0.01         0.01
  G01035                      1.84      1.84      2.47      0.01         0.01
  G01036                      3.70      3.70      3.91      0.01         0.04
  G01040                      2.76      2.76      2.83      0.82         0.73
  G01047                      4.38      4.38      4.41      0.01         0.01
  G01048                      1.54      1.54      1.96      0.01         0.01
  G01049                      0.01      0.01      1.54      0.01         0.01
  G01050                      0.86      0.86      1.07      0.01         0.01
  G01051                      0.35      0.35      2.62      0.01         0.01
  G01052                      1.95      1.95      2.26      0.01         0.01
  G01053                      0.01      0.01      1.05      0.01         0.01
  G01070                      0.01      0.01      1.21      0.01         0.01
  G01080                      4.36      4.36      4.38      0.01         0.01
  G01081                      3.23      3.23      4.39      0.01         0.01
  G01082                      0.01      0.01      3.23      0.01         0.01
  G01086                      0.52      0.52      3.31      0.01         0.01
  G01101                      0.01      0.01      2.28      0.01         0.01
  G01105                      0.70      0.70      2.07      0.01         0.01
  G01106                      0.04      0.04      0.22      0.01         0.01
  G01107                      4.20      4.20      4.58      0.01         0.01
  G01108                      1.80      1.80      2.50      0.01         0.01
  G01109                      0.01      0.01      1.80      0.01         0.01
  G01110                      0.01      0.01      4.54      0.01         0.01
  G01111                      0.92      0.92      2.11      0.01         0.01
  G01112                      0.92      0.92      1.10      0.01         0.01
  G01113                      3.95      3.95      3.99      0.01         0.01
  G01129                      4.38      4.38      4.43      0.01         0.01
  G01131                      0.01      0.01      0.01      0.30         0.01
  G01133                      0.01      0.01      0.01      0.22         0.01
  G01153                      3.16      3.16      3.79      0.01         0.01
  G01155                      0.01      0.01      3.80      0.01         0.01
  G01156                      2.02      2.02      3.08      0.01         0.01
  G01163                      0.01      0.01      2.56      0.01         0.01
  G01164                      2.56      2.56      2.83      0.01         0.01
  G01171                      1.02      1.02      1.08      0.01         0.03
  G01172                      0.40      0.40      1.02      0.01         0.01
  G01176                      1.62      1.62      2.35      0.01         0.01
  G01177                      0.01      0.01      0.54      0.01         0.01
  G01184                      4.37      4.37      4.43      0.01         0.01
  G01186                      4.82      4.82      4.82      3.16         3.08
  G01187                      4.74      4.74      4.74      4.83         4.73
  G01189                      0.86      0.86      1.07      0.01         0.01
  G01190                      0.01      0.01      0.92      0.01         0.01
  G01192                      0.01      0.01      1.01      0.01         0.01
  G01194                      0.01      0.01      3.62      0.01         0.01
  G01195                      2.43      2.43      3.93      1.74         1.60
  G01196                      0.01      0.01      4.60      0.01         0.01
  G01198                      0.01      0.01      3.14      0.01         0.01
  G01199                      0.01      0.01      3.28      0.01         0.01
  G01201                      4.58      4.58      4.59      0.01         0.31
  G01210                      0.81      0.81      3.52      0.01         0.01
  G01211                      3.52      3.52      3.73      0.39         0.27
  G01212                      0.01      0.01      0.81      0.01         0.01
  G01215                      0.31      0.31      0.80      0.01         0.01
  G01216                      0.01      0.01      0.31      0.01         0.01
  G01218                      3.22      3.22      3.85      0.01         0.01
  G01219                      3.42      3.42      3.58      0.01         0.01
  G01220                      0.01      0.01      3.42      0.01         0.01
  G01221                      2.61      2.61      3.14      2.50         2.50
  G01222                      0.01      0.01      3.68      0.01         0.01
  G01223                      0.01      0.20      0.01      1.17         0.12
  G01224                      3.58      3.58      3.73      0.01         0.01
  G01241                      0.81      0.81      1.18      0.01         0.01
  G01242                      0.01      0.01      0.81      0.01         0.01
  G01243                      1.10      1.10      1.18      0.01         0.01
  G01252                      0.80      0.80      1.18      0.01         0.01
  G01253                      0.01      0.01      0.92      0.01         0.01
  G01254                      0.01      0.01      1.10      0.01         0.01
  G01262                      0.01      0.01      1.77      0.01         0.01
  G01265                      0.82      0.82      1.18      0.01         0.01
  G01268                      3.31      3.31      3.68      0.01         0.01
  G01270                      0.01      0.01      1.77      0.01         0.01
  G01271                      0.01      0.01      1.77      0.01         0.01
  G01275                      0.79      0.79      1.18      0.01         0.01
  G01288                      0.01      0.01      3.31      0.01         0.01
  G01289                      0.53      0.53      0.72      0.01         0.01
  G01291                      0.01      0.01      3.31      0.01         0.01
  G01292                      2.37      2.37      2.61      0.01         0.01
  G01294                      0.01      0.01      1.54      0.01         0.01
  G01296                      2.26      2.26      2.29      0.37         0.23
  G01297                      0.01      0.01      2.26      0.01         0.01
  G01299                      4.54      4.54      4.58      0.01         0.05
  G01303                      0.01      0.01      1.54      0.01         0.01
  G01309                      0.01      0.01      1.90      0.01         0.01
  G01310                      0.01      0.01      0.01      0.03         0.01
  G01316                      0.01      0.01      1.92      0.01         0.01
  G01325                      1.86      1.92      1.86      2.22         1.89
  G01326                      1.84      1.86      1.86      1.89         1.83
  G01340                      1.67      1.86      1.67      1.97         1.83
  G01342                      0.01      0.01      2.34      0.01         0.01
  G01343                      0.01      0.01      1.92      0.01         0.01
  G01348                      0.01      0.01      2.15      0.01         0.01
  G01349                      0.01      0.01      0.01      0.99         0.01
  G01350                      0.01      0.01      1.20      0.01         0.01
  G01352                      0.94      0.94      1.20      0.01         0.01
  G01353                      0.92      0.92      1.14      0.01         0.01
  G01354                      1.14      1.14      1.17      0.01         0.01
  G01355                      0.01      0.01      2.10      0.01         0.01
  G01358                      1.64      1.68      1.65      1.86         1.64
  G01359                      1.31      1.31      1.31      1.62         1.11
  G01360                      0.39      0.39      1.31      0.01         0.01
  G01361                      0.01      0.01      3.49      0.01         0.01
  G01362                      1.81      1.81      1.96      0.01         0.01
  G01370                      1.20      1.21      1.21      1.28         0.99
  G01371                      0.01      0.01      3.37      0.01         0.01
  G01372                      1.04      1.04      1.21      0.01         0.01
  G01374                      0.01      0.01      2.50      0.01         0.01
  G01397                      0.01      0.01      3.59      0.01         0.01
  G01398                      0.01      0.01      3.59      0.01         0.01
  G01414                      0.01      0.01      1.71      0.01         0.01
  G01415                      0.01      0.01      1.85      0.01         0.01
  G01423                      0.01      0.01      0.81      0.01         0.01
  G01424                      1.21      1.21      3.17      0.01         0.01
  G01425                      0.01      0.01      1.54      0.01         0.01
  G01427                      0.01      0.01      2.21      0.01         0.01
  G01428                      0.01      0.01      2.44      0.01         0.01
  G01429                      0.01      0.01      3.58      0.01         0.01
  G01430                      0.01      0.01      2.21      0.01         0.01
  G01431                      0.01      0.01      0.71      0.01         0.01
  G01432                      0.16      0.16      3.58      0.01         0.01
  G01433                      1.82      2.36      1.82      2.67         2.32
  G01434                      1.82      1.82      3.69      0.01         0.01
  G01435                      2.81      2.81      4.25      0.81         0.74
  G01436                      2.39      2.39      2.50      0.01         0.13
  G01437                      0.01      0.01      0.07      0.01         0.01
  G01447                      1.44      1.46      1.48      1.38         1.11
  G01448                      0.01      0.01      1.46      0.01         0.01
  G01451                      0.86      0.86      1.48      0.01         0.01
  G01464                      0.01      0.01      1.39      0.01         0.01
  G01467                      0.01      0.01      2.49      0.01         0.01
  G01470                      0.01      0.01      0.01      0.19         0.01
  G01487                      2.51      2.51      2.52      0.96         0.87
  G01498                      0.01      0.01      0.01      0.24         0.01
  G01504                      3.94      3.94      3.95      0.01         0.01
  G01505                      0.01      0.01      3.94      0.01         0.01
  G01523                      1.86      1.86      2.29      0.01         0.01
  G01530                      2.50      2.50      4.49      0.01         0.01
  G01531                      4.49      4.49      4.49      4.56         4.48
  G01532                      4.49      4.49      4.49      4.60         4.49
  G01533                      4.47      4.47      4.54      0.01         0.01
  G01534                      4.54      4.54      4.54      0.38         0.45
  G01535                      4.48      4.48      4.54      0.01         0.01
  G01536                      3.28      3.28      3.58      0.94         0.91
  G01545                      0.01      0.01      0.01      1.47         0.01
  G01556                      4.32      4.32      4.57      0.39         0.29
  G01557                      4.57      4.57      4.60      2.65         2.63
  G01558                      2.69      2.69      4.32      0.35         0.25
  G01559                      0.01      0.01      2.07      0.01         0.01
  G01571                      3.29      3.29      3.31      1.67         1.63
  G01574                      3.23      3.23      3.31      0.01         0.02
  G01582                      3.10      3.10      3.31      0.01         0.01
  G01585                      4.75      4.75      4.76      0.19         0.52
  G01587                      4.80      4.80      4.81      3.77         3.70
  G01588                      1.34      1.34      4.76      0.01         0.01
  G01607                      1.93      1.93      2.64      0.01         0.01
  G01622                      0.01      0.01      3.62      0.01         0.01
  G01623                      0.29      0.29      1.31      0.01         0.01
  G01637                      2.16      2.16      2.17      2.26         2.16
  G01638                      0.01      0.01      2.16      0.01         0.01
  G01641                      0.01      0.01      1.10      0.01         0.01
  G01647                      0.01      0.01      0.82      0.01         0.01
  G01658                      0.01      0.01      2.80      0.01         0.01
  G01660                      0.19      0.19      0.22      0.01         0.01
  G01661                      0.01      0.01      0.19      0.01         0.01
  G01663                      2.61      2.62      2.80      0.01         0.01
  G01680                      0.01      0.01      2.09      0.01         0.01
  G01691                      1.88      1.88      1.95      0.01         0.01
  G01699                      0.96      0.96      1.02      0.01         0.01
  G01700                      0.01      0.01      0.96      0.01         0.01
  G01701                      0.01      0.01      3.46      0.01         0.01
  G01702                      3.46      3.46      3.79      0.01         0.01
  G01706                      3.80      3.80      3.91      0.01         0.01
  G01707                      0.97      0.97      3.07      0.42         0.39
  G01708                      0.01      0.01      3.91      0.01         0.01
  G01736                      0.01      0.01      0.03      0.01         0.01
  G01748                      0.01      0.01      4.39      0.01         0.01
  G01760                      1.87      1.87      1.95      0.01         0.01
  G01761                      0.01      0.01      1.05      0.01         0.01
  G01762                      0.01      0.01      1.01      0.01         0.01
  G01768                      0.04      0.04      0.20      0.01         0.01
  G01771                      3.13      3.14      3.44      2.15         2.33
  G01775                      0.01      0.01      3.14      0.01         0.01
  G01781                      2.07      2.07      2.94      0.01         0.08
  G01782                      0.01      0.01      1.07      0.01         0.01
  G01784                      0.01      0.01      0.92      0.01         0.01
  G01786                      0.92      0.92      1.07      0.01         0.01
  G01787                      0.01      0.01      0.92      0.01         0.01
  G01788                      3.17      3.17      4.32      0.01         0.01
  G01793                      0.01      0.01      2.65      0.01         0.01
  G01794                      0.01      0.01      0.86      0.01         0.01
  G01796                      1.15      1.16      1.17      1.15         1.07
  G01797                      1.16      1.20      1.16      1.36         1.18
  G01798                      0.01      0.01      1.16      0.01         0.01
  G01799                      0.96      0.96      1.02      0.01         0.01
  G01810                      4.12      4.12      4.18      0.16         0.92
  G01811                      4.13      4.13      4.18      1.95         1.39
  G01812                      0.01      0.01      4.13      0.01         0.01
  G01837                      0.01      0.01      0.03      0.01         0.01
  G01839                      0.22      0.23      0.22      0.26         0.15
  G01850                      0.01      0.01      2.09      0.01         0.01
  G01852                      0.01      0.01      2.83      0.01         0.01
  G01853                      0.01      0.01      2.83      0.01         0.01
  G01863                      1.95      1.95      1.96      1.61         1.43
  G01865                      2.73      2.73      2.83      0.42         0.32
  G01869                      0.01      0.01      2.59      0.01         0.01
  G01870                      2.59      2.59      2.73      0.01         0.01
  G01879                      1.57      1.57      1.96      0.01         0.01
  G01880                      4.37      4.37      4.43      0.01         0.01
  G01881                      4.41      4.41      4.43      0.01         0.01
  G01887                      0.01      0.01      1.71      0.01         0.01
  G01897                      0.01      0.01      1.53      0.01         0.01
  G01898                      0.51      0.51      0.74      0.01         0.01
  G01903                      0.01      0.01      0.45      0.01         0.01
  G01904                      0.01      0.01      0.45      0.01         0.01
  G01905                      0.44      0.45      0.45      0.53         0.40
  G01909                      0.01      0.01      1.31      0.01         0.01
  G01918                      0.01      0.01      0.57      0.01         0.01
  G01920                      0.01      0.01      1.53      0.01         0.01
  G01921                      0.69      0.69      0.69      0.01         0.13
  G01937                      0.01      0.01      1.86      0.01         0.01
  G01941                      0.01      0.01      0.01      0.35         0.01
  G01945                      0.66      0.66      0.75      0.01         0.01
  G01948                      0.01      0.01      2.83      0.01         0.01
  G01949                      3.45      3.45      3.65      0.01         0.01
  G01950                      0.01      0.01      3.45      0.01         0.01
  G01952                      0.01      0.01      3.65      0.01         0.01
  G01954                      1.77      1.77      2.81      0.01         0.01
  G01956                      0.81      0.81      1.77      0.01         0.01
  G01959                      2.47      2.47      2.69      0.01         0.01
  G01960                      0.01      0.01      2.47      0.01         0.01
  G01961                      0.01      0.01      2.47      0.01         0.01
  G01962                      3.44      3.44      3.65      0.01         0.01
  G01964                      3.49      3.49      3.62      0.01         0.01
  G01966                      0.01      0.01      3.49      0.01         0.01
  G01967                      0.01      0.01      1.34      0.01         0.01
  G01968                      0.01      0.01      1.85      0.01         0.01
  G01972                      0.01      0.01      0.01      0.49         0.01
  G01989                      0.01      0.01      4.75      0.01         0.01
  G01990                      3.37      3.37      3.37      2.82         2.64
  G01996                      0.56      0.72      0.56      1.35         0.65
  G01997                      0.01      0.01      1.17      0.01         0.01
  G01999                      1.04      1.04      1.21      0.01         0.01
  G02002                      0.01      0.01      1.96      0.01         0.01
  G02003                      0.01      0.01      0.82      0.01         0.01
  G02004                      0.01      0.01      1.15      0.01         0.01
  G02016                      0.01      0.01      2.70      0.01         0.01
  G02017                      2.70      2.70      2.70      1.99         1.53
  G02018                      0.01      0.01      3.16      0.01         0.01
  G02019                      4.37      4.37      4.43      0.01         0.01
  G02022                      0.01      0.01      3.62      0.01         0.01
  G02023                      2.50      3.08      2.50      4.53         2.84
  G02029                      0.01      0.01      3.45      0.01         0.01
  G02033                      0.01      0.01      1.96      0.01         0.01
  G02034                      0.01      0.01      1.15      0.01         0.01
  G02052                      0.01      0.01      1.08      0.01         0.01
  O00003                      0.17      0.17      0.54      0.57         0.17
  O00004                      0.35      0.35      0.44      0.45         0.35
  O00005                      2.03      2.03      2.49      2.52         2.03
  O00008                      3.69      3.69      4.12      4.14         3.69
  O00009                      2.04      2.04      2.18      2.20         2.04
  O00017                      4.54      4.54      4.55      4.55         4.54
  O00026                      1.73      1.73      1.77      1.78         1.73
  O00027                      3.61      3.61      3.95      3.97         3.61
  O00028                      0.65      0.65      1.06      1.10         0.65
  O00029                      2.21      2.21      2.40      2.40         2.21
  O00030                      3.44      3.44      3.64      3.65         3.44
  O00035                      2.49      2.49      2.54      2.54         2.49
  O00041                      0.09      0.09      0.33      0.35         0.09
  O00047                      0.55      0.55      0.89      0.91         0.55
  O00050                      2.76      2.76      3.09      3.11         2.76
  O00051                      0.01      2.11      0.01      2.19         2.11
  O00054                      2.15      2.15      2.25      2.25         2.15
  O00057                      0.41      0.41      0.52      0.53         0.41
  O00066                      1.05      1.05      1.72      1.75         1.05
  O00069                      0.01      0.01      0.66      0.69         0.01
  O00084                      1.54      1.54      1.62      1.63         1.54
  O00085                      1.68      1.68      2.02      2.04         1.68
  O00094                      2.90      2.90      3.20      3.22         2.90
  O00098                      0.09      0.10      1.18      1.23         0.09
  O00099                      3.17      3.17      3.66      3.67         3.16
  O00104                      0.01      0.01      0.34      0.37         0.01
  O00106                      4.74      4.74      4.76      4.76         4.74
  O00107                      3.93      3.93      4.22      4.24         3.93
  O00112                      0.01      3.14      0.01      3.47         3.14
  O00124                      1.90      1.90      2.07      2.08         1.90
  O00125                      2.08      2.08      2.12      2.13         2.08
  O00132                      1.65      1.65      1.86      1.87         1.65
  O00133                      2.28      2.28      2.61      2.64         2.28
  O00134                      2.96      2.96      3.23      3.24         2.96
  O00136                      1.87      1.87      2.18      2.19         1.87
  O00141                      1.39      1.39      1.67      1.69         1.39
  O00149                      4.44      4.44      4.47      4.47         4.44
  O00150                      2.52      2.52      3.04      3.06         2.52
  O00152                      0.22      0.22      0.54      0.55         0.22
  O00163                      2.17      2.17      2.34      2.35         2.17
  O00164                      0.54      0.54      0.69      0.70         0.54
  O00174                      3.07      3.07      3.56      3.58         3.07
  O00178                      2.33      2.33      2.53      2.54         2.33
  O00181                      1.05      1.05      1.58      1.60         1.05
  O00182                      2.94      2.94      3.11      3.12         2.94
  O00194                      0.01      2.09      0.01      2.64         2.09
  O00195                      0.01      0.01      0.01      0.08         0.01
  O00202                      0.58      0.58      0.63      0.63         0.58
  O00204                      0.01      0.45      0.01      0.61         0.45
  O00205                      1.66      1.66      1.80      1.81         1.66
  O00207                      0.03      0.03      0.31      0.33         0.03
  O00214                      2.92      2.92      3.31      3.33         2.92
  O00215                      3.59      3.59      3.69      3.70         3.59
  

  Analysis begun on:  Wed Sep 16 23:00:39 2026
  Analysis ended on:  Wed Sep 16 23:58:59 2026
  Total elapsed time: 00:58:20