
  EPA STORM WATER MANAGEMENT MODEL - VERSION 5.2 (Build 5.2.4)
  PYSWMM TOOLKIT API - VERSION v1.0 (2026-02-26)
  ------------------------------------------------------------

  Gravity-consistent road-derived conceptual drainage network 
  
  ****************
  Analysis Options
  ****************
  Flow Units ............... CMS
  Process Models:
    Rainfall/Runoff ........ NO
    RDII ................... NO
    Snowmelt ............... NO
    Groundwater ............ NO
    Flow Routing ........... YES
    Ponding Allowed ........ YES
    Water Quality .......... NO
  Flow Routing Method ...... DYNWAVE
  Surcharge Method ......... SLOT
  Starting Date ............ 01/01/2026 00:00:00
  Ending Date .............. 01/01/2026 06:00:00
  Antecedent Dry Days ...... 0.0
  Report Time Step ......... 00:05:00
  Routing Time Step ........ 0.50 sec
  Variable Time Step ....... YES
  Maximum Trials ........... 50
  Number of Threads ........ 1
  Head Tolerance ........... 0.001500 m
  
  
  **************************        Volume        Volume
  Flow Routing Continuity        hectare-m      10^6 ltr
  **************************     ---------     ---------
  Dry Weather Inflow .......         0.000         0.000
  Wet Weather Inflow .......         0.000         0.000
  Groundwater Inflow .......         0.000         0.000
  RDII Inflow ..............         0.000         0.000
  External Inflow ..........        45.501       455.018
  External Outflow .........        41.099       410.990
  Flooding Loss ............         0.000         0.000
  Evaporation Loss .........         0.000         0.000
  Exfiltration Loss ........         0.000         0.000
  Initial Stored Volume ....         0.000         0.001
  Final Stored Volume ......         4.712        47.117
  Continuity Error (%) .....        -0.679
  
  
  *************************
  Highest Continuity Errors
  *************************
  Node N00184 (97.72%)
  Node N01520 (88.12%)
  Node N01012 (80.71%)
  Node N01466 (80.70%)
  Node N01629 (79.60%)
  
  
  ***************************
  Time-Step Critical Elements
  ***************************
  Link G01504 (2.03%)
  Link G00936 (1.75%)
  
  
  ********************************
  Highest Flow Instability Indexes
  ********************************
  Link G01959 (10)
  Link G01574 (9)
  Link G01771 (9)
  Link G01571 (8)
  Link G00431 (7)
  
  
  *********************************
  Most Frequent Nonconverging Nodes
  *********************************
  Node OUT01 (15.98%)
  Node OUT02 (15.98%)
  Node OUT03 (15.98%)
  Node OUT04 (15.98%)
  Node OUT05 (15.98%)
  
  
  *************************
  Routing Time Step Summary
  *************************
  Minimum Time Step           :     0.05 sec
  Average Time Step           :     0.48 sec
  Maximum Time Step           :     0.50 sec
  % of Time in Steady State   :     0.00
  Average Iterations per Step :    10.76
  % of Steps Not Converging   :    15.98
  Time Step Frequencies       :
      0.500 -  0.315 sec      :    96.49 %
      0.315 -  0.199 sec      :     2.06 %
      0.199 -  0.126 sec      :     1.04 %
      0.126 -  0.079 sec      :     0.27 %
      0.079 -  0.050 sec      :     0.14 %
  
  
  ******************
  Node Depth Summary
  ******************
  
  ---------------------------------------------------------------------------------
                                 Average  Maximum  Maximum  Time of Max    Reported
                                   Depth    Depth      HGL   Occurrence   Max Depth
  Node                 Type       Meters   Meters   Meters  days hr:min      Meters
  ---------------------------------------------------------------------------------
  N00888               JUNCTION     0.21     0.45     4.31     0  02:51        0.00
  N00451               JUNCTION     0.29     0.50    13.03     0  02:09        0.00
  N02175               JUNCTION     0.28     0.45     3.57     0  02:50        0.00
  N01894               JUNCTION     0.00     0.00    18.64     0  01:00        0.00
  N01662               JUNCTION     0.02     0.03     7.20     0  01:38        0.00
  N00279               JUNCTION     0.27     0.82     6.36     0  02:59        0.00
  N00794               JUNCTION     0.21     0.57     4.47     0  02:51        0.00
  N00775               JUNCTION     0.04     0.07    31.18     0  01:40        0.00
  N01945               JUNCTION     0.01     0.02     5.22     0  01:00        0.00
  N01881               JUNCTION     0.05     0.10     6.47     0  01:41        0.00
  N01291               JUNCTION     0.13     0.21    21.05     0  01:40        0.00
  N01334               JUNCTION     0.01     0.01     5.86     0  01:40        0.00
  N00539               JUNCTION     0.20     0.50    14.57     0  01:50        0.00
  N01738               JUNCTION     0.04     0.08     5.25     0  01:40        0.00
  N01185               JUNCTION     0.01     0.03    21.58     0  01:36        0.00
  N02553               JUNCTION     0.02     0.03    47.21     0  01:40        0.00
  N00272               JUNCTION     0.01     0.02     8.98     0  01:00        0.00
  N00864               JUNCTION     0.04     0.08    24.84     0  01:40        0.00
  N00573               JUNCTION     0.03     0.08    17.86     0  02:59        0.00
  N02441               JUNCTION     0.21     0.40     5.65     0  02:59        0.00
  N01128               JUNCTION     0.21     0.37     4.09     0  02:48        0.00
  N00427               JUNCTION     0.02     0.04    13.74     0  01:36        0.00
  N02665               JUNCTION     0.15     0.27    11.27     0  02:02        0.00
  N00189               JUNCTION     0.60     1.19     4.82     0  02:19        0.00
  N02653               JUNCTION     0.04     0.08    11.22     0  01:43        0.00
  N00261               JUNCTION     0.00     0.00    10.34     0  00:59        0.00
  N01072               JUNCTION     0.06     0.11    13.78     0  01:40        0.00
  N01763               JUNCTION     0.21     0.38     4.73     0  01:40        0.00
  N01836               JUNCTION     0.03     0.05     9.12     0  01:40        0.00
  N01801               JUNCTION     0.04     0.07     7.55     0  01:37        0.00
  N02272               JUNCTION     0.04     0.07    22.83     0  01:40        0.00
  N01834               JUNCTION     0.01     0.04    10.10     0  02:48        0.00
  N00822               JUNCTION     0.30     0.50     5.30     0  02:09        0.00
  N02558               JUNCTION     0.02     0.03     6.16     0  01:36        0.00
  N01952               JUNCTION     0.70     1.53     5.09     0  02:59        0.00
  N00983               JUNCTION     0.01     0.01    22.11     0  01:36        0.00
  N01519               JUNCTION     0.55     1.13     4.97     0  02:59        0.00
  N01564               JUNCTION     0.08     0.13    19.61     0  01:41        0.00
  N00679               JUNCTION     0.10     0.19     9.04     0  01:41        0.00
  N01431               JUNCTION     0.01     0.02     7.84     0  01:01        0.00
  N00798               JUNCTION     0.57     1.50     5.60     0  02:47        0.00
  N01373               JUNCTION     0.12     0.22     6.99     0  01:47        0.00
  N02842               JUNCTION     0.29     0.56     2.95     0  02:15        0.00
  N01818               JUNCTION     0.03     0.04    33.03     0  01:42        0.00
  N01065               JUNCTION     0.07     0.13    27.69     0  01:38        0.00
  N01269               JUNCTION     0.63     1.56     5.51     0  02:56        0.00
  N01444               JUNCTION     0.00     0.00    14.07     0  00:56        0.00
  N00685               JUNCTION     0.34     0.68    12.59     0  02:55        0.00
  N00565               JUNCTION     0.00     0.01    14.53     0  01:00        0.00
  N02417               JUNCTION     0.13     0.23    37.30     0  01:40        0.00
  N01038               JUNCTION     0.94     1.82     7.41     0  02:59        0.00
  N01481               JUNCTION     0.11     0.19     5.41     0  01:43        0.00
  N01505               JUNCTION     0.01     0.02    17.25     0  01:41        0.00
  N02719               JUNCTION     0.53     1.11     7.72     0  02:59        0.00
  N02720               JUNCTION     0.01     0.01     7.04     0  01:35        0.00
  N02799               JUNCTION     0.21     0.35    19.11     0  02:50        0.00
  N01994               JUNCTION     0.02     0.03     9.07     0  01:01        0.00
  N00306               JUNCTION     0.03     0.06     7.99     0  01:40        0.00
  N01595               JUNCTION     0.00     0.01    21.82     0  01:00        0.00
  N02745               JUNCTION     0.06     0.10     2.96     0  01:40        0.00
  N00084               JUNCTION     0.42     0.73     3.73     0  02:08        0.00
  N02241               JUNCTION     0.04     0.07    26.52     0  01:38        0.00
  N00277               JUNCTION     0.17     0.31     7.91     0  01:44        0.00
  N01438               JUNCTION     0.01     0.02     8.43     0  01:40        0.00
  N00302               JUNCTION     0.93     1.82     7.36     0  02:59        0.00
  N02620               JUNCTION     0.39     0.72     4.55     0  02:07        0.00
  N00325               JUNCTION     0.14     0.23     5.03     0  01:40        0.00
  N01651               JUNCTION     0.06     0.12     7.46     0  01:42        0.00
  N02416               JUNCTION     0.03     0.06    38.30     0  01:39        0.00
  N02429               JUNCTION     0.10     0.20     8.84     0  01:47        0.00
  N02613               JUNCTION     0.00     0.01     8.78     0  01:35        0.00
  N02025               JUNCTION     0.06     0.12    19.32     0  01:43        0.00
  N02818               JUNCTION     0.23     0.46     4.55     0  02:08        0.00
  N01839               JUNCTION     0.04     0.09    10.40     0  01:42        0.00
  N02432               JUNCTION     0.11     0.18     2.38     0  02:04        0.00
  N00957               JUNCTION     0.41     0.93     4.53     0  02:51        0.00
  N01796               JUNCTION     0.00     0.01     8.82     0  01:00        0.00
  N02615               JUNCTION     0.05     0.08     8.68     0  01:40        0.00
  N02674               JUNCTION     0.04     0.07    11.55     0  01:40        0.00
  N02700               JUNCTION     0.63     1.40     6.69     0  02:49        0.00
  N01498               JUNCTION     0.00     0.01     8.41     0  01:40        0.00
  N00381               JUNCTION     0.00     0.01     5.39     0  01:39        0.00
  N02428               JUNCTION     0.09     0.36     4.97     0  02:59        0.00
  N00118               JUNCTION     0.01     0.03    14.55     0  01:36        0.00
  N01525               JUNCTION     0.67     1.25     7.02     0  01:57        0.00
  N02287               JUNCTION     0.00     0.00    21.82     0  01:35        0.00
  N00670               JUNCTION     0.05     0.11    36.39     0  01:41        0.00
  N00508               JUNCTION     0.08     0.23    16.25     0  02:14        0.00
  N00366               JUNCTION     0.38     1.27     5.75     0  02:59        0.00
  N00152               JUNCTION     0.05     0.09     4.46     0  01:39        0.00
  N02072               JUNCTION     0.08     0.15    11.93     0  01:44        0.00
  N01888               JUNCTION     0.18     0.47     8.03     0  02:03        0.00
  N01214               JUNCTION     0.12     0.21    25.89     0  01:45        0.00
  N00616               JUNCTION     0.01     0.02    36.35     0  01:36        0.00
  N00013               JUNCTION     0.16     0.25     8.03     0  02:08        0.00
  N01293               JUNCTION     0.12     0.23     5.37     0  02:08        0.00
  N02001               JUNCTION     0.15     0.25    10.22     0  01:43        0.00
  N00849               JUNCTION     0.02     0.03    16.81     0  01:24        0.00
  N01163               JUNCTION     0.18     0.37     2.92     0  02:48        0.00
  N01123               JUNCTION     0.19     0.32     4.93     0  02:09        0.00
  N00295               JUNCTION     0.01     0.02     7.59     0  01:38        0.00
  N02319               JUNCTION     0.13     0.23     4.24     0  01:41        0.00
  N00171               JUNCTION     0.66     1.50     5.13     0  02:59        0.00
  N01917               JUNCTION     0.01     0.03    17.79     0  01:36        0.00
  N01118               JUNCTION     0.14     0.25     7.50     0  02:10        0.00
  N00572               JUNCTION     0.03     0.05    17.72     0  01:36        0.00
  N00780               JUNCTION     0.57     1.41    17.44     0  02:58        0.00
  N01686               JUNCTION     0.12     0.22     4.87     0  01:43        0.00
  N00701               JUNCTION     0.03     0.06    22.31     0  01:42        0.00
  N02113               JUNCTION     0.37     0.63    11.51     0  02:08        0.00
  N00433               JUNCTION     0.08     0.13    24.46     0  01:40        0.00
  N00210               JUNCTION     0.00     0.01     8.94     0  01:00        0.00
  N02461               JUNCTION     0.76     1.52    14.54     0  02:10        0.00
  N01630               JUNCTION     0.30     0.50     2.88     0  02:07        0.00
  N00659               JUNCTION     0.09     0.14     3.86     0  01:39        0.00
  N02374               JUNCTION     0.04     0.08     4.44     0  01:40        0.00
  N00194               JUNCTION     0.00     0.01     6.30     0  01:00        0.00
  N02376               JUNCTION     0.04     0.09     3.47     0  02:06        0.00
  N02766               JUNCTION     0.16     0.29     4.61     0  02:10        0.00
  N00399               JUNCTION     0.21     0.38     4.41     0  02:03        0.00
  N02249               JUNCTION     0.09     0.15    18.12     0  02:04        0.00
  N02546               JUNCTION     0.02     0.03    21.92     0  01:37        0.00
  N00450               JUNCTION     0.32     0.54    13.03     0  02:09        0.00
  N00997               JUNCTION     0.01     0.02    21.90     0  01:00        0.00
  N01539               JUNCTION     0.00     0.01     6.70     0  01:00        0.00
  N01068               JUNCTION     0.17     0.53    17.56     0  02:55        0.00
  N01890               JUNCTION     0.01     0.01    26.35     0  01:40        0.00
  N01913               JUNCTION     0.15     0.54     7.97     0  02:06        0.00
  N01687               JUNCTION     0.00     0.01     7.92     0  01:38        0.00
  N01447               JUNCTION     0.20     0.32    10.68     0  01:41        0.00
  N02002               JUNCTION     0.46     0.78     8.94     0  02:05        0.00
  N01533               JUNCTION     0.09     0.16    20.80     0  01:40        0.00
  N01759               JUNCTION     0.22     0.40     5.40     0  02:19        0.00
  N02846               JUNCTION     0.14     0.22     3.96     0  02:02        0.00
  N01062               JUNCTION     0.25     0.61    20.95     0  01:44        0.00
  N02377               JUNCTION     0.26     0.42     3.36     0  02:07        0.00
  N02611               JUNCTION     0.54     1.12     3.91     0  02:19        0.00
  N01946               JUNCTION     0.00     0.01     5.71     0  01:00        0.00
  N00243               JUNCTION     0.19     0.30     5.08     0  02:47        0.00
  N02291               JUNCTION     0.06     0.10    28.95     0  01:40        0.00
  N01768               JUNCTION     0.06     0.14     5.33     0  01:43        0.00
  N02258               JUNCTION     0.19     0.45    17.80     0  01:48        0.00
  N00514               JUNCTION     0.23     0.66    17.56     0  02:52        0.00
  N02669               JUNCTION     0.12     0.22    10.25     0  01:41        0.00
  N01271               JUNCTION     0.52     1.13     5.33     0  02:14        0.00
  N01779               JUNCTION     0.15     0.31     5.40     0  02:19        0.00
  N01907               JUNCTION     0.04     0.07    14.12     0  01:40        0.00
  N00236               JUNCTION     0.04     0.07     2.78     0  01:40        0.00
  N01054               JUNCTION     0.01     0.02    37.56     0  01:40        0.00
  N01536               JUNCTION     0.02     0.05    18.91     0  02:59        0.00
  N01470               JUNCTION     0.00     0.00     9.25     0  01:00        0.00
  N01353               JUNCTION     0.03     0.05    46.48     0  01:41        0.00
  N01528               JUNCTION     0.01     0.02    23.07     0  01:00        0.00
  N02845               JUNCTION     0.05     0.13    22.46     0  01:44        0.00
  N02447               JUNCTION     0.01     0.01    19.37     0  01:36        0.00
  N02384               JUNCTION     0.38     0.62     2.87     0  02:08        0.00
  N01144               JUNCTION     0.03     0.05    28.86     0  01:00        0.00
  N01573               JUNCTION     0.00     0.01     6.37     0  01:00        0.00
  N02445               JUNCTION     0.12     0.23     4.36     0  02:48        0.00
  N02315               JUNCTION     0.11     0.18     4.74     0  02:02        0.00
  N01460               JUNCTION     0.17     0.34     9.67     0  01:44        0.00
  N02816               JUNCTION     0.09     0.19     5.24     0  02:52        0.00
  N00909               JUNCTION     0.00     0.00     9.80     0  00:59        0.00
  N02547               JUNCTION     0.29     0.70    20.18     0  02:59        0.00
  N02115               JUNCTION     0.09     0.17     7.62     0  01:42        0.00
  N02266               JUNCTION     0.25     0.45    22.37     0  01:42        0.00
  N01897               JUNCTION     0.09     0.16    14.92     0  01:40        0.00
  N01717               JUNCTION     0.02     0.03     6.10     0  01:00        0.00
  N00432               JUNCTION     0.00     0.01    18.88     0  01:35        0.00
  N02643               JUNCTION     0.06     0.11    11.72     0  01:42        0.00
  N02311               JUNCTION     0.48     0.87     4.63     0  02:06        0.00
  N02469               JUNCTION     0.01     0.03    10.11     0  01:36        0.00
  N00443               JUNCTION     0.07     0.14    20.25     0  01:45        0.00
  N01858               JUNCTION     0.58     1.00     9.66     0  02:00        0.00
  N01707               JUNCTION     0.56     1.42     6.26     0  02:59        0.00
  N00016               JUNCTION     0.06     0.11     4.64     0  01:41        0.00
  N02095               JUNCTION     0.05     0.10    26.73     0  01:40        0.00
  N01512               JUNCTION     0.01     0.01    19.77     0  01:00        0.00
  N02820               JUNCTION     0.22     0.48    14.27     0  01:42        0.00
  N01797               JUNCTION     0.81     1.62     7.38     0  02:58        0.00
  N00296               JUNCTION     0.02     0.04     9.01     0  01:00        0.00
  N01800               JUNCTION     0.13     0.21     8.97     0  01:44        0.00
  N02383               JUNCTION     0.04     0.08     2.97     0  02:44        0.00
  N02663               JUNCTION     0.12     0.19    10.44     0  01:41        0.00
  N02634               JUNCTION     0.10     0.17    18.41     0  01:40        0.00
  N01497               JUNCTION     0.10     0.27     4.05     0  02:50        0.00
  N02028               JUNCTION     0.06     0.11    19.34     0  01:40        0.00
  N02497               JUNCTION     0.60     1.34     8.11     0  02:07        0.00
  N00541               JUNCTION     0.17     0.30    15.12     0  01:38        0.00
  N00205               JUNCTION     0.30     0.61     6.96     0  01:53        0.00
  N01652               JUNCTION     0.07     0.13     7.05     0  01:42        0.00
  N01510               JUNCTION     0.31     0.56    19.37     0  01:44        0.00
  N02449               JUNCTION     0.01     0.02    14.18     0  01:40        0.00
  N02331               JUNCTION     0.01     0.02    13.97     0  01:00        0.00
  N02659               JUNCTION     0.05     0.09    10.30     0  01:40        0.00
  N00503               JUNCTION     0.04     0.07    17.35     0  01:41        0.00
  N00402               JUNCTION     0.01     0.01     4.68     0  01:37        0.00
  N02473               JUNCTION     0.43     0.79     4.38     0  02:23        0.00
  N01923               JUNCTION     0.16     0.28    11.31     0  02:05        0.00
  N00195               JUNCTION     0.08     0.14     6.04     0  01:42        0.00
  N02065               JUNCTION     0.03     0.05    24.31     0  01:40        0.00
  N00256               JUNCTION     0.25     0.42     4.95     0  02:02        0.00
  N00188               JUNCTION     0.00     0.01     7.73     0  01:40        0.00
  N00169               JUNCTION     0.04     0.14     4.82     0  02:17        0.00
  N00667               JUNCTION     0.02     0.03    35.84     0  01:40        0.00
  N02795               JUNCTION     0.01     0.02    12.86     0  01:38        0.00
  N01773               JUNCTION     0.10     0.20     5.38     0  02:04        0.00
  N01942               JUNCTION     0.40     1.14     5.52     0  02:49        0.00
  N02144               JUNCTION     0.25     0.47     5.30     0  02:18        0.00
  N00585               JUNCTION     0.01     0.02    21.66     0  01:37        0.00
  N01290               JUNCTION     0.34     0.62     4.36     0  02:48        0.00
  N00589               JUNCTION     0.27     0.51    19.40     0  01:42        0.00
  N01320               JUNCTION     0.20     0.40    15.33     0  01:41        0.00
  N02437               JUNCTION     0.10     0.18    18.11     0  01:40        0.00
  N01448               JUNCTION     0.01     0.02    16.56     0  01:01        0.00
  N02389               JUNCTION     0.02     0.05     5.57     0  01:40        0.00
  N00211               JUNCTION     0.34     0.53     1.94     0  02:09        0.00
  N00164               JUNCTION     0.09     0.20    20.16     0  01:41        0.00
  N02465               JUNCTION     0.20     0.49    14.55     0  01:50        0.00
  N01386               JUNCTION     0.18     0.30     3.37     0  02:07        0.00
  N02366               JUNCTION     0.22     0.37     3.47     0  02:07        0.00
  N02446               JUNCTION     0.23     0.42     4.55     0  02:07        0.00
  N02412               JUNCTION     0.00     0.00    42.16     0  01:00        0.00
  N00922               JUNCTION     0.11     0.19    13.37     0  01:37        0.00
  N00825               JUNCTION     0.01     0.03     7.55     0  01:40        0.00
  N00717               JUNCTION     0.18     0.32    27.88     0  01:43        0.00
  N01988               JUNCTION     0.04     0.07    13.26     0  02:07        0.00
  N02527               JUNCTION     0.03     0.05    27.77     0  01:39        0.00
  N00354               JUNCTION     0.19     0.56     4.97     0  02:59        0.00
  N00294               JUNCTION     0.08     0.20     7.51     0  02:09        0.00
  N00611               JUNCTION     0.04     0.06    38.91     0  01:41        0.00
  N02542               JUNCTION     0.08     0.13    25.91     0  01:36        0.00
  N00455               JUNCTION     0.02     0.04    13.45     0  01:40        0.00
  N00979               JUNCTION     0.15     0.27     5.15     0  01:43        0.00
  N02680               JUNCTION     0.01     0.01    14.37     0  01:40        0.00
  N01457               JUNCTION     0.09     0.28     4.79     0  02:59        0.00
  N00284               JUNCTION     0.32     0.61     5.86     0  02:07        0.00
  N02191               JUNCTION     0.24     0.41     2.87     0  02:48        0.00
  N00605               JUNCTION     0.19     0.36    29.42     0  01:42        0.00
  N02290               JUNCTION     0.00     0.00    31.82     0  01:00        0.00
  N01351               JUNCTION     0.03     0.06     4.12     0  01:40        0.00
  N02472               JUNCTION     0.89     1.53     6.99     0  02:10        0.00
  N00339               JUNCTION     0.19     0.32     4.39     0  01:43        0.00
  N00690               JUNCTION     0.00     0.00    23.89     0  01:00        0.00
  N01410               JUNCTION     0.11     0.22    10.67     0  01:42        0.00
  N00637               JUNCTION     0.00     0.01     2.90     0  01:00        0.00
  N01821               JUNCTION     0.00     0.01    13.62     0  01:00        0.00
  N02575               JUNCTION     0.37     0.82     3.84     0  02:19        0.00
  N01728               JUNCTION     0.41     0.74     5.33     0  02:05        0.00
  N02466               JUNCTION     0.01     0.04     8.90     0  02:10        0.00
  N01776               JUNCTION     0.29     0.51     5.40     0  02:19        0.00
  N01910               JUNCTION     0.22     0.37    12.29     0  02:04        0.00
  N00415               JUNCTION     0.02     0.03    11.47     0  01:35        0.00
  N02079               JUNCTION     0.02     0.03    14.45     0  01:39        0.00
  N01430               JUNCTION     0.24     0.38     6.80     0  01:41        0.00
  N00227               JUNCTION     0.01     0.01     5.69     0  01:37        0.00
  N01794               JUNCTION     0.55     1.00     9.28     0  01:48        0.00
  N00087               JUNCTION     0.00     0.01     3.17     0  01:40        0.00
  N00045               JUNCTION     0.29     0.54    15.06     0  01:59        0.00
  N01784               JUNCTION     0.10     0.66     6.59     0  02:39        0.00
  N01586               JUNCTION     0.33     0.63    29.87     0  01:41        0.00
  N01850               JUNCTION     0.02     0.04     9.56     0  01:40        0.00
  N02468               JUNCTION     0.19     0.38     8.92     0  02:10        0.00
  N01032               JUNCTION     0.02     0.03     6.77     0  01:40        0.00
  N01043               JUNCTION     0.01     0.02    42.77     0  01:36        0.00
  N00744               JUNCTION     0.18     0.33    10.02     0  02:02        0.00
  N00320               JUNCTION     0.00     0.00    20.74     0  01:00        0.00
  N00586               JUNCTION     0.01     0.02    21.91     0  01:35        0.00
  N00265               JUNCTION     0.25     0.44     4.94     0  01:43        0.00
  N00403               JUNCTION     0.01     0.01     3.17     0  01:00        0.00
  N00620               JUNCTION     0.01     0.02    28.89     0  01:00        0.00
  N01810               JUNCTION     0.33     0.68     9.39     0  01:46        0.00
  N00095               JUNCTION     0.00     0.01     5.97     0  01:00        0.00
  N02088               JUNCTION     0.55     1.16     4.15     0  02:20        0.00
  N01337               JUNCTION     0.00     0.00    47.50     0  01:00        0.00
  N02594               JUNCTION     0.02     0.06    17.86     0  02:57        0.00
  N01965               JUNCTION     0.01     0.02    11.02     0  01:36        0.00
  N00086               JUNCTION     0.33     0.60     3.74     0  02:07        0.00
  N01349               JUNCTION     0.33     0.77     4.47     0  02:51        0.00
  N01277               JUNCTION     0.10     0.16    27.24     0  02:03        0.00
  N01275               JUNCTION     0.83     1.57     8.79     0  01:48        0.00
  N00220               JUNCTION     0.03     0.06    10.94     0  01:42        0.00
  N02740               JUNCTION     0.00     0.01    20.06     0  01:00        0.00
  N00020               JUNCTION     0.36     0.64     7.50     0  02:08        0.00
  N00193               JUNCTION     0.40     0.80     4.58     0  02:20        0.00
  N00329               JUNCTION     0.17     0.37     4.00     0  02:55        0.00
  N01547               JUNCTION     0.21     0.41     5.70     0  02:54        0.00
  N02167               JUNCTION     0.01     0.02    12.14     0  01:40        0.00
  N02078               JUNCTION     0.07     0.12    14.26     0  01:57        0.00
  N00383               JUNCTION     0.01     0.01     5.09     0  01:40        0.00
  N02260               JUNCTION     0.02     0.04    17.58     0  01:40        0.00
  N02058               JUNCTION     0.03     0.05    13.74     0  01:40        0.00
  N01944               JUNCTION     0.09     0.15     4.25     0  02:46        0.00
  N01198               JUNCTION     0.11     0.21    14.03     0  02:59        0.00
  N02130               JUNCTION     0.32     0.57     6.11     0  02:13        0.00
  N02515               JUNCTION     0.34     0.80    17.57     0  02:58        0.00
  N01441               JUNCTION     0.00     0.01    10.22     0  01:00        0.00
  N02199               JUNCTION     0.08     0.15     5.41     0  01:43        0.00
  N00180               JUNCTION     0.79     1.62     5.30     0  02:09        0.00
  N01930               JUNCTION     0.26     0.46     9.14     0  02:03        0.00
  N01399               JUNCTION     0.02     0.03    25.55     0  01:40        0.00
  N01490               JUNCTION     0.01     0.02     4.83     0  01:36        0.00
  N01276               JUNCTION     0.23     0.41    22.94     0  01:44        0.00
  N02345               JUNCTION     0.09     0.37     4.06     0  02:58        0.00
  N01840               JUNCTION     0.01     0.03     9.59     0  01:00        0.00
  N00214               JUNCTION     0.22     0.36     5.07     0  01:44        0.00
  N00245               JUNCTION     0.31     0.53     4.72     0  02:21        0.00
  N01841               JUNCTION     0.05     0.09    10.53     0  01:39        0.00
  N00537               JUNCTION     0.03     0.06    11.25     0  01:41        0.00
  N00007               JUNCTION     0.37     0.69     7.18     0  01:53        0.00
  N01958               JUNCTION     0.06     0.11    23.65     0  01:40        0.00
  N00150               JUNCTION     0.10     0.34     4.58     0  02:48        0.00
  N02537               JUNCTION     0.01     0.01    37.13     0  01:36        0.00
  N01039               JUNCTION     0.94     1.82     7.36     0  02:59        0.00
  N00714               JUNCTION     0.13     0.20    24.93     0  01:40        0.00
  N01272               JUNCTION     0.23     0.46     4.72     0  02:00        0.00
  N02102               JUNCTION     0.00     0.00    30.67     0  01:00        0.00
  N01793               JUNCTION     0.08     0.14     8.40     0  01:02        0.00
  N00445               JUNCTION     0.02     0.04    27.30     0  01:40        0.00
  N00024               JUNCTION     0.04     0.07    41.42     0  01:38        0.00
  N00075               JUNCTION     0.02     0.03    20.74     0  01:36        0.00
  N00553               JUNCTION     0.00     0.01    30.01     0  01:00        0.00
  N00848               JUNCTION     0.00     0.00    36.30     0  01:00        0.00
  N01941               JUNCTION     0.42     1.18     5.55     0  02:41        0.00
  N00642               JUNCTION     0.29     0.50     2.79     0  02:03        0.00
  N01775               JUNCTION     0.14     0.27     5.28     0  02:08        0.00
  N02681               JUNCTION     0.05     0.09    13.52     0  01:57        0.00
  N00010               JUNCTION     0.30     0.51     8.20     0  02:09        0.00
  N01938               JUNCTION     0.02     0.04    17.27     0  01:40        0.00
  N01051               JUNCTION     0.01     0.02    40.66     0  01:36        0.00
  N01781               JUNCTION     0.21     0.39     5.40     0  02:20        0.00
  N01619               JUNCTION     0.00     0.01     4.87     0  01:00        0.00
  N00723               JUNCTION     0.34     0.57    23.20     0  01:41        0.00
  N02378               JUNCTION     0.01     0.01     6.16     0  01:35        0.00
  N01774               JUNCTION     0.26     0.44     5.37     0  02:07        0.00
  N01122               JUNCTION     0.02     0.04     6.62     0  01:42        0.00
  N02616               JUNCTION     0.18     0.31     3.50     0  01:40        0.00
  N00312               JUNCTION     0.00     0.01    47.97     0  01:40        0.00
  N00070               JUNCTION     0.03     0.07     4.66     0  02:48        0.00
  N00806               JUNCTION     0.09     0.22     5.75     0  01:44        0.00
  N01719               JUNCTION     0.19     0.35     5.43     0  02:17        0.00
  N00409               JUNCTION     0.02     0.04    17.62     0  01:36        0.00
  N00681               JUNCTION     0.07     0.13    20.79     0  01:41        0.00
  N00534               JUNCTION     0.04     0.07    19.04     0  01:42        0.00
  N02188               JUNCTION     0.03     0.07     2.92     0  02:54        0.00
  N00619               JUNCTION     0.01     0.02    26.35     0  01:01        0.00
  N02769               JUNCTION     0.02     0.06     4.36     0  02:49        0.00
  N00946               JUNCTION     0.02     0.03    40.13     0  01:40        0.00
  N00122               JUNCTION     0.45     1.09     5.22     0  02:49        0.00
  N01575               JUNCTION     0.24     0.44     5.42     0  02:19        0.00
  N00336               JUNCTION     0.15     0.30     5.47     0  02:51        0.00
  N01811               JUNCTION     0.02     0.04     9.28     0  01:35        0.00
  N00688               JUNCTION     0.01     0.02    10.57     0  01:40        0.00
  N01432               JUNCTION     0.89     1.74     7.37     0  02:59        0.00
  N01785               JUNCTION     0.31     0.58     5.87     0  02:06        0.00
  N02108               JUNCTION     0.01     0.02    27.39     0  01:35        0.00
  N02607               JUNCTION     0.01     0.02     5.91     0  01:40        0.00
  N00823               JUNCTION     0.20     0.36     5.31     0  02:08        0.00
  N02219               JUNCTION     0.00     0.00    28.67     0  01:00        0.00
  N01078               JUNCTION     0.02     0.04    21.32     0  01:38        0.00
  N02508               JUNCTION     0.00     0.01    21.89     0  01:00        0.00
  N02084               JUNCTION     0.48     0.97     4.26     0  02:07        0.00
  N01538               JUNCTION     0.32     0.55     4.71     0  02:20        0.00
  N01048               JUNCTION     0.03     0.05    33.59     0  01:40        0.00
  N01642               JUNCTION     0.00     0.01     3.10     0  01:39        0.00
  N01266               JUNCTION     0.01     0.01    11.59     0  01:38        0.00
  N02158               JUNCTION     0.07     0.19     6.11     0  02:14        0.00
  N00671               JUNCTION     0.01     0.02    37.51     0  01:37        0.00
  N01061               JUNCTION     0.03     0.06    24.69     0  01:38        0.00
  N01678               JUNCTION     0.09     0.30     4.15     0  02:19        0.00
  N02530               JUNCTION     0.04     0.08    31.49     0  01:36        0.00
  N00809               JUNCTION     0.02     0.05     9.97     0  01:40        0.00
  N01624               JUNCTION     0.12     0.21     3.25     0  01:45        0.00
  N01013               JUNCTION     0.21     0.38     3.65     0  02:59        0.00
  N02231               JUNCTION     0.03     0.05    24.24     0  01:40        0.00
  N01385               JUNCTION     0.17     0.30     3.37     0  02:47        0.00
  N01691               JUNCTION     0.14     0.25     5.23     0  02:06        0.00
  N01346               JUNCTION     0.47     1.00     4.53     0  02:51        0.00
  N00175               JUNCTION     0.73     1.56     5.06     0  02:59        0.00
  N02128               JUNCTION     0.09     0.17    10.54     0  02:22        0.00
  N02267               JUNCTION     0.30     0.52    22.36     0  01:43        0.00
  N02737               JUNCTION     0.01     0.01    18.47     0  01:37        0.00
  N00308               JUNCTION     0.01     0.01     8.22     0  01:35        0.00
  N00204               JUNCTION     0.08     0.14     9.52     0  01:39        0.00
  N00125               JUNCTION     0.26     0.43     3.41     0  02:08        0.00
  N01501               JUNCTION     0.00     0.01    10.35     0  01:32        0.00
  N00483               JUNCTION     0.14     0.27    17.00     0  01:43        0.00
  N01465               JUNCTION     0.09     0.16     8.22     0  01:40        0.00
  N01772               JUNCTION     0.27     0.45     5.37     0  02:06        0.00
  N00393               JUNCTION     0.02     0.03     5.33     0  01:40        0.00
  N00951               JUNCTION     0.01     0.01    40.07     0  01:40        0.00
  N02625               JUNCTION     0.16     0.29    12.23     0  01:40        0.00
  N02077               JUNCTION     0.08     0.15    13.44     0  01:57        0.00
  N00602               JUNCTION     0.19     0.30    35.64     0  01:40        0.00
  N02793               JUNCTION     0.12     0.20    18.50     0  01:44        0.00
  N01712               JUNCTION     0.22     0.41     5.40     0  02:22        0.00
  N01057               JUNCTION     0.23     0.47    26.99     0  01:42        0.00
  N02831               JUNCTION     0.15     0.27    20.46     0  01:43        0.00
  N01395               JUNCTION     0.46     0.85     4.73     0  01:42        0.00
  N01771               JUNCTION     0.25     0.42     5.27     0  02:06        0.00
  N01056               JUNCTION     0.02     0.04    28.90     0  01:40        0.00
  N02462               JUNCTION     0.05     0.08    10.05     0  01:44        0.00
  N02032               JUNCTION     0.01     0.02    21.35     0  01:01        0.00
  N01847               JUNCTION     0.72     1.20    10.15     0  01:53        0.00
  N02379               JUNCTION     0.23     0.38     3.50     0  02:05        0.00
  N00369               JUNCTION     0.00     0.01     7.13     0  01:00        0.00
  N01427               JUNCTION     0.22     0.39     8.03     0  01:43        0.00
  N02464               JUNCTION     0.07     0.12     9.04     0  01:45        0.00
  N02061               JUNCTION     0.01     0.01    20.80     0  01:00        0.00
  N02281               JUNCTION     0.08     0.14    23.84     0  01:41        0.00
  N00263               JUNCTION     0.00     0.01     6.24     0  01:00        0.00
  N00301               JUNCTION     0.96     1.86     7.35     0  02:59        0.00
  N01588               JUNCTION     0.32     0.59    30.44     0  01:40        0.00
  N02695               JUNCTION     0.00     0.01    42.37     0  01:00        0.00
  N01667               JUNCTION     0.66     1.28    12.17     0  02:05        0.00
  N00510               JUNCTION     0.17     0.51    16.48     0  02:06        0.00
  N00102               JUNCTION     0.07     0.13     6.53     0  01:40        0.00
  N01953               JUNCTION     0.76     1.66     5.48     0  02:56        0.00
  N02596               JUNCTION     0.02     0.03    19.14     0  01:40        0.00
  N00655               JUNCTION     0.04     0.06     3.14     0  01:40        0.00
  N02169               JUNCTION     0.03     0.06    11.52     0  01:38        0.00
  N01100               JUNCTION     0.17     0.41     4.05     0  02:49        0.00
  N02794               JUNCTION     0.91     1.56    12.45     0  02:09        0.00
  N01638               JUNCTION     0.34     0.63     3.00     0  02:14        0.00
  N00721               JUNCTION     0.00     0.01    33.00     0  01:35        0.00
  N02716               JUNCTION     0.07     0.13     5.79     0  02:21        0.00
  N00704               JUNCTION     0.03     0.06    16.73     0  01:42        0.00
  N01959               JUNCTION     0.05     0.08    23.37     0  01:38        0.00
  N01851               JUNCTION     0.40     0.73     9.53     0  01:59        0.00
  N00401               JUNCTION     0.13     0.48     4.06     0  02:59        0.00
  N00634               JUNCTION     0.01     0.01     2.61     0  01:00        0.00
  N00958               JUNCTION     0.05     0.13     3.63     0  01:43        0.00
  N00178               JUNCTION     0.60     1.19     4.82     0  02:21        0.00
  N02314               JUNCTION     0.07     0.12     4.62     0  02:56        0.00
  N00316               JUNCTION     0.00     0.01    31.56     0  01:00        0.00
  N00235               JUNCTION     0.02     0.04     2.82     0  01:40        0.00
  N02748               JUNCTION     0.02     0.03    40.81     0  01:40        0.00
  N02070               JUNCTION     0.04     0.06    42.94     0  01:40        0.00
  N02385               JUNCTION     0.35     0.58     2.71     0  02:50        0.00
  N02104               JUNCTION     0.03     0.06    30.05     0  01:38        0.00
  N01502               JUNCTION     0.01     0.01     5.79     0  01:35        0.00
  N00792               JUNCTION     0.39     0.85     4.47     0  02:53        0.00
  N02662               JUNCTION     0.13     0.27    11.66     0  01:59        0.00
  N00196               JUNCTION     0.54     1.12     3.91     0  02:22        0.00
  N00502               JUNCTION     0.15     0.39    16.25     0  02:12        0.00
  N00367               JUNCTION     0.00     0.00     8.52     0  00:30        0.00
  N00208               JUNCTION     0.51     1.10     7.54     0  02:59        0.00
  N01708               JUNCTION     0.29     1.21     6.64     0  02:59        0.00
  N01304               JUNCTION     0.28     0.45    19.65     0  02:48        0.00
  N00683               JUNCTION     0.00     0.01    15.07     0  01:00        0.00
  N00725               JUNCTION     0.02     0.04     7.07     0  01:40        0.00
  N01449               JUNCTION     0.02     0.03    18.80     0  01:00        0.00
  N02071               JUNCTION     0.10     0.18    12.20     0  01:58        0.00
  N01066               JUNCTION     0.29     0.54     5.87     0  02:08        0.00
  N01480               JUNCTION     0.01     0.01     5.92     0  01:00        0.00
  N00492               JUNCTION     0.53     1.15    16.48     0  02:06        0.00
  N02114               JUNCTION     0.85     1.55    12.40     0  02:17        0.00
  N00570               JUNCTION     0.01     0.02    19.58     0  01:39        0.00
  N02076               JUNCTION     0.04     0.08    13.13     0  01:58        0.00
  N01358               JUNCTION     0.00     0.01     9.70     0  01:00        0.00
  N00908               JUNCTION     0.01     0.02     6.73     0  01:35        0.00
  N01413               JUNCTION     0.14     0.25    19.76     0  01:47        0.00
  N02498               JUNCTION     0.66     1.51     8.35     0  02:03        0.00
  N02141               JUNCTION     0.80     1.44     7.02     0  02:03        0.00
  N01744               JUNCTION     0.36     0.65     4.45     0  01:48        0.00
  N02503               JUNCTION     0.08     0.16    20.57     0  01:41        0.00
  N01023               JUNCTION     0.05     0.08    29.10     0  01:39        0.00
  N02570               JUNCTION     0.11     0.19    19.97     0  01:41        0.00
  N02049               JUNCTION     0.25     0.42    11.95     0  02:49        0.00
  N00322               JUNCTION     0.26     0.47    11.87     0  01:49        0.00
  N01309               JUNCTION     0.02     0.04    16.29     0  01:40        0.00
  N00591               JUNCTION     0.02     0.03    19.74     0  01:40        0.00
  N01125               JUNCTION     0.14     0.25     4.11     0  01:41        0.00
  N01703               JUNCTION     0.53     1.55     6.55     0  02:59        0.00
  N02174               JUNCTION     0.22     0.40     3.62     0  02:50        0.00
  N00708               JUNCTION     0.16     0.26    16.47     0  02:48        0.00
  N01925               JUNCTION     0.09     0.16    15.74     0  01:37        0.00
  N02159               JUNCTION     0.01     0.01     7.42     0  01:00        0.00
  N00826               JUNCTION     0.01     0.03    14.51     0  01:39        0.00
  N02303               JUNCTION     0.08     0.14    37.66     0  01:41        0.00
  N02519               JUNCTION     0.18     0.34    10.18     0  01:43        0.00
  N00242               JUNCTION     0.01     0.01     5.18     0  01:00        0.00
  N01004               JUNCTION     0.21     0.33    22.79     0  01:41        0.00
  N00694               JUNCTION     0.05     0.09     8.67     0  01:01        0.00
  N01383               JUNCTION     0.06     0.11     2.80     0  01:41        0.00
  N02678               JUNCTION     0.11     0.17    10.44     0  01:40        0.00
  N02057               JUNCTION     0.10     0.17    12.03     0  01:41        0.00
  N00566               JUNCTION     0.03     0.04    11.44     0  02:47        0.00
  N01654               JUNCTION     0.07     0.12     4.94     0  02:04        0.00
  N00488               JUNCTION     0.02     0.03    16.35     0  01:36        0.00
  N00254               JUNCTION     0.28     0.48     5.01     0  02:08        0.00
  N00328               JUNCTION     0.06     0.11     4.11     0  01:41        0.00
  N00292               JUNCTION     0.00     0.00    12.47     0  00:59        0.00
  N01124               JUNCTION     0.01     0.02    15.90     0  01:35        0.00
  N01025               JUNCTION     0.13     0.27     8.42     0  01:43        0.00
  N00697               JUNCTION     0.00     0.01    16.75     0  01:00        0.00
  N00783               JUNCTION     0.05     0.08    43.23     0  01:41        0.00
  N01694               JUNCTION     0.42     1.66     7.03     0  02:58        0.00
  N02595               JUNCTION     0.00     0.00    25.07     0  01:01        0.00
  N01380               JUNCTION     0.04     0.06    11.47     0  01:40        0.00
  N01366               JUNCTION     0.29     0.51    13.31     0  01:42        0.00
  N00313               JUNCTION     0.00     0.00    47.40     0  01:00        0.00
  N02693               JUNCTION     0.05     0.08    23.84     0  01:41        0.00
  N02126               JUNCTION     0.00     0.01    16.38     0  01:00        0.00
  N00803               JUNCTION     0.02     0.03     8.44     0  01:40        0.00
  N01541               JUNCTION     0.24     0.42     5.32     0  02:09        0.00
  N02242               JUNCTION     0.08     0.33    20.90     0  01:45        0.00
  N00727               JUNCTION     0.06     0.10    25.72     0  01:39        0.00
  N01016               JUNCTION     0.01     0.02    15.18     0  01:35        0.00
  N01303               JUNCTION     0.27     0.43    19.61     0  02:48        0.00
  N01650               JUNCTION     0.08     0.15     7.75     0  01:45        0.00
  N01690               JUNCTION     0.26     0.74     6.23     0  02:59        0.00
  N00412               JUNCTION     0.02     0.03    24.67     0  01:40        0.00
  N01370               JUNCTION     0.54     1.18     9.04     0  01:43        0.00
  N01154               JUNCTION     0.02     0.02    45.59     0  01:40        0.00
  N00027               JUNCTION     0.01     0.03     5.15     0  01:43        0.00
  N02248               JUNCTION     0.09     0.15    20.07     0  02:03        0.00
  N01823               JUNCTION     0.00     0.01    17.93     0  01:00        0.00
  N02511               JUNCTION     0.00     0.01    22.56     0  01:00        0.00
  N00989               JUNCTION     0.01     0.01    16.95     0  01:40        0.00
  N01833               JUNCTION     0.18     0.30     6.69     0  01:41        0.00
  N00221               JUNCTION     0.57     1.20     5.30     0  02:14        0.00
  N02533               JUNCTION     0.02     0.03    31.82     0  01:40        0.00
  N00183               JUNCTION     0.01     0.01     6.89     0  01:38        0.00
  N00777               JUNCTION     0.13     0.27    29.42     0  01:42        0.00
  N02369               JUNCTION     0.12     0.21     3.38     0  02:07        0.00
  N00099               JUNCTION     0.25     0.46     6.87     0  01:56        0.00
  N02488               JUNCTION     0.03     0.06     3.61     0  02:45        0.00
  N00066               JUNCTION     0.30     0.52     8.21     0  02:06        0.00
  N00833               JUNCTION     0.13     0.19     2.76     0  02:48        0.00
  N02576               JUNCTION     0.36     0.83     3.84     0  02:18        0.00
  N02372               JUNCTION     0.21     0.36     4.14     0  02:46        0.00
  N01769               JUNCTION     0.25     0.42     5.32     0  01:44        0.00
  N02531               JUNCTION     0.02     0.04    39.47     0  01:38        0.00
  N01327               JUNCTION     0.11     0.21    18.20     0  01:44        0.00
  N01554               JUNCTION     0.08     0.16     7.72     0  01:45        0.00
  N00770               JUNCTION     0.41     0.69    16.40     0  01:45        0.00
  N00682               JUNCTION     0.28     0.46    12.37     0  01:43        0.00
  N00017               JUNCTION     0.04     0.07     4.53     0  01:39        0.00
  N01003               JUNCTION     0.01     0.01    27.80     0  01:37        0.00
  N02129               JUNCTION     0.88     1.54     7.02     0  02:03        0.00
  N00857               JUNCTION     0.13     0.24    15.53     0  01:44        0.00
  N00114               JUNCTION     0.15     0.30     6.66     0  01:46        0.00
  N00917               JUNCTION     0.01     0.01    18.73     0  01:00        0.00
  N00441               JUNCTION     0.02     0.04    21.73     0  01:47        0.00
  N01300               JUNCTION     0.01     0.01     5.80     0  01:40        0.00
  N02075               JUNCTION     0.01     0.01    14.60     0  01:36        0.00
  N01706               JUNCTION     0.60     1.64     6.55     0  02:59        0.00
  N01956               JUNCTION     0.01     0.01     7.13     0  01:00        0.00
  N01695               JUNCTION     0.58     1.66     6.64     0  02:59        0.00
  N00501               JUNCTION     0.52     1.00    16.17     0  02:17        0.00
  N01476               JUNCTION     0.09     0.15     4.44     0  01:40        0.00
  N01587               JUNCTION     0.01     0.03    32.62     0  01:37        0.00
  N02491               JUNCTION     0.00     0.01     3.09     0  01:00        0.00
  N02120               JUNCTION     0.03     0.04    10.62     0  02:00        0.00
  N01463               JUNCTION     0.17     0.33     6.96     0  01:45        0.00
  N00167               JUNCTION     0.50     1.19     5.32     0  02:05        0.00
  N00100               JUNCTION     0.42     0.98     5.49     0  02:12        0.00
  N01126               JUNCTION     0.01     0.02     3.75     0  01:36        0.00
  N01920               JUNCTION     0.03     0.06    15.58     0  01:40        0.00
  N00104               JUNCTION     0.40     0.92     4.57     0  02:50        0.00
  N01492               JUNCTION     0.11     0.21     4.61     0  01:40        0.00
  N00388               JUNCTION     0.05     0.08     4.83     0  01:36        0.00
  N01549               JUNCTION     0.41     0.75     4.31     0  02:50        0.00
  N01613               JUNCTION     0.17     0.25     2.79     0  01:40        0.00
  N00933               JUNCTION     0.10     0.24     3.74     0  02:04        0.00
  N00827               JUNCTION     0.01     0.01     6.51     0  01:40        0.00
  N00551               JUNCTION     0.02     0.04    20.85     0  01:38        0.00
  N01363               JUNCTION     0.00     0.01    41.18     0  01:00        0.00
  N02819               JUNCTION     0.10     0.19     4.46     0  02:11        0.00
  N01464               JUNCTION     0.26     0.49     7.19     0  01:45        0.00
  N01526               JUNCTION     0.24     0.39    10.20     0  02:06        0.00
  N02664               JUNCTION     0.13     0.22     8.27     0  01:44        0.00
  N00315               JUNCTION     0.00     0.00    46.17     0  01:00        0.00
  N00931               JUNCTION     0.01     0.01    43.25     0  01:00        0.00
  N00863               JUNCTION     0.04     0.07    31.77     0  01:39        0.00
  N00698               JUNCTION     0.00     0.00    47.22     0  01:39        0.00
  N02704               JUNCTION     0.02     0.09     5.65     0  02:55        0.00
  N02675               JUNCTION     0.02     0.03    10.73     0  01:01        0.00
  N02532               JUNCTION     0.01     0.02    39.36     0  01:39        0.00
  N01310               JUNCTION     0.17     0.32    17.25     0  01:43        0.00
  N00542               JUNCTION     0.03     0.05    14.02     0  01:40        0.00
  N02802               JUNCTION     0.58     1.18     4.97     0  02:59        0.00
  N01343               JUNCTION     0.64     1.43     5.06     0  02:59        0.00
  N00209               JUNCTION     0.31     0.76     7.54     0  02:59        0.00
  N01782               JUNCTION     0.29     0.48     5.36     0  02:07        0.00
  N02215               JUNCTION     0.01     0.01    32.20     0  01:35        0.00
  N01975               JUNCTION     0.11     0.19    21.18     0  01:41        0.00
  N01859               JUNCTION     0.34     0.66     9.18     0  01:50        0.00
  N01591               JUNCTION     0.02     0.03    44.48     0  01:40        0.00
  N02589               JUNCTION     0.16     0.26    20.48     0  01:42        0.00
  N00155               JUNCTION     0.09     0.17    21.35     0  01:41        0.00
  N01702               JUNCTION     0.43     1.25     6.27     0  02:59        0.00
  N02651               JUNCTION     0.01     0.01    11.49     0  01:35        0.00
  N01330               JUNCTION     0.07     0.14    19.59     0  01:41        0.00
  N00680               JUNCTION     0.40     0.66    10.58     0  01:44        0.00
  N01475               JUNCTION     0.58     1.16     3.89     0  02:19        0.00
  N02824               JUNCTION     0.10     0.17     3.25     0  01:42        0.00
  N01991               JUNCTION     0.01     0.02    13.69     0  02:02        0.00
  N01008               JUNCTION     0.01     0.01    23.20     0  01:00        0.00
  N02708               JUNCTION     0.27     0.54     4.84     0  01:59        0.00
  N02505               JUNCTION     0.00     0.01    22.89     0  01:35        0.00
  N01405               JUNCTION     0.01     0.01    27.66     0  01:00        0.00
  N01866               JUNCTION     0.34     0.70     7.51     0  02:08        0.00
  N00944               JUNCTION     0.02     0.03    47.87     0  01:40        0.00
  N00244               JUNCTION     0.05     0.11     5.32     0  02:08        0.00
  N00495               JUNCTION     0.18     0.44    16.25     0  02:16        0.00
  N01623               JUNCTION     0.06     0.11     3.07     0  01:49        0.00
  N01036               JUNCTION     0.27     0.48     6.41     0  02:01        0.00
  N01659               JUNCTION     0.40     0.75     4.38     0  02:25        0.00
  N01445               JUNCTION     0.01     0.02    12.40     0  01:01        0.00
  N01857               JUNCTION     0.02     0.04     5.87     0  02:01        0.00
  N02306               JUNCTION     0.11     0.19    43.87     0  01:39        0.00
  N00684               JUNCTION     0.01     0.01    11.88     0  01:40        0.00
  N01093               JUNCTION     0.01     0.02    22.51     0  01:36        0.00
  N02518               JUNCTION     0.15     0.30     5.30     0  01:58        0.00
  N01924               JUNCTION     0.12     0.21     9.50     0  01:41        0.00
  N00636               JUNCTION     0.01     0.02     3.04     0  01:00        0.00
  N02308               JUNCTION     0.02     0.03    43.22     0  01:00        0.00
  N00512               JUNCTION     0.01     0.05    16.25     0  02:15        0.00
  N01091               JUNCTION     0.00     0.01    18.85     0  01:00        0.00
  N00555               JUNCTION     0.02     0.05    17.14     0  01:43        0.00
  N00198               JUNCTION     1.02     1.95     7.59     0  02:59        0.00
  N00076               JUNCTION     0.02     0.04    20.95     0  01:40        0.00
  N02328               JUNCTION     0.02     0.03     3.44     0  01:40        0.00
  N01660               JUNCTION     0.32     0.63     4.40     0  02:25        0.00
  N00141               JUNCTION     0.01     0.01     3.03     0  00:35        0.00
  N00101               JUNCTION     0.19     0.58     5.20     0  02:48        0.00
  N01745               JUNCTION     0.02     0.04     4.52     0  01:37        0.00
  N00787               JUNCTION     0.23     0.39     3.08     0  01:49        0.00
  N00262               JUNCTION     0.00     0.01     5.65     0  02:00        0.00
  N01899               JUNCTION     0.00     0.01    10.36     0  01:00        0.00
  N02133               JUNCTION     0.19     0.34    10.54     0  02:21        0.00
  N01663               JUNCTION     0.15     0.28     3.08     0  01:48        0.00
  N01499               JUNCTION     0.01     0.02     6.85     0  01:00        0.00
  N02539               JUNCTION     0.10     0.17     4.77     0  01:37        0.00
  N01998               JUNCTION     0.01     0.01    10.07     0  01:39        0.00
  N02192               JUNCTION     0.08     0.16     2.92     0  02:59        0.00
  N01384               JUNCTION     0.08     0.14     2.59     0  01:44        0.00
  N00303               JUNCTION     0.01     0.02     6.80     0  01:36        0.00
  N00740               JUNCTION     0.13     0.22    17.59     0  01:39        0.00
  N02003               JUNCTION     0.14     0.23    10.23     0  01:44        0.00
  N02047               JUNCTION     0.07     0.12    14.44     0  01:43        0.00
  N00411               JUNCTION     0.09     0.16    19.52     0  01:40        0.00
  N00921               JUNCTION     0.01     0.02    34.33     0  01:00        0.00
  N02552               JUNCTION     0.00     0.01    34.71     0  01:00        0.00
  N02798               JUNCTION     0.19     0.33    19.46     0  02:49        0.00
  N02430               JUNCTION     0.01     0.03    18.73     0  01:37        0.00
  N00574               JUNCTION     0.08     0.19    16.12     0  02:59        0.00
  N00331               JUNCTION     0.16     0.48     4.97     0  02:59        0.00
  N01714               JUNCTION     0.29     0.50     5.49     0  02:09        0.00
  N02425               JUNCTION     0.03     0.05    21.60     0  01:40        0.00
  N02725               JUNCTION     0.29     0.58    12.36     0  01:52        0.00
  N02706               JUNCTION     0.01     0.01     5.66     0  01:00        0.00
  N00096               JUNCTION     0.44     0.82     4.67     0  01:42        0.00
  N02121               JUNCTION     0.28     0.55    12.32     0  01:53        0.00
  N01022               JUNCTION     0.00     0.00    47.13     0  01:00        0.00
  N02803               JUNCTION     0.04     0.07    19.59     0  02:08        0.00
  N02259               JUNCTION     0.13     0.31    19.75     0  01:46        0.00
  N00379               JUNCTION     0.00     0.00    10.48     0  01:00        0.00
  N01443               JUNCTION     0.16     0.26     8.27     0  01:40        0.00
  N00282               JUNCTION     0.68     1.52     8.02     0  02:31        0.00
  N00156               JUNCTION     0.20     0.40     9.76     0  01:43        0.00
  N02056               JUNCTION     0.19     0.39     8.11     0  02:02        0.00
  N00361               JUNCTION     0.00     0.00     8.71     0  00:59        0.00
  N00291               JUNCTION     0.00     0.01    10.04     0  01:00        0.00
  N01059               JUNCTION     0.02     0.04    30.14     0  01:00        0.00
  N02440               JUNCTION     0.02     0.04    15.13     0  01:40        0.00
  N00006               JUNCTION     0.02     0.04     6.84     0  01:36        0.00
  N02690               JUNCTION     0.17     0.33    23.85     0  01:42        0.00
  N00223               JUNCTION     0.31     0.67     4.59     0  02:23        0.00
  N02147               JUNCTION     1.16     2.14     7.59     0  02:59        0.00
  N00793               JUNCTION     0.12     0.19     3.82     0  02:48        0.00
  N02413               JUNCTION     0.00     0.01    45.52     0  01:40        0.00
  N02633               JUNCTION     0.07     0.12    18.17     0  01:41        0.00
  N01486               JUNCTION     0.28     0.61     4.59     0  02:23        0.00
  N01484               JUNCTION     0.01     0.01    10.63     0  01:40        0.00
  N01746               JUNCTION     0.04     0.06     5.23     0  01:40        0.00
  N02145               JUNCTION     0.97     1.89     7.62     0  02:57        0.00
  N00088               JUNCTION     0.01     0.02     3.01     0  01:40        0.00
  N02586               JUNCTION     0.28     0.49    16.51     0  01:48        0.00
  N01331               JUNCTION     0.48     0.79    15.13     0  02:48        0.00
  N01372               JUNCTION     0.06     0.10    14.57     0  02:02        0.00
  N02454               JUNCTION     0.34     1.53     7.17     0  02:59        0.00
  N02717               JUNCTION     0.24     0.72     6.80     0  02:49        0.00
  N01264               JUNCTION     0.09     0.18    19.42     0  01:41        0.00
  N01788               JUNCTION     0.59     1.64     6.56     0  02:59        0.00
  N01962               JUNCTION     0.00     0.01    23.02     0  01:00        0.00
  N00358               JUNCTION     0.01     0.07     4.97     0  02:59        0.00
  N02750               JUNCTION     0.01     0.02    44.87     0  01:35        0.00
  N02702               JUNCTION     0.31     0.52     6.38     0  02:03        0.00
  N02006               JUNCTION     0.05     0.11    10.82     0  01:49        0.00
  N01914               JUNCTION     0.01     0.01     9.28     0  01:00        0.00
  N00431               JUNCTION     0.01     0.01    22.72     0  01:40        0.00
  N01504               JUNCTION     0.01     0.02    30.09     0  01:37        0.00
  N02270               JUNCTION     0.06     0.10    45.15     0  01:41        0.00
  N01993               JUNCTION     0.16     0.31     8.94     0  02:03        0.00
  N00297               JUNCTION     0.01     0.01    11.70     0  01:00        0.00
  N00187               JUNCTION     0.00     0.01     6.32     0  01:34        0.00
  N00963               JUNCTION     0.78     1.59     5.30     0  02:09        0.00
  N02654               JUNCTION     0.30     0.68     8.29     0  02:25        0.00
  N02652               JUNCTION     0.22     0.36    11.61     0  01:43        0.00
  N01516               JUNCTION     0.08     0.18     8.21     0  02:08        0.00
  N01451               JUNCTION     0.25     0.47     5.34     0  02:04        0.00
  N01572               JUNCTION     0.25     0.42     4.86     0  02:03        0.00
  N01813               JUNCTION     0.08     0.14     9.56     0  01:41        0.00
  N02280               JUNCTION     0.38     0.74    20.22     0  02:59        0.00
  N00259               JUNCTION     0.17     0.31     4.87     0  02:04        0.00
  N01868               JUNCTION     0.63     1.28     7.46     0  01:49        0.00
  N01458               JUNCTION     0.02     0.03    21.64     0  01:00        0.00
  N02550               JUNCTION     0.02     0.03    43.49     0  01:40        0.00
  N02139               JUNCTION     0.20     0.36     7.95     0  01:43        0.00
  N00506               JUNCTION     0.04     0.07    16.99     0  01:40        0.00
  N02064               JUNCTION     0.00     0.00    47.72     0  01:00        0.00
  N00368               JUNCTION     0.00     0.00     9.06     0  00:59        0.00
  N00984               JUNCTION     0.11     0.19    22.61     0  01:41        0.00
  N02109               JUNCTION     0.14     0.23    19.11     0  01:44        0.00
  N00948               JUNCTION     0.01     0.02    46.06     0  01:40        0.00
  N02086               JUNCTION     0.68     1.26     4.26     0  02:06        0.00
  N02329               JUNCTION     0.01     0.01     4.28     0  01:35        0.00
  N02000               JUNCTION     0.15     0.25    10.22     0  01:43        0.00
  N01162               JUNCTION     0.22     0.46     3.04     0  02:47        0.00
  N00251               JUNCTION     0.34     0.59     4.71     0  02:20        0.00
  N02284               JUNCTION     0.01     0.02    21.85     0  01:00        0.00
  N02238               JUNCTION     0.00     0.01    26.93     0  01:00        0.00
  N00713               JUNCTION     0.02     0.03    33.93     0  01:35        0.00
  N02066               JUNCTION     0.01     0.02    24.21     0  01:40        0.00
  N00891               JUNCTION     0.11     0.29     4.26     0  02:06        0.00
  N02457               JUNCTION     0.00     0.01    33.95     0  01:00        0.00
  N01891               JUNCTION     0.05     0.10    14.81     0  02:04        0.00
  N02632               JUNCTION     0.07     0.12    17.53     0  01:42        0.00
  N00018               JUNCTION     0.01     0.01     8.03     0  01:38        0.00
  N00515               JUNCTION     0.02     0.03    18.91     0  01:40        0.00
  N01647               JUNCTION     0.18     0.34     8.20     0  02:09        0.00
  N00333               JUNCTION     0.65     1.56     7.54     0  02:15        0.00
  N00442               JUNCTION     0.12     0.21    20.25     0  01:44        0.00
  N02780               JUNCTION     0.03     0.05    17.62     0  01:42        0.00
  N01862               JUNCTION     0.55     1.36     8.37     0  01:50        0.00
  N02639               JUNCTION     0.06     0.12    11.94     0  01:42        0.00
  N02111               JUNCTION     0.89     1.64    12.27     0  02:05        0.00
  N01274               JUNCTION     0.16     0.32     4.37     0  02:01        0.00
  N01140               JUNCTION     0.11     0.20    20.86     0  01:39        0.00
  N01398               JUNCTION     0.09     0.16    14.64     0  01:38        0.00
  N00707               JUNCTION     0.66     1.55    17.48     0  02:39        0.00
  N01141               JUNCTION     0.01     0.02    21.59     0  01:40        0.00
  N02696               JUNCTION     0.50     1.09     8.32     0  02:11        0.00
  N02251               JUNCTION     0.05     0.10    22.88     0  01:42        0.00
  N00233               JUNCTION     0.02     0.03     2.72     0  01:41        0.00
  N00290               JUNCTION     0.01     0.01     8.96     0  01:00        0.00
  N02302               JUNCTION     0.01     0.01    45.14     0  01:40        0.00
  N00083               JUNCTION     0.22     0.43     3.73     0  02:04        0.00
  N01485               JUNCTION     0.40     0.75     4.38     0  02:29        0.00
  N02642               JUNCTION     0.64     1.34     8.87     0  01:48        0.00
  N00199               JUNCTION     0.67     1.35     7.72     0  02:59        0.00
  N00621               JUNCTION     0.08     0.16     4.14     0  01:40        0.00
  N01503               JUNCTION     0.01     0.01    28.60     0  01:41        0.00
  N02564               JUNCTION     0.08     0.13     5.81     0  01:40        0.00
  N00858               JUNCTION     0.27     0.52    13.90     0  01:47        0.00
  N01971               JUNCTION     0.33     0.87     8.15     0  02:19        0.00
  N02746               JUNCTION     0.01     0.01     7.68     0  02:00        0.00
  N00693               JUNCTION     0.56     1.16     8.30     0  02:23        0.00
  N00889               JUNCTION     0.35     0.68     4.34     0  02:50        0.00
  N01628               JUNCTION     0.01     0.01     3.85     0  01:40        0.00
  N00135               JUNCTION     0.00     0.01     4.81     0  01:00        0.00
  N00410               JUNCTION     0.06     0.11    17.70     0  01:40        0.00
  N02495               JUNCTION     0.37     0.64     2.12     0  02:49        0.00
  N02163               JUNCTION     0.03     0.05    11.51     0  01:39        0.00
  N02701               JUNCTION     0.25     0.70     6.69     0  02:45        0.00
  N00479               JUNCTION     0.37     0.70    15.96     0  02:20        0.00
  N02096               JUNCTION     0.02     0.04    28.91     0  01:40        0.00
  N02494               JUNCTION     0.54     1.09     3.85     0  02:22        0.00
  N02712               JUNCTION     0.02     0.03    16.43     0  01:00        0.00
  N00168               JUNCTION     0.60     1.19     4.82     0  02:19        0.00
  N02009               JUNCTION     0.01     0.02    10.89     0  01:40        0.00
  N01047               JUNCTION     0.07     0.12    26.48     0  01:42        0.00
  N00568               JUNCTION     0.00     0.01    24.02     0  01:00        0.00
  N01961               JUNCTION     0.00     0.01    25.87     0  01:34        0.00
  N01576               JUNCTION     0.20     0.36     5.34     0  02:59        0.00
  N01250               JUNCTION     0.01     0.01    47.81     0  01:35        0.00
  N00831               JUNCTION     0.22     0.41     8.09     0  01:43        0.00
  N02094               JUNCTION     0.05     0.11    26.93     0  01:40        0.00
  N00548               JUNCTION     0.01     0.01    13.58     0  01:35        0.00
  N00709               JUNCTION     0.24     0.39    19.07     0  02:48        0.00
  N00149               JUNCTION     0.64     1.29     5.28     0  02:11        0.00
  N02822               JUNCTION     0.02     0.04    15.03     0  01:00        0.00
  N00927               JUNCTION     0.25     0.46    35.04     0  01:43        0.00
  N01625               JUNCTION     0.08     0.14     3.49     0  01:42        0.00
  N00485               JUNCTION     0.30     0.67    16.25     0  02:14        0.00
  N00005               JUNCTION     0.00     0.01     7.01     0  01:40        0.00
  N02843               JUNCTION     0.05     0.09    19.29     0  01:40        0.00
  N00293               JUNCTION     0.30     0.47     7.27     0  02:08        0.00
  N00090               JUNCTION     0.02     0.04    12.65     0  01:41        0.00
  N01737               JUNCTION     0.09     0.17     5.98     0  01:38        0.00
  N02415               JUNCTION     0.00     0.01    29.89     0  01:00        0.00
  N00652               JUNCTION     0.17     0.36     3.07     0  02:48        0.00
  N01898               JUNCTION     0.01     0.02    15.82     0  01:40        0.00
  N02312               JUNCTION     0.00     0.00     8.44     0  01:00        0.00
  N01075               JUNCTION     0.02     0.04    14.06     0  01:39        0.00
  N02239               JUNCTION     0.10     0.17    22.62     0  01:40        0.00
  N01740               JUNCTION     0.16     0.37     5.34     0  02:06        0.00
  N02356               JUNCTION     0.01     0.01     4.07     0  01:37        0.00
  N01954               JUNCTION     0.40     0.93     4.63     0  02:51        0.00
  N01058               JUNCTION     0.09     0.29    29.87     0  01:41        0.00
  N00674               JUNCTION     0.08     0.14     5.13     0  02:46        0.00
  N01911               JUNCTION     0.05     0.08     7.18     0  01:40        0.00
  N02830               JUNCTION     0.16     0.28    22.38     0  01:45        0.00
  N02166               JUNCTION     0.00     0.01    14.16     0  01:00        0.00
  N02526               JUNCTION     0.03     0.06    48.40     0  01:40        0.00
  N00816               JUNCTION     0.56     1.17     5.37     0  02:12        0.00
  N01397               JUNCTION     0.00     0.01    15.48     0  01:00        0.00
  N01083               JUNCTION     0.00     0.01     8.42     0  01:40        0.00
  N00782               JUNCTION     0.14     0.21    43.44     0  01:40        0.00
  N00691               JUNCTION     0.22     0.42    21.47     0  01:43        0.00
  N02273               JUNCTION     0.01     0.02    40.17     0  01:39        0.00
  N02080               JUNCTION     0.02     0.03    11.86     0  01:40        0.00
  N00343               JUNCTION     0.38     1.32     5.82     0  02:59        0.00
  N00894               JUNCTION     0.02     0.03     9.53     0  01:01        0.00
  N02054               JUNCTION     0.05     0.09    21.06     0  01:42        0.00
  N00797               JUNCTION     0.44     1.54     6.57     0  02:59        0.00
  N01077               JUNCTION     0.01     0.01    10.12     0  01:00        0.00
  N01878               JUNCTION     0.00     0.00    20.27     0  01:00        0.00
  N01883               JUNCTION     0.01     0.02    12.39     0  01:39        0.00
  N00870               JUNCTION     0.00     0.00    11.02     0  01:38        0.00
  N01803               JUNCTION     0.27     0.45     9.48     0  01:42        0.00
  N00154               JUNCTION     0.15     0.26     8.35     0  01:39        0.00
  N01494               JUNCTION     0.23     0.40     4.17     0  02:02        0.00
  N01034               JUNCTION     0.03     0.06     6.41     0  01:02        0.00
  N02434               JUNCTION     0.00     0.01     3.46     0  01:00        0.00
  N02014               JUNCTION     0.04     0.07     9.19     0  01:41        0.00
  N02776               JUNCTION     0.01     0.02    28.68     0  01:40        0.00
  N01927               JUNCTION     0.11     0.19    10.61     0  02:03        0.00
  N00661               JUNCTION     0.23     0.42     3.61     0  02:51        0.00
  N01406               JUNCTION     0.02     0.04    26.21     0  01:00        0.00
  N02296               JUNCTION     0.07     0.12    35.86     0  01:41        0.00
  N00994               JUNCTION     0.27     0.50    17.06     0  01:43        0.00
  N00234               JUNCTION     0.00     0.01     3.06     0  01:39        0.00
  N00345               JUNCTION     0.00     0.01     4.84     0  01:00        0.00
  N00531               JUNCTION     0.30     0.50    16.51     0  01:49        0.00
  N01704               JUNCTION     0.18     0.83     6.55     0  02:59        0.00
  N02168               JUNCTION     0.05     0.08    11.54     0  01:38        0.00
  N02253               JUNCTION     0.60     1.10    21.16     0  01:16        0.00
  N00311               JUNCTION     0.00     0.01     9.43     0  02:00        0.00
  N02286               JUNCTION     0.06     0.12    19.97     0  01:43        0.00
  N01258               JUNCTION     0.02     0.03    23.60     0  01:39        0.00
  N01804               JUNCTION     0.15     0.24    10.59     0  01:41        0.00
  N01046               JUNCTION     0.05     0.09    28.49     0  01:41        0.00
  N00274               JUNCTION     0.00     0.01     8.10     0  01:00        0.00
  N01311               JUNCTION     0.01     0.01    18.29     0  01:39        0.00
  N02046               JUNCTION     0.40     0.75    10.78     0  02:59        0.00
  N01661               JUNCTION     0.01     0.03     6.06     0  01:37        0.00
  N02410               JUNCTION     0.16     0.29    20.03     0  01:43        0.00
  N00390               JUNCTION     0.13     0.21     5.21     0  02:03        0.00
  N02301               JUNCTION     0.00     0.01    36.31     0  01:00        0.00
  N01489               JUNCTION     0.08     0.14     4.17     0  01:40        0.00
  N01487               JUNCTION     0.38     0.70     4.02     0  02:53        0.00
  N01734               JUNCTION     0.13     0.28     5.33     0  02:10        0.00
  N02117               JUNCTION     0.14     0.28     9.46     0  01:41        0.00
  N01121               JUNCTION     0.02     0.04     8.49     0  01:00        0.00
  N01815               JUNCTION     0.01     0.01     9.04     0  01:00        0.00
  N02427               JUNCTION     0.17     0.31    12.65     0  01:40        0.00
  N01265               JUNCTION     0.05     0.09    15.49     0  01:40        0.00
  N00947               JUNCTION     0.01     0.01    45.80     0  01:40        0.00
  N02619               JUNCTION     0.01     0.03     6.90     0  01:36        0.00
  N01028               JUNCTION     0.09     0.20     4.39     0  01:43        0.00
  N02091               JUNCTION     0.01     0.01    31.08     0  01:00        0.00
  N02093               JUNCTION     0.07     0.12    26.73     0  01:40        0.00
  N01940               JUNCTION     0.49     1.25     5.72     0  02:59        0.00
  N02606               JUNCTION     0.01     0.01     4.51     0  01:35        0.00
  N02647               JUNCTION     0.19     0.34    12.12     0  02:00        0.00
  N00628               JUNCTION     0.00     0.00     8.05     0  01:35        0.00
  N01340               JUNCTION     0.10     0.17     7.32     0  01:40        0.00
  N01377               JUNCTION     0.01     0.02     8.23     0  01:00        0.00
  N01520               JUNCTION     0.44     1.00     4.98     0  02:59        0.00
  N01521               JUNCTION     0.00     0.01     8.46     0  01:39        0.00
  N01982               JUNCTION     0.01     0.01    19.67     0  01:00        0.00
  N02364               JUNCTION     0.22     0.38     4.05     0  02:04        0.00
  N01240               JUNCTION     0.11     0.19    19.59     0  01:40        0.00
  N00352               JUNCTION     0.00     0.00     7.45     0  01:00        0.00
  N01493               JUNCTION     0.07     0.15     4.94     0  02:04        0.00
  N02838               JUNCTION     0.02     0.04    18.79     0  01:40        0.00
  N02443               JUNCTION     0.45     0.80     4.56     0  02:08        0.00
  N02099               JUNCTION     0.02     0.04    32.07     0  01:39        0.00
  N00222               JUNCTION     0.60     1.13     4.75     0  02:18        0.00
  N01753               JUNCTION     0.11     0.21     4.60     0  01:41        0.00
  N00832               JUNCTION     0.12     0.21     2.60     0  01:41        0.00
  N02282               JUNCTION     0.00     0.00    21.71     0  01:35        0.00
  N02131               JUNCTION     0.13     0.25     5.62     0  02:14        0.00
  N01973               JUNCTION     0.07     0.13    23.01     0  01:41        0.00
  N00641               JUNCTION     0.25     0.43     2.80     0  02:02        0.00
  N01901               JUNCTION     0.11     0.19    10.15     0  01:41        0.00
  N00182               JUNCTION     0.26     0.57     4.57     0  02:20        0.00
  N00444               JUNCTION     0.07     0.12    21.89     0  01:45        0.00
  N02288               JUNCTION     0.00     0.01    29.04     0  01:00        0.00
  N02540               JUNCTION     0.03     0.05     4.59     0  01:40        0.00
  N00814               JUNCTION     0.28     0.68     5.31     0  02:13        0.00
  N00865               JUNCTION     0.08     0.15    21.24     0  01:40        0.00
  N01251               JUNCTION     0.22     0.36    10.23     0  02:04        0.00
  N02007               JUNCTION     0.01     0.02    11.62     0  01:36        0.00
  N00626               JUNCTION     0.00     0.00    11.53     0  00:32        0.00
  N02148               JUNCTION     0.59     1.26     7.59     0  02:59        0.00
  N01414               JUNCTION     0.37     0.65    20.28     0  01:46        0.00
  N02247               JUNCTION     0.00     0.01    26.18     0  01:00        0.00
  N00318               JUNCTION     0.21     0.36    26.22     0  01:43        0.00
  N00105               JUNCTION     0.30     0.77     4.57     0  02:48        0.00
  N02524               JUNCTION     0.07     0.13    24.77     0  01:40        0.00
  N00453               JUNCTION     0.00     0.01    13.25     0  01:35        0.00
  N01060               JUNCTION     0.04     0.07    39.84     0  01:40        0.00
  N02210               JUNCTION     0.23     0.42     6.38     0  02:03        0.00
  N02590               JUNCTION     0.07     0.13    21.56     0  01:40        0.00
  N02017               JUNCTION     0.09     0.18    13.12     0  01:42        0.00
  N01685               JUNCTION     0.09     0.18     4.92     0  01:40        0.00
  N01887               JUNCTION     0.05     0.09     8.39     0  01:39        0.00
  N00612               JUNCTION     0.05     0.09    25.52     0  01:40        0.00
  N01522               JUNCTION     0.00     0.00    10.54     0  00:58        0.00
  N01348               JUNCTION     0.40     0.88     4.47     0  02:53        0.00
  N02213               JUNCTION     0.40     1.25     7.61     0  02:14        0.00
  N01086               JUNCTION     0.17     0.30     4.90     0  02:50        0.00
  N01491               JUNCTION     0.01     0.02     5.32     0  01:00        0.00
  N00509               JUNCTION     0.03     0.06    16.32     0  01:43        0.00
  N01064               JUNCTION     0.00     0.00    45.02     0  01:00        0.00
  N02641               JUNCTION     0.08     0.32     8.79     0  01:48        0.00
  N00815               JUNCTION     0.00     0.01     8.48     0  01:00        0.00
  N00137               JUNCTION     0.01     0.02     3.59     0  01:00        0.00
  N02709               JUNCTION     0.09     0.18     2.88     0  02:07        0.00
  N02275               JUNCTION     0.23     0.49    20.19     0  02:57        0.00
  N00127               JUNCTION     0.00     0.01     5.56     0  01:00        0.00
  N00650               JUNCTION     0.07     0.15     2.61     0  02:49        0.00
  N00618               JUNCTION     0.09     0.18    32.22     0  01:40        0.00
  N02162               JUNCTION     0.21     0.35    11.16     0  01:41        0.00
  N00829               JUNCTION     0.44     0.75     5.73     0  02:02        0.00
  N01531               JUNCTION     0.09     0.18    22.46     0  01:44        0.00
  N00429               JUNCTION     0.04     0.08    20.96     0  01:40        0.00
  N00998               JUNCTION     0.10     0.20    21.06     0  01:42        0.00
  N02512               JUNCTION     0.00     0.01    21.48     0  01:00        0.00
  N00873               JUNCTION     0.21     0.37     3.10     0  02:48        0.00
  N01963               JUNCTION     0.09     0.17    10.15     0  01:41        0.00
  N02026               JUNCTION     0.08     0.15    17.99     0  01:45        0.00
  N00034               JUNCTION     0.01     0.02    21.90     0  01:00        0.00
  N01117               JUNCTION     0.06     0.11     8.04     0  01:38        0.00
  N01599               JUNCTION     0.14     0.23    17.58     0  02:02        0.00
  N01658               JUNCTION     0.14     0.41     7.54     0  02:59        0.00
  N00901               JUNCTION     0.56     1.12     3.84     0  02:22        0.00
  N02715               JUNCTION     0.70     1.51     6.80     0  02:49        0.00
  N02164               JUNCTION     0.19     0.33    11.17     0  01:41        0.00
  N02810               JUNCTION     0.00     0.00    10.12     0  00:59        0.00
  N00859               JUNCTION     0.12     0.21    20.76     0  01:42        0.00
  N01147               JUNCTION     0.01     0.02    36.60     0  01:00        0.00
  N00032               JUNCTION     0.01     0.03    22.13     0  01:36        0.00
  N01429               JUNCTION     0.09     0.16     9.15     0  02:03        0.00
  N01932               JUNCTION     0.39     0.88     7.72     0  02:58        0.00
  N01692               JUNCTION     0.01     0.03     5.43     0  01:04        0.00
  N00836               JUNCTION     0.03     0.05     5.65     0  01:36        0.00
  N00426               JUNCTION     0.29     0.50    13.03     0  02:09        0.00
  N01347               JUNCTION     0.16     0.48     4.47     0  02:52        0.00
  N01037               JUNCTION     0.97     1.87     7.41     0  02:59        0.00
  N00647               JUNCTION     0.20     0.42     2.95     0  02:13        0.00
  N02307               JUNCTION     0.03     0.05    43.60     0  01:40        0.00
  N01620               JUNCTION     0.03     0.05     4.67     0  01:38        0.00
  N02521               JUNCTION     0.01     0.01    26.27     0  01:00        0.00
  N00569               JUNCTION     0.01     0.02    22.10     0  01:38        0.00
  N00173               JUNCTION     0.64     1.43     5.06     0  02:59        0.00
  N02565               JUNCTION     0.07     0.12     5.08     0  01:40        0.00
  N01252               JUNCTION     0.02     0.03    10.52     0  01:40        0.00
  N02493               JUNCTION     0.03     0.11     3.86     0  02:21        0.00
  N00355               JUNCTION     0.01     0.01     6.66     0  01:00        0.00
  N02157               JUNCTION     0.05     0.09    10.76     0  01:40        0.00
  N00920               JUNCTION     0.00     0.01    34.44     0  01:53        0.00
  N01390               JUNCTION     0.26     0.44     3.63     0  01:44        0.00
  N01098               JUNCTION     0.19     0.46     4.05     0  02:47        0.00
  N00643               JUNCTION     0.28     0.47     2.81     0  02:02        0.00
  N01446               JUNCTION     0.38     0.65     9.45     0  01:47        0.00
  N01367               JUNCTION     0.03     0.04    13.39     0  01:39        0.00
  N00380               JUNCTION     0.24     0.51     3.98     0  02:49        0.00
  N02699               JUNCTION     0.36     0.82     3.83     0  02:21        0.00
  N01761               JUNCTION     0.18     0.34     4.56     0  02:09        0.00
  N02823               JUNCTION     0.19     0.32     3.50     0  01:41        0.00
  N02604               JUNCTION     0.00     0.00     6.30     0  00:59        0.00
  N00271               JUNCTION     0.00     0.01     6.05     0  01:00        0.00
  N00197               JUNCTION     0.07     0.22     3.91     0  02:20        0.00
  N02828               JUNCTION     0.05     0.11    33.11     0  01:40        0.00
  N01560               JUNCTION     0.42     0.80    12.70     0  02:50        0.00
  N01207               JUNCTION     0.00     0.01     8.53     0  01:35        0.00
  N01299               JUNCTION     0.10     0.26     4.44     0  01:46        0.00
  N02097               JUNCTION     0.17     0.30    29.61     0  01:42        0.00
  N01838               JUNCTION     0.10     0.17    10.40     0  01:41        0.00
  N00275               JUNCTION     0.01     0.01     7.80     0  01:00        0.00
  N00498               JUNCTION     0.11     0.26    16.29     0  02:59        0.00
  N02767               JUNCTION     0.22     0.46     4.55     0  02:09        0.00
  N01856               JUNCTION     0.33     0.53     6.51     0  01:43        0.00
  N02292               JUNCTION     0.04     0.08    28.19     0  01:42        0.00
  N02016               JUNCTION     0.05     0.10    13.45     0  02:39        0.00
  N00273               JUNCTION     0.00     0.01     8.04     0  01:00        0.00
  N00022               JUNCTION     0.13     0.20     7.06     0  02:01        0.00
  N01584               JUNCTION     0.64     1.44     5.07     0  02:59        0.00
  N01166               JUNCTION     0.00     0.01    22.16     0  01:00        0.00
  N00396               JUNCTION     0.06     0.09     5.78     0  01:40        0.00
  N02629               JUNCTION     0.08     0.15    10.00     0  01:40        0.00
  N00200               JUNCTION     0.61     1.31     7.60     0  02:58        0.00
  N02685               JUNCTION     0.01     0.02    16.86     0  01:00        0.00
  N01021               JUNCTION     0.00     0.01    39.51     0  01:37        0.00
  N01843               JUNCTION     0.00     0.00    10.86     0  00:59        0.00
  N01412               JUNCTION     0.09     0.15    12.06     0  01:42        0.00
  N00852               JUNCTION     0.01     0.02    21.24     0  01:01        0.00
  N00592               JUNCTION     0.42     0.74    16.47     0  02:08        0.00
  N00851               JUNCTION     0.29     0.52    17.64     0  01:44        0.00
  N02567               JUNCTION     0.45     0.83    20.17     0  02:50        0.00
  N02650               JUNCTION     0.42     0.75     9.61     0  01:49        0.00
  N00384               JUNCTION     0.26     0.44     4.40     0  02:03        0.00
  N00126               JUNCTION     0.21     0.35     3.42     0  02:08        0.00
  N01655               JUNCTION     1.28     2.27     7.72     0  02:59        0.00
  N01799               JUNCTION     0.18     0.31     9.14     0  01:43        0.00
  N01543               JUNCTION     0.00     0.01     4.28     0  00:58        0.00
  N00249               JUNCTION     0.29     0.50     4.73     0  02:22        0.00
  N01009               JUNCTION     0.19     0.34    19.84     0  02:14        0.00
  N02149               JUNCTION     0.01     0.02     6.29     0  01:35        0.00
  N02034               JUNCTION     0.00     0.01    19.82     0  01:00        0.00
  N01365               JUNCTION     0.05     0.13    26.22     0  01:43        0.00
  N02436               JUNCTION     0.00     0.00    22.80     0  01:00        0.00
  N00267               JUNCTION     0.28     0.48     5.01     0  02:08        0.00
  N00590               JUNCTION     0.01     0.02    21.12     0  01:38        0.00
  N01964               JUNCTION     0.02     0.05    15.69     0  01:40        0.00
  N02246               JUNCTION     0.02     0.04    22.84     0  01:40        0.00
  N01440               JUNCTION     0.11     0.19     7.32     0  01:43        0.00
  N01792               JUNCTION     0.05     0.14     6.78     0  02:19        0.00
  N00965               JUNCTION     0.00     0.01     7.24     0  01:39        0.00
  N01298               JUNCTION     0.01     0.02     5.39     0  01:00        0.00
  N01915               JUNCTION     0.01     0.01    14.52     0  01:40        0.00
  N02179               JUNCTION     0.17     0.28     3.35     0  02:09        0.00
  N00687               JUNCTION     0.34     0.68    12.59     0  02:49        0.00
  N00745               JUNCTION     0.01     0.02    12.92     0  01:01        0.00
  N02092               JUNCTION     0.04     0.08    26.74     0  01:40        0.00
  N00405               JUNCTION     0.11     0.43     4.06     0  02:59        0.00
  N01657               JUNCTION     1.19     2.16     7.54     0  02:59        0.00
  N02688               JUNCTION     0.01     0.03    17.93     0  01:40        0.00
  N01436               JUNCTION     0.04     0.06     7.34     0  01:38        0.00
  N02804               JUNCTION     0.01     0.01    20.54     0  01:00        0.00
  N00212               JUNCTION     0.00     0.01     3.40     0  01:40        0.00
  N02618               JUNCTION     0.06     0.12     3.08     0  01:49        0.00
  N00496               JUNCTION     0.48     0.96    16.25     0  02:13        0.00
  N02310               JUNCTION     0.01     0.02    45.26     0  00:59        0.00
  N01861               JUNCTION     0.23     0.45     9.65     0  01:49        0.00
  N01645               JUNCTION     0.06     0.12     6.53     0  01:41        0.00
  N00567               JUNCTION     0.07     0.13    21.54     0  01:40        0.00
  N01937               JUNCTION     0.00     0.01    21.70     0  01:00        0.00
  N00377               JUNCTION     0.01     0.02     4.72     0  01:38        0.00
  N01508               JUNCTION     0.00     0.01    13.30     0  01:00        0.00
  N02444               JUNCTION     0.49     0.85     4.55     0  02:08        0.00
  N00610               JUNCTION     0.02     0.04    40.80     0  01:41        0.00
  N02067               JUNCTION     0.01     0.01    24.15     0  01:35        0.00
  N01943               JUNCTION     0.06     0.11     6.17     0  02:10        0.00
  N00834               JUNCTION     0.11     0.19     2.93     0  01:40        0.00
  N00703               JUNCTION     0.06     0.11    17.10     0  01:41        0.00
  N01814               JUNCTION     0.06     0.17     9.39     0  01:49        0.00
  N00097               JUNCTION     0.30     0.49     6.61     0  01:41        0.00
  N01606               JUNCTION     0.01     0.02     4.94     0  01:36        0.00
  N00596               JUNCTION     0.01     0.02    21.90     0  01:00        0.00
  N00919               JUNCTION     0.03     0.06    14.04     0  01:35        0.00
  N01316               JUNCTION     0.08     0.14    17.08     0  01:40        0.00
  N02694               JUNCTION     0.00     0.00    47.40     0  01:34        0.00
  N02371               JUNCTION     0.01     0.02     3.78     0  01:35        0.00
  N01918               JUNCTION     0.04     0.07    15.73     0  01:38        0.00
  N01215               JUNCTION     0.03     0.05    26.78     0  01:40        0.00
  N00877               JUNCTION     0.34     0.63     4.36     0  02:48        0.00
  N01578               JUNCTION     0.02     0.03     6.33     0  01:40        0.00
  N02687               JUNCTION     0.66     1.24    15.33     0  01:49        0.00
  N00413               JUNCTION     0.01     0.02    19.61     0  01:00        0.00
  N00423               JUNCTION     0.01     0.02    13.32     0  01:37        0.00
  N01974               JUNCTION     0.07     0.12    22.90     0  01:40        0.00
  N00600               JUNCTION     0.06     0.11    35.35     0  01:40        0.00
  N01926               JUNCTION     0.25     0.45     9.11     0  02:04        0.00
  N00710               JUNCTION     0.15     0.25    21.51     0  01:43        0.00
  N02626               JUNCTION     0.05     0.10    11.91     0  01:41        0.00
  N02499               JUNCTION     0.03     0.05     8.29     0  01:37        0.00
  N01729               JUNCTION     0.14     0.31     5.33     0  02:10        0.00
  N02463               JUNCTION     0.01     0.01    12.72     0  01:40        0.00
  N02021               JUNCTION     0.02     0.04    12.53     0  01:40        0.00
  N00828               JUNCTION     0.04     0.07     6.14     0  01:36        0.00
  N02317               JUNCTION     0.17     0.31     4.15     0  02:06        0.00
  N00493               JUNCTION     0.75     1.64    17.56     0  02:57        0.00
  N01000               JUNCTION     0.01     0.01    22.72     0  01:00        0.00
  N02373               JUNCTION     0.01     0.02     3.50     0  01:00        0.00
  N02424               JUNCTION     0.01     0.01    20.58     0  01:00        0.00
  N00676               JUNCTION     0.33     0.68     4.50     0  02:50        0.00
  N00065               JUNCTION     0.07     0.16     8.21     0  02:08        0.00
  N00974               JUNCTION     0.05     0.08    25.78     0  01:37        0.00
  N00706               JUNCTION     0.02     0.02    48.04     0  01:40        0.00
  N02052               JUNCTION     0.16     0.35    21.52     0  01:42        0.00
  N00549               JUNCTION     0.01     0.02    13.94     0  01:40        0.00
  N00587               JUNCTION     0.02     0.04    19.44     0  01:40        0.00
  N00177               JUNCTION     0.21     0.40     4.50     0  02:51        0.00
  N01615               JUNCTION     0.28     0.52     2.95     0  02:15        0.00
  N00990               JUNCTION     0.00     0.01    23.80     0  00:59        0.00
  N00375               JUNCTION     0.01     0.01     5.68     0  01:00        0.00
  N00206               JUNCTION     0.27     0.51     6.65     0  01:55        0.00
  N02470               JUNCTION     0.19     0.32     8.91     0  02:10        0.00
  N00253               JUNCTION     0.31     0.74     3.84     0  02:19        0.00
  N01462               JUNCTION     0.02     0.03    10.48     0  01:36        0.00
  N01496               JUNCTION     0.00     0.00     8.54     0  01:00        0.00
  N01696               JUNCTION     0.11     0.78     7.02     0  02:57        0.00
  N02599               JUNCTION     0.06     0.10    15.40     0  01:43        0.00
  N01374               JUNCTION     0.32     0.60     7.04     0  01:54        0.00
  N01916               JUNCTION     0.07     0.15    12.15     0  02:02        0.00
  N01090               JUNCTION     0.01     0.01    22.29     0  01:00        0.00
  N00818               JUNCTION     0.01     0.02    10.21     0  01:37        0.00
  N01842               JUNCTION     0.01     0.02    18.59     0  01:00        0.00
  N02411               JUNCTION     0.02     0.02    48.16     0  01:40        0.00
  N01643               JUNCTION     0.31     0.62     3.98     0  02:47        0.00
  N00482               JUNCTION     0.17     0.31    16.50     0  01:44        0.00
  N01752               JUNCTION     0.01     0.01     5.98     0  01:36        0.00
  N00603               JUNCTION     0.01     0.01    36.16     0  01:38        0.00
  N01830               JUNCTION     0.01     0.02     8.71     0  01:40        0.00
  N01211               JUNCTION     0.04     0.08    41.46     0  01:40        0.00
  N00283               JUNCTION     1.04     2.05     7.63     0  02:59        0.00
  N01514               JUNCTION     0.00     0.00     9.60     0  01:35        0.00
  N00911               JUNCTION     0.04     0.08    18.79     0  02:59        0.00
  N01809               JUNCTION     0.56     1.00     9.25     0  01:48        0.00
  N00720               JUNCTION     0.08     0.15    22.63     0  01:41        0.00
  N02426               JUNCTION     0.01     0.02    13.84     0  01:00        0.00
  N00631               JUNCTION     0.01     0.01     3.16     0  01:00        0.00
  N01808               JUNCTION     0.34     0.63     9.39     0  01:48        0.00
  N00964               JUNCTION     0.66     1.50     5.13     0  02:58        0.00
  N02609               JUNCTION     0.02     0.03     5.52     0  01:01        0.00
  N02204               JUNCTION     0.00     0.01     7.34     0  01:35        0.00
  N00672               JUNCTION     0.08     0.13    39.65     0  01:41        0.00
  N00988               JUNCTION     0.03     0.04    17.05     0  01:40        0.00
  N00255               JUNCTION     0.01     0.01     6.55     0  01:00        0.00
  N01472               JUNCTION     0.17     0.30     3.37     0  02:48        0.00
  N00918               JUNCTION     0.00     0.01    33.26     0  01:00        0.00
  N01350               JUNCTION     0.07     0.12     2.91     0  01:41        0.00
  N02485               JUNCTION     0.41     0.77     4.40     0  02:23        0.00
  N00776               JUNCTION     0.03     0.06    37.18     0  01:40        0.00
  N02487               JUNCTION     0.64     1.52     5.52     0  02:49        0.00
  N01325               JUNCTION     0.23     0.39    18.42     0  01:43        0.00
  N01872               JUNCTION     0.00     0.01     7.19     0  01:00        0.00
  N01608               JUNCTION     0.02     0.03     4.68     0  01:37        0.00
  N02035               JUNCTION     0.01     0.01    15.02     0  01:00        0.00
  N01865               JUNCTION     0.30     0.74     7.46     0  02:08        0.00
  N02714               JUNCTION     0.19     0.33     4.49     0  01:42        0.00
  N02330               JUNCTION     0.39     0.93     4.07     0  02:59        0.00
  N01422               JUNCTION     0.01     0.01     8.57     0  01:00        0.00
  N00434               JUNCTION     0.01     0.02    19.06     0  01:49        0.00
  N00098               JUNCTION     0.08     0.14     6.88     0  01:39        0.00
  N01718               JUNCTION     0.03     0.05     6.08     0  01:38        0.00
  N00238               JUNCTION     0.00     0.00     9.82     0  01:35        0.00
  N01822               JUNCTION     0.02     0.04     7.28     0  01:41        0.00
  N01688               JUNCTION     0.01     0.02     4.93     0  01:36        0.00
  N01819               JUNCTION     0.05     0.10    11.00     0  01:41        0.00
  N01420               JUNCTION     0.02     0.03    16.21     0  01:00        0.00
  N00639               JUNCTION     0.03     0.05     2.51     0  01:36        0.00
  N02023               JUNCTION     0.05     0.08    20.69     0  01:40        0.00
  N01701               JUNCTION     0.00     0.01     5.56     0  01:36        0.00
  N00172               JUNCTION     0.64     1.44     5.06     0  02:59        0.00
  N00360               JUNCTION     0.00     0.01     7.29     0  01:35        0.00
  N00695               JUNCTION     0.06     0.11    27.21     0  01:38        0.00
  N00649               JUNCTION     0.01     0.02     2.75     0  01:00        0.00
  N01906               JUNCTION     0.11     0.18    14.27     0  01:40        0.00
  N01500               JUNCTION     0.02     0.03     4.87     0  01:40        0.00
  N01741               JUNCTION     0.22     0.46     5.34     0  02:07        0.00
  N02612               JUNCTION     0.01     0.02     8.90     0  01:00        0.00
  N00609               JUNCTION     0.02     0.03    43.45     0  01:40        0.00
  N01743               JUNCTION     0.03     0.05     5.05     0  01:44        0.00
  N02036               JUNCTION     0.18     0.31    17.45     0  01:41        0.00
  N01580               JUNCTION     0.01     0.01    15.61     0  02:47        0.00
  N01408               JUNCTION     0.14     0.28    15.17     0  01:41        0.00
  N00002               JUNCTION     0.02     0.03     7.93     0  02:43        0.00
  N02029               JUNCTION     0.01     0.02    18.67     0  01:39        0.00
  N00545               JUNCTION     0.02     0.03    13.48     0  01:00        0.00
  N00795               JUNCTION     0.37     0.83     4.48     0  02:55        0.00
  N00237               JUNCTION     0.23     0.37     1.96     0  02:08        0.00
  N00924               JUNCTION     0.02     0.04    27.24     0  01:39        0.00
  N00347               JUNCTION     0.28     0.49     4.24     0  02:06        0.00
  N01637               JUNCTION     0.41     0.72     3.00     0  02:13        0.00
  N01585               JUNCTION     0.19     0.37    30.18     0  01:41        0.00
  N01902               JUNCTION     0.00     0.01    14.13     0  01:00        0.00
  N00543               JUNCTION     0.76     1.52    14.53     0  02:22        0.00
  N02640               JUNCTION     0.41     0.72     7.95     0  01:45        0.00
  N02407               JUNCTION     0.01     0.01    23.62     0  01:00        0.00
  N02178               JUNCTION     0.17     0.30     3.37     0  02:48        0.00
  N01922               JUNCTION     0.06     0.13     9.15     0  01:39        0.00
  N00270               JUNCTION     0.06     0.12     4.94     0  01:44        0.00
  N01069               JUNCTION     0.38     1.02    17.55     0  02:55        0.00
  N00404               JUNCTION     0.39     0.93     4.08     0  02:59        0.00
  N02123               JUNCTION     0.21     0.35    10.18     0  02:02        0.00
  N00538               JUNCTION     0.01     0.01    13.91     0  00:29        0.00
  N00218               JUNCTION     0.00     0.01     6.60     0  01:40        0.00
  N01617               JUNCTION     0.13     0.22     2.97     0  02:46        0.00
  N02015               JUNCTION     0.00     0.01    14.77     0  01:00        0.00
  N00012               JUNCTION     0.01     0.04     8.20     0  02:07        0.00
  N01329               JUNCTION     0.48     0.76    15.14     0  02:48        0.00
  N01787               JUNCTION     0.04     0.29     6.57     0  02:59        0.00
  N01656               JUNCTION     1.30     2.29     7.72     0  02:59        0.00
  N00040               JUNCTION     0.11     0.26     7.50     0  02:09        0.00
  N00176               JUNCTION     0.46     0.96     4.49     0  02:50        0.00
  N02510               JUNCTION     0.03     0.05    20.82     0  01:44        0.00
  N02138               JUNCTION     0.04     0.07    11.96     0  01:37        0.00
  N01241               JUNCTION     0.17     0.36    17.76     0  01:49        0.00
  N02285               JUNCTION     0.00     0.00    22.21     0  00:59        0.00
  N00630               JUNCTION     0.11     0.18     2.86     0  02:02        0.00
  N00800               JUNCTION     0.05     0.08     6.73     0  02:01        0.00
  N02814               JUNCTION     0.08     0.14     5.21     0  02:48        0.00
  N02832               JUNCTION     0.01     0.01    23.32     0  02:00        0.00
  N01551               JUNCTION     0.73     1.52     7.41     0  02:59        0.00
  N01684               JUNCTION     0.07     0.13     4.88     0  01:44        0.00
  N02569               JUNCTION     0.02     0.04    21.04     0  01:40        0.00
  N00394               JUNCTION     0.03     0.06     4.53     0  01:40        0.00
  N00240               JUNCTION     0.20     0.34     5.08     0  01:44        0.00
  N00722               JUNCTION     0.20     0.33    22.74     0  01:42        0.00
  N00906               JUNCTION     0.00     0.01     4.34     0  01:00        0.00
  N01080               JUNCTION     0.09     0.15     4.06     0  01:40        0.00
  N00999               JUNCTION     0.06     0.12    21.56     0  01:40        0.00
  N02483               JUNCTION     0.09     0.15     5.78     0  02:22        0.00
  N01026               JUNCTION     0.38     0.77     8.57     0  01:43        0.00
  N00536               JUNCTION     0.01     0.01    11.64     0  01:00        0.00
  N01254               JUNCTION     0.22     0.38    10.54     0  02:23        0.00
  N00700               JUNCTION     0.01     0.02    46.94     0  01:30        0.00
  N00063               JUNCTION     0.01     0.02     7.75     0  01:40        0.00
  N02705               JUNCTION     0.63     1.49     5.56     0  02:59        0.00
  N02840               JUNCTION     0.02     0.03    20.82     0  01:37        0.00
  N00778               JUNCTION     0.13     0.26    29.39     0  01:42        0.00
  N02677               JUNCTION     0.16     0.27    10.41     0  01:39        0.00
  N01860               JUNCTION     0.13     0.24     8.66     0  01:51        0.00
  N00217               JUNCTION     0.39     0.76     4.51     0  02:48        0.00
  N01297               JUNCTION     0.02     0.04     4.77     0  01:40        0.00
  N02252               JUNCTION     0.03     0.08    23.00     0  01:40        0.00
  N02176               JUNCTION     0.30     0.75     4.53     0  02:50        0.00
  N01278               JUNCTION     0.10     0.15    30.34     0  02:02        0.00
  N01904               JUNCTION     0.03     0.06    15.33     0  01:40        0.00
  N00247               JUNCTION     0.15     0.28     4.77     0  02:47        0.00
  N02261               JUNCTION     0.46     0.95    17.76     0  01:50        0.00
  N01111               JUNCTION     0.03     0.05     9.25     0  01:36        0.00
  N02721               JUNCTION     0.33     0.59    19.49     0  01:45        0.00
  N02381               JUNCTION     0.07     0.12     2.87     0  02:07        0.00
  N01726               JUNCTION     0.16     0.31     5.28     0  02:03        0.00
  N02787               JUNCTION     0.26     0.49     8.11     0  02:02        0.00
  N00241               JUNCTION     0.28     0.48     5.32     0  02:08        0.00
  N01133               JUNCTION     0.00     0.00     9.16     0  01:00        0.00
  N01456               JUNCTION     0.49     1.06     4.06     0  02:46        0.00
  N02833               JUNCTION     0.00     0.00    28.43     0  00:58        0.00
  N01305               JUNCTION     0.01     0.01    29.55     0  01:00        0.00
  N00132               JUNCTION     0.00     0.01     4.67     0  01:00        0.00
  N01762               JUNCTION     0.22     0.39     4.41     0  01:43        0.00
  N01742               JUNCTION     0.17     0.36     5.34     0  02:09        0.00
  N01101               JUNCTION     0.22     0.54     4.05     0  02:48        0.00
  N01733               JUNCTION     0.06     0.16     5.34     0  02:09        0.00
  N02667               JUNCTION     0.40     0.70     7.95     0  01:45        0.00
  N01537               JUNCTION     0.07     0.12     5.00     0  01:40        0.00
  N00975               JUNCTION     0.03     0.19     7.95     0  02:08        0.00
  N01478               JUNCTION     0.01     0.01     4.51     0  01:00        0.00
  N00779               JUNCTION     0.13     0.23    32.87     0  01:41        0.00
  N02134               JUNCTION     0.01     0.02     9.20     0  01:00        0.00
  N00900               JUNCTION     0.31     0.53     5.74     0  01:44        0.00
  N02370               JUNCTION     0.13     0.21     3.44     0  01:38        0.00
  N02513               JUNCTION     0.73     1.62    17.56     0  02:58        0.00
  N02409               JUNCTION     0.03     0.05    25.11     0  01:38        0.00
  N01279               JUNCTION     0.04     0.08    19.32     0  01:43        0.00
  N02710               JUNCTION     0.83     1.50    12.40     0  02:06        0.00
  N02502               JUNCTION     0.15     0.27    15.51     0  01:45        0.00
  N02730               JUNCTION     0.01     0.01    19.99     0  01:37        0.00
  N01081               JUNCTION     0.19     0.36     3.84     0  01:41        0.00
  N00266               JUNCTION     0.30     0.51     4.93     0  01:44        0.00
  N01903               JUNCTION     0.06     0.11    20.20     0  01:41        0.00
  N02655               JUNCTION     0.41     0.72     9.54     0  01:49        0.00
  N00876               JUNCTION     0.41     0.97     7.51     0  02:07        0.00
  N02835               JUNCTION     0.15     0.26    22.46     0  01:41        0.00
  N01204               JUNCTION     0.29     0.46    19.72     0  02:48        0.00
  N00422               JUNCTION     0.02     0.05     3.08     0  01:48        0.00
  N01129               JUNCTION     0.30     0.60     4.34     0  02:49        0.00
  N01790               JUNCTION     0.03     0.04     5.08     0  01:40        0.00
  N02024               JUNCTION     0.52     1.03    16.24     0  02:22        0.00
  N02538               JUNCTION     0.00     0.00    41.10     0  01:35        0.00
  N01852               JUNCTION     0.00     0.01    11.36     0  01:00        0.00
  N02368               JUNCTION     0.12     0.22     3.47     0  02:06        0.00
  N00264               JUNCTION     0.01     0.02     5.33     0  01:00        0.00
  N01921               JUNCTION     0.00     0.01    21.66     0  01:35        0.00
  N01949               JUNCTION     0.03     0.15     5.72     0  02:59        0.00
  N01467               JUNCTION     0.27     0.68     4.48     0  02:51        0.00
  N01130               JUNCTION     0.20     0.36     4.10     0  02:48        0.00
  N01209               JUNCTION     0.01     0.02    13.02     0  01:35        0.00
  N02535               JUNCTION     0.05     0.10    37.42     0  01:40        0.00
  N02103               JUNCTION     0.03     0.05    29.63     0  01:40        0.00
  N00654               JUNCTION     0.08     0.13     2.78     0  01:41        0.00
  N02627               JUNCTION     0.20     0.36    10.21     0  01:40        0.00
  N00903               JUNCTION     0.25     0.57     3.94     0  02:25        0.00
  N00945               JUNCTION     0.01     0.01    45.11     0  01:40        0.00
  N01892               JUNCTION     0.07     0.13    14.86     0  02:02        0.00
  N00074               JUNCTION     0.04     0.07    17.97     0  01:40        0.00
  N02529               JUNCTION     0.05     0.09    29.74     0  01:37        0.00
  N01885               JUNCTION     0.01     0.01     6.50     0  01:35        0.00
  N01989               JUNCTION     0.03     0.06    14.28     0  02:05        0.00
  N01259               JUNCTION     0.07     0.14    19.26     0  02:21        0.00
  N01361               JUNCTION     0.48     1.24    17.56     0  02:58        0.00
  N00669               JUNCTION     0.01     0.01    31.79     0  01:40        0.00
  N01824               JUNCTION     0.01     0.02    12.86     0  01:35        0.00
  N00349               JUNCTION     0.00     0.00     7.52     0  01:39        0.00
  N01315               JUNCTION     0.01     0.02    15.51     0  01:38        0.00
  N00246               JUNCTION     0.00     0.00     7.34     0  01:00        0.00
  N00992               JUNCTION     0.16     0.29    17.97     0  01:40        0.00
  N02689               JUNCTION     0.19     0.37    26.45     0  01:42        0.00
  N02268               JUNCTION     0.03     0.05    26.51     0  01:40        0.00
  N02646               JUNCTION     0.02     0.03    46.09     0  02:58        0.00
  N01970               JUNCTION     0.01     0.01    22.81     0  01:35        0.00
  N01764               JUNCTION     0.09     0.22     4.70     0  01:41        0.00
  N00136               JUNCTION     0.00     0.01     4.90     0  01:00        0.00
  N02645               JUNCTION     0.01     0.02    12.39     0  01:36        0.00
  N00860               JUNCTION     0.40     0.92    20.32     0  02:12        0.00
  N02568               JUNCTION     0.30     0.69    20.12     0  02:59        0.00
  N01285               JUNCTION     0.04     0.06    24.97     0  01:40        0.00
  N00436               JUNCTION     0.01     0.01    24.35     0  01:35        0.00
  N02566               JUNCTION     0.40     0.76    20.19     0  02:59        0.00
  N02146               JUNCTION     0.01     0.01     7.93     0  01:35        0.00
  N01835               JUNCTION     0.02     0.03     9.05     0  01:40        0.00
  N02829               JUNCTION     0.05     0.09    27.09     0  02:02        0.00
  N01257               JUNCTION     0.02     0.04    23.63     0  01:38        0.00
  N01598               JUNCTION     0.02     0.03    21.54     0  01:39        0.00
  N01248               JUNCTION     0.01     0.01     2.89     0  01:40        0.00
  N00327               JUNCTION     0.32     0.60     4.44     0  01:47        0.00
  N00289               JUNCTION     0.27     0.47     6.44     0  02:01        0.00
  N01455               JUNCTION     0.44     0.98     4.06     0  02:41        0.00
  N01999               JUNCTION     0.29     0.57     8.48     0  02:17        0.00
  N01919               JUNCTION     0.03     0.05    20.21     0  01:39        0.00
  N00226               JUNCTION     0.01     0.01    13.83     0  01:40        0.00
  N01379               JUNCTION     0.08     0.15    11.24     0  01:42        0.00
  N00490               JUNCTION     0.19     0.45    16.25     0  02:12        0.00
  N01378               JUNCTION     0.00     0.01    12.97     0  01:40        0.00
  N01212               JUNCTION     0.01     0.01    33.48     0  01:35        0.00
  N00314               JUNCTION     0.00     0.00    47.55     0  00:59        0.00
  N00139               JUNCTION     0.02     0.04     3.13     0  01:38        0.00
  N02173               JUNCTION     0.02     0.03     5.47     0  01:39        0.00
  N02390               JUNCTION     0.16     0.33     5.82     0  01:43        0.00
  N02059               JUNCTION     0.02     0.03    17.41     0  01:40        0.00
  N01434               JUNCTION     0.00     0.01    12.53     0  01:00        0.00
  N01798               JUNCTION     0.33     0.56     8.12     0  01:46        0.00
  N00796               JUNCTION     0.39     0.85     4.48     0  02:53        0.00
  N01951               JUNCTION     0.78     1.66     5.29     0  02:59        0.00
  N02522               JUNCTION     0.04     0.06    42.70     0  01:42        0.00
  N00015               JUNCTION     0.05     0.08     4.62     0  02:57        0.00
  N00285               JUNCTION     0.05     0.15     5.86     0  02:09        0.00
  N00675               JUNCTION     0.01     0.02     5.49     0  01:00        0.00
  N00458               JUNCTION     0.06     0.11    22.15     0  01:45        0.00
  N00689               JUNCTION     0.02     0.04     8.69     0  01:43        0.00
  N00987               JUNCTION     0.08     0.13    17.06     0  01:40        0.00
  N01555               JUNCTION     0.46     1.08     8.16     0  02:18        0.00
  N00341               JUNCTION     0.19     0.52     4.97     0  02:59        0.00
  N00996               JUNCTION     0.04     0.08    20.75     0  01:44        0.00
  N01146               JUNCTION     0.05     0.08    28.45     0  01:40        0.00
  N02414               JUNCTION     0.03     0.06    26.81     0  01:38        0.00
  N00638               JUNCTION     0.01     0.01     2.79     0  01:00        0.00
  N02448               JUNCTION     0.01     0.02    15.63     0  01:40        0.00
  N01579               JUNCTION     0.01     0.02     6.24     0  01:37        0.00
  N02170               JUNCTION     0.01     0.02    12.04     0  01:38        0.00
  N00452               JUNCTION     0.01     0.02    13.14     0  01:36        0.00
  N00480               JUNCTION     0.10     0.18    16.27     0  01:45        0.00
  N02541               JUNCTION     0.02     0.03     6.67     0  01:36        0.00
  N02844               JUNCTION     0.01     0.02    20.21     0  01:38        0.00
  N00257               JUNCTION     0.01     0.01     5.94     0  01:00        0.00
  N01282               JUNCTION     0.00     0.01    40.67     0  01:00        0.00
  N00504               JUNCTION     0.05     0.08    16.33     0  01:42        0.00
  N00174               JUNCTION     0.51     0.96     4.59     0  02:27        0.00
  N01402               JUNCTION     0.22     0.42    21.71     0  01:39        0.00
  N00786               JUNCTION     0.11     0.17     2.78     0  02:46        0.00
  N01601               JUNCTION     0.04     0.06    47.27     0  01:40        0.00
  N00371               JUNCTION     0.02     0.04     3.59     0  01:40        0.00
  N02496               JUNCTION     0.01     0.01     2.95     0  01:38        0.00
  N02648               JUNCTION     0.04     0.08    11.04     0  01:43        0.00
  N02082               JUNCTION     0.80     1.51     4.60     0  02:07        0.00
  N00773               JUNCTION     0.00     0.01    30.85     0  01:00        0.00
  N02692               JUNCTION     0.32     0.63    22.08     0  01:43        0.00
  N01895               JUNCTION     0.00     0.00    16.42     0  01:35        0.00
  N00914               JUNCTION     0.02     0.03    13.58     0  01:41        0.00
  N01216               JUNCTION     0.00     0.00    48.35     0  01:35        0.00
  N01817               JUNCTION     0.01     0.02     8.16     0  01:00        0.00
  N01548               JUNCTION     0.29     0.57     4.31     0  02:52        0.00
  N01314               JUNCTION     0.00     0.01    15.81     0  01:40        0.00
  N01540               JUNCTION     0.22     0.37     5.32     0  02:08        0.00
  N01653               JUNCTION     0.64     1.43     5.06     0  02:59        0.00
  N00228               JUNCTION     0.15     0.28     4.71     0  02:17        0.00
  N00338               JUNCTION     0.47     1.09     7.95     0  02:07        0.00
  N01845               JUNCTION     0.04     0.07    10.42     0  01:40        0.00
  N00151               JUNCTION     0.06     0.09     4.52     0  01:40        0.00
  N00386               JUNCTION     0.01     0.02     4.53     0  01:35        0.00
  N01001               JUNCTION     0.01     0.02    21.20     0  01:37        0.00
  N00019               JUNCTION     0.14     0.26     7.50     0  02:10        0.00
  N01288               JUNCTION     0.88     1.56    12.34     0  02:05        0.00
  N01791               JUNCTION     0.17     0.51     6.24     0  02:59        0.00
  N02406               JUNCTION     0.02     0.04    18.32     0  01:41        0.00
  N00181               JUNCTION     0.60     1.19     4.81     0  02:19        0.00
  N01751               JUNCTION     0.15     0.27     4.60     0  01:41        0.00
  N01992               JUNCTION     0.01     0.02    13.37     0  01:00        0.00
  N02391               JUNCTION     0.01     0.01     5.84     0  01:35        0.00
  N02800               JUNCTION     0.69     1.47     6.68     0  02:46        0.00
  N00003               JUNCTION     0.00     0.01     7.15     0  01:00        0.00
  N00923               JUNCTION     0.03     0.05    27.30     0  01:41        0.00
  N01871               JUNCTION     0.43     1.25     7.61     0  02:58        0.00
  N02749               JUNCTION     0.00     0.01    44.90     0  01:35        0.00
  N01777               JUNCTION     0.01     0.01     5.51     0  01:35        0.00
  N00500               JUNCTION     0.52     0.97    16.10     0  02:15        0.00
  N02774               JUNCTION     0.29     0.47    24.96     0  02:46        0.00
  N02177               JUNCTION     0.11     0.25     3.61     0  02:52        0.00
  N00344               JUNCTION     0.00     0.01     6.36     0  01:40        0.00
  N00276               JUNCTION     0.18     0.30     7.93     0  02:46        0.00
  N01935               JUNCTION     0.12     0.21    20.33     0  01:40        0.00
  N01459               JUNCTION     0.19     0.34    17.60     0  01:40        0.00
  N01006               JUNCTION     0.02     0.04    20.09     0  01:39        0.00
  N01715               JUNCTION     0.31     0.53     5.48     0  02:09        0.00
  N02262               JUNCTION     0.16     0.38    20.06     0  01:45        0.00
  N02812               JUNCTION     0.45     1.12     6.69     0  02:59        0.00
  N01092               JUNCTION     0.00     0.00    38.82     0  00:59        0.00
  N00437               JUNCTION     0.01     0.01    30.20     0  01:40        0.00
  N02293               JUNCTION     0.01     0.02    30.50     0  01:00        0.00
  N01683               JUNCTION     0.06     0.11     4.96     0  01:40        0.00
  N00342               JUNCTION     0.09     0.57     5.81     0  02:59        0.00
  N02216               JUNCTION     0.00     0.00    43.50     0  00:59        0.00
  N01727               JUNCTION     0.23     0.41     5.28     0  02:06        0.00
  N00853               JUNCTION     0.09     0.16    18.93     0  01:41        0.00
  N01725               JUNCTION     0.00     0.00     8.01     0  01:37        0.00
  N02263               JUNCTION     0.24     0.61    20.90     0  01:44        0.00
  N02090               JUNCTION     0.53     1.07     3.96     0  02:46        0.00
  N00023               JUNCTION     0.00     0.01    46.17     0  01:00        0.00
  N00890               JUNCTION     0.30     0.61     4.35     0  02:56        0.00
  N00784               JUNCTION     0.04     0.07    39.32     0  01:42        0.00
  N01948               JUNCTION     0.01     0.01     5.40     0  01:00        0.00
  N02785               JUNCTION     0.18     0.33    10.22     0  01:42        0.00
  N00952               JUNCTION     0.01     0.02    33.79     0  01:35        0.00
  N02118               JUNCTION     0.05     0.08     7.65     0  01:40        0.00
  N02671               JUNCTION     0.01     0.03    11.17     0  01:00        0.00
  N01749               JUNCTION     0.01     0.01     4.58     0  01:36        0.00
  N02631               JUNCTION     0.21     0.43    15.13     0  01:53        0.00
  N01618               JUNCTION     0.35     0.88     4.06     0  02:59        0.00
  N02484               JUNCTION     0.28     0.59     4.41     0  02:49        0.00
  N02605               JUNCTION     0.57     1.15     3.90     0  02:21        0.00
  N01527               JUNCTION     0.04     0.09    22.62     0  01:40        0.00
  N00905               JUNCTION     0.08     0.24     3.97     0  02:27        0.00
  N00820               JUNCTION     0.02     0.04     7.31     0  01:40        0.00
  N01755               JUNCTION     0.02     0.04     5.03     0  01:36        0.00
  N01900               JUNCTION     0.06     0.10    15.36     0  01:38        0.00
  N01720               JUNCTION     0.02     0.04     5.97     0  01:40        0.00
  N01355               JUNCTION     0.43     0.77     5.84     0  02:07        0.00
  N02504               JUNCTION     0.24     0.43    18.51     0  01:42        0.00
  N01766               JUNCTION     0.41     0.73     5.32     0  02:06        0.00
  N00774               JUNCTION     0.00     0.00    47.43     0  01:35        0.00
  N00813               JUNCTION     0.09     0.16     9.90     0  01:41        0.00
  N02256               JUNCTION     0.00     0.00    25.62     0  01:00        0.00
  N00907               JUNCTION     0.39     0.93     4.07     0  02:59        0.00
  N00962               JUNCTION     0.39     0.88     4.81     0  02:18        0.00
  N00138               JUNCTION     0.00     0.01     3.95     0  01:00        0.00
  N02048               JUNCTION     0.06     0.11    16.23     0  01:39        0.00
  N01024               JUNCTION     0.03     0.05    27.58     0  01:40        0.00
  N02755               JUNCTION     0.00     0.01    12.79     0  01:00        0.00
  N01488               JUNCTION     0.41     0.74     4.00     0  02:48        0.00
  N01394               JUNCTION     0.07     0.13    12.44     0  01:40        0.00
  N01739               JUNCTION     0.41     0.74     5.33     0  02:08        0.00
  N01934               JUNCTION     0.02     0.03     6.15     0  01:40        0.00
  N01565               JUNCTION     0.00     0.01    22.36     0  01:00        0.00
  N01517               JUNCTION     0.01     0.02     8.06     0  01:40        0.00
  N00025               JUNCTION     0.02     0.03    17.94     0  01:40        0.00
  N01552               JUNCTION     0.49     1.21     8.02     0  02:15        0.00
  N02068               JUNCTION     0.10     0.19    22.08     0  01:42        0.00
  N00317               JUNCTION     0.05     0.09    27.84     0  01:40        0.00
  N00304               JUNCTION     0.94     1.82     7.36     0  02:59        0.00
  N00799               JUNCTION     0.27     0.85     5.90     0  02:59        0.00
  N02325               JUNCTION     0.02     0.03     2.82     0  01:00        0.00
  N00395               JUNCTION     0.08     0.13     5.09     0  01:41        0.00
  N02657               JUNCTION     0.18     0.33    12.12     0  02:01        0.00
  N01721               JUNCTION     0.00     0.01    12.52     0  01:00        0.00
  N02027               JUNCTION     0.04     0.08    17.02     0  01:45        0.00
  N01716               JUNCTION     0.21     0.39     5.42     0  02:17        0.00
  N01855               JUNCTION     0.02     0.05     6.80     0  01:41        0.00
  N00014               JUNCTION     0.06     0.10     5.28     0  01:41        0.00
  N02142               JUNCTION     0.01     0.02     6.42     0  01:38        0.00
  N02841               JUNCTION     0.17     0.30    20.02     0  01:40        0.00
  N02587               JUNCTION     0.01     0.02    19.34     0  01:00        0.00
  N01010               JUNCTION     0.03     0.07    19.94     0  01:40        0.00
  N02278               JUNCTION     0.00     0.01    21.87     0  01:40        0.00
  N01795               JUNCTION     0.31     0.68     9.37     0  01:47        0.00
  N00617               JUNCTION     0.08     0.15    35.63     0  01:40        0.00
  N00428               JUNCTION     0.03     0.05    13.51     0  01:02        0.00
  N00622               JUNCTION     0.00     0.00     7.38     0  01:00        0.00
  N01550               JUNCTION     0.36     0.62    11.52     0  02:09        0.00
  N00425               JUNCTION     0.06     0.10    13.25     0  01:42        0.00
  N00408               JUNCTION     0.02     0.03    17.29     0  01:38        0.00
  N01757               JUNCTION     0.50     1.53     6.56     0  02:59        0.00
  N00632               JUNCTION     0.20     0.32     2.69     0  02:02        0.00
  N02106               JUNCTION     0.01     0.01    28.52     0  01:00        0.00
  N01132               JUNCTION     0.20     0.45     4.35     0  02:55        0.00
  N01544               JUNCTION     0.11     0.33     3.94     0  02:24        0.00
  N02276               JUNCTION     0.00     0.01    21.73     0  01:40        0.00
  N00902               JUNCTION     0.54     1.08     3.89     0  02:22        0.00
  N02548               JUNCTION     0.01     0.01    24.05     0  01:36        0.00
  N01479               JUNCTION     0.11     0.20     5.59     0  01:40        0.00
  N00374               JUNCTION     0.01     0.01     3.09     0  01:00        0.00
  N00091               JUNCTION     0.35     0.59     6.78     0  01:40        0.00
  N02775               JUNCTION     0.07     0.14    25.03     0  01:41        0.00
  N02713               JUNCTION     0.64     1.41     6.70     0  02:53        0.00
  N00053               JUNCTION     0.02     0.03    19.58     0  01:00        0.00
  N01867               JUNCTION     0.01     0.02     6.65     0  01:00        0.00
  N00153               JUNCTION     0.26     0.42     3.66     0  01:41        0.00
  N02101               JUNCTION     0.00     0.01    36.14     0  01:59        0.00
  N01391               JUNCTION     0.00     0.01     2.92     0  01:35        0.00
  N01053               JUNCTION     0.01     0.02    40.28     0  01:40        0.00
  N02326               JUNCTION     0.40     0.70     3.74     0  02:06        0.00
  N00055               JUNCTION     0.01     0.01    13.33     0  01:36        0.00
  N00665               JUNCTION     0.00     0.00    47.51     0  00:59        0.00
  N00440               JUNCTION     0.00     0.01    29.17     0  01:40        0.00
  N02110               JUNCTION     0.00     0.01    19.42     0  01:00        0.00
  N00392               JUNCTION     0.02     0.03     6.41     0  01:38        0.00
  N02805               JUNCTION     0.01     0.01    13.93     0  01:00        0.00
  N01015               JUNCTION     0.02     0.04    14.36     0  01:35        0.00
  N02182               JUNCTION     0.01     0.02     3.51     0  01:36        0.00
  N00281               JUNCTION     1.00     1.91     7.36     0  02:59        0.00
  N01450               JUNCTION     0.13     0.21     5.56     0  02:04        0.00
  N01542               JUNCTION     0.39     0.76     4.51     0  02:50        0.00
  N01636               JUNCTION     0.26     0.45     2.79     0  02:03        0.00
  N00163               JUNCTION     0.00     0.01    10.93     0  01:00        0.00
  N00378               JUNCTION     0.00     0.01     5.83     0  01:00        0.00
  N00718               JUNCTION     0.04     0.07    26.05     0  01:40        0.00
  N02156               JUNCTION     0.05     0.10    11.33     0  01:39        0.00
  N00656               JUNCTION     0.04     0.08     3.13     0  02:59        0.00
  N02543               JUNCTION     0.05     0.10    20.90     0  01:40        0.00
  N02551               JUNCTION     0.00     0.00    34.46     0  00:59        0.00
  N00190               JUNCTION     0.70     1.56     5.41     0  02:04        0.00
  N00382               JUNCTION     0.10     0.19     4.01     0  02:06        0.00
  N00644               JUNCTION     0.34     0.63     3.01     0  02:12        0.00
  N01317               JUNCTION     0.08     0.15    24.77     0  01:39        0.00
  N01827               JUNCTION     0.10     0.17     7.32     0  01:42        0.00
  N01011               JUNCTION     0.10     0.18    20.12     0  01:40        0.00
  N00350               JUNCTION     0.11     0.18     5.83     0  01:40        0.00
  N01437               JUNCTION     0.00     0.00     9.12     0  01:00        0.00
  N01816               JUNCTION     0.01     0.01     8.32     0  01:00        0.00
  N01820               JUNCTION     0.02     0.03     9.14     0  01:36        0.00
  N02786               JUNCTION     0.18     0.31     8.85     0  02:08        0.00
  N01612               JUNCTION     0.01     0.01    13.00     0  01:00        0.00
  N01574               JUNCTION     0.28     0.50     5.40     0  02:19        0.00
  N02635               JUNCTION     0.01     0.01    17.22     0  01:40        0.00
  N01332               JUNCTION     0.00     0.00    47.69     0  00:57        0.00
  N01876               JUNCTION     0.65     1.39     6.38     0  02:26        0.00
  N00673               JUNCTION     0.10     0.18    13.51     0  01:38        0.00
  N02187               JUNCTION     0.02     0.04     2.97     0  01:40        0.00
  N01825               JUNCTION     0.12     0.22    12.93     0  01:44        0.00
  N02289               JUNCTION     0.07     0.12    26.88     0  01:40        0.00
  N01119               JUNCTION     0.41     1.51     7.05     0  02:59        0.00
  N01677               JUNCTION     0.25     0.64     4.06     0  02:48        0.00
  N02022               JUNCTION     0.12     0.22    13.43     0  01:41        0.00
  N01933               JUNCTION     0.02     0.03     6.82     0  01:40        0.00
  N00286               JUNCTION     0.15     0.24     5.84     0  02:03        0.00
  N01893               JUNCTION     0.01     0.01    28.19     0  01:40        0.00
  N00824               JUNCTION     0.02     0.05     6.37     0  02:27        0.00
  N00160               JUNCTION     0.51     1.19     5.91     0  01:53        0.00
  N01186               JUNCTION     0.06     0.12    19.44     0  01:40        0.00
  N00162               JUNCTION     0.20     0.40     9.46     0  01:46        0.00
  N01977               JUNCTION     0.04     0.08    17.75     0  01:01        0.00
  N01730               JUNCTION     0.45     0.79     5.34     0  02:07        0.00
  N00202               JUNCTION     0.59     1.26     7.59     0  02:58        0.00
  N00143               JUNCTION     0.03     0.07    10.17     0  01:38        0.00
  N01968               JUNCTION     0.24     0.55     8.40     0  02:17        0.00
  N00928               JUNCTION     0.09     0.16    35.86     0  01:42        0.00
  N02332               JUNCTION     0.00     0.01    26.59     0  01:00        0.00
  N00116               JUNCTION     0.02     0.03     9.66     0  01:40        0.00
  N01071               JUNCTION     0.12     0.24    10.35     0  01:54        0.00
  N00525               JUNCTION     0.00     0.01    19.82     0  01:35        0.00
  N01020               JUNCTION     0.02     0.04    27.54     0  01:38        0.00
  N01723               JUNCTION     0.06     0.12     5.54     0  01:40        0.00
  N00351               JUNCTION     0.13     0.21     5.90     0  01:40        0.00
  N00916               JUNCTION     0.41     0.80    13.25     0  01:41        0.00
  N00346               JUNCTION     0.20     0.36     4.70     0  01:41        0.00
  N02264               JUNCTION     0.01     0.01    19.12     0  01:00        0.00
  N01524               JUNCTION     0.02     0.03    18.67     0  01:40        0.00
  N01622               JUNCTION     0.06     0.13     3.08     0  01:51        0.00
  N02754               JUNCTION     0.12     0.48     7.95     0  02:07        0.00
  N02501               JUNCTION     0.39     0.70     3.74     0  02:05        0.00
  N00359               JUNCTION     0.28     0.73     5.18     0  02:59        0.00
  N01404               JUNCTION     0.01     0.02     3.56     0  01:00        0.00
  N01342               JUNCTION     0.28     0.49    10.38     0  01:46        0.00
  N01442               JUNCTION     0.04     0.08     9.58     0  01:40        0.00
  N01631               JUNCTION     0.35     0.59     2.88     0  02:09        0.00
  N01409               JUNCTION     0.09     0.19    13.78     0  01:41        0.00
  N00530               JUNCTION     0.05     0.09    11.94     0  01:40        0.00
  N00064               JUNCTION     0.03     0.07     8.03     0  02:08        0.00
  N02724               JUNCTION     0.30     0.51    16.51     0  01:49        0.00
  N02063               JUNCTION     0.01     0.02    13.97     0  01:35        0.00
  N00089               JUNCTION     0.06     0.10     2.78     0  01:40        0.00
  N00298               JUNCTION     1.03     1.93     7.34     0  02:59        0.00
  N00511               JUNCTION     0.06     0.19    16.25     0  02:14        0.00
  N00926               JUNCTION     0.05     0.09    15.42     0  01:41        0.00
  N01783               JUNCTION     0.13     0.27     5.40     0  02:19        0.00
  N00376               JUNCTION     0.00     0.00     5.12     0  00:59        0.00
  N00112               JUNCTION     0.01     0.01     4.56     0  01:37        0.00
  N02283               JUNCTION     0.09     0.16    21.29     0  01:39        0.00
  N01333               JUNCTION     0.60     1.40     5.35     0  02:04        0.00
  N02125               JUNCTION     0.00     0.01    15.30     0  01:00        0.00
  N00668               JUNCTION     0.02     0.03    26.83     0  01:38        0.00
  N00604               JUNCTION     0.14     0.26    28.27     0  01:43        0.00
  N02143               JUNCTION     0.06     0.16     5.30     0  02:17        0.00
  N02161               JUNCTION     0.04     0.08     9.13     0  01:41        0.00
  N00093               JUNCTION     0.14     0.23     7.88     0  01:40        0.00
  N02236               JUNCTION     0.00     0.01    28.79     0  01:00        0.00
  N00406               JUNCTION     0.22     0.46     3.97     0  02:28        0.00
  N01396               JUNCTION     0.16     0.28     6.35     0  01:42        0.00
  N02622               JUNCTION     0.64     1.43     5.06     0  02:59        0.00
  N00348               JUNCTION     0.01     0.02     4.26     0  01:01        0.00
  N01611               JUNCTION     0.25     0.42     3.69     0  02:06        0.00
  N01995               JUNCTION     0.01     0.01    10.37     0  01:35        0.00
  N00489               JUNCTION     0.00     0.01    16.54     0  01:35        0.00
  N00645               JUNCTION     0.40     0.71     3.00     0  02:14        0.00
  N02610               JUNCTION     0.05     0.09     4.35     0  01:42        0.00
  N01711               JUNCTION     0.08     0.15     5.48     0  02:13        0.00
  N01336               JUNCTION     0.00     0.00    47.24     0  00:59        0.00
  N01747               JUNCTION     0.01     0.01     7.17     0  01:00        0.00
  N00484               JUNCTION     0.34     0.73    16.25     0  02:15        0.00
  N00054               JUNCTION     0.00     0.01    15.69     0  01:35        0.00
  N02269               JUNCTION     0.14     0.24    45.34     0  01:40        0.00
  N00535               JUNCTION     0.06     0.11    19.71     0  01:40        0.00
  N02279               JUNCTION     0.01     0.02    21.05     0  01:00        0.00
  N01313               JUNCTION     0.02     0.04    19.43     0  01:40        0.00
  N01826               JUNCTION     0.05     0.08     9.14     0  01:00        0.00
  N00157               JUNCTION     0.19     0.34    21.58     0  01:40        0.00
  N02781               JUNCTION     0.07     0.12    17.75     0  01:41        0.00
  N01116               JUNCTION     0.02     0.03     7.18     0  01:01        0.00
  N00357               JUNCTION     0.00     0.01     9.29     0  01:00        0.00
  N01137               JUNCTION     0.02     0.03    19.44     0  01:00        0.00
  N02768               JUNCTION     0.15     0.32     5.33     0  02:08        0.00
  N01947               JUNCTION     0.12     0.46     5.51     0  02:56        0.00
  N01596               JUNCTION     0.12     0.26    19.35     0  01:44        0.00
  N02442               JUNCTION     0.48     0.87     4.63     0  02:06        0.00
  N01668               JUNCTION     0.38     0.81    12.19     0  02:05        0.00
  N00092               JUNCTION     0.44     0.84     4.76     0  01:42        0.00
  N01831               JUNCTION     0.97     1.59    11.00     0  01:41        0.00
  N00571               JUNCTION     0.03     0.06    17.70     0  01:37        0.00
  N01802               JUNCTION     0.02     0.04     7.48     0  01:40        0.00
  N02765               JUNCTION     0.15     0.27     4.85     0  02:10        0.00
  N00319               JUNCTION     0.08     0.14    22.65     0  01:40        0.00
  N01535               JUNCTION     0.11     0.19    19.21     0  01:41        0.00
  N02557               JUNCTION     0.16     0.33    25.53     0  01:43        0.00
  N00769               JUNCTION     0.11     0.21    17.43     0  01:41        0.00
  N02738               JUNCTION     0.00     0.01    19.84     0  01:35        0.00
  N00179               JUNCTION     0.64     1.24     4.81     0  02:19        0.00
  N02489               JUNCTION     0.09     0.15     4.07     0  01:40        0.00
  N01453               JUNCTION     0.03     0.05     6.25     0  01:39        0.00
  N02736               JUNCTION     0.09     0.17    15.18     0  01:43        0.00
  N00069               JUNCTION     0.06     0.13     6.99     0  01:48        0.00
  N00021               JUNCTION     0.01     0.01     8.69     0  01:00        0.00
  N01260               JUNCTION     0.09     0.16    19.23     0  02:26        0.00
  N02053               JUNCTION     0.41     0.79    12.70     0  02:48        0.00
  N01853               JUNCTION     0.02     0.04     8.11     0  01:00        0.00
  N01950               JUNCTION     0.35     1.09     5.52     0  02:35        0.00
  N00808               JUNCTION     0.01     0.02    11.06     0  01:00        0.00
  N02392               JUNCTION     0.31     0.54     5.82     0  01:43        0.00
  N01439               JUNCTION     0.02     0.04     8.25     0  01:40        0.00
  N00011               JUNCTION     0.33     0.57     8.20     0  02:08        0.00
  N02408               JUNCTION     0.01     0.01    21.90     0  01:00        0.00
  N01339               JUNCTION     0.22     0.36    11.76     0  01:44        0.00
  N02796               JUNCTION     0.64     1.43     5.06     0  02:59        0.00
  N00677               JUNCTION     0.51     1.14     8.27     0  02:10        0.00
  N00184               JUNCTION     0.41     0.84     4.63     0  02:49        0.00
  N01089               JUNCTION     0.20     0.34    38.51     0  01:40        0.00
  N02209               JUNCTION     0.01     0.01     6.55     0  01:00        0.00
  N00068               JUNCTION     0.03     0.05     7.06     0  01:40        0.00
  N00835               JUNCTION     0.00     0.01     6.88     0  01:36        0.00
  N01281               JUNCTION     0.00     0.01    46.05     0  01:00        0.00
  N00505               JUNCTION     0.66     1.55    17.48     0  02:42        0.00
  N02809               JUNCTION     0.70     1.47     7.97     0  02:08        0.00
  N00219               JUNCTION     0.03     0.06     5.81     0  01:46        0.00
  N01602               JUNCTION     0.00     0.01    48.31     0  01:00        0.00
  N01607               JUNCTION     0.01     0.02     5.04     0  01:36        0.00
  N02140               JUNCTION     0.01     0.02    12.79     0  01:01        0.00
  N00547               JUNCTION     0.01     0.01    11.95     0  01:40        0.00
  N00203               JUNCTION     0.32     0.65     8.29     0  02:25        0.00
  N00810               JUNCTION     0.20     0.38     5.83     0  01:42        0.00
  N01939               JUNCTION     0.01     0.03    20.27     0  01:40        0.00
  N02679               JUNCTION     0.09     0.18    13.69     0  01:55        0.00
  N02698               JUNCTION     0.01     0.02    26.71     0  01:00        0.00
  N00216               JUNCTION     0.00     0.01     9.09     0  01:00        0.00
  N00239               JUNCTION     0.26     0.46     4.71     0  02:20        0.00
  N01681               JUNCTION     0.14     0.23     5.15     0  01:39        0.00
  N02703               JUNCTION     0.00     0.01     6.80     0  01:39        0.00
  N02734               JUNCTION     0.00     0.01    19.42     0  01:00        0.00
  N01649               JUNCTION     0.05     0.09     7.78     0  01:09        0.00
  N00552               JUNCTION     0.02     0.03    27.08     0  01:00        0.00
  N02752               JUNCTION     0.00     0.00    47.96     0  00:59        0.00
  N01389               JUNCTION     0.10     0.19     3.41     0  02:05        0.00
  N00165               JUNCTION     0.04     0.07    27.32     0  01:40        0.00
  N01931               JUNCTION     0.45     1.02     7.60     0  02:58        0.00
  N01381               JUNCTION     0.17     0.27     2.58     0  01:43        0.00
  N00930               JUNCTION     0.00     0.01    40.62     0  01:00        0.00
  N01635               JUNCTION     0.25     0.44     2.81     0  02:02        0.00
  N00071               JUNCTION     0.12     0.31     4.05     0  02:50        0.00
  N00640               JUNCTION     0.01     0.01     3.22     0  01:00        0.00
  N01562               JUNCTION     0.02     0.03    21.01     0  01:35        0.00
  N02124               JUNCTION     0.00     0.00    18.81     0  01:00        0.00
  N01639               JUNCTION     0.41     0.72     2.94     0  02:13        0.00
  N02299               JUNCTION     0.14     0.26    20.17     0  02:59        0.00
  N01354               JUNCTION     0.00     0.00    35.68     0  01:00        0.00
  N02585               JUNCTION     0.02     0.03    18.75     0  01:40        0.00
  N01754               JUNCTION     0.41     0.74     5.33     0  02:05        0.00
  N00651               JUNCTION     0.13     0.28     2.93     0  02:49        0.00
  N00608               JUNCTION     0.00     0.01    47.89     0  01:00        0.00
  N01987               JUNCTION     0.05     0.08    13.69     0  01:41        0.00
  N01103               JUNCTION     0.53     1.09     4.03     0  02:46        0.00
  N01400               JUNCTION     0.04     0.07    16.23     0  01:40        0.00
  N01632               JUNCTION     0.02     0.09     3.63     0  01:43        0.00
  N01131               JUNCTION     0.12     0.30     4.34     0  02:51        0.00
  N02033               JUNCTION     0.02     0.03    19.79     0  01:36        0.00
  N02367               JUNCTION     0.26     0.43     3.38     0  02:07        0.00
  N01369               JUNCTION     0.09     0.17    14.68     0  01:40        0.00
  N00268               JUNCTION     0.34     0.58     4.99     0  02:09        0.00
  N02375               JUNCTION     0.04     0.07     3.97     0  01:40        0.00
  N01682               JUNCTION     0.94     1.82     7.36     0  02:59        0.00
  N00110               JUNCTION     0.00     0.01     6.72     0  01:00        0.00
  N00278               JUNCTION     0.06     0.10     7.61     0  02:46        0.00
  N00556               JUNCTION     0.01     0.02    24.31     0  01:00        0.00
  N01407               JUNCTION     0.00     0.01    25.86     0  01:00        0.00
  N01029               JUNCTION     0.13     0.28     4.40     0  01:42        0.00
  N01206               JUNCTION     0.34     0.59     5.23     0  02:48        0.00
  N00627               JUNCTION     0.00     0.00    10.49     0  00:59        0.00
  N01966               JUNCTION     0.01     0.01     8.34     0  01:00        0.00
  N02181               JUNCTION     0.21     0.35     3.37     0  02:48        0.00
  N00513               JUNCTION     0.73     1.62    17.56     0  02:58        0.00
  N01722               JUNCTION     0.00     0.01     6.34     0  01:35        0.00
  N01289               JUNCTION     0.69     1.33    12.23     0  02:05        0.00
  N00546               JUNCTION     0.01     0.01    13.45     0  01:35        0.00
  N01050               JUNCTION     0.13     0.21    28.66     0  01:41        0.00
  N01957               JUNCTION     0.05     0.09    19.44     0  01:40        0.00
  N00664               JUNCTION     0.01     0.01    36.30     0  01:00        0.00
  N02018               JUNCTION     0.01     0.02    25.96     0  01:01        0.00
  N01326               JUNCTION     0.05     0.08    17.75     0  01:00        0.00
  N01614               JUNCTION     0.24     0.44     2.96     0  02:15        0.00
  N02352               JUNCTION     0.41     0.96     4.06     0  02:59        0.00
  N00397               JUNCTION     0.05     0.08     5.77     0  01:40        0.00
  N00861               JUNCTION     0.64     1.24    20.32     0  02:13        0.00
  N00993               JUNCTION     0.09     0.17    18.40     0  01:40        0.00
  N02490               JUNCTION     0.03     0.05     4.41     0  01:39        0.00
  N02815               JUNCTION     0.25     0.41     5.23     0  02:08        0.00
  N01778               JUNCTION     0.18     0.34     5.40     0  02:19        0.00
  N00108               JUNCTION     0.75     1.50     5.74     0  02:06        0.00
  N02682               JUNCTION     0.00     0.01    19.67     0  01:00        0.00
  N01511               JUNCTION     0.02     0.04    19.48     0  01:40        0.00
  N02005               JUNCTION     0.06     0.11    13.37     0  01:41        0.00
  N00882               JUNCTION     0.41     0.75     4.32     0  02:51        0.00
  N02020               JUNCTION     0.08     0.15    11.16     0  01:42        0.00
  N00949               JUNCTION     0.01     0.02    46.11     0  01:06        0.00
  N00250               JUNCTION     0.00     0.00    11.01     0  01:00        0.00
  N01120               JUNCTION     0.43     1.63     7.06     0  02:58        0.00
  N01073               JUNCTION     0.11     0.20    12.95     0  01:42        0.00
  N02817               JUNCTION     0.27     0.44     4.79     0  02:50        0.00
  N02132               JUNCTION     0.85     1.53     7.04     0  01:51        0.00
  N02827               JUNCTION     0.01     0.02    29.62     0  01:00        0.00
  N02658               JUNCTION     0.02     0.03    11.15     0  01:37        0.00
  N02119               JUNCTION     0.00     0.00    17.73     0  01:00        0.00
  N00398               JUNCTION     0.05     0.09     4.58     0  01:40        0.00
  N00438               JUNCTION     0.29     0.46    19.41     0  01:43        0.00
  N01421               JUNCTION     0.90     1.56    11.01     0  01:21        0.00
  N02792               JUNCTION     0.28     0.51     8.91     0  02:12        0.00
  N01433               JUNCTION     0.01     0.01     7.39     0  01:39        0.00
  N02697               JUNCTION     0.01     0.02    24.28     0  01:02        0.00
  N00533               JUNCTION     0.05     0.10    16.74     0  01:43        0.00
  N00340               JUNCTION     0.31     0.51     4.23     0  02:07        0.00
  N00111               JUNCTION     0.05     0.11     3.41     0  02:05        0.00
  N00606               JUNCTION     0.18     0.33    33.56     0  01:41        0.00
  N00385               JUNCTION     0.26     0.44     4.44     0  02:02        0.00
  N01143               JUNCTION     0.02     0.04    28.33     0  01:40        0.00
  N02523               JUNCTION     0.06     0.12    26.71     0  01:37        0.00
  N01837               JUNCTION     0.02     0.04    10.42     0  01:40        0.00
  N01388               JUNCTION     0.10     0.19     3.41     0  02:10        0.00
  N01812               JUNCTION     0.48     0.89     7.08     0  02:07        0.00
  N01102               JUNCTION     0.48     1.03     4.05     0  02:48        0.00
  N02085               JUNCTION     0.68     1.27     4.29     0  02:07        0.00
  N02623               JUNCTION     0.69     1.51     5.06     0  02:59        0.00
  N00705               JUNCTION     0.00     0.00    34.33     0  00:59        0.00
  N00696               JUNCTION     0.27     0.53    15.79     0  01:44        0.00
  N00128               JUNCTION     0.17     0.30     3.37     0  02:48        0.00
  N01040               JUNCTION     0.00     0.00    31.42     0  01:00        0.00
  N02277               JUNCTION     0.28     0.66    20.14     0  02:59        0.00
  N02274               JUNCTION     0.16     0.29    22.34     0  01:46        0.00
  N00225               JUNCTION     0.08     0.14     9.99     0  01:41        0.00
  N00389               JUNCTION     0.05     0.08     4.27     0  01:38        0.00
  N00791               JUNCTION     0.03     0.04    44.60     0  01:40        0.00
  N00004               JUNCTION     0.58     1.24     5.48     0  02:10        0.00
  N01882               JUNCTION     0.01     0.01    10.26     0  01:00        0.00
  N01750               JUNCTION     0.06     0.10     4.66     0  01:41        0.00
  N02722               JUNCTION     0.12     0.21    18.92     0  02:51        0.00
  N00248               JUNCTION     0.11     0.21     5.07     0  01:43        0.00
  N02811               JUNCTION     0.00     0.00     8.28     0  01:00        0.00
  N02534               JUNCTION     0.04     0.08    31.74     0  01:41        0.00
  N01308               JUNCTION     0.01     0.02    15.95     0  01:39        0.00
  N02644               JUNCTION     0.08     0.14    12.05     0  01:41        0.00
  N01052               JUNCTION     0.15     0.27    31.44     0  01:41        0.00
  N01594               JUNCTION     0.02     0.03    21.41     0  01:37        0.00
  N01082               JUNCTION     0.42     0.76     3.98     0  02:48        0.00
  N02801               JUNCTION     0.22     0.67     6.80     0  02:58        0.00
  N00041               JUNCTION     0.35     0.64     7.49     0  02:10        0.00
  N00875               JUNCTION     0.56     1.21     7.86     0  02:07        0.00
  N02351               JUNCTION     0.43     0.96     3.91     0  02:59        0.00
  N02467               JUNCTION     0.00     0.00    10.00     0  01:00        0.00
  N02556               JUNCTION     0.06     0.13    29.28     0  01:41        0.00
  N01247               JUNCTION     0.06     0.15     2.95     0  02:16        0.00
  N00507               JUNCTION     0.45     0.91    16.26     0  02:13        0.00
  N01344               JUNCTION     0.50     1.01     4.47     0  02:50        0.00
  N01698               JUNCTION     0.03     0.05     6.08     0  01:40        0.00
  N01646               JUNCTION     0.09     0.17     8.28     0  01:40        0.00
  N00819               JUNCTION     0.03     0.05     9.90     0  01:38        0.00
  N02055               JUNCTION     0.02     0.03    20.83     0  01:35        0.00
  N00252               JUNCTION     0.01     0.02     5.17     0  01:40        0.00
  N00335               JUNCTION     0.21     0.39     5.68     0  02:48        0.00
  N00635               JUNCTION     0.03     0.06     2.62     0  01:38        0.00
  N00811               JUNCTION     0.08     0.13     9.99     0  01:40        0.00
  N00323               JUNCTION     0.33     0.58    10.38     0  01:47        0.00
  N00310               JUNCTION     0.20     0.53     7.36     0  02:59        0.00
  N01870               JUNCTION     0.66     1.54     7.56     0  02:24        0.00
  N01002               JUNCTION     0.01     0.02    24.15     0  01:37        0.00
  N01338               JUNCTION     0.38     0.75     6.78     0  02:18        0.00
  N00326               JUNCTION     0.37     0.66     4.44     0  01:47        0.00
  N01879               JUNCTION     0.00     0.01    16.53     0  01:35        0.00
  N01530               JUNCTION     0.14     0.26    22.46     0  01:43        0.00
  N01760               JUNCTION     0.00     0.01     4.73     0  01:00        0.00
  N00629               JUNCTION     0.14     0.21     2.89     0  01:40        0.00
  N00850               JUNCTION     0.18     0.31    18.23     0  01:41        0.00
  N02723               JUNCTION     0.14     0.25    16.91     0  02:53        0.00
  N00337               JUNCTION     0.27     0.91     7.16     0  02:37        0.00
  N00624               JUNCTION     0.00     0.00     9.15     0  00:59        0.00
  N00201               JUNCTION     0.01     0.02     7.62     0  01:00        0.00
  N01302               JUNCTION     0.06     0.12     5.48     0  02:06        0.00
  N00288               JUNCTION     0.15     0.24     6.52     0  02:02        0.00
  N01967               JUNCTION     0.51     1.16     8.32     0  02:18        0.00
  N02777               JUNCTION     0.02     0.03    17.12     0  01:37        0.00
  N02232               JUNCTION     0.00     0.01    26.93     0  01:00        0.00
  N00365               JUNCTION     0.29     0.78     5.18     0  02:59        0.00
  N02172               JUNCTION     0.01     0.01    15.18     0  01:36        0.00
  N01515               JUNCTION     0.32     0.54     8.21     0  02:06        0.00
  N00932               JUNCTION     0.01     0.01    40.37     0  01:37        0.00
  N01307               JUNCTION     0.00     0.01    25.43     0  01:35        0.00
  N01969               JUNCTION     0.00     0.00    18.68     0  00:59        0.00
  N00872               JUNCTION     0.36     0.65     3.73     0  02:07        0.00
  N00036               JUNCTION     0.06     0.12    20.32     0  02:11        0.00
  N01583               JUNCTION     0.10     0.18    16.09     0  01:40        0.00
  N02778               JUNCTION     0.02     0.03    17.78     0  01:40        0.00
  N00457               JUNCTION     0.07     0.13    16.71     0  01:44        0.00
  N01626               JUNCTION     0.05     0.09     3.91     0  01:42        0.00
  N00449               JUNCTION     0.22     0.37    13.39     0  02:08        0.00
  N02271               JUNCTION     0.30     0.51    22.42     0  01:41        0.00
  N00871               JUNCTION     0.02     0.03     3.08     0  01:46        0.00
  N01640               JUNCTION     0.08     0.13     2.62     0  01:41        0.00
  N01306               JUNCTION     0.03     0.06    25.73     0  01:38        0.00
  N01030               JUNCTION     0.03     0.08     6.38     0  02:05        0.00
  N02294               JUNCTION     0.01     0.02    34.30     0  01:00        0.00
  N02656               JUNCTION     0.22     0.39    12.11     0  02:01        0.00
  N01886               JUNCTION     0.38     0.66     5.73     0  02:02        0.00
  N00191               JUNCTION     0.69     1.54     5.13     0  02:59        0.00
  N01362               JUNCTION     0.01     0.02    32.66     0  01:00        0.00
  N01466               JUNCTION     0.36     0.88     4.63     0  02:48        0.00
  N01401               JUNCTION     0.01     0.03    24.50     0  01:40        0.00
  N01012               JUNCTION     0.14     0.29     3.65     0  02:57        0.00
  N01031               JUNCTION     0.72     1.55     6.79     0  02:39        0.00
  N00372               JUNCTION     0.17     0.29     2.58     0  01:43        0.00
  N00057               JUNCTION     0.02     0.03    10.50     0  01:44        0.00
  N01477               JUNCTION     0.01     0.01     4.90     0  01:35        0.00
  N00646               JUNCTION     0.31     0.58     2.95     0  02:13        0.00
  N02563               JUNCTION     0.00     0.01    27.15     0  01:00        0.00
  N02313               JUNCTION     0.00     0.00     9.22     0  00:58        0.00
  N01267               JUNCTION     0.00     0.01    16.58     0  01:00        0.00
  N00309               JUNCTION     0.94     1.80     7.36     0  02:59        0.00
  N02354               JUNCTION     0.41     0.97     4.06     0  02:59        0.00
  N00113               JUNCTION     0.17     0.33     4.75     0  01:47        0.00
  N01863               JUNCTION     0.54     1.23     8.04     0  02:05        0.00
  N01296               JUNCTION     0.00     0.01     6.68     0  01:36        0.00
  N00711               JUNCTION     0.19     0.33    42.64     0  02:48        0.00
  N01049               JUNCTION     0.01     0.02    33.50     0  01:40        0.00
  N00232               JUNCTION     0.00     0.01     3.19     0  01:00        0.00
  N01426               JUNCTION     0.12     0.20     8.19     0  01:41        0.00
  N01294               JUNCTION     0.04     0.06     4.83     0  01:01        0.00
  N01756               JUNCTION     0.23     0.40     5.33     0  01:43        0.00
  N02211               JUNCTION     0.01     0.02     5.55     0  02:01        0.00
  N01731               JUNCTION     0.07     0.17     5.48     0  02:09        0.00
  N01114               JUNCTION     0.42     0.73     7.49     0  02:08        0.00
  N01387               JUNCTION     0.03     0.06     3.50     0  01:40        0.00
  N01483               JUNCTION     0.51     1.11     5.31     0  02:14        0.00
  N00387               JUNCTION     0.10     0.19     4.14     0  01:40        0.00
  N01666               JUNCTION     0.85     1.56    12.26     0  02:05        0.00
  N00955               JUNCTION     0.04     0.06     6.16     0  01:41        0.00
  N00134               JUNCTION     0.00     0.00     5.08     0  01:00        0.00
  N02506               JUNCTION     0.00     0.01    46.08     0  01:00        0.00
  N00625               JUNCTION     0.00     0.00     6.59     0  01:00        0.00
  N01732               JUNCTION     0.29     0.50     5.49     0  02:10        0.00
  N00929               JUNCTION     0.11     0.19    37.22     0  01:41        0.00
  N00985               JUNCTION     0.13     0.23    18.09     0  01:41        0.00
  N02555               JUNCTION     0.07     0.13    26.63     0  01:37        0.00
  N02240               JUNCTION     0.05     0.09    22.21     0  01:40        0.00
  N00186               JUNCTION     0.27     0.68     4.48     0  02:56        0.00
  N01786               JUNCTION     0.06     0.43     6.59     0  02:40        0.00
  N02528               JUNCTION     0.34     0.64    26.65     0  01:45        0.00
  N00499               JUNCTION     0.24     0.57    16.25     0  02:12        0.00
  N01292               JUNCTION     0.00     0.01     6.01     0  01:00        0.00
  N01806               JUNCTION     0.00     0.01     8.59     0  01:00        0.00
  N00699               JUNCTION     0.00     0.00    46.54     0  01:35        0.00
  N00660               JUNCTION     0.27     0.45     3.58     0  02:51        0.00
  N00686               JUNCTION     0.01     0.01    13.39     0  01:00        0.00
  N02711               JUNCTION     0.01     0.01    17.05     0  01:37        0.00
  N01846               JUNCTION     0.02     0.02    10.44     0  01:36        0.00
  N01328               JUNCTION     0.11     0.28    15.15     0  02:10        0.00
  N02707               JUNCTION     0.60     1.42     5.64     0  02:59        0.00
  N01566               JUNCTION     0.01     0.01    21.06     0  01:03        0.00
  N02388               JUNCTION     0.58     1.14     3.83     0  02:19        0.00
  N00391               JUNCTION     0.13     0.21     5.27     0  02:02        0.00
  N02718               JUNCTION     0.36     0.85     7.59     0  02:57        0.00
  N00615               JUNCTION     0.10     0.16    26.92     0  01:40        0.00
  N01581               JUNCTION     0.00     0.01    15.55     0  01:00        0.00
  N00147               JUNCTION     0.01     0.03    12.16     0  01:00        0.00
  N02316               JUNCTION     0.00     0.01     7.21     0  01:00        0.00
  N00817               JUNCTION     0.57     1.19     5.31     0  02:14        0.00
  N01435               JUNCTION     0.08     0.13     7.34     0  01:40        0.00
  N01482               JUNCTION     0.65     1.49     5.11     0  02:59        0.00
  N02382               JUNCTION     0.07     0.18     4.47     0  02:24        0.00
  N01368               JUNCTION     0.06     0.11    15.66     0  01:42        0.00
  N02741               JUNCTION     0.01     0.01    18.72     0  01:35        0.00
  N01669               JUNCTION     0.91     1.64    12.17     0  02:05        0.00
  N00026               JUNCTION     0.00     0.01     6.30     0  01:00        0.00
  N02782               JUNCTION     0.12     0.18    19.42     0  01:38        0.00
  N02074               JUNCTION     0.49     1.00    15.33     0  02:08        0.00
  N02588               JUNCTION     0.03     0.05    21.59     0  01:00        0.00
  N01070               JUNCTION     0.08     0.16    10.98     0  01:49        0.00
  N02010               JUNCTION     0.00     0.01    16.27     0  01:35        0.00
  N02297               JUNCTION     0.06     0.11    29.44     0  01:42        0.00
  N00307               JUNCTION     0.94     1.81     7.37     0  02:58        0.00
  N02834               JUNCTION     0.05     0.09    23.16     0  01:40        0.00
  N02418               JUNCTION     0.01     0.02    37.76     0  01:00        0.00
  N00133               JUNCTION     0.00     0.01     4.97     0  01:00        0.00
  N00321               JUNCTION     0.22     0.41    13.24     0  01:48        0.00
  N02250               JUNCTION     0.14     0.25    23.12     0  01:41        0.00
  N00879               JUNCTION     0.55     1.18     4.19     0  02:21        0.00
  N00487               JUNCTION     0.52     1.06    16.32     0  02:22        0.00
  N02098               JUNCTION     0.25     0.44    31.88     0  01:41        0.00
  N01561               JUNCTION     0.43     0.80    12.58     0  02:59        0.00
  N01960               JUNCTION     0.02     0.04    23.12     0  01:40        0.00
  N01765               JUNCTION     0.02     0.03     4.99     0  01:40        0.00
  N01045               JUNCTION     0.03     0.05    11.07     0  01:40        0.00
  N01805               JUNCTION     0.01     0.03     8.92     0  01:40        0.00
  N02661               JUNCTION     0.10     0.19     9.06     0  02:01        0.00
  N01873               JUNCTION     0.41     0.79     4.50     0  02:48        0.00
  N02617               JUNCTION     0.21     0.34     3.08     0  01:48        0.00
  N00131               JUNCTION     0.00     0.00     4.92     0  00:59        0.00
  N01807               JUNCTION     0.30     0.57     9.41     0  01:47        0.00
  N01074               JUNCTION     0.00     0.01    14.68     0  01:00        0.00
  N00109               JUNCTION     0.63     1.31     5.47     0  02:11        0.00
  N02309               JUNCTION     0.04     0.06    36.79     0  01:40        0.00
  N01908               JUNCTION     0.17     0.33    13.31     0  01:41        0.00
  N02305               JUNCTION     0.05     0.08    44.57     0  01:40        0.00
  N00031               JUNCTION     0.06     0.10    19.37     0  01:44        0.00
  N00597               JUNCTION     0.01     0.01    22.23     0  01:00        0.00
  N00456               JUNCTION     0.08     0.14    16.64     0  01:44        0.00
  N01364               JUNCTION     0.06     0.12    31.22     0  01:40        0.00
  N00497               JUNCTION     0.02     0.06    16.25     0  02:13        0.00
  N01471               JUNCTION     0.19     0.31     3.35     0  02:09        0.00
  N00934               JUNCTION     0.15     0.34     3.08     0  02:48        0.00
  N00330               JUNCTION     0.57     1.17     4.97     0  02:59        0.00
  N02753               JUNCTION     0.59     1.27     7.95     0  02:07        0.00
  N01158               JUNCTION     0.00     0.01    42.53     0  01:00        0.00
  N02638               JUNCTION     0.01     0.02    12.99     0  01:40        0.00
  N00991               JUNCTION     0.13     0.24    17.66     0  01:42        0.00
  N00802               JUNCTION     0.01     0.01     7.24     0  01:00        0.00
  N00363               JUNCTION     0.00     0.01     6.93     0  01:00        0.00
  N01164               JUNCTION     0.38     0.67     2.18     0  02:48        0.00
  N00001               JUNCTION     0.01     0.02     8.08     0  01:00        0.00
  N01115               JUNCTION     0.37     0.65     7.51     0  02:08        0.00
  N00299               JUNCTION     0.97     1.86     7.36     0  02:59        0.00
  N01270               JUNCTION     0.58     1.44     5.52     0  02:49        0.00
  N02813               JUNCTION     0.13     0.22     5.52     0  02:48        0.00
  N00623               JUNCTION     0.00     0.00    11.06     0  00:59        0.00
  N02672               JUNCTION     0.07     0.11    11.54     0  01:40        0.00
  N01255               JUNCTION     0.00     0.00    15.59     0  01:00        0.00
  N02107               JUNCTION     0.00     0.01    30.68     0  01:00        0.00
  N01532               JUNCTION     0.00     0.00    23.55     0  01:00        0.00
  N01621               JUNCTION     0.50     1.10     5.03     0  02:59        0.00
  N00170               JUNCTION     0.00     0.01     6.56     0  01:35        0.00
  N01648               JUNCTION     0.34     0.58     8.20     0  02:09        0.00
  N01461               JUNCTION     0.22     0.43     9.46     0  01:45        0.00
  N02509               JUNCTION     0.03     0.07    19.21     0  01:42        0.00
  N00692               JUNCTION     0.79     1.50     8.29     0  02:24        0.00
  N01609               JUNCTION     0.02     0.04     3.90     0  01:41        0.00
  N02212               JUNCTION     0.12     0.43     6.79     0  02:50        0.00
  N00140               JUNCTION     0.01     0.01     3.00     0  01:40        0.00
  N02608               JUNCTION     0.18     0.32     5.11     0  01:45        0.00
  N01318               JUNCTION     0.08     0.14    12.85     0  01:42        0.00
  N02435               JUNCTION     0.05     0.09    13.07     0  01:41        0.00
  N01770               JUNCTION     0.28     0.47     5.37     0  02:08        0.00
  N01469               JUNCTION     0.77     1.44     5.09     0  02:14        0.00
  N00229               JUNCTION     0.26     0.45     4.94     0  02:02        0.00
  N02549               JUNCTION     0.02     0.05    25.78     0  01:38        0.00
  N00305               JUNCTION     0.26     0.49     7.50     0  02:08        0.00
  N02735               JUNCTION     0.01     0.01    17.64     0  01:40        0.00
  N00094               JUNCTION     0.32     0.54     6.68     0  01:41        0.00
  N01210               JUNCTION     0.02     0.05    22.16     0  01:00        0.00
  N01286               JUNCTION     0.26     0.48    21.51     0  01:41        0.00
  N02304               JUNCTION     0.01     0.03    43.57     0  01:00        0.00
  N01849               JUNCTION     0.33     0.55     6.38     0  02:03        0.00
  N00724               JUNCTION     0.18     0.33    13.96     0  01:41        0.00
  N01425               JUNCTION     0.01     0.02     9.85     0  01:00        0.00
  N00550               JUNCTION     0.04     0.07    15.82     0  01:39        0.00
  N01253               JUNCTION     0.02     0.03    13.28     0  01:40        0.00
  N00855               JUNCTION     0.56     0.99    13.90     0  02:03        0.00
  N00491               JUNCTION     0.03     0.18    16.48     0  02:07        0.00
  N02083               JUNCTION     0.73     1.37     4.39     0  02:06        0.00
  N01929               JUNCTION     0.03     0.04     7.13     0  01:36        0.00
  N01176               JUNCTION     0.04     0.08    16.66     0  02:59        0.00
  N02821               JUNCTION     0.02     0.04    14.72     0  01:02        0.00
  N01877               JUNCTION     0.01     0.01    19.26     0  01:00        0.00
  N00856               JUNCTION     0.07     0.14    13.12     0  01:42        0.00
  N01382               JUNCTION     0.02     0.04     4.81     0  01:38        0.00
  N00332               JUNCTION     0.45     1.07     7.95     0  02:07        0.00
  N01067               JUNCTION     0.14     0.32     5.87     0  02:08        0.00
  N02438               JUNCTION     0.17     0.32    17.26     0  01:42        0.00
  N00481               JUNCTION     0.02     0.03    16.76     0  01:39        0.00
  N02500               JUNCTION     0.02     0.03    36.47     0  01:41        0.00
  N00185               JUNCTION     0.01     0.01     4.69     0  01:00        0.00
  N02836               JUNCTION     0.13     0.24    22.34     0  01:43        0.00
  N01534               JUNCTION     0.01     0.01    21.43     0  01:40        0.00
  N00540               JUNCTION     0.24     0.48    14.54     0  01:44        0.00
  N00454               JUNCTION     0.16     0.33    11.51     0  01:43        0.00
  N02171               JUNCTION     0.00     0.01    14.36     0  01:00        0.00
  N01044               JUNCTION     0.03     0.04    42.73     0  01:40        0.00
  N02666               JUNCTION     0.01     0.02     9.29     0  01:36        0.00
  N00439               JUNCTION     0.04     0.06    24.77     0  01:39        0.00
  N01627               JUNCTION     0.00     0.01     3.13     0  01:35        0.00
  N02013               JUNCTION     0.00     0.01    25.85     0  01:35        0.00
  N02135               JUNCTION     0.00     0.00    11.14     0  01:00        0.00
  N01780               JUNCTION     0.11     0.23     5.41     0  02:17        0.00
  N00364               JUNCTION     0.07     0.13     4.52     0  02:44        0.00
  N02791               JUNCTION     0.32     0.55     8.89     0  02:09        0.00
  N01345               JUNCTION     0.46     0.94     4.47     0  02:53        0.00
  N02062               JUNCTION     0.01     0.02    15.89     0  01:01        0.00
  N01371               JUNCTION     0.06     0.10    12.53     0  02:06        0.00
  N02747               JUNCTION     0.67     1.45     6.45     0  02:26        0.00
  N02044               JUNCTION     0.06     0.10    17.40     0  01:38        0.00
  N00124               JUNCTION     0.23     0.56     4.63     0  02:48        0.00
  N02743               JUNCTION     0.00     0.00     5.64     0  00:59        0.00
  N01928               JUNCTION     0.57     1.04     4.57     0  02:20        0.00
  N01042               JUNCTION     0.01     0.02    16.84     0  01:00        0.00
  N00300               JUNCTION     0.90     1.76     7.37     0  02:59        0.00
  N00258               JUNCTION     0.06     0.11     5.12     0  02:46        0.00
  N01513               JUNCTION     0.01     0.01    19.71     0  01:00        0.00
  N00915               JUNCTION     0.08     0.14    13.28     0  01:40        0.00
  N01474               JUNCTION     0.13     0.37     3.84     0  02:20        0.00
  N00925               JUNCTION     0.01     0.02    29.00     0  01:40        0.00
  N02050               JUNCTION     0.22     0.37    13.21     0  02:48        0.00
  N01213               JUNCTION     0.04     0.07    33.16     0  01:41        0.00
  N00130               JUNCTION     0.24     0.38     2.89     0  02:48        0.00
  N02327               JUNCTION     0.08     0.13     5.84     0  01:41        0.00
  N00370               JUNCTION     0.00     0.01     5.68     0  01:39        0.00
  N02668               JUNCTION     0.10     0.19     8.37     0  02:02        0.00
  N01767               JUNCTION     0.03     0.05     4.86     0  01:42        0.00
  N01352               JUNCTION     0.00     0.00     6.66     0  02:54        0.00
  N01145               JUNCTION     0.00     0.00    41.46     0  01:00        0.00
  N01864               JUNCTION     0.58     1.26     7.98     0  02:07        0.00
  N00941               JUNCTION     0.02     0.05     5.02     0  01:40        0.00
  N02214               JUNCTION     0.04     0.05    22.05     0  01:41        0.00
  N01577               JUNCTION     0.05     0.09     4.66     0  01:40        0.00
  N01832               JUNCTION     0.86     1.44    10.77     0  01:43        0.00
  N00158               JUNCTION     0.06     0.10    10.10     0  01:42        0.00
  N01665               JUNCTION     0.11     0.26    12.34     0  02:07        0.00
  N00980               JUNCTION     0.14     0.25     5.23     0  01:40        0.00
  N01324               JUNCTION     0.61     1.46    17.58     0  02:57        0.00
  N02628               JUNCTION     0.01     0.02    15.71     0  01:36        0.00
  N01854               JUNCTION     0.17     0.32     8.03     0  01:43        0.00
  N00213               JUNCTION     0.07     0.18     3.07     0  02:55        0.00
  N02826               JUNCTION     0.01     0.02    25.14     0  01:38        0.00
  N01393               JUNCTION     0.01     0.01     8.17     0  01:00        0.00
  N00892               JUNCTION     0.05     0.07     9.14     0  01:40        0.00
  N01984               JUNCTION     0.03     0.05    17.82     0  01:00        0.00
  N01582               JUNCTION     0.02     0.03    16.06     0  01:40        0.00
  N01869               JUNCTION     0.56     1.09     7.22     0  02:08        0.00
  N01693               JUNCTION     0.21     0.35     5.01     0  02:08        0.00
  N01972               JUNCTION     0.01     0.01    23.45     0  01:39        0.00
  N01454               JUNCTION     0.59     1.13     4.26     0  02:06        0.00
  N00886               JUNCTION     0.31     0.54     8.83     0  02:10        0.00
  N02751               JUNCTION     0.03     0.05    44.66     0  01:42        0.00
  N02517               JUNCTION     0.18     0.36     6.45     0  01:56        0.00
  N00588               JUNCTION     0.32     0.57    19.35     0  01:44        0.00
  N02458               JUNCTION     0.01     0.01    34.23     0  01:38        0.00
  N02073               JUNCTION     0.05     0.09    11.41     0  02:01        0.00
  N01019               JUNCTION     0.00     0.00    34.51     0  01:00        0.00
  N01127               JUNCTION     0.00     0.00    11.25     0  02:57        0.00
  N00801               JUNCTION     0.14     0.28     5.73     0  02:59        0.00
  N01997               JUNCTION     0.06     0.10    10.00     0  01:40        0.00
  N00056               JUNCTION     0.02     0.04    13.46     0  01:40        0.00
  N01705               JUNCTION     0.21     0.45     5.43     0  02:59        0.00
  N01428               JUNCTION     0.04     0.07     8.97     0  02:04        0.00
  N01112               JUNCTION     0.22     0.41     6.93     0  02:07        0.00
  N01287               JUNCTION     0.92     1.56    12.44     0  02:09        0.00
  N01553               JUNCTION     0.01     0.02     8.86     0  01:00        0.00
  N00986               JUNCTION     0.28     0.52    17.66     0  01:44        0.00
  N01641               JUNCTION     0.25     0.43     2.80     0  02:05        0.00
  N00353               JUNCTION     0.00     0.01     7.09     0  01:00        0.00
  N01710               JUNCTION     0.57     1.59     6.55     0  02:59        0.00
  N00430               JUNCTION     0.03     0.05    25.66     0  01:39        0.00
  N00287               JUNCTION     0.02     0.03     6.25     0  01:37        0.00
  N00678               JUNCTION     0.48     0.87     8.00     0  02:08        0.00
  N01063               JUNCTION     0.01     0.01    22.05     0  01:00        0.00
  N01249               JUNCTION     0.32     0.54     2.79     0  02:02        0.00
  N02475               JUNCTION     0.00     0.01     6.45     0  01:00        0.00
  N01709               JUNCTION     0.39     1.52     7.07     0  02:54        0.00
  N02660               JUNCTION     0.09     0.19    10.78     0  02:01        0.00
  N00414               JUNCTION     0.01     0.02    33.04     0  01:00        0.00
  N00280               JUNCTION     0.95     1.84     7.36     0  02:59        0.00
  N01689               JUNCTION     0.01     0.03     5.04     0  01:00        0.00
  N01411               JUNCTION     0.22     0.43     8.63     0  01:43        0.00
  N01284               JUNCTION     0.00     0.01    46.79     0  01:35        0.00
  N01724               JUNCTION     0.12     0.29     5.33     0  02:10        0.00
  N00161               JUNCTION     0.24     0.90     5.60     0  02:49        0.00
  N00067               JUNCTION     0.18     0.35     8.20     0  02:07        0.00
  N01076               JUNCTION     0.05     0.12    12.15     0  02:01        0.00
  N01996               JUNCTION     0.07     0.13     8.17     0  01:39        0.00
  N02244               JUNCTION     0.01     0.01    24.96     0  01:00        0.00
  N00435               JUNCTION     0.00     0.00    35.69     0  00:59        0.00
  N02116               JUNCTION     0.15     0.29     8.21     0  01:41        0.00
  N01559               JUNCTION     0.43     0.75     5.34     0  02:05        0.00
  N00854               JUNCTION     0.83     1.51    14.53     0  02:11        0.00
  N02160               JUNCTION     0.05     0.08     5.63     0  01:42        0.00
  N01699               JUNCTION     0.36     0.67     5.33     0  02:07        0.00
  N02208               JUNCTION     0.01     0.01     9.92     0  01:40        0.00
  N02728               JUNCTION     0.21     0.42    15.08     0  01:55        0.00
  N00653               JUNCTION     0.19     0.32     2.57     0  01:44        0.00
  N02486               JUNCTION     0.23     0.46     4.46     0  02:25        0.00
  N00416               JUNCTION     0.02     0.03    19.39     0  01:00        0.00
  N02739               JUNCTION     0.07     0.13    18.92     0  02:52        0.00
  N00648               JUNCTION     0.01     0.02     2.72     0  01:36        0.00
  N00532               JUNCTION     0.12     0.21    17.38     0  01:40        0.00
  N01844               JUNCTION     0.01     0.01     9.92     0  01:00        0.00
  N02245               JUNCTION     0.79     1.51    21.66     0  01:39        0.00
  N01880               JUNCTION     0.01     0.03    15.07     0  01:35        0.00
  N01523               JUNCTION     0.00     0.00     9.38     0  00:59        0.00
  N00142               JUNCTION     0.09     0.16     8.45     0  01:39        0.00
  N00373               JUNCTION     0.03     0.06     2.82     0  01:41        0.00
  N02731               JUNCTION     0.04     0.08    18.92     0  02:52        0.00
  N01634               JUNCTION     0.00     0.01     3.09     0  01:00        0.00
  N01007               JUNCTION     0.24     0.42    18.48     0  01:43        0.00
  N00117               JUNCTION     0.02     0.03    11.85     0  01:39        0.00
  N01735               JUNCTION     0.02     0.03     5.82     0  01:00        0.00
  N02673               JUNCTION     0.05     0.09    11.55     0  01:40        0.00
  N00215               JUNCTION     0.09     0.17     5.11     0  01:40        0.00
  N00085               JUNCTION     0.38     0.67     3.74     0  02:08        0.00
  N02727               JUNCTION     0.01     0.02    16.95     0  01:37        0.00
  N02676               JUNCTION     0.10     0.20    13.08     0  01:57        0.00
  N01283               JUNCTION     0.00     0.01    45.14     0  00:59        0.00
  N02439               JUNCTION     0.01     0.02    16.71     0  01:35        0.00
  N01697               JUNCTION     0.01     0.02     5.93     0  01:40        0.00
  N02243               JUNCTION     0.02     0.03    24.59     0  01:39        0.00
  N01392               JUNCTION     0.02     0.04     4.52     0  01:38        0.00
  N02365               JUNCTION     0.11     0.19     3.78     0  02:05        0.00
  N00260               JUNCTION     0.01     0.02     5.77     0  01:00        0.00
  N02742               JUNCTION     0.02     0.03    18.32     0  01:40        0.00
  N02514               JUNCTION     0.75     1.63    17.56     0  02:58        0.00
  N01616               JUNCTION     0.01     0.01     3.32     0  01:40        0.00
  N00269               JUNCTION     0.23     0.42     4.94     0  01:45        0.00
  N02729               JUNCTION     0.06     0.09    18.79     0  01:38        0.00
  N00633               JUNCTION     0.00     0.00     3.07     0  01:00        0.00
  N01736               JUNCTION     0.00     0.00     9.33     0  00:58        0.00
  N02450               JUNCTION     0.02     0.03    12.83     0  01:40        0.00
  N01256               JUNCTION     0.02     0.03    23.52     0  01:39        0.00
  N02744               JUNCTION     0.00     0.01     3.08     0  01:00        0.00
  N02614               JUNCTION     0.11     0.19     6.81     0  01:41        0.00
  N01874               JUNCTION     0.54     1.16     5.32     0  02:14        0.00
  N00446               JUNCTION     0.01     0.01    18.91     0  01:40        0.00
  N01208               JUNCTION     0.01     0.03     6.11     0  02:11        0.00
  N02237               JUNCTION     0.00     0.01    27.41     0  01:00        0.00
  N02476               JUNCTION     0.02     0.04     8.57     0  02:48        0.00
  N00192               JUNCTION     0.71     1.56     5.11     0  02:59        0.00
  N00887               JUNCTION     0.70     1.16     9.53     0  02:00        0.00
  N00878               JUNCTION     0.36     0.69     4.33     0  02:50        0.00
  N00607               JUNCTION     0.10     0.19    38.33     0  01:41        0.00
  N02603               JUNCTION     0.50     0.89     4.62     0  02:06        0.00
  N02686               JUNCTION     0.31     0.62    22.05     0  01:43        0.00
  N02254               JUNCTION     0.08     0.14    19.72     0  01:40        0.00
  N01295               JUNCTION     0.00     0.01     6.48     0  01:00        0.00
  N00033               JUNCTION     0.01     0.02    22.43     0  01:01        0.00
  N00702               JUNCTION     0.04     0.07    19.40     0  01:40        0.00
  N02008               JUNCTION     0.02     0.03    12.21     0  01:40        0.00
  N01452               JUNCTION     0.47     0.80     5.32     0  02:06        0.00
  N00959               JUNCTION     0.00     0.00     6.97     0  01:00        0.00
  N02300               JUNCTION     0.02     0.03    29.02     0  01:00        0.00
  N00614               JUNCTION     0.04     0.07    26.75     0  01:42        0.00
  N01912               JUNCTION     0.02     0.03     8.27     0  01:36        0.00
  N01468               JUNCTION     0.72     1.38     5.11     0  02:15        0.00
  N00494               JUNCTION     0.71     1.58    17.41     0  02:58        0.00
  N02825               JUNCTION     0.37     0.69    10.63     0  02:59        0.00
  N00356               JUNCTION     0.05     0.09     5.75     0  01:40        0.00
  N02636               JUNCTION     0.22     0.45    12.79     0  01:49        0.00
  N02081               JUNCTION     0.52     1.07     4.79     0  02:59        0.00
  N01889               JUNCTION     0.01     0.01     7.80     0  01:40        0.00
  N02637               JUNCTION     0.00     0.01    14.41     0  01:00        0.00
  N00103               JUNCTION     0.55     1.40     5.58     0  02:50        0.00
  N02779               JUNCTION     0.04     0.07    17.03     0  01:40        0.00
  N02649               JUNCTION     0.13     0.22    11.54     0  01:45        0.00
  N01629               JUNCTION     0.50     1.04     3.84     0  02:18        0.00
  N00334               JUNCTION     0.59     1.50     7.16     0  02:40        0.00
  N01035               JUNCTION     0.04     0.06     5.62     0  01:40        0.00
  N02004               JUNCTION     0.39     0.72    10.72     0  02:59        0.00
  N02545               JUNCTION     0.30     0.55    19.49     0  01:45        0.00
  N00107               JUNCTION     0.18     0.35     8.12     0  01:44        0.00
  N01335               JUNCTION     0.04     0.05    44.01     0  02:03        0.00
  N00739               JUNCTION     0.08     0.13    16.95     0  01:40        0.00
  N02670               JUNCTION     0.09     0.13     8.72     0  01:00        0.00
  N02137               JUNCTION     0.00     0.01    13.87     0  01:00        0.00
  N00224               JUNCTION     0.10     0.19     6.74     0  01:41        0.00
  N01748               JUNCTION     0.13     0.32     4.44     0  01:48        0.00
  N00148               JUNCTION     0.08     0.14     7.73     0  01:42        0.00
  N00400               JUNCTION     0.18     0.58     4.06     0  02:59        0.00
  N02069               JUNCTION     0.09     0.17    22.15     0  01:38        0.00
  N01700               JUNCTION     0.00     0.01     5.45     0  01:40        0.00
  N02584               JUNCTION     0.01     0.02    18.85     0  01:40        0.00
  N02583               JUNCTION     0.00     0.01    20.25     0  01:00        0.00
  N01597               JUNCTION     0.02     0.03    20.35     0  01:40        0.00
  N02474               JUNCTION     0.24     0.52     4.38     0  02:24        0.00
  N01033               JUNCTION     0.00     0.00    12.07     0  01:00        0.00
  N00123               JUNCTION     0.44     0.88     4.63     0  02:48        0.00
  N01955               JUNCTION     0.18     0.51     4.48     0  02:49        0.00
  N02630               JUNCTION     0.06     0.11     7.31     0  01:41        0.00
  N02105               JUNCTION     0.02     0.04    31.09     0  01:40        0.00
  N00362               JUNCTION     0.01     0.01     5.22     0  01:38        0.00
  N01529               JUNCTION     0.00     0.01    23.47     0  01:00        0.00
  N00115               JUNCTION     0.02     0.04     7.27     0  01:42        0.00
  N01319               JUNCTION     0.11     0.20    14.48     0  01:40        0.00
  N01713               JUNCTION     0.24     0.44     5.48     0  02:07        0.00
  N00821               JUNCTION     0.00     0.01     6.47     0  01:00        0.00
  N00554               JUNCTION     0.13     0.23    22.32     0  01:43        0.00
  N00726               JUNCTION     0.01     0.01    13.16     0  01:35        0.00
  N02761               JUNCTION     0.38     0.66     5.73     0  02:02        0.00
  N01563               JUNCTION     0.10     0.18    20.03     0  01:41        0.00
  N02136               JUNCTION     0.00     0.00    11.88     0  01:00        0.00
  N02196               JUNCTION     0.03     0.05     5.57     0  01:00        0.00
  N02087               JUNCTION     0.49     0.99     4.26     0  02:06        0.00
  N00904               JUNCTION     0.26     0.53     3.96     0  02:28        0.00
  N01205               JUNCTION     0.04     0.06    24.96     0  01:38        0.00
  N00830               JUNCTION     0.01     0.01     9.45     0  01:00        0.00
  N02298               JUNCTION     0.14     0.23    21.21     0  01:41        0.00
  N00486               JUNCTION     0.18     0.46    16.25     0  02:12        0.00
  N01905               JUNCTION     0.03     0.06    21.04     0  01:40        0.00
  N02582               JUNCTION     0.06     0.10    19.08     0  01:45        0.00
  N01936               JUNCTION     0.01     0.02    22.91     0  01:37        0.00
  N00008               JUNCTION     0.45     0.82     7.53     0  01:49        0.00
  N00035               JUNCTION     0.11     0.18    21.52     0  01:41        0.00
  N01273               JUNCTION     0.13     0.33     4.40     0  02:27        0.00
  N01610               JUNCTION     0.28     0.46     3.67     0  02:08        0.00
  N02112               JUNCTION     0.92     1.67    12.22     0  02:05        0.00
  N02122               JUNCTION     0.20     0.34    10.07     0  02:08        0.00
  N02019               JUNCTION     0.02     0.04    21.04     0  01:38        0.00
  N00166               JUNCTION     0.15     0.32    20.12     0  01:44        0.00
  N00869               JUNCTION     0.00     0.01     4.36     0  01:00        0.00
  N02520               JUNCTION     0.04     0.07    10.21     0  01:40        0.00
  N00324               JUNCTION     0.01     0.02     9.23     0  01:39        0.00
  N01218               JUNCTION     0.03     0.06    47.26     0  01:40        0.00
  N02507               JUNCTION     0.00     0.01    22.21     0  01:40        0.00
  N01142               JUNCTION     0.01     0.02    21.02     0  01:40        0.00
  N01312               JUNCTION     0.10     0.18    19.67     0  01:40        0.00
  N00575               JUNCTION     0.00     0.01    44.09     0  01:00        0.00
  N00812               JUNCTION     0.00     0.01    15.18     0  01:36        0.00
  N00424               JUNCTION     0.06     0.15    13.03     0  02:09        0.00
  N01135               JUNCTION     0.02     0.04    25.01     0  01:40        0.00
  N02060               JUNCTION     0.02     0.03    22.90     0  01:40        0.00
  N00106               JUNCTION     0.84     1.58     5.28     0  02:12        0.00
  N02726               JUNCTION     0.26     0.43    16.48     0  02:08        0.00
  N02355               JUNCTION     0.24     0.66     3.92     0  02:59        0.00
  N01113               JUNCTION     0.37     0.66     7.50     0  02:07        0.00
  N01280               JUNCTION     0.01     0.01    22.74     0  01:40        0.00
  N02471               JUNCTION     0.88     1.51     6.99     0  01:48        0.00
  N02127               JUNCTION     0.07     0.11    10.46     0  02:02        0.00
  N01896               JUNCTION     0.04     0.09     9.76     0  01:01        0.00
  N00009               JUNCTION     0.01     0.02     8.24     0  01:40        0.00
  N01341               JUNCTION     0.14     0.25    12.15     0  02:04        0.00
  N02433               JUNCTION     0.24     0.36     2.63     0  02:03        0.00
  N02536               JUNCTION     0.00     0.01    38.84     0  01:35        0.00
  N00159               JUNCTION     0.01     0.02     9.68     0  01:45        0.00
  N01884               JUNCTION     0.45     0.77     5.79     0  02:07        0.00
  N00954               JUNCTION     0.01     0.02     6.03     0  01:40        0.00
  N02544               JUNCTION     0.12     0.22    19.03     0  01:41        0.00
  N02100               JUNCTION     0.33     0.57    32.03     0  01:41        0.00
  N02318               JUNCTION     0.23     0.38     4.15     0  02:03        0.00
  N01495               JUNCTION     0.01     0.01     4.75     0  01:40        0.00
  N01055               JUNCTION     0.01     0.02    34.77     0  01:42        0.00
  N01084               JUNCTION     0.18     0.30     5.08     0  01:44        0.00
  OUT01                OUTFALL      0.08     0.13     7.81     0  02:07        0.00
  OUT02                OUTFALL      0.17     0.33    14.75     0  01:59        0.00
  OUT03                OUTFALL      0.25     0.45     3.36     0  02:08        0.00
  OUT04                OUTFALL      0.27     0.50     4.25     0  01:43        0.00
  OUT05                OUTFALL      0.26     0.53     4.18     0  02:48        0.00
  OUT06                OUTFALL      0.14     0.25     3.13     0  02:08        0.00
  OUT07                OUTFALL      0.07     0.17    19.87     0  01:44        0.00
  OUT08                OUTFALL      0.42     0.84     4.24     0  02:42        0.00
  OUT09                OUTFALL      0.36     0.67     4.14     0  02:19        0.00
  OUT10                OUTFALL      0.20     0.32     1.64     0  02:09        0.00
  OUT11                OUTFALL      0.12     0.20     4.81     0  01:44        0.00
  OUT12                OUTFALL      0.10     0.16     4.84     0  02:47        0.00
  OUT13                OUTFALL      0.20     0.36     4.38     0  02:20        0.00
  OUT14                OUTFALL      0.18     0.31     4.63     0  01:44        0.00
  OUT15                OUTFALL      0.20     0.36     4.67     0  02:09        0.00
  OUT16                OUTFALL      0.17     0.27     6.97     0  02:08        0.00
  OUT17                OUTFALL      0.52     0.93     6.24     0  02:59        0.00
  OUT18                OUTFALL      0.22     0.41     4.08     0  01:47        0.00
  OUT19                OUTFALL      0.18     0.31     3.93     0  02:07        0.00
  OUT20                OUTFALL      0.15     0.27     4.12     0  02:03        0.00
  OUT21                OUTFALL      0.00     0.00    24.54     0  01:40        0.00
  OUT22                OUTFALL      0.02     0.04    13.09     0  01:42        0.00
  OUT23                OUTFALL      0.06     0.10    20.05     0  01:44        0.00
  OUT24                OUTFALL      0.19     0.35    12.73     0  02:09        0.00
  OUT25                OUTFALL      0.08     0.18    11.26     0  01:43        0.00
  OUT26                OUTFALL      0.21     0.40    15.56     0  02:20        0.00
  OUT27                OUTFALL      0.35     0.73    16.46     0  02:58        0.00
  OUT28                OUTFALL      0.30     0.62    15.81     0  02:14        0.00
  OUT29                OUTFALL      0.31     0.58    15.60     0  02:15        0.00
  OUT30                OUTFALL      0.32     0.59    13.50     0  02:11        0.00
  OUT31                OUTFALL      0.04     0.10    15.93     0  02:59        0.00
  OUT32                OUTFALL      0.19     0.35    19.03     0  01:44        0.00
  OUT33                OUTFALL      0.10     0.18     2.33     0  01:44        0.00
  OUT34                OUTFALL      0.00     0.00    35.71     0  01:40        0.00
  OUT35                OUTFALL      0.26     0.48     7.50     0  02:08        0.00
  OUT36                OUTFALL      0.16     0.27    12.09     0  01:43        0.00
  OUT37                OUTFALL      0.10     0.18    42.39     0  02:48        0.00
  OUT38                OUTFALL      0.00     0.00     6.94     0  01:40        0.00
  OUT39                OUTFALL      0.03     0.06    16.78     0  01:40        0.00
  OUT40                OUTFALL      0.09     0.18     9.77     0  02:02        0.00
  OUT41                OUTFALL      0.25     0.43    16.03     0  01:45        0.00
  OUT42                OUTFALL      0.13     0.23     2.81     0  01:49        0.00
  OUT43                OUTFALL      0.00     0.00    44.47     0  01:40        0.00
  OUT44                OUTFALL      0.05     0.10     3.62     0  02:48        0.00
  OUT45                OUTFALL      0.07     0.15     5.50     0  02:59        0.00
  OUT46                OUTFALL      0.18     0.30     5.01     0  02:11        0.00
  OUT47                OUTFALL      0.27     0.46     5.35     0  02:02        0.00
  OUT48                OUTFALL      0.05     0.11     2.40     0  01:41        0.00
  OUT49                OUTFALL      0.17     0.32    17.34     0  01:44        0.00
  OUT50                OUTFALL      0.29     0.51    13.33     0  02:03        0.00
  OUT51                OUTFALL      0.36     0.67    19.65     0  02:13        0.00
  OUT52                OUTFALL      0.11     0.21     2.84     0  02:48        0.00
  OUT53                OUTFALL      0.18     0.33     8.52     0  02:10        0.00
  OUT54                OUTFALL      0.40     0.65     8.93     0  02:00        0.00
  OUT55                OUTFALL      0.01     0.03     9.00     0  01:40        0.00
  OUT56                OUTFALL      0.18     0.33     5.44     0  01:44        0.00
  OUT57                OUTFALL      0.25     0.49    12.84     0  01:41        0.00
  OUT58                OUTFALL      0.14     0.28    34.76     0  01:43        0.00
  OUT59                OUTFALL      0.07     0.14     4.93     0  01:43        0.00
  OUT60                OUTFALL      0.15     0.29    16.75     0  01:43        0.00
  OUT61                OUTFALL      0.10     0.19    19.59     0  02:14        0.00
  OUT62                OUTFALL      0.11     0.21     3.38     0  02:59        0.00
  OUT63                OUTFALL      0.00     0.01    27.44     0  01:40        0.00
  OUT64                OUTFALL      0.06     0.12    10.14     0  01:54        0.00
  OUT65                OUTFALL      0.10     0.20     3.58     0  01:41        0.00
  OUT66                OUTFALL      0.25     0.47     3.59     0  02:48        0.00
  OUT67                OUTFALL      0.09     0.16     4.66     0  02:50        0.00
  OUT68                OUTFALL      0.12     0.23     6.66     0  02:07        0.00
  OUT69                OUTFALL      0.25     0.45     7.11     0  02:08        0.00
  OUT70                OUTFALL      0.00     0.00     6.49     0  01:42        0.00
  OUT71                OUTFALL      0.07     0.13     3.89     0  01:41        0.00
  OUT72                OUTFALL      0.11     0.21     3.83     0  02:48        0.00
  OUT73                OUTFALL      0.02     0.05    19.28     0  01:40        0.00
  OUT74                OUTFALL      0.05     0.10    13.83     0  02:59        0.00
  OUT75                OUTFALL      0.20     0.36     4.90     0  02:48        0.00
  OUT76                OUTFALL      0.05     0.10    25.69     0  01:45        0.00
  OUT77                OUTFALL      0.19     0.33     2.48     0  02:02        0.00
  OUT78                OUTFALL      0.12     0.21    10.27     0  02:23        0.00
  OUT79                OUTFALL      0.04     0.08    19.04     0  02:26        0.00
  OUT80                OUTFALL      0.14     0.28    21.21     0  01:41        0.00
  OUT81                OUTFALL      0.09     0.18    17.01     0  01:43        0.00
  OUT82                OUTFALL      0.30     0.51    14.76     0  02:48        0.00
  OUT83                OUTFALL      0.01     0.01    43.87     0  02:03        0.00
  OUT84                OUTFALL      0.21     0.42     6.35     0  02:18        0.00
  OUT85                OUTFALL      0.32     0.65     4.01     0  02:50        0.00
  OUT86                OUTFALL      0.17     0.31    13.01     0  01:42        0.00
  OUT87                OUTFALL      0.06     0.11     6.78     0  01:47        0.00
  OUT88                OUTFALL      0.03     0.07    11.07     0  01:42        0.00
  OUT89                OUTFALL      0.14     0.25     3.34     0  01:44        0.00
  OUT90                OUTFALL      0.12     0.23     7.77     0  01:43        0.00
  OUT91                OUTFALL      0.05     0.10     7.12     0  01:43        0.00
  OUT92                OUTFALL      0.01     0.03     9.44     0  01:40        0.00
  OUT93                OUTFALL      0.30     0.53     4.94     0  02:06        0.00
  OUT94                OUTFALL      0.45     0.83     4.38     0  02:14        0.00
  OUT95                OUTFALL      0.10     0.17     3.10     0  02:09        0.00
  OUT96                OUTFALL      0.13     0.22     9.93     0  02:06        0.00
  OUT97                OUTFALL      0.05     0.10    19.02     0  01:41        0.00
  OUT98                OUTFALL      0.24     0.46     3.93     0  02:50        0.00
  OUT99                OUTFALL      0.26     0.49    12.17     0  02:59        0.00
  OUT100               OUTFALL      0.14     0.25     4.59     0  02:03        0.00
  OUT101               OUTFALL      0.10     0.20     5.08     0  02:59        0.00
  OUT102               OUTFALL      0.00     0.00    44.36     0  01:40        0.00
  OUT103               OUTFALL      0.16     0.28     3.39     0  02:08        0.00
  OUT104               OUTFALL      0.25     0.44     2.57     0  02:13        0.00
  OUT105               OUTFALL      0.20     0.36     7.88     0  02:09        0.00
  OUT106               OUTFALL      0.57     0.97     6.25     0  02:59        0.00
  OUT107               OUTFALL      0.43     0.74    11.17     0  02:05        0.00
  OUT108               OUTFALL      0.03     0.06     4.71     0  01:44        0.00
  OUT109               OUTFALL      0.06     0.11     4.66     0  01:43        0.00
  OUT110               OUTFALL      0.14     0.42     5.81     0  02:59        0.00
  OUT111               OUTFALL      0.11     0.26     5.14     0  02:59        0.00
  OUT112               OUTFALL      0.31     0.70     5.44     0  02:59        0.00
  OUT113               OUTFALL      0.18     0.32     5.18     0  02:09        0.00
  OUT114               OUTFALL      0.02     0.04     4.50     0  01:41        0.00
  OUT115               OUTFALL      0.05     0.11     4.39     0  01:41        0.00
  OUT116               OUTFALL      0.12     0.22     4.14     0  01:43        0.00
  OUT117               OUTFALL      0.00     0.01     4.71     0  01:42        0.00
  OUT118               OUTFALL      0.14     0.24     5.03     0  01:44        0.00
  OUT119               OUTFALL      0.13     0.24     4.99     0  02:06        0.00
  OUT120               OUTFALL      0.17     0.31     5.10     0  02:19        0.00
  OUT121               OUTFALL      0.17     0.29     5.07     0  02:07        0.00
  OUT122               OUTFALL      0.09     0.30     5.92     0  02:59        0.00
  OUT123               OUTFALL      0.19     0.34     7.80     0  01:46        0.00
  OUT124               OUTFALL      0.33     0.59     8.73     0  01:49        0.00
  OUT125               OUTFALL      0.26     0.48     6.57     0  02:07        0.00
  OUT126               OUTFALL      0.03     0.07     9.39     0  01:41        0.00
  OUT127               OUTFALL      0.00     0.00    32.89     0  01:42        0.00
  OUT128               OUTFALL      0.06     0.11    12.72     0  01:43        0.00
  OUT129               OUTFALL      0.04     0.08    10.21     0  01:41        0.00
  OUT130               OUTFALL      0.19     0.32     6.05     0  02:03        0.00
  OUT131               OUTFALL      0.20     0.33     6.20     0  01:43        0.00
  OUT132               OUTFALL      0.33     0.63     6.66     0  02:08        0.00
  OUT133               OUTFALL      0.23     0.44     4.05     0  02:48        0.00
  OUT134               OUTFALL      0.35     0.69     5.58     0  02:27        0.00
  OUT135               OUTFALL      0.14     0.27     8.83     0  02:04        0.00
  OUT136               OUTFALL      0.36     0.67     4.10     0  02:20        0.00
  OUT137               OUTFALL      0.04     0.07     4.07     0  02:46        0.00
  OUT138               OUTFALL      0.02     0.04    19.29     0  01:40        0.00
  OUT139               OUTFALL      0.00     0.00    22.99     0  01:40        0.00
  OUT140               OUTFALL      0.07     0.13    10.00     0  01:43        0.00
  OUT141               OUTFALL      0.28     0.48     8.54     0  02:05        0.00
  OUT142               OUTFALL      0.03     0.05    13.21     0  01:41        0.00
  OUT143               OUTFALL      0.01     0.03     9.05     0  01:41        0.00
  OUT144               OUTFALL      0.02     0.04    13.29     0  02:39        0.00
  OUT145               OUTFALL      0.02     0.03    20.54     0  01:40        0.00
  OUT146               OUTFALL      0.09     0.17    17.20     0  01:41        0.00
  OUT147               OUTFALL      0.05     0.10    21.88     0  01:42        0.00
  OUT148               OUTFALL      0.01     0.02    42.79     0  01:40        0.00
  OUT149               OUTFALL      0.42     0.76     3.66     0  02:06        0.00
  OUT150               OUTFALL      0.31     0.62     3.41     0  02:46        0.00
  OUT151               OUTFALL      0.03     0.06    26.56     0  01:40        0.00
  OUT152               OUTFALL      0.21     0.36    11.14     0  02:08        0.00
  OUT153               OUTFALL      0.16     0.34    12.00     0  01:53        0.00
  OUT154               OUTFALL      0.11     0.19     9.83     0  02:08        0.00
  OUT155               OUTFALL      0.10     0.20     7.69     0  01:43        0.00
  OUT156               OUTFALL      0.14     0.28     5.02     0  02:18        0.00
  OUT157               OUTFALL      0.11     0.20    10.91     0  01:41        0.00
  OUT158               OUTFALL      0.15     0.26     3.27     0  02:50        0.00
  OUT159               OUTFALL      0.11     0.19     3.11     0  02:48        0.00
  OUT160               OUTFALL      0.03     0.08     2.74     0  02:59        0.00
  OUT161               OUTFALL      0.01     0.01    21.90     0  01:41        0.00
  OUT162               OUTFALL      0.00     0.01    24.10     0  01:40        0.00
  OUT163               OUTFALL      0.31     0.52    20.48     0  01:15        0.00
  OUT164               OUTFALL      0.29     0.62    17.32     0  01:50        0.00
  OUT165               OUTFALL      0.18     0.32    22.06     0  01:43        0.00
  OUT166               OUTFALL      0.17     0.29    22.11     0  01:41        0.00
  OUT167               OUTFALL      0.01     0.02    22.68     0  01:40        0.00
  OUT168               OUTFALL      0.08     0.16    22.11     0  01:46        0.00
  OUT169               OUTFALL      0.02     0.04    28.80     0  01:40        0.00
  OUT170               OUTFALL      0.05     0.10    43.67     0  01:39        0.00
  OUT171               OUTFALL      0.03     0.05     4.46     0  02:56        0.00
  OUT172               OUTFALL      0.12     0.22     3.88     0  02:03        0.00
  OUT173               OUTFALL      0.00     0.00     3.31     0  01:40        0.00
  OUT174               OUTFALL      0.25     0.57     3.42     0  02:59        0.00
  OUT175               OUTFALL      0.11     0.20     3.88     0  02:46        0.00
  OUT176               OUTFALL      0.15     0.25     3.09     0  02:07        0.00
  OUT177               OUTFALL      0.21     0.36     2.38     0  02:50        0.00
  OUT178               OUTFALL      0.33     0.65     3.24     0  02:19        0.00
  OUT179               OUTFALL      0.00     0.00    48.04     0  01:40        0.00
  OUT180               OUTFALL      0.11     0.23     5.38     0  02:59        0.00
  OUT181               OUTFALL      0.30     0.52     4.11     0  02:08        0.00
  OUT182               OUTFALL      0.43     0.72     6.07     0  02:06        0.00
  OUT183               OUTFALL      0.27     0.52     4.00     0  02:23        0.00
  OUT184               OUTFALL      0.04     0.07     5.60     0  02:22        0.00
  OUT185               OUTFALL      0.23     0.42     1.79     0  02:50        0.00
  OUT186               OUTFALL      0.00     0.00    36.35     0  01:41        0.00
  OUT187               OUTFALL      0.00     0.01    20.68     0  01:44        0.00
  OUT188               OUTFALL      0.10     0.19     9.93     0  01:43        0.00
  OUT189               OUTFALL      0.01     0.02    42.56     0  01:42        0.00
  OUT190               OUTFALL      0.20     0.40    26.31     0  01:45        0.00
  OUT191               OUTFALL      0.00     0.00    43.37     0  01:40        0.00
  OUT192               OUTFALL      0.00     0.00    47.09     0  01:40        0.00
  OUT193               OUTFALL      0.08     0.18    25.28     0  01:43        0.00
  OUT194               OUTFALL      0.27     0.51    19.75     0  02:50        0.00
  OUT195               OUTFALL      0.18     0.43    19.75     0  02:59        0.00
  OUT196               OUTFALL      0.05     0.10    19.77     0  01:41        0.00
  OUT197               OUTFALL      0.02     0.04    18.93     0  01:45        0.00
  OUT198               OUTFALL      0.08     0.14    20.26     0  01:42        0.00
  OUT199               OUTFALL      0.00     0.00    19.02     0  01:40        0.00
  OUT200               OUTFALL      0.02     0.04    15.24     0  01:43        0.00
  OUT201               OUTFALL      0.10     0.18     4.87     0  01:45        0.00
  OUT202               OUTFALL      0.25     0.44     7.58     0  01:45        0.00
  OUT203               OUTFALL      0.00     0.00    45.97     0  02:58        0.00
  OUT204               OUTFALL      0.25     0.45     9.17     0  01:49        0.00
  OUT205               OUTFALL      0.41     0.76    14.74     0  01:49        0.00
  OUT206               OUTFALL      0.00     0.00    17.81     0  01:40        0.00
  OUT207               OUTFALL      0.18     0.34    19.14     0  01:45        0.00
  OUT208               OUTFALL      0.18     0.31    16.21     0  01:49        0.00
  OUT209               OUTFALL      0.14     0.25    16.20     0  02:08        0.00
  OUT210               OUTFALL      0.00     0.00    18.20     0  01:40        0.00
  OUT211               OUTFALL      0.16     0.27    24.66     0  02:46        0.00
  OUT212               OUTFALL      0.09     0.17     8.61     0  02:08        0.00
  OUT213               OUTFALL      0.15     0.30     7.82     0  02:02        0.00
  OUT214               OUTFALL      0.36     0.71     5.82     0  02:46        0.00
  OUT215               OUTFALL      0.32     0.59     6.99     0  02:08        0.00
  OUT216               OUTFALL      0.14     0.23     4.95     0  02:08        0.00
  OUT217               OUTFALL      0.15     0.26     4.50     0  02:50        0.00
  OUT218               OUTFALL      0.12     0.28    13.96     0  01:42        0.00
  OUT219               OUTFALL      0.23     0.45    10.29     0  02:59        0.00
  OUT220               OUTFALL      0.09     0.16    19.78     0  01:40        0.00
  OUT221               OUTFALL      0.07     0.11     3.75     0  02:02        0.00
  
  
  *******************
  Node Inflow Summary
  *******************
  
  -------------------------------------------------------------------------------------------------
                                  Maximum  Maximum                  Lateral       Total        Flow
                                  Lateral    Total  Time of Max      Inflow      Inflow     Balance
                                   Inflow   Inflow   Occurrence      Volume      Volume       Error
  Node                 Type           CMS      CMS  days hr:min    10^6 ltr    10^6 ltr     Percent
  -------------------------------------------------------------------------------------------------
  N00888               JUNCTION     0.003    0.007     0  01:40      0.0156      0.0192     202.651
  N00451               JUNCTION     0.036    0.037     0  01:39        0.17       0.173      14.288
  N02175               JUNCTION     0.080    0.194     0  02:49       0.399        1.03       3.299
  N01894               JUNCTION     0.000    0.000     0  01:00     0.00185     0.00185       0.331
  N01662               JUNCTION     0.005    0.005     0  01:35      0.0207      0.0207      -0.875
  N00279               JUNCTION     0.500    0.500     0  02:59        1.11        1.11       2.363
  N00794               JUNCTION     0.001    0.030     0  01:42     0.00208      0.0789     268.569
  N00775               JUNCTION     0.024    0.047     0  01:40       0.105       0.184       0.634
  N01945               JUNCTION     0.001    0.002     0  01:00     0.00461     0.00597      -1.338
  N01881               JUNCTION     0.001    0.006     0  01:39     0.00368      0.0241       9.098
  N01291               JUNCTION     0.038    0.052     0  01:37       0.167       0.221       2.424
  N01334               JUNCTION     0.001    0.001     0  01:00     0.00248     0.00248      -0.699
  N00539               JUNCTION     0.001    0.037     0  01:49     0.00525      0.0278      11.885
  N01738               JUNCTION     0.004    0.015     0  01:40      0.0148      0.0617       1.314
  N01185               JUNCTION     0.002    0.002     0  01:00     0.00499     0.00499      -0.198
  N02553               JUNCTION     0.000    0.000     0  00:59     0.00106     0.00106      21.996
  N00272               JUNCTION     0.001    0.001     0  01:00     0.00423     0.00423      -1.891
  N00864               JUNCTION     0.007    0.051     0  01:39      0.0276       0.202       0.625
  N00573               JUNCTION     0.002    0.029     0  02:59      0.0094      0.0892       3.325
  N02441               JUNCTION     0.002    0.155     0  02:55     0.00599       0.663       6.851
  N01128               JUNCTION     0.050    0.128     0  02:47       0.278       0.633       4.372
  N00427               JUNCTION     0.005    0.005     0  01:35        0.02        0.02       0.445
  N02665               JUNCTION     0.008    0.389     0  02:01      0.0372        1.95       1.295
  N00189               JUNCTION     0.131    0.131     0  02:02       0.701       0.703      10.492
  N02653               JUNCTION     0.000    0.036     0  01:43     0.00126       0.153       0.673
  N00261               JUNCTION     0.000    0.000     0  01:58     0.00106     0.00106      -2.288
  N01072               JUNCTION     0.008    0.037     0  01:38      0.0357       0.159       1.890
  N01763               JUNCTION     0.178    0.178     0  01:40       0.757       0.757       0.177
  N01836               JUNCTION     0.001    0.002     0  01:35     0.00385     0.00969       8.889
  N01801               JUNCTION     0.004    0.004     0  01:35      0.0138      0.0138       1.292
  N02272               JUNCTION     0.002    0.002     0  01:35     0.00917     0.00917       9.133
  N01834               JUNCTION     0.008    0.008     0  02:47      0.0232      0.0232       0.880
  N00822               JUNCTION     0.115    0.303     0  02:05        0.62        1.67       4.164
  N02558               JUNCTION     0.006    0.006     0  01:35      0.0233      0.0233       0.276
  N01952               JUNCTION     0.071    1.693     0  02:35       0.297        8.12       1.193
  N00983               JUNCTION     0.001    0.001     0  00:59     0.00186     0.00186       0.206
  N01519               JUNCTION     0.091    0.092     0  02:11       0.472       0.517      10.319
  N01564               JUNCTION     0.050    0.114     0  01:41       0.297       0.572       0.653
  N00679               JUNCTION     0.000    0.208     0  01:40     0.00226       0.891       0.701
  N01431               JUNCTION     0.003    0.003     0  01:00     0.00982      0.0103       1.478
  N00798               JUNCTION    -0.029    0.934     0  02:59   -0.000285        3.61       1.778
  N01373               JUNCTION     0.001    0.043     0  01:41     0.00194       0.189       5.183
  N02842               JUNCTION     0.001    0.064     0  02:10     0.00142        0.33      15.368
  N01818               JUNCTION     0.000    0.001     0  01:00     0.00133     0.00307      30.618
  N01065               JUNCTION     0.065    0.065     0  01:37       0.278       0.278       0.226
  N01269               JUNCTION    -0.070    1.058     0  02:42     -0.0664        4.18       7.416
  N01444               JUNCTION     0.000    0.000     0  00:55     0.00106     0.00106      -0.323
  N00685               JUNCTION     0.154    0.155     0  02:59       0.719       0.723       8.169
  N00565               JUNCTION     0.000    0.000     0  00:58     0.00107     0.00107      -0.201
  N02417               JUNCTION     0.060    0.060     0  01:39       0.266       0.268       1.502
  N01038               JUNCTION     0.138    0.261     0  01:41       0.299        1.16       7.210
  N01481               JUNCTION     0.005    0.097     0  01:40      0.0211       0.463       4.121
  N01505               JUNCTION     0.000    0.002     0  01:40     0.00131     0.00857       0.366
  N02719               JUNCTION     0.014    0.070     0  01:20      0.0603      0.0766      38.092
  N02720               JUNCTION     0.000    0.000     0  01:34     0.00197     0.00197       0.884
  N02799               JUNCTION     0.001    0.217     0  02:49     0.00313        1.21       2.333
  N01994               JUNCTION     0.000    0.005     0  01:00     0.00115      0.0171       0.475
  N00306               JUNCTION     0.014    0.014     0  01:40      0.0609      0.0609       0.578
  N01595               JUNCTION     0.000    0.000     0  01:00     0.00143     0.00143      -1.578
  N02745               JUNCTION     0.035    0.035     0  01:40       0.163       0.163       0.280
  N00084               JUNCTION     0.127    0.640     0  02:02        0.68        3.43       4.186
  N02241               JUNCTION     0.001    0.065     0  01:38     0.00269        0.28       0.152
  N00277               JUNCTION     0.001    0.205     0  01:43     0.00225       0.877       1.687
  N01438               JUNCTION     0.003    0.003     0  01:40      0.0112      0.0112       0.263
  N00302               JUNCTION     0.133    0.133     0  02:39       0.418       0.424      15.810
  N02620               JUNCTION     0.037    0.037     0  02:01        0.18        0.18       7.367
  N00325               JUNCTION     0.071    0.071     0  01:40       0.346       0.346       1.787
  N01651               JUNCTION     0.013    0.039     0  01:40       0.049       0.162       2.421
  N02416               JUNCTION     0.016    0.016     0  01:38      0.0701      0.0701       0.295
  N02429               JUNCTION     0.022    0.265     0  01:46      0.0901        1.07       1.350
  N02613               JUNCTION     0.000    0.000     0  01:35     0.00137     0.00137      -1.748
  N02025               JUNCTION     0.001    0.066     0  01:41     0.00515       0.254       1.189
  N02818               JUNCTION     0.001    0.066     0  01:40     0.00343       0.312       4.507
  N01839               JUNCTION     0.000    0.005     0  01:37     0.00198       0.022       3.995
  N02432               JUNCTION     0.002    0.178     0  02:03     0.00638        1.01       1.092
  N00957               JUNCTION     0.022    0.030     0  02:51       0.102       0.119      29.842
  N01796               JUNCTION     0.000    0.000     0  01:00     0.00112     0.00112      -0.597
  N02615               JUNCTION     0.026    0.026     0  01:38       0.116       0.116       0.592
  N02674               JUNCTION     0.005    0.005     0  01:00      0.0205      0.0205       0.223
  N02700               JUNCTION     0.157    0.163     0  02:49       0.689       0.755      33.939
  N01498               JUNCTION     0.000    0.000     0  00:59    0.000793    0.000793      -7.008
  N00381               JUNCTION     0.000    0.000     0  00:59     0.00107     0.00107      -7.103
  N02428               JUNCTION     0.002    0.017     0  01:43     0.00732      0.0191      73.342
  N00118               JUNCTION     0.004    0.004     0  01:34       0.015       0.015       0.332
  N01525               JUNCTION     0.002    0.030     0  01:21      0.0106      0.0371     202.569
  N02287               JUNCTION     0.000    0.000     0  00:59     0.00105     0.00105      -2.013
  N00670               JUNCTION     0.090    0.091     0  01:40       0.311       0.317       1.105
  N00508               JUNCTION     0.002    0.013     0  02:01     0.00646      0.0121      47.133
  N00366               JUNCTION     0.283    0.827     0  02:59       0.791        2.13       4.271
  N00152               JUNCTION     0.023    0.032     0  01:37      0.0956       0.134       0.528
  N02072               JUNCTION     0.049    0.049     0  02:00       0.238       0.238       1.279
  N01888               JUNCTION     0.000    0.157     0  02:02     0.00131       0.166      31.700
  N01214               JUNCTION     0.001    0.040     0  01:40     0.00337       0.177       8.335
  N00616               JUNCTION     0.005    0.005     0  01:35      0.0147      0.0147       0.112
  N00013               JUNCTION     0.053    0.055     0  02:01       0.311       0.319       7.353
  N01293               JUNCTION     0.007    0.007     0  01:34      0.0325      0.0325      15.678
  N02001               JUNCTION     0.045    0.061     0  01:41       0.155       0.298       0.769
  N00849               JUNCTION     0.001    0.001     0  01:21     0.00391     0.00391       4.079
  N01163               JUNCTION     0.032    0.394     0  02:48       0.135        1.63       3.117
  N01123               JUNCTION     0.001    0.133     0  02:02     0.00361       0.696       1.809
  N00295               JUNCTION     0.001    0.001     0  01:00     0.00383     0.00607       1.840
  N02319               JUNCTION     0.087    0.087     0  01:41       0.443       0.443       1.549
  N00171               JUNCTION     0.098    0.099     0  02:59       0.374       0.378      17.002
  N01917               JUNCTION     0.003    0.003     0  01:34      0.0104      0.0104       1.124
  N01118               JUNCTION     0.001    0.037     0  01:38     0.00473       0.158       4.760
  N00572               JUNCTION     0.006    0.007     0  01:35      0.0231      0.0271       0.774
  N00780               JUNCTION     0.178    0.178     0  02:59       0.276       0.291       6.931
  N01686               JUNCTION     0.001    0.041     0  01:40     0.00465       0.168       7.731
  N00701               JUNCTION     0.001    0.019     0  01:40     0.00446      0.0797       1.761
  N02113               JUNCTION     0.182    0.370     0  02:08       0.982        1.98       2.435
  N00433               JUNCTION     0.117    0.117     0  01:40       0.498       0.498       0.220
  N00210               JUNCTION     0.000    0.000     0  00:56     0.00187     0.00187       0.764
  N02461               JUNCTION     0.633    0.637     0  02:20        1.95        1.97       3.852
  N01630               JUNCTION     0.064    0.064     0  01:40       0.281       0.284      13.706
  N00659               JUNCTION     0.065    0.065     0  01:38       0.304       0.304       0.650
  N02374               JUNCTION     0.014    0.014     0  01:39       0.056       0.056       0.962
  N00194               JUNCTION     0.000    0.000     0  01:00     0.00112     0.00112      -3.710
  N02376               JUNCTION     0.003    0.011     0  02:45      0.0115      0.0354       3.017
  N02766               JUNCTION     0.001    0.133     0  02:10      0.0026       0.676       2.332
  N00399               JUNCTION     0.061    0.070     0  01:41       0.307        0.37      12.121
  N02249               JUNCTION     0.003    0.124     0  02:03       0.017       0.555       0.756
  N02546               JUNCTION     0.004    0.004     0  01:00      0.0169      0.0183       0.538
  N00450               JUNCTION     0.009    0.428     0  02:06       0.032        2.29       4.521
  N00997               JUNCTION     0.001    0.001     0  01:00     0.00302     0.00302      -0.934
  N01539               JUNCTION     0.000    0.000     0  01:00     0.00188     0.00188       0.771
  N01068               JUNCTION     0.001    0.196     0  01:57     0.00599      0.0834      74.279
  N01890               JUNCTION     0.000    0.002     0  01:40      0.0012     0.00767       0.551
  N01913               JUNCTION     0.005    0.032     0  02:04      0.0206      0.0333       0.822
  N01687               JUNCTION     0.000    0.000     0  01:39    0.000803    0.000803      -1.023
  N01447               JUNCTION     0.200    0.201     0  02:01        1.07        1.08       1.080
  N02002               JUNCTION     0.706    0.732     0  02:04        3.82        3.96       2.103
  N01533               JUNCTION     0.003    0.059     0  01:36       0.013       0.249       2.583
  N01759               JUNCTION     0.014    0.014     0  01:40      0.0758      0.0758       7.377
  N02846               JUNCTION     0.039    0.039     0  01:40       0.222       0.222       4.045
  N01062               JUNCTION     0.431    0.448     0  01:42        1.33        1.41       0.887
  N02377               JUNCTION     0.004    0.208     0  02:06       0.016        1.17       2.864
  N02611               JUNCTION     0.189    0.206     0  02:06       0.975        1.08      12.931
  N01946               JUNCTION     0.000    0.000     0  00:59     0.00097     0.00097      -2.575
  N00243               JUNCTION     0.068    0.076     0  02:44        0.38       0.451       6.529
  N02291               JUNCTION     0.004    0.006     0  01:00      0.0159       0.025       8.097
  N01768               JUNCTION     0.001    0.005     0  01:19     0.00393     0.00711      19.273
  N02258               JUNCTION     0.288    0.820     0  01:48       0.912        2.65       0.530
  N00514               JUNCTION     0.001    0.124     0  01:53     0.00486      0.0965      75.725
  N02669               JUNCTION     0.013    0.087     0  01:40      0.0546       0.372       1.494
  N01271               JUNCTION     0.153    0.153     0  02:19       0.748       0.748       2.175
  N01779               JUNCTION     0.002    0.004     0  01:35     0.00929      0.0105      91.174
  N01907               JUNCTION     0.001    0.048     0  01:40     0.00246       0.221       0.496
  N00236               JUNCTION     0.015    0.017     0  01:35      0.0637      0.0717       1.092
  N01054               JUNCTION     0.000    0.003     0  01:39     0.00077      0.0106       1.545
  N01536               JUNCTION     0.027    0.027     0  02:59      0.0789      0.0789       0.188
  N01470               JUNCTION     0.000    0.000     0  00:59     0.00107     0.00107      -1.820
  N01353               JUNCTION     0.000    0.016     0  01:40     0.00107      0.0778       0.985
  N01528               JUNCTION     0.002    0.002     0  01:00     0.00974     0.00974      -0.429
  N02845               JUNCTION     0.000    0.003     0  01:16      0.0011     0.00336       6.047
  N02447               JUNCTION     0.000    0.001     0  01:00     0.00186     0.00454       1.069
  N02384               JUNCTION     0.018    0.419     0  02:02      0.0752         2.5       5.471
  N01144               JUNCTION     0.006    0.006     0  00:59      0.0194      0.0205       1.097
  N01573               JUNCTION     0.000    0.000     0  00:59     0.00203     0.00203       0.184
  N02445               JUNCTION     0.059    0.059     0  01:40       0.278       0.278       2.280
  N02315               JUNCTION     0.139    0.139     0  02:01       0.748        0.75       1.031
  N01460               JUNCTION     0.004    0.227     0  01:42      0.0141         0.9       1.770
  N02816               JUNCTION     0.000    0.143     0  02:51     0.00135       0.587       1.826
  N00909               JUNCTION     0.000    0.000     0  00:59    0.000482    0.000482      -1.239
  N02547               JUNCTION     0.383    0.384     0  02:59        1.24        1.27       5.777
  N02115               JUNCTION     0.001    0.231     0  01:41     0.00522       0.904       1.078
  N02266               JUNCTION     0.080    0.094     0  01:38       0.338       0.392      14.645
  N01897               JUNCTION     0.001    0.157     0  01:40     0.00271       0.658       0.398
  N01717               JUNCTION     0.001    0.001     0  00:59     0.00383     0.00383       1.228
  N00432               JUNCTION     0.000    0.000     0  01:35      0.0014      0.0014      -0.176
  N02643               JUNCTION     0.001    0.037     0  01:42     0.00186       0.154       1.315
  N02311               JUNCTION     0.158    0.158     0  02:15       0.826       0.829       7.208
  N02469               JUNCTION     0.003    0.003     0  01:35      0.0145      0.0145      -0.114
  N00443               JUNCTION     0.000    0.005     0  01:17     0.00209      0.0146      34.522
  N01858               JUNCTION     0.004    1.042     0  01:08      0.0206        6.65       0.695
  N01707               JUNCTION     0.136    1.465     0  02:59       0.429        5.34       3.130
  N00016               JUNCTION     0.001    0.071     0  01:40     0.00477       0.344       0.844
  N02095               JUNCTION     0.001    0.005     0  01:40     0.00344      0.0217       2.805
  N01512               JUNCTION     0.001    0.001     0  01:00     0.00292     0.00292      -0.639
  N02820               JUNCTION     0.223    0.232     0  01:40       0.724       0.763       4.569
  N01797               JUNCTION     0.476    0.476     0  02:02        1.11        1.13       5.478
  N00296               JUNCTION     0.001    0.001     0  01:00     0.00322     0.00322       2.727
  N01800               JUNCTION     0.003    0.264     0  01:43      0.0143        1.28       0.392
  N02383               JUNCTION     0.001    0.002     0  02:58     0.00543     0.00616      16.543
  N02663               JUNCTION     0.098    0.154     0  01:40       0.508       0.793       1.006
  N02634               JUNCTION     0.051    0.052     0  01:39       0.229       0.232       0.981
  N01497               JUNCTION     0.015    0.023     0  02:06      0.0632      0.0716      38.014
  N02028               JUNCTION     0.012    0.013     0  01:39      0.0508      0.0516       1.615
  N02497               JUNCTION     0.066    0.680     0  01:49       0.314         3.1       2.358
  N00541               JUNCTION     0.227    0.229     0  01:40        1.13        1.14       1.250
  N00205               JUNCTION     0.144    0.385     0  01:48       0.686        1.74       5.174
  N01652               JUNCTION     0.003    0.040     0  01:41      0.0111       0.169       1.386
  N01510               JUNCTION     0.000    0.277     0  01:41     0.00125        1.29       3.680
  N02449               JUNCTION     0.001    0.002     0  01:40     0.00297     0.00869       1.883
  N02331               JUNCTION     0.002    0.002     0  01:00     0.00755     0.00755       0.024
  N02659               JUNCTION     0.018    0.019     0  01:36        0.08      0.0876       1.917
  N00503               JUNCTION     0.002    0.016     0  01:40     0.00836      0.0674       1.538
  N00402               JUNCTION     0.000    0.000     0  01:00     0.00171     0.00171      -5.884
  N02473               JUNCTION     0.087    0.924     0  02:23       0.356        4.61       4.124
  N01923               JUNCTION     0.001    0.223     0  02:04     0.00311        1.09       1.644
  N00195               JUNCTION     0.000    0.119     0  01:41     0.00119       0.525       0.582
  N02065               JUNCTION     0.001    0.001     0  01:35     0.00462     0.00462       6.150
  N00256               JUNCTION     0.097    0.097     0  01:41       0.502       0.502       1.241
  N00188               JUNCTION     0.000    0.000     0  01:39    0.000823    0.000823      -6.849
  N00169               JUNCTION     0.001    0.035     0  01:51     0.00204      0.0151       8.594
  N00667               JUNCTION     0.000    0.000     0  01:00     0.00226     0.00226      23.242
  N02795               JUNCTION     0.003    0.003     0  01:38      0.0129      0.0129       0.487
  N01773               JUNCTION     0.004    0.010     0  01:38       0.014      0.0247      48.881
  N01942               JUNCTION     0.118    0.257     0  02:05       0.446       0.708      13.910
  N02144               JUNCTION     0.008    0.257     0  02:14      0.0274        1.22       5.207
  N00585               JUNCTION     0.002    0.002     0  01:35      0.0068     0.00989       1.021
  N01290               JUNCTION     0.058    0.105     0  01:40       0.311       0.583       4.671
  N00589               JUNCTION     0.161    0.162     0  01:39       0.652       0.658       4.847
  N01320               JUNCTION     0.235    0.235     0  01:40       0.874       0.874       0.377
  N02437               JUNCTION     0.097    0.097     0  01:38       0.373       0.375       1.167
  N01448               JUNCTION     0.002    0.002     0  01:00     0.00746     0.00746       0.151
  N02389               JUNCTION     0.006    0.006     0  01:39      0.0209      0.0209       0.510
  N00211               JUNCTION     0.050    0.338     0  01:43       0.223        2.06       3.784
  N00164               JUNCTION     0.070    0.100     0  01:40         0.2       0.306       3.156
  N02465               JUNCTION     0.001    0.080     0  01:43     0.00379      0.0646      46.006
  N01386               JUNCTION     0.068    0.070     0  02:07        0.37       0.401       4.645
  N02366               JUNCTION     0.012    0.181     0  02:04      0.0499        1.02       4.744
  N02446               JUNCTION     0.063    0.063     0  01:40       0.316       0.316       2.165
  N02412               JUNCTION     0.000    0.000     0  01:58     0.00105     0.00105      -0.325
  N00922               JUNCTION     0.039    0.039     0  01:36       0.165       0.165       0.477
  N00825               JUNCTION     0.002    0.002     0  01:38     0.00815     0.00815       1.737
  N00717               JUNCTION     0.003    0.694     0  01:42      0.0127        3.33       0.791
  N01988               JUNCTION     0.000    0.032     0  02:04     0.00134       0.139       3.845
  N02527               JUNCTION     0.016    0.016     0  01:38      0.0583      0.0583       0.489
  N00354               JUNCTION     0.000    0.050     0  01:44      0.0024      0.0977      90.916
  N00294               JUNCTION     0.001    0.008     0  01:41     0.00574      0.0101      47.043
  N00611               JUNCTION     0.001    0.040     0  01:41     0.00181       0.192       1.133
  N02542               JUNCTION     0.015    0.015     0  01:35      0.0543      0.0543       1.101
  N00455               JUNCTION     0.002    0.003     0  01:00     0.00608      0.0147       1.326
  N00979               JUNCTION     0.000    0.062     0  01:40    0.000748       0.261       6.417
  N02680               JUNCTION     0.001    0.001     0  01:40     0.00259     0.00259       0.761
  N01457               JUNCTION     0.012    0.032     0  01:45       0.054      0.0621      26.017
  N00284               JUNCTION     0.077    0.230     0  02:11       0.426        1.24       4.047
  N02191               JUNCTION     0.017    0.123     0  01:40      0.0764       0.664       4.208
  N00605               JUNCTION     0.000    0.503     0  01:41     0.00197        2.15       0.978
  N02290               JUNCTION     0.000    0.000     0  00:59     0.00081     0.00081      -1.470
  N01351               JUNCTION     0.011    0.011     0  01:35      0.0415      0.0423       1.086
  N02472               JUNCTION     0.617    1.706     0  02:02        2.88        9.46       2.074
  N00339               JUNCTION     0.007    0.264     0  01:41      0.0202        1.36       2.324
  N00690               JUNCTION     0.000    0.000     0  00:59     0.00107     0.00107      -1.477
  N01410               JUNCTION     0.016    0.282     0  01:42      0.0639        1.06       0.689
  N00637               JUNCTION     0.001    0.001     0  01:00     0.00245     0.00245      -0.429
  N01821               JUNCTION     0.001    0.001     0  01:00     0.00264     0.00264      -0.243
  N02575               JUNCTION     0.082    0.082     0  02:00       0.419       0.419       5.471
  N01728               JUNCTION     0.120    0.133     0  02:14       0.641       0.712       5.913
  N02466               JUNCTION     0.000    0.003     0  01:59     0.00208     0.00287      -0.620
  N01776               JUNCTION     0.082    0.308     0  02:15       0.447        1.63       5.778
  N01910               JUNCTION     0.213    0.213     0  02:03        1.06        1.06       0.456
  N00415               JUNCTION     0.005    0.005     0  01:35      0.0202      0.0202       0.739
  N02079               JUNCTION     0.002    0.003     0  01:34     0.00887      0.0147       1.633
  N01430               JUNCTION     0.218    0.228     0  01:40         1.3        1.34       1.140
  N00227               JUNCTION     0.000    0.000     0  01:00     0.00173     0.00173      -1.451
  N01794               JUNCTION     0.039    0.320     0  01:45       0.135        1.62       4.015
  N00087               JUNCTION     0.000    0.000     0  01:00    0.000803    0.000803      -3.403
  N00045               JUNCTION     0.063    0.346     0  01:53       0.265        1.58       3.654
  N01784               JUNCTION     0.001    0.087     0  02:35     0.00241      0.0538     198.985
  N01586               JUNCTION     0.003    0.686     0  01:41      0.0112        2.78       1.362
  N01850               JUNCTION     0.004    0.004     0  01:40      0.0142      0.0142      -0.106
  N02468               JUNCTION     0.137    0.137     0  02:13       0.547       0.547       0.638
  N01032               JUNCTION     0.002    0.002     0  01:35     0.00862     0.00862       0.385
  N01043               JUNCTION     0.000    0.000     0  01:00     0.00182     0.00182       3.789
  N00744               JUNCTION     0.095    0.097     0  01:40       0.421       0.431       5.111
  N00320               JUNCTION     0.000    0.000     0  00:58     0.00185     0.00185       0.881
  N00586               JUNCTION     0.001    0.001     0  01:00     0.00577     0.00577      -0.281
  N00265               JUNCTION     0.091    0.091     0  01:40       0.424       0.425       5.828
  N00403               JUNCTION     0.000    0.000     0  01:00     0.00189     0.00189       0.974
  N00620               JUNCTION     0.002    0.002     0  01:00     0.00705     0.00705       0.261
  N01810               JUNCTION     0.299    0.299     0  01:44         1.5         1.5       0.245
  N00095               JUNCTION     0.000    0.000     0  01:00     0.00203     0.00203      -0.674
  N02088               JUNCTION     0.159    0.515     0  02:09       0.689        2.28       3.850
  N01337               JUNCTION     0.000    0.000     0  00:59     0.00187     0.00187       0.863
  N02594               JUNCTION     0.000    0.000     0  00:59     0.00134     0.00145      31.862
  N01965               JUNCTION     0.001    0.001     0  01:00     0.00474      0.0057       0.949
  N00086               JUNCTION     0.018    0.018     0  01:38      0.0778      0.0778       9.406
  N01349               JUNCTION     0.001    0.005     0  01:34     0.00452      0.0119     926.742
  N01277               JUNCTION     0.003    0.135     0  02:02      0.0126       0.747       1.640
  N01275               JUNCTION     1.003    3.037     0  01:41        3.74        14.6       1.095
  N00220               JUNCTION     0.017    0.019     0  01:40      0.0616      0.0707       2.877
  N02740               JUNCTION     0.000    0.000     0  01:00     0.00195     0.00195       0.315
  N00020               JUNCTION     0.157    0.158     0  02:01       0.851       0.853       4.841
  N00193               JUNCTION     0.001    0.008     0  01:15       0.005      0.0141     203.394
  N00329               JUNCTION     0.025    0.051     0  01:40       0.109       0.214      14.117
  N01547               JUNCTION     0.154    0.154     0  02:54       0.667       0.667       1.728
  N02167               JUNCTION     0.001    0.001     0  01:34     0.00415     0.00597       1.832
  N02078               JUNCTION     0.077    0.078     0  01:56       0.351       0.354       0.657
  N00383               JUNCTION     0.000    0.000     0  01:00    0.000854      0.0019      -2.626
  N02260               JUNCTION     0.006    0.007     0  01:39      0.0266      0.0301       0.663
  N02058               JUNCTION     0.004    0.012     0  01:37      0.0137      0.0545       1.681
  N01944               JUNCTION     0.017    0.017     0  02:44      0.0719      0.0719       7.676
  N01198               JUNCTION     0.001    0.034     0  02:03      0.0065       0.157      11.500
  N02130               JUNCTION     0.257    0.260     0  02:08        1.24        1.25       5.178
  N02515               JUNCTION     0.138    0.143     0  01:53       0.597       0.603       7.028
  N01441               JUNCTION     0.000    0.000     0  01:00     0.00143     0.00143      -0.859
  N02199               JUNCTION     0.005    0.005     0  01:35      0.0201      0.0215      15.177
  N00180               JUNCTION    -0.104    1.038     0  02:04       -0.11        4.87       2.023
  N01930               JUNCTION     0.031    0.241     0  02:03       0.126         1.2       1.704
  N01399               JUNCTION     0.004    0.009     0  01:36      0.0156      0.0384       0.986
  N01490               JUNCTION     0.001    0.001     0  01:34     0.00504     0.00504      -0.313
  N01276               JUNCTION     0.008    0.872     0  01:43       0.028        4.29       1.599
  N02345               JUNCTION     0.001    0.008     0  02:11     0.00266      0.0181     826.839
  N01840               JUNCTION     0.002    0.002     0  01:00     0.00762     0.00762      -0.856
  N00214               JUNCTION     0.028    0.126     0  01:41       0.164       0.677       7.757
  N00245               JUNCTION     0.001    0.114     0  02:05     0.00416       0.629       6.373
  N01841               JUNCTION     0.009    0.024     0  01:00       0.035      0.0954       2.612
  N00537               JUNCTION     0.002    0.009     0  01:40      0.0051      0.0361       2.067
  N00007               JUNCTION     0.000    0.766     0  01:49     0.00203        3.77       4.076
  N01958               JUNCTION     0.052    0.052     0  01:40       0.211       0.211       0.297
  N00150               JUNCTION     0.010    0.010     0  01:36      0.0458      0.0474      28.480
  N02537               JUNCTION     0.001    0.001     0  01:00     0.00352      0.0062       0.921
  N01039               JUNCTION    -0.123    0.127     0  02:05      -0.128       0.356      11.960
  N00714               JUNCTION     0.247    0.276     0  01:40        1.45        1.56       0.340
  N01272               JUNCTION     0.002    0.409     0  01:59     0.00574        1.76       2.352
  N02102               JUNCTION     0.000    0.000     0  01:00     0.00108     0.00108      -2.240
  N01793               JUNCTION     0.056    0.056     0  01:01       0.239       0.241       0.318
  N00445               JUNCTION     0.001    0.010     0  01:40     0.00296      0.0434       1.182
  N00024               JUNCTION     0.028    0.044     0  01:36       0.102       0.171       0.512
  N00075               JUNCTION     0.007    0.007     0  01:35      0.0266      0.0266       0.254
  N00553               JUNCTION     0.001    0.001     0  01:00     0.00285     0.00285       0.102
  N00848               JUNCTION     0.000    0.000     0  00:56     0.00156     0.00156      -0.044
  N01941               JUNCTION     0.008    0.023     0  02:37      0.0281      0.0416      92.108
  N00642               JUNCTION     0.022    0.095     0  01:40       0.085       0.478       7.658
  N01775               JUNCTION     0.004    0.005     0  01:40      0.0148      0.0167      51.823
  N02681               JUNCTION     0.029    0.029     0  01:56        0.12        0.12       0.553
  N00010               JUNCTION     0.061    0.061     0  01:39       0.259       0.259       7.243
  N01938               JUNCTION     0.007    0.010     0  01:39      0.0248      0.0362       0.525
  N01051               JUNCTION     0.001    0.003     0  01:35     0.00418      0.0127       0.454
  N01781               JUNCTION     0.007    0.007     0  01:00      0.0283      0.0284      55.596
  N01619               JUNCTION     0.000    0.000     0  01:00     0.00143     0.00143      -1.587
  N00723               JUNCTION     0.117    0.393     0  01:40       0.524        2.08       1.847
  N02378               JUNCTION     0.001    0.001     0  01:34     0.00395     0.00395       0.102
  N01774               JUNCTION     0.084    0.084     0  02:01        0.47        0.47       1.057
  N01122               JUNCTION     0.000    0.001     0  01:02     0.00105     0.00304      35.876
  N02616               JUNCTION     0.059    0.059     0  01:40        0.27        0.27       0.842
  N00312               JUNCTION     0.000    0.000     0  01:39     0.00106     0.00208       0.080
  N00070               JUNCTION     0.010    0.010     0  02:47      0.0296      0.0296       1.694
  N00806               JUNCTION     0.016    0.023     0  02:45      0.0854      0.0904       0.562
  N01719               JUNCTION     0.006    0.006     0  01:36      0.0246      0.0247      44.515
  N00409               JUNCTION     0.002    0.003     0  01:35     0.00948      0.0109       1.015
  N00681               JUNCTION     0.058    0.157     0  01:40       0.245       0.635       0.898
  N00534               JUNCTION     0.000    0.020     0  01:40     0.00239      0.0724       2.975
  N02188               JUNCTION     0.001    0.002     0  01:40     0.00193     0.00856      85.568
  N00619               JUNCTION     0.002    0.004     0  01:00     0.00708      0.0141       0.656
  N02769               JUNCTION     0.001    0.002     0  02:08     0.00417     0.00487      29.188
  N00946               JUNCTION     0.000    0.000     0  01:36     0.00105      0.0021      13.133
  N00122               JUNCTION     0.066    0.891     0  02:49       0.326           4       1.916
  N01575               JUNCTION     0.100    0.103     0  02:05       0.542       0.554       6.123
  N00336               JUNCTION     0.000    0.144     0  02:48      0.0014       0.632       7.817
  N01811               JUNCTION     0.009    0.009     0  01:35      0.0331      0.0331       0.132
  N00688               JUNCTION     0.001    0.002     0  01:35     0.00198     0.00763       0.957
  N01432               JUNCTION     0.104    0.107     0  01:40       0.378        0.39      21.328
  N01785               JUNCTION     0.080    0.152     0  02:05       0.436       0.829       2.684
  N02108               JUNCTION     0.003    0.003     0  01:35      0.0131      0.0131      -0.121
  N02607               JUNCTION     0.000    0.001     0  01:40     0.00223     0.00586       1.402
  N00823               JUNCTION     0.043    0.043     0  01:40       0.202       0.203      12.178
  N02219               JUNCTION     0.000    0.000     0  00:59     0.00107     0.00107      -0.719
  N01078               JUNCTION     0.014    0.014     0  01:38      0.0546      0.0546       0.150
  N02508               JUNCTION     0.001    0.001     0  01:00     0.00179     0.00179      -0.991
  N02084               JUNCTION     0.007    0.012     0  01:16       0.036      0.0442      48.735
  N01538               JUNCTION     0.001    0.109     0  02:09     0.00184       0.593       4.306
  N01048               JUNCTION     0.001    0.001     0  01:00      0.0031     0.00721      18.329
  N01642               JUNCTION     0.000    0.000     0  01:00    0.000805    0.000805      -2.319
  N01266               JUNCTION     0.001    0.001     0  01:00     0.00233      0.0039       0.556
  N02158               JUNCTION     0.001    0.012     0  01:58     0.00307      0.0149      15.178
  N00671               JUNCTION     0.001    0.001     0  01:00     0.00522     0.00522      -1.073
  N01061               JUNCTION     0.019    0.019     0  01:36      0.0808      0.0808       0.390
  N01678               JUNCTION     0.000    0.036     0  02:04    0.000747      0.0164      42.825
  N02530               JUNCTION     0.050    0.050     0  01:36       0.186       0.186       0.092
  N00809               JUNCTION     0.019    0.019     0  01:40      0.0468      0.0468      -0.031
  N01624               JUNCTION     0.001    0.042     0  01:42     0.00268       0.197       5.109
  N01013               JUNCTION     0.129    0.134     0  02:59       0.653       0.662       9.532
  N02231               JUNCTION     0.001    0.001     0  01:00     0.00424     0.00424      13.309
  N01385               JUNCTION     0.017    0.017     0  01:40      0.0829      0.0829      11.210
  N01691               JUNCTION     0.006    0.006     0  01:40      0.0223      0.0225      28.016
  N01346               JUNCTION     0.110    0.749     0  02:45       0.547         2.8       2.573
  N00175               JUNCTION     0.062    2.340     0  02:41       0.247        10.9       2.797
  N02128               JUNCTION     0.031    0.031     0  02:00       0.168       0.168       1.344
  N02267               JUNCTION     0.245    0.326     0  01:41        1.23        1.57       2.768
  N02737               JUNCTION     0.000    0.000     0  01:00     0.00134     0.00241       3.334
  N00308               JUNCTION     0.000    0.000     0  01:35     0.00163     0.00163       0.169
  N00204               JUNCTION     0.086    0.086     0  01:38       0.427       0.427       0.563
  N00125               JUNCTION     0.042    0.184     0  02:01       0.227        1.03       7.828
  N01501               JUNCTION     0.000    0.000     0  01:58     0.00105     0.00105      -0.200
  N00483               JUNCTION     0.002    0.218     0  01:41     0.00646       0.948       2.125
  N01465               JUNCTION     0.002    0.086     0  01:40     0.00873       0.362       0.536
  N01772               JUNCTION     0.063    0.066     0  02:06       0.343        0.36       8.518
  N00393               JUNCTION     0.000    0.003     0  01:38     0.00204      0.0127       3.489
  N00951               JUNCTION     0.000    0.001     0  01:35     0.00194     0.00734       1.333
  N02625               JUNCTION     0.061    0.061     0  01:38       0.251       0.251       2.493
  N02077               JUNCTION     0.012    0.089     0  01:57      0.0505       0.402       1.027
  N00602               JUNCTION     0.082    0.082     0  01:40       0.359       0.359       1.886
  N02793               JUNCTION     0.001    0.402     0  01:44     0.00242        2.16       0.590
  N01712               JUNCTION     0.048    0.048     0  02:02        0.25        0.25       2.202
  N01057               JUNCTION     0.079    0.787     0  01:41       0.282        3.19       0.307
  N02831               JUNCTION     0.319    0.335     0  01:42        1.64        1.72       0.663
  N01395               JUNCTION     0.009    0.785     0  01:41      0.0392        3.54       1.487
  N01771               JUNCTION     0.078    0.166     0  02:05       0.421       0.879       4.187
  N01056               JUNCTION     0.002    0.005     0  01:40     0.00852      0.0207       1.722
  N02462               JUNCTION     0.038    0.038     0  01:41       0.174       0.176       1.556
  N02032               JUNCTION     0.001    0.001     0  01:00     0.00341     0.00341      -1.258
  N01847               JUNCTION     0.001    1.056     0  01:08     0.00579        6.68       0.800
  N02379               JUNCTION     0.033    0.164     0  02:04       0.144       0.895       1.155
  N00369               JUNCTION     0.000    0.000     0  00:57    0.000514    0.000514      -0.581
  N01427               JUNCTION     0.043    0.176     0  01:40       0.162         0.8       5.368
  N02464               JUNCTION     0.019    0.056     0  01:44       0.092       0.265       0.923
  N02061               JUNCTION     0.001    0.001     0  01:00     0.00368     0.00368       0.861
  N02281               JUNCTION     0.002    0.145     0  01:40     0.00706       0.712       0.679
  N00263               JUNCTION     0.000    0.000     0  00:59     0.00128     0.00128      -3.220
  N00301               JUNCTION     0.216    0.263     0  01:53       0.563       0.941       3.779
  N01588               JUNCTION     0.629    0.638     0  01:39        2.56        2.59       1.135
  N02695               JUNCTION     0.000    0.000     0  00:59     0.00118     0.00118      -0.493
  N01667               JUNCTION     0.155    0.164     0  02:05       0.823       0.845       6.938
  N00510               JUNCTION     0.002    0.030     0  02:04     0.00693      0.0246      62.038
  N00102               JUNCTION     0.005    0.068     0  01:39      0.0233       0.308       1.089
  N01953               JUNCTION     0.220    0.908     0  02:09       0.418        4.58       3.324
  N02596               JUNCTION     0.000    0.000     0  01:00     0.00126     0.00126      18.781
  N00655               JUNCTION     0.004    0.004     0  01:00      0.0166      0.0166      11.193
  N02169               JUNCTION     0.018    0.018     0  01:37      0.0745      0.0745       0.123
  N01100               JUNCTION     0.001    0.032     0  02:05     0.00504       0.131      24.908
  N02794               JUNCTION     0.356    0.690     0  01:32        1.03        3.17       4.002
  N01638               JUNCTION     0.071    0.071     0  02:00       0.395       0.397      13.703
  N00721               JUNCTION     0.000    0.000     0  01:35     0.00232     0.00232       0.154
  N02716               JUNCTION     0.008    0.012     0  02:03      0.0367      0.0538       4.885
  N00704               JUNCTION     0.001    0.029     0  01:41      0.0057        0.13       0.965
  N01959               JUNCTION     0.020    0.020     0  01:36      0.0851      0.0862       0.555
  N01851               JUNCTION     0.002    0.127     0  01:09     0.00804      0.0677     117.666
  N00401               JUNCTION     0.000    0.007     0  02:53     0.00222      0.0123     502.646
  N00634               JUNCTION     0.000    0.000     0  01:00     0.00194     0.00194       2.738
  N00958               JUNCTION     0.000    0.005     0  01:17     0.00155     0.00674      10.091
  N00178               JUNCTION     0.133    0.133     0  02:54       0.536       0.536       6.211
  N02314               JUNCTION     0.001    0.011     0  02:48     0.00152      0.0489      17.509
  N00316               JUNCTION     0.000    0.000     0  01:00     0.00112     0.00112      -1.789
  N00235               JUNCTION     0.002    0.002     0  01:35     0.00708     0.00708       2.094
  N02748               JUNCTION     0.001    0.001     0  01:00     0.00232     0.00342       5.934
  N02070               JUNCTION     0.002    0.002     0  01:00     0.00776     0.00884      13.844
  N02385               JUNCTION     0.001    0.412     0  02:48     0.00353        2.38       4.504
  N02104               JUNCTION     0.025    0.025     0  01:36      0.0998      0.0998       0.163
  N01502               JUNCTION     0.000    0.001     0  01:00     0.00214      0.0032       0.636
  N00792               JUNCTION     0.032    0.032     0  01:40       0.166       0.166      27.013
  N02662               JUNCTION     0.001    0.178     0  01:57     0.00221       0.736       1.816
  N00196               JUNCTION     0.190    0.190     0  02:07       0.991        1.01      10.440
  N00502               JUNCTION     0.001    0.022     0  01:44     0.00452      0.0303     120.988
  N00367               JUNCTION     0.000    0.000     0  02:53     0.00176     0.00176       0.311
  N00208               JUNCTION     0.007    0.028     0  01:19      0.0262      0.0312      34.573
  N01708               JUNCTION     0.000    0.644     0  02:36     0.00108        1.53       4.566
  N01304               JUNCTION     0.021    0.218     0  02:46      0.0888        1.26       1.690
  N00683               JUNCTION     0.000    0.000     0  01:00     0.00155     0.00155      -0.020
  N00725               JUNCTION     0.001    0.001     0  01:35     0.00207     0.00207      13.607
  N01449               JUNCTION     0.003    0.007     0  01:00      0.0114      0.0264       0.093
  N02071               JUNCTION     0.001    0.089     0  01:57     0.00366       0.401       1.705
  N01066               JUNCTION     0.074    0.074     0  02:00       0.416       0.427       5.999
  N01480               JUNCTION     0.001    0.001     0  01:00     0.00202     0.00202      -2.493
  N00492               JUNCTION     0.757    0.768     0  02:03        3.22        3.25       2.290
  N02114               JUNCTION     0.208    0.338     0  02:57       0.874        1.61       8.974
  N00570               JUNCTION     0.000    0.002     0  01:37      0.0011     0.00729       0.418
  N02076               JUNCTION     0.018    0.018     0  01:58      0.0778      0.0778       0.366
  N01358               JUNCTION     0.001    0.001     0  01:00     0.00207     0.00207      -2.274
  N00908               JUNCTION     0.001    0.001     0  00:59     0.00313     0.00313       1.983
  N01413               JUNCTION     0.001    0.862     0  01:46     0.00271        4.12       0.550
  N02498               JUNCTION     0.165    0.637     0  01:51        0.62        2.78       1.872
  N02141               JUNCTION     0.232    0.232     0  02:06        0.86       0.876       2.477
  N01744               JUNCTION     0.128    0.334     0  01:41       0.604        1.72       6.870
  N02503               JUNCTION     0.010    0.113     0  01:39      0.0317       0.451       0.859
  N01023               JUNCTION     0.005    0.005     0  01:00      0.0161      0.0173       6.165
  N02570               JUNCTION     0.030    0.030     0  01:40       0.136       0.139       5.214
  N02049               JUNCTION     0.004    0.603     0  02:48      0.0181        3.39       1.023
  N00322               JUNCTION     0.323    1.197     0  01:48        1.79        5.94       0.893
  N01309               JUNCTION     0.009    0.009     0  01:40      0.0374      0.0374       0.526
  N00591               JUNCTION     0.004    0.004     0  01:39      0.0165      0.0165       0.568
  N01125               JUNCTION     0.005    0.054     0  01:39      0.0207       0.241       5.907
  N01703               JUNCTION     0.069    0.084     0  01:40       0.252       0.369      27.776
  N02174               JUNCTION     0.122    0.122     0  02:47       0.361       0.361       1.986
  N00708               JUNCTION     0.001    0.600     0  02:48     0.00309        3.39       0.655
  N01925               JUNCTION     0.081    0.081     0  01:37       0.346       0.346       0.149
  N02159               JUNCTION     0.000    0.000     0  00:59     0.00181     0.00181      -2.875
  N00826               JUNCTION     0.002    0.006     0  01:35      0.0083      0.0206       0.813
  N02303               JUNCTION     0.001    0.128     0  01:40     0.00332        0.63       0.639
  N02519               JUNCTION     0.000    0.103     0  01:42     0.00182       0.448       2.931
  N00242               JUNCTION     0.001    0.001     0  01:00     0.00236     0.00236      -1.336
  N01004               JUNCTION     0.149    0.149     0  01:40       0.829       0.829       0.600
  N00694               JUNCTION     0.001    0.024     0  01:00     0.00285       0.119       0.760
  N01383               JUNCTION     0.001    0.036     0  01:40     0.00273       0.135       0.826
  N02678               JUNCTION     0.012    0.012     0  01:00      0.0472      0.0472       1.647
  N02057               JUNCTION     0.023    0.035     0  01:40        0.09       0.144       3.197
  N00566               JUNCTION     0.007    0.007     0  02:46      0.0309      0.0309       1.719
  N01654               JUNCTION     0.010    0.010     0  01:35      0.0383      0.0383       0.430
  N00488               JUNCTION     0.002    0.002     0  01:35     0.00902     0.00902       0.572
  N00254               JUNCTION     0.099    0.099     0  01:41       0.524       0.526       8.725
  N00328               JUNCTION     0.002    0.027     0  01:40     0.00785       0.108       2.049
  N00292               JUNCTION     0.000    0.000     0  01:58    0.000947    0.000947      -0.766
  N01124               JUNCTION     0.002    0.002     0  01:35     0.00716     0.00716      -0.342
  N01025               JUNCTION     0.000    0.303     0  01:43     0.00105        1.11       0.540
  N00697               JUNCTION     0.001    0.001     0  01:00     0.00275     0.00275      -0.719
  N00783               JUNCTION     0.000    0.034     0  01:40     0.00123       0.176       2.838
  N01694               JUNCTION     0.447    0.638     0  02:57        1.03        1.88       6.093
  N02595               JUNCTION     0.000    0.000     0  00:49     0.00101     0.00101      -1.534
  N01380               JUNCTION     0.001    0.011     0  01:40     0.00196      0.0501       1.020
  N01366               JUNCTION     0.060    0.312     0  01:40       0.265        1.41       3.657
  N00313               JUNCTION     0.000    0.000     0  00:59      0.0012      0.0012      -0.159
  N02693               JUNCTION     0.036    0.036     0  01:38       0.157       0.157       0.896
  N02126               JUNCTION     0.001    0.001     0  01:00      0.0028      0.0028      -0.240
  N00803               JUNCTION     0.001    0.006     0  01:40     0.00552       0.027       0.745
  N01541               JUNCTION     0.013    0.052     0  01:39       0.058       0.238      15.086
  N02242               JUNCTION     0.007    0.030     0  02:00      0.0295      0.0631       1.084
  N00727               JUNCTION     0.074    0.075     0  01:38       0.376        0.38       0.217
  N01016               JUNCTION     0.002    0.002     0  01:35     0.00845     0.00845       0.393
  N01303               JUNCTION     0.001    0.217     0  02:48     0.00243        1.25       1.510
  N01650               JUNCTION     0.024    0.030     0  01:41      0.0877        0.12       6.110
  N01690               JUNCTION     0.008    0.495     0  02:59      0.0347        1.12       6.962
  N00412               JUNCTION     0.000    0.000     0  00:58     0.00191     0.00191      26.073
  N01370               JUNCTION     0.887    0.928     0  01:42        4.03        4.29       1.797
  N01154               JUNCTION     0.000    0.000     0  00:58     0.00119     0.00119       5.732
  N00027               JUNCTION     0.001    0.001     0  01:36     0.00245     0.00249      -0.511
  N02248               JUNCTION     0.079    0.124     0  02:02        0.32       0.545       1.390
  N01823               JUNCTION     0.000    0.000     0  00:58     0.00229     0.00229       0.147
  N02511               JUNCTION     0.000    0.000     0  00:59     0.00108     0.00108      -0.408
  N00989               JUNCTION     0.000    0.001     0  01:35     0.00152     0.00525       0.460
  N01833               JUNCTION     0.012    0.327     0  01:41      0.0507        1.81       1.063
  N00221               JUNCTION     0.161    1.253     0  02:10       0.799        6.71       2.207
  N02533               JUNCTION     0.004    0.005     0  01:40      0.0158       0.022       0.912
  N00183               JUNCTION     0.001    0.001     0  01:35     0.00398     0.00398      -3.246
  N00777               JUNCTION     0.005    0.066     0  01:40       0.018       0.234       1.709
  N02369               JUNCTION     0.002    0.051     0  01:40     0.00842       0.192       3.362
  N00099               JUNCTION     0.030    0.770     0  01:53       0.143        3.73       2.305
  N02488               JUNCTION     0.006    0.006     0  02:45      0.0236      0.0236       2.860
  N00066               JUNCTION     0.111    0.111     0  02:05       0.616       0.625       5.835
  N00833               JUNCTION     0.020    0.035     0  02:01      0.0832       0.201       8.689
  N02576               JUNCTION     0.001    0.027     0  01:39     0.00409      0.0523     781.792
  N02372               JUNCTION     0.117    0.117     0  02:44       0.621       0.621       3.310
  N01769               JUNCTION     0.085    0.171     0  01:41       0.474       0.904       3.144
  N02531               JUNCTION     0.010    0.010     0  01:38      0.0361      0.0361       0.296
  N01327               JUNCTION     0.000    0.331     0  01:43      0.0013        1.54       0.663
  N01554               JUNCTION     0.000    0.205     0  01:45     0.00112       0.866       0.686
  N00770               JUNCTION     0.001    0.585     0  01:44     0.00362        3.17       3.025
  N00682               JUNCTION     0.141    0.253     0  01:41       0.734        1.36       5.050
  N00017               JUNCTION     0.028    0.028     0  01:39       0.137       0.137       0.162
  N01003               JUNCTION     0.001    0.001     0  01:00     0.00412     0.00412       1.663
  N02129               JUNCTION     0.439    0.439     0  02:06        1.37        1.37      -1.301
  N00857               JUNCTION     0.055    0.055     0  01:40        0.21        0.21       1.780
  N00114               JUNCTION     0.033    0.276     0  01:45       0.121        1.18       2.311
  N00917               JUNCTION     0.001    0.001     0  01:00     0.00281     0.00496       0.061
  N00441               JUNCTION     0.000    0.009     0  01:45    0.000757      0.0416       3.151
  N01300               JUNCTION     0.000    0.000     0  01:34      0.0021      0.0021       0.654
  N02075               JUNCTION     0.001    0.001     0  01:34     0.00261     0.00261      -1.437
  N01706               JUNCTION     0.059    1.199     0  02:37       0.298        4.26       2.474
  N01956               JUNCTION     0.001    0.001     0  01:00     0.00245     0.00245      -0.488
  N01695               JUNCTION    -0.178    0.638     0  02:58      0.0974        2.04       3.550
  N00501               JUNCTION     0.013    0.401     0  02:22      0.0399        1.85       2.467
  N01476               JUNCTION     0.017    0.025     0  01:40      0.0738       0.104       1.847
  N01587               JUNCTION     0.001    0.007     0  01:35     0.00443      0.0224       0.660
  N02491               JUNCTION     0.000    0.000     0  00:58    0.000524    0.000524      -2.609
  N02120               JUNCTION     0.004    0.004     0  01:58      0.0238      0.0238       1.049
  N01463               JUNCTION     0.000    0.249     0  01:45     0.00107        1.05       1.319
  N00167               JUNCTION     0.178    0.181     0  02:06       0.613       0.639       9.218
  N00100               JUNCTION     0.001    0.769     0  01:56     0.00373        3.65       5.638
  N01126               JUNCTION     0.001    0.001     0  01:00     0.00161     0.00422      -0.373
  N01920               JUNCTION     0.009    0.022     0  01:39      0.0417      0.0954       0.861
  N00104               JUNCTION     0.217    0.622     0  02:40        0.82        2.26       4.230
  N01492               JUNCTION     0.037    0.037     0  01:39       0.128       0.128       0.390
  N00388               JUNCTION     0.020    0.020     0  01:35      0.0868      0.0868       0.421
  N01549               JUNCTION     0.062    0.662     0  02:50       0.316        3.25       3.001
  N01613               JUNCTION     0.085    0.085     0  01:40       0.437       0.437       0.881
  N00933               JUNCTION     0.001    0.013     0  01:38     0.00278      0.0175      31.519
  N00827               JUNCTION     0.000    0.000     0  01:34     0.00166     0.00166      -0.796
  N00551               JUNCTION     0.005    0.009     0  01:36      0.0224      0.0424       2.242
  N01363               JUNCTION     0.000    0.000     0  01:00     0.00137     0.00137      -0.483
  N02819               JUNCTION     0.001    0.133     0  02:11     0.00238       0.663       0.939
  N01464               JUNCTION     0.252    0.252     0  01:43        1.06        1.06       1.268
  N01526               JUNCTION     0.004    0.147     0  02:02      0.0176       0.779       5.981
  N02664               JUNCTION     0.001    0.526     0  01:43     0.00523        2.71       0.822
  N00315               JUNCTION     0.000    0.000     0  01:34     0.00185     0.00185       0.713
  N00931               JUNCTION     0.000    0.000     0  00:59     0.00196     0.00196       0.181
  N00863               JUNCTION     0.001    0.045     0  01:38     0.00439       0.175       0.619
  N00698               JUNCTION     0.000    0.000     0  01:58     0.00105     0.00105      -1.917
  N02704               JUNCTION     0.000    0.002     0  02:54     0.00143     0.00288      86.361
  N02675               JUNCTION     0.001    0.004     0  01:00      0.0047      0.0141       0.234
  N02532               JUNCTION     0.004    0.004     0  01:38       0.014       0.014       0.187
  N01310               JUNCTION     0.002    0.096     0  01:40      0.0093       0.383       4.572
  N00542               JUNCTION     0.001    0.001     0  01:35     0.00576     0.00576       2.980
  N02802               JUNCTION     0.046    0.922     0  02:59       0.166        4.49       3.503
  N01343               JUNCTION     0.060    0.060     0  02:59       0.263       0.263       6.832
  N00209               JUNCTION     0.001    0.072     0  01:26     0.00276      0.0666     219.571
  N01782               JUNCTION     0.066    0.279     0  02:06       0.358        1.53       2.825
  N02215               JUNCTION     0.001    0.001     0  01:34     0.00328     0.00434       0.275
  N01975               JUNCTION     0.000    0.069     0  01:40     0.00132       0.283       1.596
  N01859               JUNCTION     0.008    0.492     0  01:49      0.0304        2.18       2.250
  N01591               JUNCTION     0.000    0.000     0  00:59     0.00114     0.00114      22.986
  N02589               JUNCTION     0.005    0.060     0  01:40      0.0232       0.278       5.212
  N00155               JUNCTION     0.011    0.211     0  01:40       0.043       0.846       0.907
  N01702               JUNCTION     0.219    0.219     0  02:59       0.795       0.795       1.325
  N02651               JUNCTION     0.000    0.000     0  01:00     0.00229     0.00229       0.250
  N01330               JUNCTION     0.020    0.162     0  01:40      0.0818       0.609       0.482
  N00680               JUNCTION     0.017    0.781     0  01:43      0.0637        4.36       1.265
  N01475               JUNCTION     0.184    0.364     0  02:11       0.922        1.82       3.119
  N02824               JUNCTION     0.000    0.095     0  01:41      0.0011       0.445       1.533
  N01991               JUNCTION     0.002    0.002     0  02:00     0.00879      0.0101       3.701
  N01008               JUNCTION     0.000    0.000     0  01:00     0.00193     0.00193      -0.193
  N02708               JUNCTION     0.022    0.409     0  01:58       0.065        1.77       1.493
  N02505               JUNCTION     0.001    0.001     0  01:35     0.00191     0.00191      -0.467
  N01405               JUNCTION     0.001    0.001     0  01:00     0.00312     0.00312      -0.529
  N01866               JUNCTION     0.239    0.239     0  02:07        1.23        1.23       1.455
  N00944               JUNCTION     0.000    0.000     0  01:00      0.0015      0.0015       2.350
  N00244               JUNCTION     0.002    0.005     0  01:36     0.00671     0.00772      24.657
  N00495               JUNCTION     0.137    0.137     0  02:59       0.419       0.422       5.395
  N01623               JUNCTION     0.000    0.041     0  01:45     0.00135       0.189       1.852
  N01036               JUNCTION     0.067    0.250     0  02:00       0.338         1.3       1.194
  N01659               JUNCTION     0.093    0.093     0  02:59       0.394       0.395      12.597
  N01445               JUNCTION     0.002    0.002     0  01:00     0.00831     0.00831      -0.554
  N01857               JUNCTION     0.004    0.004     0  02:00      0.0174      0.0174       1.344
  N02306               JUNCTION     0.029    0.029     0  01:35       0.118       0.118       2.420
  N00684               JUNCTION     0.001    0.001     0  01:00     0.00332     0.00488       0.624
  N01093               JUNCTION     0.001    0.002     0  01:00      0.0051     0.00614       0.768
  N02518               JUNCTION     0.003    0.398     0  01:57     0.00864        1.73       1.477
  N01924               JUNCTION     0.002    0.163     0  01:41     0.00746       0.721       0.673
  N00636               JUNCTION     0.001    0.001     0  01:00     0.00447     0.00447      -0.223
  N02308               JUNCTION     0.004    0.005     0  01:00      0.0155      0.0194       0.294
  N00512               JUNCTION     0.001    0.007     0  02:07     0.00209     0.00344      -1.493
  N01091               JUNCTION     0.000    0.000     0  01:00     0.00119     0.00119      -1.212
  N00555               JUNCTION     0.008    0.008     0  01:42      0.0251      0.0251       1.108
  N00198               JUNCTION     0.304    0.575     0  02:59        1.13        2.35       4.862
  N00076               JUNCTION     0.002    0.006     0  01:38     0.00561      0.0239       1.086
  N02328               JUNCTION     0.000    0.000     0  01:00     0.00132     0.00132      19.160
  N01660               JUNCTION     0.048    0.110     0  02:50       0.219       0.482       8.454
  N00141               JUNCTION     0.000    0.000     0  01:00     0.00194     0.00194       2.368
  N00101               JUNCTION     0.000    0.068     0  01:40     0.00108       0.309      17.089
  N01745               JUNCTION     0.003    0.004     0  01:35      0.0105      0.0137       0.453
  N00787               JUNCTION     0.004    0.189     0  01:41      0.0199        1.01      11.135
  N00262               JUNCTION     0.000    0.000     0  01:58     0.00137     0.00137      -1.314
  N01899               JUNCTION     0.000    0.000     0  01:00     0.00174     0.00174      -1.848
  N02133               JUNCTION     0.033    0.037     0  02:00        0.17       0.193       7.956
  N01663               JUNCTION     0.004    0.006     0  01:10      0.0136      0.0163      60.006
  N01499               JUNCTION     0.002    0.002     0  01:00     0.00863     0.00863       0.037
  N02539               JUNCTION     0.020    0.020     0  01:35        0.08      0.0818       2.807
  N01998               JUNCTION     0.001    0.001     0  01:35     0.00263     0.00465       0.947
  N02192               JUNCTION     0.019    0.019     0  02:47      0.0747      0.0793      17.917
  N01384               JUNCTION     0.002    0.032     0  01:41     0.00567        0.19       4.728
  N00303               JUNCTION     0.002    0.002     0  01:35     0.00645     0.00762       0.514
  N00740               JUNCTION     0.104    0.105     0  01:39        0.48       0.484       0.533
  N02003               JUNCTION     0.004    0.033     0  02:06      0.0163       0.151       5.256
  N02047               JUNCTION     0.004    0.110     0  01:41      0.0137       0.476       0.925
  N00411               JUNCTION     0.001    0.119     0  01:40     0.00286       0.505       0.499
  N00921               JUNCTION     0.003    0.003     0  01:00     0.00954     0.00954       0.100
  N02552               JUNCTION     0.000    0.000     0  00:59     0.00218     0.00218      -0.312
  N02798               JUNCTION     0.000    0.217     0  02:48     0.00116        1.23       2.135
  N02430               JUNCTION     0.001    0.001     0  01:00     0.00187     0.00187       1.844
  N00574               JUNCTION     0.001    0.029     0  02:59     0.00305      0.0893      20.478
  N00331               JUNCTION     0.046    0.046     0  01:39       0.145       0.145      10.075
  N01714               JUNCTION     0.116    0.116     0  02:01       0.624       0.624       0.643
  N02425               JUNCTION     0.007    0.008     0  01:36      0.0254      0.0288       1.940
  N02725               JUNCTION     0.002    0.374     0  01:49     0.00827        1.49       2.792
  N02706               JUNCTION     0.000    0.000     0  01:00     0.00188     0.00188       0.719
  N00096               JUNCTION     0.000    0.778     0  01:41      0.0019        3.49       1.449
  N02121               JUNCTION     0.004    0.373     0  01:51      0.0192        1.48       2.319
  N01022               JUNCTION     0.000    0.000     0  00:59     0.00115     0.00115      -1.374
  N02803               JUNCTION     0.020    0.020     0  02:02      0.0912      0.0912       1.404
  N02259               JUNCTION     0.011    0.549     0  01:45      0.0365        1.75       0.353
  N00379               JUNCTION     0.000    0.000     0  00:59     0.00109     0.00109      -1.877
  N01443               JUNCTION     0.100    0.100     0  01:40        0.46        0.46       0.293
  N00282               JUNCTION     0.948    2.044     0  02:11        2.64         7.7       1.673
  N00156               JUNCTION     0.001    0.209     0  01:41     0.00258       0.841       3.315
  N02056               JUNCTION     0.035    0.035     0  01:40       0.151       0.151       2.716
  N00361               JUNCTION     0.000    0.000     0  00:56     0.00187     0.00187       0.507
  N00291               JUNCTION     0.000    0.000     0  00:59     0.00116     0.00116      -0.465
  N01059               JUNCTION     0.005    0.005     0  01:00      0.0181      0.0181      -0.450
  N02440               JUNCTION     0.011    0.012     0  01:39       0.044      0.0486       0.876
  N00006               JUNCTION     0.004    0.004     0  01:35      0.0169      0.0169       0.245
  N02690               JUNCTION     0.007    0.928     0  01:42      0.0234        3.75       0.406
  N00223               JUNCTION     0.001    0.016     0  01:15     0.00199      0.0222     325.612
  N02147               JUNCTION     0.308    0.308     0  02:59        1.46        1.46       1.477
  N00793               JUNCTION     0.029    0.029     0  02:47       0.151       0.151       5.943
  N02413               JUNCTION     0.000    0.000     0  01:40     0.00181     0.00293       2.385
  N02633               JUNCTION     0.000    0.052     0  01:40     0.00188       0.231       0.809
  N01486               JUNCTION     0.000    0.014     0  01:22      0.0019      0.0235     283.583
  N01484               JUNCTION     0.000    0.001     0  01:00     0.00201     0.00555      -0.751
  N01746               JUNCTION     0.004    0.004     0  01:40      0.0204      0.0204       3.297
  N02145               JUNCTION     0.264    0.264     0  02:59       0.863       0.918       6.381
  N00088               JUNCTION     0.000    0.000     0  01:35     0.00237     0.00237       4.727
  N02586               JUNCTION     0.002    0.028     0  01:10     0.00682      0.0591     343.492
  N01331               JUNCTION     0.166    1.054     0  02:11        0.33        5.16       3.567
  N01372               JUNCTION     0.038    0.053     0  02:02       0.147       0.256       0.960
  N02454               JUNCTION     0.484    0.484     0  02:59       0.794       0.795       2.984
  N02717               JUNCTION     0.022    0.022     0  02:43      0.0488      0.0679      47.673
  N01264               JUNCTION     0.053    0.053     0  01:41       0.192       0.192       0.460
  N01788               JUNCTION     0.078    0.714     0  02:36       0.366        1.87       4.810
  N01962               JUNCTION     0.000    0.000     0  01:00     0.00134     0.00134      -1.399
  N00358               JUNCTION     0.000    0.017     0  02:58    0.000744     0.00488     143.378
  N02750               JUNCTION     0.002    0.002     0  01:35     0.00854     0.00854       0.297
  N02702               JUNCTION     0.033    0.042     0  02:05       0.228       0.267      10.776
  N02006               JUNCTION     0.002    0.048     0  01:48     0.00503       0.178       0.810
  N01914               JUNCTION     0.000    0.000     0  00:58     0.00188     0.00188       0.932
  N00431               JUNCTION     0.000    0.001     0  01:36     0.00105     0.00296       0.520
  N01504               JUNCTION     0.001    0.002     0  01:35     0.00541     0.00912       0.535
  N02270               JUNCTION     0.063    0.126     0  01:40       0.323       0.622       0.357
  N01993               JUNCTION     0.003    0.043     0  01:36      0.0124       0.175      20.140
  N00297               JUNCTION     0.000    0.000     0  01:00     0.00226     0.00226       0.674
  N00187               JUNCTION     0.000    0.000     0  01:34     0.00188     0.00188       0.868
  N00963               JUNCTION     0.124    0.124     0  02:37       0.435       0.436       3.507
  N02654               JUNCTION     0.000    0.140     0  01:40     0.00122       0.419       4.922
  N02652               JUNCTION     0.217    0.773     0  01:43       0.964        4.32       0.418
  N01516               JUNCTION     0.003    0.008     0  01:38      0.0136      0.0154      28.778
  N01451               JUNCTION     0.057    0.252     0  01:41       0.238         1.3       2.430
  N01572               JUNCTION     0.001    0.206     0  02:02     0.00275         1.1       3.601
  N01813               JUNCTION     0.015    0.015     0  01:40      0.0585      0.0585       3.448
  N02280               JUNCTION     0.237    0.238     0  02:59       0.987           1       4.582
  N00259               JUNCTION     0.004    0.007     0  01:12      0.0132      0.0208      41.783
  N01868               JUNCTION     0.002    1.396     0  01:45       0.008        5.82       0.995
  N01458               JUNCTION     0.001    0.001     0  00:59     0.00242     0.00242       1.429
  N02550               JUNCTION     0.000    0.000     0  00:59     0.00118     0.00118      22.448
  N02139               JUNCTION     0.124    0.126     0  01:41       0.499       0.505       4.245
  N00506               JUNCTION     0.016    0.020     0  01:39      0.0703      0.0883       0.498
  N02064               JUNCTION     0.000    0.000     0  01:00     0.00107     0.00107      -0.739
  N00368               JUNCTION     0.000    0.000     0  00:59     0.00187     0.00187       0.384
  N00984               JUNCTION     0.000    0.162     0  01:41     0.00128       0.852       0.764
  N02109               JUNCTION     0.000    0.401     0  01:43      0.0014        2.16       0.440
  N00948               JUNCTION     0.000    0.000     0  01:14    0.000759      0.0018       2.363
  N02086               JUNCTION     0.129    1.940     0  02:06        0.49        10.1       1.797
  N02329               JUNCTION     0.000    0.000     0  00:59     0.00112     0.00112      -4.261
  N02000               JUNCTION     0.001    0.061     0  01:40     0.00413       0.299       3.529
  N01162               JUNCTION     0.357    0.357     0  02:59        1.29        1.29       0.460
  N00251               JUNCTION     0.000    0.422     0  02:06      0.0025        2.35       8.065
  N02284               JUNCTION     0.002    0.002     0  01:00     0.00642     0.00642       0.286
  N02238               JUNCTION     0.001    0.001     0  01:00     0.00273     0.00379       0.300
  N00713               JUNCTION     0.008    0.008     0  01:35      0.0247      0.0268       0.298
  N02066               JUNCTION     0.001    0.002     0  01:35     0.00241     0.00676       1.598
  N00891               JUNCTION     0.001    0.022     0  01:39     0.00501      0.0184      37.791
  N02457               JUNCTION     0.000    0.000     0  01:00    0.000933    0.000933       0.046
  N01891               JUNCTION     0.001    0.026     0  02:02     0.00282       0.104       2.698
  N02632               JUNCTION     0.003    0.054     0  01:40      0.0117       0.241       1.585
  N00018               JUNCTION     0.000    0.000     0  01:00     0.00151     0.00151      -3.573
  N00515               JUNCTION     0.004    0.005     0  01:38      0.0159      0.0202       4.366
  N01647               JUNCTION     0.020    0.020     0  01:39      0.0788      0.0788      18.185
  N00333               JUNCTION     0.309    0.748     0  02:14        1.49        3.39       2.971
  N00442               JUNCTION     0.000    0.042     0  01:40     0.00186       0.195       9.321
  N02780               JUNCTION     0.000    0.013     0  01:41    0.000992      0.0533       0.935
  N01862               JUNCTION     0.007    0.020     0  02:14      0.0258      0.0283      14.080
  N02639               JUNCTION     0.022    0.057     0  01:41      0.0726       0.216       1.029
  N02111               JUNCTION     0.003    0.278     0  01:40      0.0123         1.5      13.701
  N01274               JUNCTION     0.003    0.410     0  02:00     0.00965        1.72       2.061
  N01140               JUNCTION     0.050    0.050     0  01:37       0.212       0.212       0.267
  N01398               JUNCTION     0.162    0.162     0  01:37       0.651       0.651       0.090
  N00707               JUNCTION     0.613    0.613     0  02:32        1.26        1.26       0.869
  N01141               JUNCTION     0.001    0.001     0  01:40     0.00269     0.00507       1.202
  N02696               JUNCTION     0.138    0.138     0  02:06       0.466       0.486      10.431
  N02251               JUNCTION     0.001    0.055     0  01:41     0.00527       0.227       1.611
  N00233               JUNCTION     0.000    0.003     0  01:40     0.00211       0.017       5.014
  N00290               JUNCTION     0.001    0.001     0  01:00     0.00251     0.00565       0.025
  N02302               JUNCTION     0.002    0.002     0  01:35     0.00498     0.00722      -0.010
  N00083               JUNCTION     0.009    0.028     0  01:16      0.0344      0.0755      42.489
  N01485               JUNCTION     0.090    0.090     0  02:59       0.353       0.353       1.974
  N02642               JUNCTION     0.146    2.133     0  01:46       0.455        10.9       0.816
  N00199               JUNCTION     0.001    0.182     0  01:26     0.00264       0.168      72.046
  N00621               JUNCTION     0.005    0.005     0  01:35      0.0175      0.0175       2.420
  N01503               JUNCTION     0.000    0.001     0  01:40     0.00184     0.00715       1.217
  N02564               JUNCTION     0.048    0.048     0  01:40       0.232       0.232       0.941
  N00858               JUNCTION     0.001    0.036     0  01:23     0.00353      0.0363    1029.584
  N01971               JUNCTION     0.029    0.125     0  02:00      0.0743       0.141      77.550
  N02746               JUNCTION     0.000    0.000     0  01:58     0.00254     0.00254       0.783
  N00693               JUNCTION     0.000    0.175     0  01:35     0.00107       0.694      31.089
  N00889               JUNCTION     0.005    0.153     0  02:54      0.0201       0.694      15.645
  N01628               JUNCTION     0.000    0.000     0  00:55     0.00109     0.00109      -4.287
  N00135               JUNCTION     0.000    0.000     0  01:00      0.0011      0.0011      -2.279
  N00410               JUNCTION     0.000    0.119     0  01:40     0.00172       0.504       0.276
  N02495               JUNCTION     0.015    0.615     0  02:48      0.0685        3.18       6.664
  N02163               JUNCTION     0.008    0.009     0  01:38      0.0314      0.0372       1.010
  N02701               JUNCTION     0.012    0.051     0  02:05      0.0493       0.121     278.799
  N00479               JUNCTION     0.446    0.446     0  02:19        2.16        2.16       2.071
  N02096               JUNCTION     0.002    0.013     0  01:40     0.00721      0.0478       0.486
  N02494               JUNCTION     0.002    0.320     0  02:49     0.00806        1.51       7.603
  N02712               JUNCTION     0.005    0.005     0  01:00      0.0181      0.0181       1.669
  N00168               JUNCTION     0.151    0.160     0  01:54       0.811       0.829      13.125
  N02009               JUNCTION     0.000    0.003     0  01:40     0.00156      0.0143       1.138
  N01047               JUNCTION     0.012    0.060     0  01:41      0.0422       0.248       1.027
  N00568               JUNCTION     0.000    0.000     0  01:00     0.00105     0.00105      -0.834
  N01961               JUNCTION     0.000    0.000     0  00:58     0.00108     0.00108      -0.730
  N01576               JUNCTION     0.120    0.120     0  02:59       0.533       0.533       3.978
  N01250               JUNCTION     0.001    0.001     0  01:35     0.00248     0.00395       0.512
  N00831               JUNCTION     0.004    0.212     0  01:41      0.0163       0.908       3.845
  N02094               JUNCTION     0.004    0.004     0  01:35      0.0158      0.0158       2.861
  N00548               JUNCTION     0.000    0.000     0  01:35     0.00198     0.00198       0.472
  N00709               JUNCTION     0.349    0.602     0  02:47         1.4        3.43       1.247
  N00149               JUNCTION     0.003    0.093     0  01:32      0.0123       0.402      68.203
  N02822               JUNCTION     0.006    0.006     0  01:00      0.0181      0.0181      -1.066
  N00927               JUNCTION     0.021    0.257     0  01:41      0.0859        1.09       3.249
  N01625               JUNCTION     0.007    0.043     0  01:40      0.0346         0.2       3.020
  N00485               JUNCTION     0.004    0.019     0  01:47       0.018      0.0352     183.480
  N00005               JUNCTION     0.000    0.000     0  01:35     0.00114     0.00114       1.748
  N02843               JUNCTION     0.001    0.046     0  01:39     0.00252       0.209       0.595
  N00293               JUNCTION     0.211    0.211     0  02:08        1.24        1.24       2.293
  N00090               JUNCTION     0.000    0.018     0  01:41      0.0021       0.073       0.467
  N01737               JUNCTION     0.052    0.059     0  01:37        0.22       0.246       0.897
  N02415               JUNCTION     0.000    0.000     0  00:59     0.00172     0.00172      -0.185
  N00652               JUNCTION     0.080    0.147     0  02:46       0.294        0.55       4.954
  N01898               JUNCTION     0.004    0.004     0  01:39      0.0158      0.0158       0.610
  N02312               JUNCTION     0.000    0.000     0  00:58    0.000475    0.000475      -3.635
  N01075               JUNCTION     0.006    0.006     0  01:38      0.0236      0.0236       0.418
  N02239               JUNCTION     0.004    0.071     0  01:36      0.0147       0.305       1.548
  N01740               JUNCTION     0.001    0.007     0  01:17     0.00277     0.00984      71.816
  N02356               JUNCTION     0.000    0.000     0  01:00     0.00112     0.00112      -7.228
  N01954               JUNCTION     0.335    0.337     0  02:37        1.31        1.33       3.673
  N01058               JUNCTION     0.001    0.021     0  01:03     0.00194      0.0269       1.325
  N00674               JUNCTION     0.108    0.108     0  02:45       0.569       0.573       1.091
  N01911               JUNCTION     0.004    0.029     0  01:40      0.0169       0.124       0.555
  N02830               JUNCTION     0.025    0.091     0  01:41       0.096       0.418       3.853
  N02166               JUNCTION     0.000    0.000     0  01:00    0.000747     0.00182      -0.547
  N02526               JUNCTION     0.015    0.015     0  01:40      0.0751      0.0751       0.458
  N00816               JUNCTION     0.219    0.306     0  02:01        1.07        1.59       3.679
  N01397               JUNCTION     0.000    0.000     0  01:00     0.00185     0.00185      -0.244
  N01083               JUNCTION     0.000    0.000     0  00:59     0.00105     0.00105      -5.962
  N00782               JUNCTION     0.034    0.034     0  01:38       0.181       0.181       3.682
  N00691               JUNCTION     0.023    1.351     0  01:43      0.0989        5.52       0.594
  N02273               JUNCTION     0.000    0.000     0  00:59     0.00106     0.00106       1.087
  N02080               JUNCTION     0.000    0.004     0  01:39     0.00115      0.0156       1.392
  N00343               JUNCTION     0.577    0.577     0  02:59        0.98        1.41       5.965
  N00894               JUNCTION     0.001    0.003     0  01:00     0.00369      0.0112       1.189
  N02054               JUNCTION     0.000    0.069     0  01:41     0.00242       0.281       0.732
  N00797               JUNCTION     1.134    1.134     0  02:59        3.64        3.64       0.948
  N01077               JUNCTION     0.001    0.001     0  01:00     0.00344     0.00344      -0.563
  N01878               JUNCTION     0.000    0.000     0  01:00     0.00114     0.00114      -0.106
  N01883               JUNCTION     0.002    0.002     0  01:35     0.00658     0.00921       0.765
  N00870               JUNCTION     0.000    0.000     0  00:49     0.00103     0.00103      -3.222
  N01803               JUNCTION     0.002    0.245     0  01:41     0.00659        1.28       2.425
  N00154               JUNCTION     0.009    0.084     0  01:39      0.0319       0.357       0.941
  N01494               JUNCTION     0.149    0.149     0  02:01       0.827       0.827       3.027
  N01034               JUNCTION     0.007    0.010     0  01:00      0.0234      0.0381       1.557
  N02434               JUNCTION     0.000    0.000     0  00:57    0.000805    0.000805      -3.778
  N02014               JUNCTION     0.002    0.003     0  01:40     0.00668      0.0124      16.549
  N02776               JUNCTION     0.002    0.002     0  01:40     0.00651     0.00651       0.479
  N01927               JUNCTION     0.001    0.222     0  02:02     0.00423        1.08       0.912
  N00661               JUNCTION     0.000    0.121     0  02:48     0.00143       0.359       9.606
  N01406               JUNCTION     0.005    0.005     0  01:00      0.0198      0.0198       0.566
  N02296               JUNCTION     0.000    0.128     0  01:41     0.00147       0.627       0.504
  N00994               JUNCTION     0.238    0.238     0  01:42        1.05        1.05       1.833
  N00234               JUNCTION     0.000    0.000     0  00:59    0.000797    0.000797      -2.931
  N00345               JUNCTION     0.000    0.000     0  01:00      0.0013      0.0013      -2.664
  N00531               JUNCTION     0.000    0.164     0  01:40     0.00105       0.722       9.482
  N01704               JUNCTION     0.032    0.053     0  02:32       0.138       0.149      27.344
  N02168               JUNCTION     0.029    0.029     0  01:38       0.139       0.139       0.198
  N02253               JUNCTION     0.011    0.758     0  01:15      0.0425        4.26       2.057
  N00311               JUNCTION     0.000    0.000     0  01:58     0.00256     0.00256       1.279
  N02286               JUNCTION     0.000    0.004     0  01:06     0.00174     0.00465      30.787
  N01258               JUNCTION     0.005    0.005     0  01:38      0.0158      0.0158       0.506
  N01804               JUNCTION     0.050    0.244     0  01:41       0.206        1.28       0.540
  N01046               JUNCTION     0.002    0.049     0  01:40     0.00717       0.209       1.420
  N00274               JUNCTION     0.000    0.000     0  01:00     0.00133     0.00133      -1.804
  N01311               JUNCTION     0.000    0.000     0  01:00     0.00146     0.00146      -2.835
  N02046               JUNCTION     0.614    0.648     0  02:59         2.1        2.57       3.261
  N01661               JUNCTION     0.001    0.001     0  01:35     0.00365     0.00365       0.473
  N02410               JUNCTION     0.001    0.335     0  01:43     0.00427        1.71       1.137
  N00390               JUNCTION     0.000    0.046     0  02:02     0.00195       0.255       3.362
  N02301               JUNCTION     0.000    0.000     0  01:00     0.00206     0.00206       0.162
  N01489               JUNCTION     0.018    0.022     0  01:38      0.0724      0.0888       3.162
  N01487               JUNCTION     0.177    0.177     0  02:46        0.97        0.97       2.983
  N01734               JUNCTION     0.007    0.023     0  01:40      0.0264      0.0637      13.030
  N02117               JUNCTION     0.184    0.184     0  01:40       0.679       0.679       2.164
  N01121               JUNCTION     0.004    0.004     0  01:00      0.0147      0.0147       0.060
  N01815               JUNCTION     0.000    0.000     0  01:00     0.00206     0.00206       0.505
  N02427               JUNCTION     0.000    0.194     0  01:38     0.00188       0.786       1.414
  N01265               JUNCTION     0.000    0.045     0  01:39     0.00224       0.189       0.357
  N00947               JUNCTION     0.000    0.001     0  01:39     0.00106     0.00282       0.919
  N02619               JUNCTION     0.003    0.003     0  01:35       0.013       0.013       0.035
  N01028               JUNCTION     0.003    0.006     0  01:03      0.0111      0.0147       6.729
  N02091               JUNCTION     0.000    0.000     0  01:00     0.00204     0.00204       1.725
  N02093               JUNCTION     0.006    0.010     0  01:38      0.0251      0.0462       5.966
  N01940               JUNCTION     0.066    0.702     0  02:59       0.226        2.96       4.262
  N02606               JUNCTION     0.001    0.001     0  01:34     0.00189     0.00189      -0.566
  N02647               JUNCTION     0.102    0.102     0  01:40       0.532       0.532       0.752
  N00628               JUNCTION     0.000    0.000     0  01:36     0.00106     0.00106      -1.105
  N01340               JUNCTION     0.025    0.026     0  01:38       0.106       0.109       1.968
  N01377               JUNCTION     0.003    0.003     0  01:00     0.00915     0.00915       0.125
  N01520               JUNCTION     0.001    0.044     0  01:41     0.00505       0.095     741.616
  N01521               JUNCTION     0.000    0.000     0  00:58      0.0012      0.0012      -6.199
  N01982               JUNCTION     0.001    0.001     0  01:00      0.0029      0.0029       0.164
  N02364               JUNCTION     0.000    0.148     0  02:02     0.00139       0.804       5.562
  N01240               JUNCTION     0.114    0.194     0  01:40        0.61       0.951       0.538
  N00352               JUNCTION     0.000    0.000     0  00:57     0.00191     0.00191       0.587
  N01493               JUNCTION     0.002    0.019     0  01:39     0.00769      0.0514       8.495
  N02838               JUNCTION     0.006    0.006     0  01:39      0.0243      0.0243       0.514
  N02443               JUNCTION     0.154    0.300     0  01:41       0.819         1.6       5.679
  N02099               JUNCTION     0.006    0.006     0  01:39      0.0227      0.0227       0.184
  N00222               JUNCTION     0.133    1.339     0  02:14       0.535         7.1       1.591
  N01753               JUNCTION     0.001    0.037     0  01:40     0.00237        0.13       3.032
  N00832               JUNCTION     0.009    0.037     0  01:39      0.0393       0.154       5.724
  N02282               JUNCTION     0.000    0.000     0  00:58     0.00105     0.00105      -2.087
  N02131               JUNCTION     0.001    0.252     0  02:13     0.00335        1.19       1.673
  N01973               JUNCTION     0.007    0.098     0  01:40      0.0248       0.383       1.340
  N00641               JUNCTION     0.086    0.087     0  01:40       0.423       0.426       8.473
  N01901               JUNCTION     0.020    0.164     0  01:40      0.0851       0.724       1.311
  N00182               JUNCTION     0.033    0.033     0  01:39       0.113       0.116      52.482
  N00444               JUNCTION     0.000    0.010     0  01:40     0.00251      0.0454      11.192
  N02288               JUNCTION     0.001    0.001     0  01:00     0.00299     0.00299      -0.197
  N02540               JUNCTION     0.000    0.020     0  01:38     0.00188      0.0826       0.761
  N00814               JUNCTION     0.001    0.206     0  01:41     0.00433       0.877       3.730
  N00865               JUNCTION     0.092    0.143     0  01:40        0.33        0.53       0.513
  N01251               JUNCTION     0.107    0.107     0  02:00       0.568       0.569       3.459
  N02007               JUNCTION     0.000    0.001     0  01:35     0.00146     0.00572       0.430
  N00626               JUNCTION     0.000    0.000     0  02:51      0.0017      0.0017       0.413
  N02148               JUNCTION     0.022    0.083     0  01:19      0.0936       0.141      43.043
  N01414               JUNCTION     0.005    0.869     0  01:44       0.024        4.24       2.953
  N02247               JUNCTION     0.001    0.001     0  01:00     0.00182     0.00182      -2.269
  N00318               JUNCTION     0.016    0.871     0  01:42      0.0689        4.31       1.133
  N00105               JUNCTION     0.076    0.079     0  02:49       0.197       0.243      28.424
  N02524               JUNCTION     0.008    0.008     0  01:39      0.0283      0.0299       2.319
  N00453               JUNCTION     0.000    0.000     0  01:35     0.00171     0.00171      -1.840
  N01060               JUNCTION     0.028    0.028     0  01:40       0.114       0.115       0.348
  N02210               JUNCTION     0.008    0.014     0  01:33      0.0355      0.0433      76.974
  N02590               JUNCTION     0.051    0.057     0  01:40        0.23       0.257       0.917
  N02017               JUNCTION     0.001    0.168     0  01:41     0.00205       0.698       0.808
  N01685               JUNCTION     0.031    0.032     0  01:40       0.114        0.12       2.689
  N01887               JUNCTION     0.001    0.022     0  01:36     0.00462      0.0871       0.590
  N00612               JUNCTION     0.023    0.039     0  01:40      0.0754       0.143       0.538
  N01522               JUNCTION     0.000    0.000     0  00:58     0.00106     0.00106      -0.465
  N01348               JUNCTION     0.001    0.026     0  02:45      0.0021       0.149      34.578
  N02213               JUNCTION     0.001    0.050     0  02:15     0.00184      0.0336     180.973
  N01086               JUNCTION     0.001    0.077     0  02:48     0.00331       0.373       5.812
  N01491               JUNCTION     0.001    0.001     0  01:00     0.00319     0.00319      -0.299
  N00509               JUNCTION     0.000    0.013     0  01:42     0.00158      0.0544       0.928
  N01064               JUNCTION     0.000    0.000     0  00:56     0.00107     0.00107      -0.182
  N02641               JUNCTION     0.003    0.043     0  01:40       0.011      0.0153       0.077
  N00815               JUNCTION     0.000    0.000     0  00:59     0.00193     0.00193       0.561
  N00137               JUNCTION     0.002    0.002     0  01:00     0.00598     0.00598      -0.999
  N02709               JUNCTION     0.001    0.003     0  01:39     0.00302     0.00532      64.287
  N02275               JUNCTION     0.035    0.035     0  01:39       0.135       0.136      49.556
  N00127               JUNCTION     0.000    0.000     0  01:36     0.00106     0.00106      -2.762
  N00650               JUNCTION     0.002    0.146     0  02:49     0.00878       0.516       1.251
  N00618               JUNCTION     0.011    0.144     0  01:40      0.0453       0.573       0.713
  N02162               JUNCTION     0.018    0.117     0  01:40      0.0771       0.542       4.030
  N00829               JUNCTION     0.096    0.669     0  02:05       0.501        3.65       2.180
  N01531               JUNCTION     0.002    0.013     0  01:15     0.00948      0.0396      13.121
  N00429               JUNCTION     0.010    0.033     0  01:39      0.0455       0.143       1.110
  N00998               JUNCTION     0.002    0.046     0  01:40     0.00706       0.148       5.530
  N02512               JUNCTION     0.000    0.000     0  00:59     0.00121     0.00121      -0.197
  N00873               JUNCTION     0.124    0.124     0  02:59       0.592       0.592       3.714
  N01963               JUNCTION     0.003    0.018     0  01:40       0.011      0.0641       5.457
  N02026               JUNCTION     0.001    0.065     0  01:41     0.00312       0.257       2.682
  N00034               JUNCTION     0.001    0.001     0  01:00     0.00192     0.00385       0.141
  N01117               JUNCTION     0.037    0.037     0  01:37       0.154       0.154       0.555
  N01599               JUNCTION     0.181    0.181     0  02:01        1.01        1.01       1.350
  N01658               JUNCTION     0.000    0.019     0  01:44     0.00167      0.0146     424.815
  N00901               JUNCTION     0.006    0.326     0  02:50      0.0257        1.42       4.216
  N02715               JUNCTION     0.237    0.255     0  02:22        0.96        1.01       9.991
  N02164               JUNCTION     0.026    0.067     0  01:39        0.12       0.306       3.162
  N02810               JUNCTION     0.000    0.000     0  01:24    0.000761    0.000761      -0.549
  N00859               JUNCTION     0.001    0.163     0  01:41      0.0031       0.851       1.485
  N01147               JUNCTION     0.002    0.003     0  01:00     0.00722      0.0115       0.412
  N00032               JUNCTION     0.004    0.004     0  01:35      0.0145      0.0145       0.167
  N01429               JUNCTION     0.018    0.019     0  02:00      0.0796      0.0872       7.019
  N01932               JUNCTION     0.000    0.101     0  01:26     0.00151      0.0341     206.519
  N01692               JUNCTION     0.002    0.002     0  01:00     0.00746     0.00746       0.313
  N00836               JUNCTION     0.008    0.008     0  01:35      0.0334      0.0334       0.322
  N00426               JUNCTION     0.031    0.032     0  01:40       0.137       0.141      27.691
  N01347               JUNCTION     0.001    0.009     0  01:34     0.00311      0.0183     737.946
  N01037               JUNCTION     0.187    1.525     0  02:04        0.26        7.04       1.815
  N00647               JUNCTION     0.002    0.007     0  01:37     0.00527      0.0133     298.342
  N02307               JUNCTION     0.006    0.027     0  01:40      0.0231       0.118       0.479
  N01620               JUNCTION     0.015    0.015     0  01:36      0.0616      0.0616      -0.242
  N02521               JUNCTION     0.001    0.001     0  01:00     0.00424     0.00424      -0.097
  N00569               JUNCTION     0.000    0.002     0  01:00     0.00106     0.00623       0.640
  N00173               JUNCTION     0.043    0.043     0  02:59       0.186       0.186       8.833
  N02565               JUNCTION     0.078    0.126     0  01:40       0.369         0.6       0.334
  N01252               JUNCTION     0.001    0.006     0  01:40     0.00244      0.0249       0.710
  N02493               JUNCTION     0.001    0.014     0  02:03     0.00205      0.0072       5.386
  N00355               JUNCTION     0.000    0.000     0  01:00     0.00183     0.00183       0.276
  N02157               JUNCTION     0.001    0.037     0  01:40     0.00246       0.152       1.933
  N00920               JUNCTION     0.000    0.000     0  00:59     0.00107     0.00107       0.002
  N01390               JUNCTION     0.048    0.194     0  01:40       0.246       0.985       4.887
  N01098               JUNCTION     0.010    0.043     0  01:56      0.0417       0.173      53.727
  N00643               JUNCTION     0.091    0.160     0  02:01       0.517       0.901       3.232
  N01446               JUNCTION     0.377    0.379     0  01:42        2.17        2.18       1.404
  N01367               JUNCTION     0.006    0.006     0  01:35      0.0274      0.0274       0.647
  N00380               JUNCTION     0.002    0.060     0  02:06     0.00983       0.265      52.493
  N02699               JUNCTION     0.008    0.033     0  01:46      0.0351      0.0728      88.570
  N01761               JUNCTION     0.001    0.185     0  01:41      0.0049       0.792       1.612
  N02823               JUNCTION     0.037    0.096     0  01:40       0.188       0.456       2.748
  N02604               JUNCTION     0.000    0.000     0  00:56     0.00105     0.00105      -1.006
  N00271               JUNCTION     0.000    0.000     0  01:00     0.00112     0.00112      -0.959
  N00197               JUNCTION     0.001    0.026     0  01:58     0.00196      0.0206      22.015
  N02828               JUNCTION     0.104    0.104     0  01:40       0.369       0.369       0.197
  N01560               JUNCTION     0.143    0.305     0  02:50       0.741        1.69       3.916
  N01207               JUNCTION     0.000    0.000     0  00:58     0.00105     0.00105      -0.811
  N01299               JUNCTION     0.002    0.020     0  01:39     0.00675      0.0362      11.289
  N02097               JUNCTION     0.003    0.681     0  01:41      0.0103        3.29       0.526
  N01838               JUNCTION     0.018    0.023     0  01:37      0.0771       0.104      12.161
  N00275               JUNCTION     0.001    0.001     0  01:00     0.00262     0.00262       0.912
  N00498               JUNCTION     0.155    0.159     0  02:59       0.236       0.306       5.463
  N02767               JUNCTION     0.019    0.033     0  01:38      0.0838      0.0871      21.286
  N01856               JUNCTION     0.056    0.346     0  01:41       0.194        1.99       2.248
  N02292               JUNCTION     0.003    0.032     0  01:40      0.0124       0.139       2.046
  N02016               JUNCTION     0.007    0.007     0  02:36      0.0245      0.0245      13.859
  N00273               JUNCTION     0.000    0.000     0  00:59     0.00107     0.00107      -2.419
  N00022               JUNCTION     0.143    0.143     0  02:00        0.79        0.79       0.494
  N01584               JUNCTION     0.058    0.058     0  02:47       0.295       0.297      12.137
  N01166               JUNCTION     0.000    0.000     0  00:57     0.00107     0.00107      -0.273
  N00396               JUNCTION     0.028    0.028     0  01:40       0.129       0.129       0.565
  N02629               JUNCTION     0.117    0.118     0  01:40       0.515       0.521       0.872
  N00200               JUNCTION     0.000    0.202     0  01:22     0.00154       0.166      51.532
  N02685               JUNCTION     0.002    0.002     0  01:00     0.00827     0.00827      -1.193
  N01021               JUNCTION     0.000    0.000     0  00:59     0.00171     0.00171       1.052
  N01843               JUNCTION     0.000    0.000     0  00:59     0.00106     0.00106      -0.655
  N01412               JUNCTION     0.036    0.065     0  01:40       0.181        0.31       1.875
  N00852               JUNCTION     0.000    0.003     0  01:00     0.00242      0.0127       0.092
  N00592               JUNCTION     0.491    0.492     0  02:08        2.57        2.58       3.413
  N00851               JUNCTION     0.005    0.330     0  01:43      0.0149        1.47       1.908
  N02567               JUNCTION     0.490    0.813     0  02:49        2.27        4.04       3.913
  N02650               JUNCTION     0.282    0.638     0  01:44         1.4        3.21       2.112
  N00384               JUNCTION     0.001    0.231     0  02:02     0.00463        1.23       4.874
  N00126               JUNCTION     0.057    0.057     0  02:44       0.323       0.323       5.714
  N01655               JUNCTION    -0.286    0.291     0  01:47      -0.744         1.1       1.080
  N01799               JUNCTION     0.007    0.245     0  01:42      0.0289        1.27       0.961
  N01543               JUNCTION     0.000    0.000     0  00:58     0.00189     0.00189       0.319
  N00249               JUNCTION     0.113    0.113     0  02:01       0.636       0.636       2.095
  N01009               JUNCTION     0.095    0.103     0  02:12       0.418       0.469       4.245
  N02149               JUNCTION     0.001    0.001     0  01:00     0.00426     0.00426      -0.898
  N02034               JUNCTION     0.000    0.000     0  01:00    0.000836    0.000836      -2.644
  N01365               JUNCTION     0.001    0.004     0  01:35     0.00289       0.016       1.307
  N02436               JUNCTION     0.000    0.000     0  01:00     0.00108     0.00108      -1.530
  N00267               JUNCTION     0.099    0.100     0  01:41         0.5       0.505       9.366
  N00590               JUNCTION     0.000    0.001     0  01:00     0.00233      0.0057       0.436
  N01964               JUNCTION     0.006    0.015     0  01:40      0.0169      0.0529       0.925
  N02246               JUNCTION     0.002    0.007     0  01:40     0.00813      0.0244       1.432
  N01440               JUNCTION     0.006    0.039     0  01:40      0.0217       0.171      12.749
  N01792               JUNCTION     0.020    0.020     0  01:40      0.0774      0.0774       0.094
  N00965               JUNCTION     0.000    0.000     0  00:57    0.000891    0.000891      -6.751
  N01298               JUNCTION     0.001    0.001     0  01:00     0.00415     0.00415      -0.153
  N01915               JUNCTION     0.000    0.000     0  01:00     0.00207     0.00207      -1.641
  N02179               JUNCTION     0.013    0.013     0  01:40      0.0744      0.0744       2.086
  N00687               JUNCTION     0.146    0.146     0  02:59       0.698       0.698       2.664
  N00745               JUNCTION     0.002    0.003     0  01:00     0.00729     0.00959      -0.595
  N02092               JUNCTION     0.004    0.005     0  01:00      0.0171      0.0191       4.808
  N00405               JUNCTION     0.000    0.023     0  02:09     0.00113      0.0634     268.579
  N01657               JUNCTION     0.371    3.101     0  02:59        1.81        18.4       1.788
  N02688               JUNCTION     0.000    0.000     0  01:00    0.000845    0.000845      15.810
  N01436               JUNCTION     0.007    0.007     0  01:00      0.0274      0.0284       0.732
  N02804               JUNCTION     0.000    0.000     0  00:58     0.00189     0.00189       0.465
  N00212               JUNCTION     0.000    0.000     0  01:00      0.0008      0.0008      -4.094
  N02618               JUNCTION     0.001    0.007     0  01:26     0.00504      0.0108      52.315
  N00496               JUNCTION     0.096    1.312     0  02:13       0.354        5.94       4.744
  N02310               JUNCTION     0.000    0.000     0  00:58     0.00225     0.00225       0.607
  N01861               JUNCTION     0.490    0.490     0  01:48        2.16        2.16       0.656
  N01645               JUNCTION     0.002    0.112     0  01:40     0.00486       0.473       0.596
  N00567               JUNCTION     0.002    0.119     0  01:40     0.00755       0.504       0.376
  N01937               JUNCTION     0.000    0.000     0  00:59     0.00108     0.00108      -0.819
  N00377               JUNCTION     0.002    0.002     0  01:00     0.00651     0.00651      -0.643
  N01508               JUNCTION     0.000    0.000     0  01:00      0.0011      0.0011      -0.579
  N02444               JUNCTION     0.023    0.838     0  02:08       0.102         4.5       3.104
  N00610               JUNCTION     0.000    0.006     0  01:40     0.00188      0.0282       2.227
  N02067               JUNCTION     0.001    0.001     0  01:34     0.00356     0.00356       0.081
  N01943               JUNCTION     0.043    0.060     0  02:03       0.168        0.25       1.673
  N00834               JUNCTION     0.036    0.036     0  01:40       0.133       0.133       0.912
  N00703               JUNCTION     0.001    0.029     0  01:40      0.0046       0.127       2.285
  N01814               JUNCTION     0.001    0.041     0  01:41      0.0025      0.0982       2.815
  N00097               JUNCTION     0.035    0.511     0  01:40       0.134        2.47       0.822
  N01606               JUNCTION     0.002    0.002     0  02:00     0.00761     0.00761       0.989
  N00596               JUNCTION     0.001    0.001     0  01:00     0.00308     0.00308      -0.286
  N00919               JUNCTION     0.017    0.017     0  01:35      0.0696      0.0696       0.092
  N01316               JUNCTION     0.003    0.198     0  01:39      0.0129       0.866       0.406
  N02694               JUNCTION     0.000    0.000     0  01:58     0.00149     0.00149      -0.067
  N02371               JUNCTION     0.001    0.001     0  01:35     0.00447     0.00447      -0.870
  N01918               JUNCTION     0.027    0.030     0  01:38       0.106       0.116       0.677
  N01215               JUNCTION     0.007    0.009     0  01:39      0.0276      0.0377       1.034
  N00877               JUNCTION     0.061    0.272     0  02:06       0.314        1.53       5.868
  N01578               JUNCTION     0.001    0.001     0  01:00     0.00178     0.00178       5.439
  N02687               JUNCTION     0.836    1.896     0  02:06        3.23        9.52       1.791
  N00413               JUNCTION     0.003    0.003     0  01:00      0.0107      0.0107       0.001
  N00423               JUNCTION     0.000    0.000     0  01:35     0.00173     0.00173       0.848
  N01974               JUNCTION     0.069    0.069     0  01:40       0.284       0.284       0.559
  N00600               JUNCTION     0.001    0.082     0  01:40     0.00356       0.356       0.873
  N01926               JUNCTION     0.001    0.241     0  02:03     0.00454        1.18       3.079
  N00710               JUNCTION     0.006    0.391     0  01:42      0.0238        2.04       0.682
  N02626               JUNCTION     0.000    0.061     0  01:40     0.00106       0.246       1.054
  N02499               JUNCTION     0.014    0.014     0  01:36       0.059       0.059      -0.024
  N01729               JUNCTION     0.001    0.030     0  01:41     0.00348      0.0904      15.724
  N02463               JUNCTION     0.001    0.001     0  01:00     0.00199     0.00199      -1.397
  N02021               JUNCTION     0.009    0.009     0  01:40      0.0399      0.0399       0.811
  N00828               JUNCTION     0.023    0.031     0  01:36      0.0985       0.137       0.356
  N02317               JUNCTION     0.023    0.023     0  02:06      0.0992       0.108      11.403
  N00493               JUNCTION     0.509    1.310     0  01:56       0.968        4.31       4.162
  N01000               JUNCTION     0.001    0.001     0  01:00     0.00347     0.00347       0.482
  N02373               JUNCTION     0.001    0.001     0  01:00     0.00412     0.00412      -0.549
  N02424               JUNCTION     0.001    0.001     0  01:00      0.0034      0.0034      -0.072
  N00676               JUNCTION     0.045    0.045     0  02:47       0.193       0.196       7.503
  N00065               JUNCTION     0.002    0.010     0  01:36     0.00796      0.0129      49.375
  N00974               JUNCTION     0.016    0.016     0  01:36      0.0681      0.0681       0.479
  N00706               JUNCTION     0.000    0.000     0  01:58     0.00106     0.00106       4.739
  N02052               JUNCTION     0.135    0.135     0  01:40       0.494       0.494       0.495
  N00549               JUNCTION     0.001    0.002     0  01:35      0.0023     0.00788       1.303
  N00587               JUNCTION     0.002    0.004     0  01:35      0.0061       0.019       2.236
  N00177               JUNCTION     0.001    0.282     0  01:47     0.00187        1.21       3.600
  N01615               JUNCTION     0.002    0.067     0  02:02     0.00671       0.386      15.988
  N00990               JUNCTION     0.000    0.000     0  00:57     0.00106     0.00106      -0.356
  N00375               JUNCTION     0.000    0.000     0  01:00     0.00193     0.00193       0.820
  N00206               JUNCTION     0.013    0.399     0  01:53      0.0516        1.83       4.518
  N02470               JUNCTION     0.171    0.171     0  01:41       0.941       0.941       0.523
  N00253               JUNCTION     0.005    0.013     0  01:39      0.0221      0.0286     101.973
  N01462               JUNCTION     0.002    0.002     0  01:35     0.00817     0.00817       0.127
  N01496               JUNCTION     0.000    0.000     0  00:57     0.00189     0.00189       0.559
  N01696               JUNCTION     0.000    0.071     0  02:33     0.00118      0.0261     638.912
  N02599               JUNCTION     0.000    0.006     0  01:40      0.0018      0.0308       8.216
  N01374               JUNCTION     0.001    0.758     0  01:52     0.00288        3.63       1.065
  N01916               JUNCTION     0.011    0.011     0  02:00      0.0494      0.0522      17.982
  N01090               JUNCTION     0.000    0.000     0  01:00     0.00146     0.00146      -0.335
  N00818               JUNCTION     0.001    0.001     0  01:00      0.0034     0.00567       1.448
  N01842               JUNCTION     0.003    0.003     0  01:00      0.0112      0.0112       0.018
  N02411               JUNCTION     0.000    0.000     0  00:49     0.00102     0.00102      22.464
  N01643               JUNCTION     0.089    0.089     0  02:54       0.359       0.361       3.833
  N00482               JUNCTION     0.003    0.218     0  01:43      0.0119       0.949       1.809
  N01752               JUNCTION     0.001    0.001     0  01:00     0.00213     0.00213       0.575
  N00603               JUNCTION     0.001    0.001     0  01:34     0.00415     0.00415       0.627
  N01830               JUNCTION     0.002    0.002     0  01:35     0.00614     0.00614       0.244
  N01211               JUNCTION     0.006    0.006     0  01:01      0.0242      0.0253       4.505
  N00283               JUNCTION    -0.439    1.724     0  02:05       -1.63        7.47       1.176
  N01514               JUNCTION     0.000    0.000     0  01:34     0.00107     0.00107      -0.449
  N00911               JUNCTION     0.034    0.034     0  02:59       0.151       0.152       1.730
  N01809               JUNCTION     0.061    1.059     0  01:45       0.309        5.65       2.422
  N00720               JUNCTION     0.001    0.019     0  01:39     0.00439      0.0786       4.485
  N02426               JUNCTION     0.002    0.002     0  01:00     0.00662     0.00662      -0.222
  N00631               JUNCTION     0.000    0.000     0  01:00     0.00161     0.00161      -0.450
  N01808               JUNCTION     0.152    0.717     0  01:44       0.682        3.85       1.669
  N00964               JUNCTION     0.068    0.068     0  02:59       0.332       0.339      31.972
  N02609               JUNCTION     0.000    0.002     0  01:00     0.00169     0.00939       0.566
  N02204               JUNCTION     0.000    0.000     0  01:34     0.00141     0.00141      -0.992
  N00672               JUNCTION     0.020    0.035     0  01:40      0.0904       0.167       3.150
  N00988               JUNCTION     0.001    0.001     0  01:00       0.004       0.004       7.191
  N00255               JUNCTION     0.000    0.000     0  01:00      0.0019      0.0019       0.691
  N01472               JUNCTION     0.013    0.013     0  01:40      0.0663      0.0663       6.005
  N00918               JUNCTION     0.000    0.000     0  00:58     0.00107     0.00214      -0.167
  N01350               JUNCTION     0.002    0.013     0  01:40     0.00961      0.0515       5.130
  N02485               JUNCTION     0.063    0.410     0  02:46       0.364        1.97       5.311
  N00776               JUNCTION     0.025    0.025     0  01:40      0.0791      0.0791       1.177
  N02487               JUNCTION     0.256    0.262     0  02:37        1.09        1.11       4.258
  N01325               JUNCTION     0.072    0.331     0  01:42       0.373        1.56       1.418
  N01872               JUNCTION     0.000    0.000     0  00:59     0.00144     0.00144      -2.165
  N01608               JUNCTION     0.002    0.003     0  01:00     0.00891      0.0114       1.153
  N02035               JUNCTION     0.001    0.001     0  01:00      0.0028      0.0028      -0.677
  N01865               JUNCTION     0.000    0.335     0  01:42     0.00105        1.21       1.790
  N02714               JUNCTION     0.058    0.112     0  01:40       0.277       0.543       3.355
  N02330               JUNCTION     0.178    0.178     0  02:49        0.83       0.831       9.318
  N01422               JUNCTION     0.001    0.001     0  01:00     0.00262     0.00262      -1.746
  N00434               JUNCTION     0.000    0.005     0  01:43     0.00157      0.0242       3.776
  N00098               JUNCTION     0.058    0.058     0  01:40       0.269       0.269       0.372
  N01718               JUNCTION     0.006    0.006     0  01:35       0.023      0.0261       2.515
  N00238               JUNCTION     0.000    0.000     0  00:59     0.00107     0.00107      -4.426
  N01822               JUNCTION     0.005    0.007     0  01:40      0.0215      0.0277       2.679
  N01688               JUNCTION     0.001    0.001     0  01:34     0.00512     0.00593       1.143
  N01819               JUNCTION     0.048    0.048     0  01:39         0.2         0.2       0.256
  N01420               JUNCTION     0.003    0.009     0  01:00      0.0122       0.034       0.183
  N00639               JUNCTION     0.013    0.013     0  01:35      0.0471      0.0471      -0.115
  N02023               JUNCTION     0.004    0.004     0  01:38      0.0196      0.0196       9.792
  N01701               JUNCTION     0.000    0.000     0  00:59     0.00108     0.00108      -5.662
  N00172               JUNCTION     0.028    0.031     0  01:20        0.17       0.175      32.348
  N00360               JUNCTION     0.000    0.000     0  01:34     0.00154     0.00154      -1.259
  N00695               JUNCTION     0.010    0.067     0  01:37      0.0354       0.261       0.357
  N00649               JUNCTION     0.001    0.001     0  01:00     0.00277     0.00277      -1.314
  N01906               JUNCTION     0.047    0.047     0  01:40       0.221       0.221       0.947
  N01500               JUNCTION     0.001    0.001     0  01:35     0.00299     0.00299       0.163
  N01741               JUNCTION     0.000    0.028     0  01:39     0.00109      0.0645      53.375
  N02612               JUNCTION     0.002    0.002     0  01:00     0.00757     0.00757      -0.382
  N00609               JUNCTION     0.005    0.005     0  01:38      0.0223      0.0235       1.763
  N01743               JUNCTION     0.004    0.008     0  01:40      0.0153       0.035      11.381
  N02036               JUNCTION     0.085    0.085     0  01:40       0.381       0.381       1.957
  N01580               JUNCTION     0.000    0.000     0  02:00     0.00137     0.00137       5.583
  N01408               JUNCTION     0.000    0.269     0  01:41     0.00197        1.01       0.778
  N00002               JUNCTION     0.001    0.001     0  01:35     0.00361     0.00361       4.094
  N02029               JUNCTION     0.001    0.001     0  01:00     0.00283     0.00467       0.351
  N00545               JUNCTION     0.001    0.001     0  01:35     0.00319     0.00319      -0.101
  N00795               JUNCTION     0.090    0.095     0  02:59       0.253        0.33      40.133
  N00237               JUNCTION     0.162    0.309     0  02:06       0.754         1.9       3.483
  N00924               JUNCTION     0.003    0.008     0  01:37     0.00962      0.0346       0.825
  N00347               JUNCTION     0.080    0.080     0  02:44       0.417       0.417       1.956
  N01637               JUNCTION     0.096    0.329     0  02:08       0.539        1.81       4.813
  N01585               JUNCTION     0.000    0.637     0  01:40     0.00183        2.57       0.356
  N01902               JUNCTION     0.000    0.000     0  00:59     0.00111     0.00111      -1.330
  N00543               JUNCTION     0.690    1.070     0  02:23        3.03        4.89       1.566
  N02640               JUNCTION     0.001    0.622     0  02:03     0.00345         3.1       1.587
  N02407               JUNCTION     0.001    0.001     0  01:00      0.0043      0.0043      -0.051
  N02178               JUNCTION     0.023    0.023     0  02:45       0.123       0.124       9.732
  N01922               JUNCTION     0.046    0.046     0  01:38       0.169       0.169       0.212
  N00270               JUNCTION     0.017    0.018     0  01:00      0.0733      0.0775       0.937
  N01069               JUNCTION     0.000    0.243     0  01:56     0.00127       0.196      53.694
  N00404               JUNCTION     0.169    0.169     0  02:54       0.771       0.771       2.456
  N02123               JUNCTION     0.123    0.123     0  02:01       0.656       0.656       2.477
  N00538               JUNCTION     0.000    0.000     0  00:59     0.00188     0.00188       0.906
  N00218               JUNCTION     0.000    0.000     0  01:29    0.000778    0.000778      -5.061
  N01617               JUNCTION     0.181    0.183     0  02:45       0.939       0.948       2.379
  N02015               JUNCTION     0.001    0.001     0  01:00     0.00194     0.00194      -0.341
  N00012               JUNCTION     0.000    0.002     0  02:06     0.00106     0.00225      -1.230
  N01329               JUNCTION     0.332    0.509     0  02:02        1.45         2.6       4.219
  N01787               JUNCTION     0.000    0.074     0  02:37     0.00136       0.021     112.733
  N01656               JUNCTION    -0.309    2.717     0  01:47      -0.796        15.4       1.330
  N00040               JUNCTION     0.001    0.012     0  01:29      0.0021      0.0147     139.022
  N00176               JUNCTION     0.274    0.417     0  01:58        1.08        2.25       4.851
  N02510               JUNCTION     0.001    0.001     0  01:38     0.00542     0.00542      16.226
  N02138               JUNCTION     0.014    0.017     0  01:36      0.0478      0.0605       0.718
  N01241               JUNCTION     0.213    0.375     0  01:44       0.685        1.63       0.819
  N02285               JUNCTION     0.000    0.000     0  01:58     0.00105     0.00105      -1.550
  N00630               JUNCTION     0.082    0.082     0  02:01       0.466       0.466       0.871
  N00800               JUNCTION     0.014    0.019     0  02:00       0.057      0.0838       2.461
  N02814               JUNCTION     0.005    0.077     0  02:48      0.0196       0.377       1.831
  N02832               JUNCTION     0.001    0.001     0  02:00     0.00273     0.00273       0.063
  N01551               JUNCTION     0.004    0.019     0  01:30     0.00516      0.0188     156.885
  N01684               JUNCTION     0.001    0.014     0  01:40     0.00336      0.0493      11.124
  N02569               JUNCTION     0.006    0.006     0  01:40      0.0189      0.0189       2.024
  N00394               JUNCTION     0.022    0.022     0  01:40      0.0812      0.0812       0.288
  N00240               JUNCTION     0.053    0.062     0  01:40       0.308       0.356       4.536
  N00722               JUNCTION     0.001    0.388     0  01:41     0.00391        2.04       1.275
  N00906               JUNCTION     0.000    0.000     0  01:00     0.00115     0.00115      -3.680
  N01080               JUNCTION     0.001    0.019     0  01:39     0.00316      0.0864       3.616
  N00999               JUNCTION     0.045    0.045     0  01:40       0.143       0.143       0.837
  N02483               JUNCTION     0.005    0.016     0  02:01      0.0253      0.0766       9.196
  N01026               JUNCTION     0.000    0.918     0  01:43     0.00105        4.21       0.683
  N00536               JUNCTION     0.001    0.001     0  01:00     0.00258     0.00258      -0.922
  N01254               JUNCTION     0.066    0.132     0  02:23        0.34       0.687       6.610
  N00700               JUNCTION     0.000    0.000     0  01:58     0.00106     0.00106       0.697
  N00063               JUNCTION     0.000    0.001     0  01:40     0.00146     0.00493       2.617
  N02705               JUNCTION     0.008    0.714     0  02:59      0.0215        3.17       3.136
  N02840               JUNCTION     0.001    0.003     0  01:00     0.00556     0.00986       1.902
  N00778               JUNCTION     0.034    0.714     0  01:42       0.182        2.92       0.327
  N02677               JUNCTION     0.075    0.075     0  01:38       0.322       0.322       1.206
  N01860               JUNCTION     0.003    0.490     0  01:51       0.013        2.14       0.479
  N00217               JUNCTION     0.201    0.201     0  02:54        1.02        1.02      13.231
  N01297               JUNCTION     0.000    0.003     0  01:36      0.0012      0.0148       2.394
  N02252               JUNCTION     0.006    0.006     0  01:40      0.0166      0.0166       2.198
  N02176               JUNCTION     0.007    0.007     0  02:43      0.0314      0.0319      81.301
  N01278               JUNCTION     0.134    0.134     0  02:01       0.741       0.743       1.389
  N01904               JUNCTION     0.008    0.024     0  01:40       0.035       0.101       1.368
  N00247               JUNCTION     0.210    0.210     0  02:47       0.961       0.961       0.877
  N02261               JUNCTION     0.004    1.279     0  01:47       0.016        4.82       1.794
  N01111               JUNCTION     0.013    0.013     0  01:35      0.0495      0.0495       0.199
  N02721               JUNCTION     0.002    0.336     0  01:43     0.00786        1.72       3.724
  N02381               JUNCTION     0.030    0.030     0  01:40       0.152       0.152       1.148
  N01726               JUNCTION     0.007    0.009     0  01:13      0.0282      0.0354      65.160
  N02787               JUNCTION     0.075    0.292     0  02:01        0.34        1.26       3.669
  N00241               JUNCTION     0.121    0.163     0  02:04       0.656       0.923       5.632
  N01133               JUNCTION     0.000    0.000     0  00:56     0.00185     0.00185       0.677
  N01456               JUNCTION     0.153    0.211     0  02:23       0.762       0.993       8.039
  N02833               JUNCTION     0.000    0.000     0  00:58     0.00161     0.00161      -0.165
  N01305               JUNCTION     0.001    0.001     0  01:00     0.00374     0.00374      -0.109
  N00132               JUNCTION     0.000    0.000     0  00:57     0.00109     0.00109      -2.121
  N01762               JUNCTION     0.010    0.177     0  01:40       0.033       0.595       1.978
  N01742               JUNCTION     0.006    0.015     0  01:26      0.0195      0.0297      51.305
  N01101               JUNCTION     0.020    0.063     0  01:58        0.02       0.297      37.240
  N01733               JUNCTION     0.006    0.010     0  01:47      0.0258      0.0305       3.496
  N02667               JUNCTION     0.097    0.097     0  02:03       0.405       0.405       1.189
  N01537               JUNCTION     0.002    0.060     0  01:39     0.00804       0.265       0.756
  N00975               JUNCTION     0.000    0.012     0  01:49     0.00133     0.00577      -0.815
  N01478               JUNCTION     0.000    0.000     0  01:00     0.00167     0.00167      -2.719
  N00779               JUNCTION     0.015    0.431     0  01:41      0.0604        1.88       0.210
  N02134               JUNCTION     0.002    0.003     0  01:00     0.00589      0.0113       0.368
  N00900               JUNCTION     0.003    0.347     0  01:43      0.0118        1.73       2.941
  N02370               JUNCTION     0.048    0.049     0  01:40       0.182       0.186       1.664
  N02513               JUNCTION     0.419    0.419     0  02:18       0.859       0.859       0.595
  N02409               JUNCTION     0.018    0.018     0  01:36      0.0772      0.0783       0.181
  N01279               JUNCTION     0.001    0.003     0  01:35     0.00226     0.00713      14.508
  N02710               JUNCTION     0.213    0.214     0  02:32       0.937       0.962      31.538
  N02502               JUNCTION     0.000    0.287     0  01:43     0.00232        1.24       2.311
  N02730               JUNCTION     0.000    0.000     0  00:59     0.00171     0.00171      -1.885
  N01081               JUNCTION     0.119    0.119     0  01:39       0.539       0.539       2.951
  N00266               JUNCTION     0.139    0.324     0  01:40        0.72        1.68       4.378
  N01903               JUNCTION     0.002    0.078     0  01:40     0.00471       0.309       1.495
  N02655               JUNCTION     0.003    0.629     0  01:45      0.0174        3.16       1.838
  N00876               JUNCTION     0.001    0.958     0  02:02     0.00372        4.67       1.061
  N02835               JUNCTION     0.001    0.083     0  01:39     0.00303        0.37       2.958
  N01204               JUNCTION     0.195    0.204     0  02:46         1.1        1.21       3.370
  N00422               JUNCTION     0.000    0.002     0  01:41     0.00201     0.00272       3.454
  N01129               JUNCTION     0.063    0.063     0  02:47       0.343       0.345       8.798
  N01790               JUNCTION     0.009    0.009     0  01:40      0.0463      0.0463       0.288
  N02024               JUNCTION     0.000    0.388     0  02:25     0.00226        1.85       2.574
  N02538               JUNCTION     0.000    0.000     0  01:35     0.00108     0.00108      -0.920
  N01852               JUNCTION     0.000    0.000     0  01:00     0.00133     0.00133       0.014
  N02368               JUNCTION     0.012    0.013     0  01:35      0.0468      0.0513      14.196
  N00264               JUNCTION     0.001    0.001     0  01:00     0.00575     0.00575      -0.635
  N01921               JUNCTION     0.000    0.000     0  01:34     0.00192     0.00192       0.293
  N01949               JUNCTION     0.009    0.021     0  02:54      0.0384      0.0461      14.438
  N01467               JUNCTION     0.003    0.008     0  01:36     0.00791      0.0259     677.558
  N01130               JUNCTION     0.079    0.079     0  02:59       0.368        0.37       4.060
  N01209               JUNCTION     0.003    0.003     0  01:35      0.0127      0.0127       0.082
  N02535               JUNCTION     0.044    0.058     0  01:40       0.139       0.192       1.287
  N02103               JUNCTION     0.013    0.013     0  01:40      0.0622       0.064       1.345
  N00654               JUNCTION     0.001    0.058     0  01:40     0.00178       0.333       1.893
  N02627               JUNCTION     0.144    0.205     0  01:40        0.64       0.883       1.301
  N00903               JUNCTION     0.063    0.229     0  02:45       0.326        1.09       5.707
  N00945               JUNCTION     0.000    0.001     0  01:40    0.000763     0.00355       0.198
  N01892               JUNCTION     0.024    0.025     0  02:00      0.0922      0.0968       3.823
  N00074               JUNCTION     0.002    0.014     0  01:39     0.00917      0.0599       1.561
  N02529               JUNCTION     0.009    0.058     0  01:36      0.0405       0.226       0.272
  N01885               JUNCTION     0.001    0.001     0  01:35     0.00322     0.00322      -0.180
  N01989               JUNCTION     0.001    0.026     0  02:04     0.00194       0.103       0.809
  N01259               JUNCTION     0.019    0.020     0  02:09      0.0818      0.0852       8.724
  N01361               JUNCTION     0.001    0.024     0  01:49     0.00535      0.0264     310.896
  N00669               JUNCTION     0.001    0.001     0  01:38     0.00233     0.00535       0.817
  N01824               JUNCTION     0.001    0.001     0  01:34     0.00427     0.00427       0.201
  N00349               JUNCTION     0.000    0.000     0  00:58    0.000781    0.000781      -3.763
  N01315               JUNCTION     0.003    0.003     0  01:36     0.00921     0.00921       1.232
  N00246               JUNCTION     0.000    0.000     0  01:00     0.00101     0.00101      -2.102
  N00992               JUNCTION     0.075    0.158     0  01:40       0.312       0.664       1.332
  N02689               JUNCTION     0.002    0.925     0  01:41      0.0081        3.75       0.671
  N02268               JUNCTION     0.000    0.012     0  01:38     0.00106      0.0471       2.663
  N02646               JUNCTION     0.000    0.000     0  01:55     0.00185     0.00185      28.354
  N01970               JUNCTION     0.001    0.001     0  01:35     0.00339     0.00339      -0.051
  N01764               JUNCTION     0.001    0.006     0  00:59     0.00275      0.0141       7.849
  N00136               JUNCTION     0.000    0.000     0  01:00    0.000825    0.000825      -4.595
  N02645               JUNCTION     0.001    0.001     0  01:35      0.0038      0.0038      -1.015
  N00860               JUNCTION     0.062    0.153     0  01:38       0.216       0.448       5.399
  N02568               JUNCTION     0.000    0.580     0  02:59     0.00113        1.99       5.178
  N01285               JUNCTION     0.003    0.004     0  01:38      0.0108      0.0162       2.966
  N00436               JUNCTION     0.000    0.000     0  01:35     0.00191     0.00191      -0.148
  N02566               JUNCTION     0.001    0.247     0  02:50     0.00334        1.05      12.286
  N02146               JUNCTION     0.000    0.000     0  01:34     0.00188     0.00188       0.899
  N01835               JUNCTION     0.000    0.004     0  01:36     0.00161      0.0174       2.683
  N02829               JUNCTION     0.068    0.071     0  02:01       0.311       0.326       1.185
  N01257               JUNCTION     0.008    0.008     0  01:39      0.0259      0.0259       0.180
  N01598               JUNCTION     0.003    0.003     0  01:38      0.0153      0.0153       1.264
  N01248               JUNCTION     0.000    0.000     0  01:35     0.00117     0.00117      -4.621
  N00327               JUNCTION     0.052    0.052     0  01:40       0.201       0.201       6.413
  N00289               JUNCTION     0.188    0.188     0  01:41       0.969       0.969       0.689
  N01455               JUNCTION     0.066    0.066     0  02:13       0.255       0.272      17.995
  N01999               JUNCTION     0.303    0.303     0  02:01        1.48        1.48       2.385
  N01919               JUNCTION     0.013    0.013     0  01:38      0.0541      0.0541       0.737
  N00226               JUNCTION     0.000    0.000     0  01:00     0.00192     0.00306       5.507
  N01379               JUNCTION     0.001    0.018     0  01:40     0.00237      0.0639      12.506
  N00490               JUNCTION     0.026    0.038     0  01:40       0.103       0.157      15.080
  N01378               JUNCTION     0.001    0.001     0  01:37      0.0014      0.0014      -3.213
  N01212               JUNCTION     0.001    0.001     0  01:34     0.00278     0.00372       0.050
  N00314               JUNCTION     0.000    0.000     0  01:58     0.00106     0.00106      -0.247
  N00139               JUNCTION     0.006    0.006     0  01:35      0.0233      0.0233      -0.191
  N02173               JUNCTION     0.003    0.003     0  01:00      0.0118      0.0118       0.544
  N02390               JUNCTION     0.002    0.005     0  01:04     0.00659        0.01      28.820
  N02059               JUNCTION     0.003    0.006     0  01:36      0.0124      0.0281       2.302
  N01434               JUNCTION     0.000    0.000     0  01:00    0.000513    0.000513      -0.853
  N01798               JUNCTION     0.141    0.384     0  01:42        0.62        1.89       1.990
  N00796               JUNCTION     0.026    0.026     0  01:40       0.162       0.162      10.280
  N01951               JUNCTION    -0.208    1.796     0  02:35     -0.0972        8.38       2.745
  N02522               JUNCTION     0.000    0.002     0  01:39     0.00106     0.00857      18.560
  N00015               JUNCTION     0.006    0.006     0  01:00      0.0193      0.0193       5.650
  N00285               JUNCTION     0.001    0.016     0  01:41     0.00385      0.0108       2.353
  N00675               JUNCTION     0.001    0.001     0  00:57     0.00217     0.00217      -1.402
  N00458               JUNCTION     0.002    0.084     0  01:43      0.0074       0.371       1.601
  N00689               JUNCTION     0.003    0.005     0  01:40      0.0119      0.0195       2.660
  N00987               JUNCTION     0.035    0.035     0  01:40       0.159       0.159       0.577
  N01555               JUNCTION     0.001    1.124     0  02:19      0.0021        5.05       1.901
  N00341               JUNCTION     0.009    0.015     0  01:45      0.0445      0.0506      32.989
  N00996               JUNCTION     0.000    0.043     0  01:42     0.00123       0.145       2.413
  N01146               JUNCTION     0.003    0.005     0  01:00      0.0104      0.0219       7.652
  N02414               JUNCTION     0.025    0.026     0  01:36       0.103       0.106       0.679
  N00638               JUNCTION     0.001    0.001     0  01:00     0.00212     0.00402       0.045
  N02448               JUNCTION     0.000    0.001     0  01:35     0.00142     0.00591       3.401
  N01579               JUNCTION     0.001    0.001     0  01:35      0.0027     0.00439      -1.225
  N02170               JUNCTION     0.002    0.002     0  01:34     0.00914     0.00914       0.145
  N00452               JUNCTION     0.001    0.001     0  01:35     0.00303     0.00303      -0.376
  N00480               JUNCTION     0.000    0.217     0  01:44     0.00214       0.934       0.377
  N02541               JUNCTION     0.008    0.008     0  01:35      0.0329      0.0329       0.213
  N02844               JUNCTION     0.002    0.002     0  01:00     0.00482     0.00667       1.364
  N00257               JUNCTION     0.000    0.000     0  00:59     0.00223     0.00223       0.112
  N01282               JUNCTION     0.000    0.001     0  01:00     0.00214     0.00325       0.260
  N00504               JUNCTION     0.000    0.016     0  01:40      0.0022      0.0685       1.995
  N00174               JUNCTION     0.156    0.162     0  02:59       0.556       0.616      18.240
  N01402               JUNCTION     0.199    0.199     0  01:39       0.806       0.806       0.574
  N00786               JUNCTION     0.027    0.027     0  02:45       0.119       0.119       2.713
  N01601               JUNCTION     0.000    0.015     0  01:40     0.00149      0.0762       0.838
  N00371               JUNCTION     0.000    0.007     0  01:38    0.000792      0.0274       0.933
  N02496               JUNCTION     0.001    0.001     0  01:00      0.0026      0.0026      -2.345
  N02648               JUNCTION     0.000    0.056     0  01:43     0.00107       0.215       0.385
  N02082               JUNCTION     0.501    1.183     0  02:59        2.19        6.31       2.311
  N00773               JUNCTION     0.000    0.000     0  01:00     0.00161     0.00161      -0.801
  N02692               JUNCTION     0.381    0.417     0  01:41        1.58        1.73       1.047
  N01895               JUNCTION     0.000    0.000     0  00:55     0.00106     0.00106      -1.112
  N00914               JUNCTION     0.005    0.006     0  01:40      0.0168      0.0217       0.931
  N01216               JUNCTION     0.000    0.000     0  00:59     0.00106     0.00106      -2.033
  N01817               JUNCTION     0.001    0.001     0  01:00     0.00402     0.00402      -0.545
  N01548               JUNCTION     0.058    0.059     0  02:45       0.335       0.341      12.509
  N01314               JUNCTION     0.000    0.000     0  01:40     0.00192     0.00192       0.343
  N01540               JUNCTION     0.042    0.042     0  01:39       0.189       0.189       5.431
  N01653               JUNCTION     0.030    0.030     0  02:59       0.152       0.155      18.072
  N00228               JUNCTION     0.017    0.022     0  01:37      0.0937      0.0991      35.167
  N00338               JUNCTION     0.051    0.051     0  02:02       0.279       0.279       2.713
  N01845               JUNCTION     0.005    0.005     0  01:35      0.0202      0.0202       0.799
  N00151               JUNCTION     0.009    0.009     0  01:38      0.0396      0.0396       1.729
  N00386               JUNCTION     0.002    0.002     0  01:35     0.00778     0.00778      -0.312
  N01001               JUNCTION     0.002    0.002     0  01:35     0.00712      0.0106       0.532
  N00019               JUNCTION     0.002    0.038     0  01:36     0.00782        0.16       8.068
  N01288               JUNCTION     0.002    0.934     0  01:33      0.0117        4.19       5.681
  N01791               JUNCTION     0.263    0.263     0  02:59       0.474       0.498      10.833
  N02406               JUNCTION     0.006    0.007     0  01:40       0.021      0.0271       2.167
  N00181               JUNCTION     0.093    0.094     0  02:02       0.485       0.491       8.263
  N01751               JUNCTION     0.128    0.128     0  01:39        0.56       0.562       1.244
  N01992               JUNCTION     0.001    0.001     0  01:00     0.00393     0.00393      -0.109
  N02391               JUNCTION     0.001    0.001     0  01:35     0.00227     0.00227      -1.072
  N02800               JUNCTION     0.171    1.514     0  02:47       0.733        7.17       2.535
  N00003               JUNCTION     0.001    0.001     0  01:00     0.00166     0.00166      -1.959
  N00923               JUNCTION     0.000    0.003     0  01:00     0.00146       0.011      15.773
  N01871               JUNCTION     0.005    0.040     0  02:19      0.0136      0.0394     103.747
  N02749               JUNCTION     0.000    0.000     0  01:32     0.00108     0.00108      -0.902
  N01777               JUNCTION     0.000    0.000     0  01:34     0.00107     0.00107      -3.851
  N00500               JUNCTION     0.487    1.011     0  02:13         2.4        5.13       2.277
  N02774               JUNCTION     0.186    0.208     0  02:41       0.945        1.18       3.446
  N02177               JUNCTION     0.001    0.004     0  01:06     0.00337     0.00794     179.916
  N00344               JUNCTION     0.000    0.000     0  00:54    0.000746    0.000746      -4.356
  N00276               JUNCTION     0.064    0.064     0  02:44       0.362       0.362       5.452
  N01935               JUNCTION     0.055    0.064     0  01:40       0.222       0.255       4.075
  N01459               JUNCTION     0.155    0.155     0  01:40       0.612       0.612       0.495
  N01006               JUNCTION     0.007    0.007     0  01:36      0.0267      0.0286       0.884
  N01715               JUNCTION     0.114    0.339     0  02:05       0.612        1.79       4.092
  N02262               JUNCTION     0.005    0.544     0  01:44      0.0215        1.73       0.848
  N02812               JUNCTION     0.001    0.013     0  01:38     0.00234      0.0239    1547.881
  N01092               JUNCTION     0.000    0.000     0  00:49     0.00104     0.00104      -0.576
  N00437               JUNCTION     0.000    0.000     0  01:36     0.00185     0.00326       1.702
  N02293               JUNCTION     0.001    0.003     0  01:00     0.00135      0.0101       0.462
  N01683               JUNCTION     0.013    0.013     0  01:39      0.0471      0.0471       2.579
  N00342               JUNCTION     0.001    0.095     0  01:40      0.0033       0.458       5.343
  N02216               JUNCTION     0.000    0.000     0  01:36     0.00106     0.00106      -0.196
  N01727               JUNCTION     0.085    0.090     0  02:05       0.456       0.477       5.274
  N00853               JUNCTION     0.067    0.126     0  01:41       0.361       0.604       0.537
  N01725               JUNCTION     0.000    0.000     0  01:58     0.00184     0.00184       0.217
  N02263               JUNCTION     0.106    0.548     0  01:44       0.268        1.73       1.020
  N02090               JUNCTION     0.153    1.169     0  02:35       0.765        5.46       3.123
  N00023               JUNCTION     0.001    0.001     0  01:00     0.00216     0.00216      -0.367
  N00890               JUNCTION     0.089    0.089     0  02:47       0.418       0.419      13.749
  N00784               JUNCTION     0.001    0.034     0  01:41     0.00314       0.174       1.788
  N01948               JUNCTION     0.001    0.001     0  01:00     0.00314     0.00314      -1.050
  N02785               JUNCTION     0.001    0.105     0  01:40     0.00339       0.456       2.328
  N00952               JUNCTION     0.002    0.003     0  01:35     0.00814      0.0154       0.088
  N02118               JUNCTION     0.005    0.008     0  01:00      0.0183      0.0296       3.534
  N02671               JUNCTION     0.003    0.003     0  01:00     0.00936     0.00936       0.000
  N01749               JUNCTION     0.000    0.000     0  01:00     0.00235     0.00235       0.027
  N02631               JUNCTION     0.153    0.197     0  01:48       0.465       0.706       5.811
  N01618               JUNCTION     0.075    0.075     0  02:47       0.284       0.298      32.062
  N02484               JUNCTION     0.090    0.090     0  02:49        0.28       0.282       7.370
  N02605               JUNCTION     0.184    0.384     0  02:08        0.92        1.88       2.624
  N01527               JUNCTION     0.013    0.013     0  01:40       0.026      0.0261       0.260
  N00905               JUNCTION     0.000    0.009     0  02:00     0.00137      0.0123     106.148
  N00820               JUNCTION     0.000    0.013     0  01:39     0.00168      0.0544       0.566
  N01755               JUNCTION     0.001    0.001     0  01:34     0.00457     0.00457       1.396
  N01900               JUNCTION     0.003    0.083     0  01:37      0.0119       0.358       0.260
  N01720               JUNCTION     0.003    0.003     0  01:35     0.00985      0.0112       4.309
  N01355               JUNCTION     0.095    0.314     0  02:12       0.497        1.69       2.250
  N02504               JUNCTION     0.072    0.184     0  01:40       0.369       0.816       2.532
  N01766               JUNCTION     0.094    0.094     0  02:02       0.487       0.487       1.886
  N00774               JUNCTION     0.000    0.000     0  01:58     0.00105     0.00105      -3.340
  N00813               JUNCTION     0.002    0.206     0  01:41     0.00576       0.877       0.502
  N02256               JUNCTION     0.000    0.000     0  01:00     0.00205     0.00205       0.137
  N00907               JUNCTION     0.141    0.141     0  02:47       0.671       0.672       9.228
  N00962               JUNCTION     0.002    0.016     0  01:41     0.00858      0.0191     190.881
  N00138               JUNCTION     0.000    0.000     0  01:00      0.0013      0.0013      -3.236
  N02048               JUNCTION     0.004    0.045     0  01:38       0.017       0.188       0.826
  N01024               JUNCTION     0.001    0.001     0  00:59     0.00361     0.00361      15.283
  N02755               JUNCTION     0.001    0.001     0  01:00     0.00261     0.00261      -0.332
  N01488               JUNCTION     0.186    0.375     0  02:47       0.901        2.03       3.781
  N01394               JUNCTION     0.000    0.193     0  01:40     0.00148       0.777       0.135
  N01739               JUNCTION     0.085    0.088     0  02:09       0.446       0.476       6.315
  N01934               JUNCTION     0.002    0.004     0  01:35     0.00631      0.0182       2.866
  N01565               JUNCTION     0.000    0.000     0  01:00     0.00107     0.00107      -0.120
  N01517               JUNCTION     0.001    0.001     0  01:40     0.00435     0.00435       1.015
  N00025               JUNCTION     0.002    0.002     0  01:35     0.00851     0.00851       1.481
  N01552               JUNCTION     0.002    0.159     0  01:36     0.00538      0.0999     278.272
  N02068               JUNCTION     0.002    0.031     0  01:38     0.00847       0.109       7.144
  N00317               JUNCTION     0.004    0.042     0  01:39      0.0175       0.181       1.339
  N00304               JUNCTION     0.097    0.097     0  02:36       0.202       0.227       7.723
  N00799               JUNCTION     0.705    0.707     0  02:59         2.6        2.62       2.509
  N02325               JUNCTION     0.003    0.003     0  01:00      0.0109      0.0109      -0.343
  N00395               JUNCTION     0.021    0.092     0  01:40      0.0993       0.476       0.812
  N02657               JUNCTION     0.085    0.085     0  01:41       0.432       0.432       0.629
  N01721               JUNCTION     0.000    0.000     0  00:59     0.00131     0.00131      -0.851
  N02027               JUNCTION     0.005    0.067     0  01:45      0.0205       0.271       0.733
  N01716               JUNCTION     0.000    0.009     0  01:37     0.00117      0.0305     157.591
  N01855               JUNCTION     0.004    0.004     0  01:36      0.0145      0.0145       0.294
  N00014               JUNCTION     0.000    0.028     0  01:40     0.00144        0.13       3.172
  N02142               JUNCTION     0.001    0.001     0  01:00     0.00387     0.00387       1.887
  N02841               JUNCTION     0.079    0.081     0  01:36       0.333       0.343       3.391
  N02587               JUNCTION     0.001    0.001     0  01:00     0.00483     0.00483      -0.553
  N01010               JUNCTION     0.000    0.029     0  01:40     0.00105       0.106       0.933
  N02278               JUNCTION     0.000    0.000     0  01:00    0.000811     0.00187      -3.164
  N01795               JUNCTION     0.001    0.298     0  01:44     0.00383         1.5       1.567
  N00617               JUNCTION     0.134    0.134     0  01:40        0.53        0.53       0.437
  N00428               JUNCTION     0.003    0.003     0  01:00     0.00878     0.00878       1.681
  N00622               JUNCTION     0.000    0.000     0  00:58     0.00151     0.00151      -0.990
  N01550               JUNCTION     0.188    0.188     0  02:08        1.01        1.01       0.785
  N00425               JUNCTION     0.002    0.007     0  01:40     0.00851      0.0308      12.911
  N00408               JUNCTION     0.000    0.010     0  01:36     0.00208      0.0398       0.779
  N01757               JUNCTION    -0.023    0.158     0  02:36       0.051       0.278     234.430
  N00632               JUNCTION     0.088    0.169     0  02:01        0.51       0.972       1.343
  N02106               JUNCTION     0.001    0.001     0  01:00     0.00264     0.00264      -1.467
  N01132               JUNCTION     0.000    0.007     0  01:39     0.00175      0.0144    1835.532
  N01544               JUNCTION     0.001    0.007     0  01:55     0.00179     0.00796      78.232
  N02276               JUNCTION     0.000    0.000     0  01:00     0.00118     0.00118      -5.059
  N00902               JUNCTION     0.100    0.313     0  02:47       0.551        1.58       5.712
  N02548               JUNCTION     0.000    0.000     0  01:00     0.00192     0.00192      -0.093
  N01479               JUNCTION     0.082    0.082     0  01:40        0.39        0.39       0.663
  N00374               JUNCTION     0.001    0.001     0  01:00     0.00278     0.00278      -0.013
  N00091               JUNCTION     0.019    0.460     0  01:39      0.0811         2.3       0.873
  N02775               JUNCTION     0.003    0.059     0  01:40      0.0181       0.243       1.620
  N02713               JUNCTION     0.148    0.148     0  02:47       0.662       0.662       4.189
  N00053               JUNCTION     0.002    0.002     0  01:00      0.0113      0.0113       0.566
  N01867               JUNCTION     0.000    0.000     0  00:59     0.00202     0.00202       1.638
  N00153               JUNCTION     0.119    0.150     0  01:40       0.615       0.749       2.549
  N02101               JUNCTION     0.000    0.000     0  01:55     0.00186     0.00186       1.398
  N01391               JUNCTION     0.000    0.000     0  01:35     0.00112     0.00112      -1.397
  N01053               JUNCTION     0.003    0.003     0  01:39     0.00991     0.00991       0.616
  N02326               JUNCTION     0.167    0.254     0  01:41       0.915        1.37       3.297
  N00055               JUNCTION     0.000    0.000     0  01:35     0.00232     0.00232       0.291
  N00665               JUNCTION     0.000    0.000     0  01:58     0.00105     0.00105      -0.174
  N00440               JUNCTION     0.001    0.001     0  01:35     0.00233     0.00233       0.117
  N02110               JUNCTION     0.000    0.000     0  01:00     0.00163     0.00163      -0.372
  N00392               JUNCTION     0.001    0.003     0  01:00     0.00231      0.0109       2.409
  N02805               JUNCTION     0.000    0.000     0  01:00      0.0022      0.0022       1.679
  N01015               JUNCTION     0.005    0.005     0  01:35      0.0215      0.0215       0.350
  N02182               JUNCTION     0.000    0.000     0  01:00     0.00188     0.00188       1.565
  N00281               JUNCTION     0.229    0.235     0  01:45       0.812       0.869       7.036
  N01450               JUNCTION     0.013    0.150     0  02:04       0.045       0.818       0.837
  N01542               JUNCTION     0.201    0.201     0  02:54        1.02        1.02       1.542
  N01636               JUNCTION     0.002    0.101     0  01:40      0.0107       0.523       4.434
  N00163               JUNCTION     0.000    0.000     0  01:00     0.00132     0.00132      -6.638
  N00378               JUNCTION     0.000    0.000     0  00:56     0.00108     0.00108      -1.064
  N00718               JUNCTION     0.029    0.029     0  01:40       0.106       0.106       0.243
  N02156               JUNCTION     0.007    0.007     0  01:38      0.0304      0.0304       1.614
  N00656               JUNCTION     0.016    0.016     0  02:59      0.0522      0.0536       6.625
  N02543               JUNCTION     0.000    0.053     0  01:39     0.00155       0.219       1.271
  N02551               JUNCTION     0.000    0.000     0  00:57     0.00149     0.00149      -0.328
  N00190               JUNCTION     0.735    0.735     0  02:20        2.47        2.47      -1.364
  N00382               JUNCTION     0.059    0.060     0  02:00       0.242        0.25       8.007
  N00644               JUNCTION     0.075    0.075     0  02:01       0.423       0.423       8.149
  N01317               JUNCTION     0.000    0.196     0  01:38     0.00186       0.861       0.896
  N01827               JUNCTION     0.000    0.016     0  01:37     0.00149      0.0709       7.583
  N01011               JUNCTION     0.028    0.028     0  01:39       0.107       0.107       2.111
  N00350               JUNCTION     0.045    0.095     0  01:40       0.219       0.458       1.044
  N01437               JUNCTION     0.000    0.000     0  00:56     0.00106     0.00106      -1.265
  N01816               JUNCTION     0.001    0.001     0  01:00     0.00194     0.00194      -1.859
  N01820               JUNCTION     0.001    0.001     0  01:00       0.003       0.003       1.255
  N02786               JUNCTION     0.082    0.082     0  02:05       0.401       0.401       2.807
  N01612               JUNCTION     0.000    0.000     0  01:00     0.00231     0.00231       1.800
  N01574               JUNCTION     0.068    0.167     0  02:11       0.369       0.882       4.640
  N02635               JUNCTION     0.001    0.001     0  01:00     0.00293     0.00293       2.877
  N01332               JUNCTION     0.000    0.000     0  00:57     0.00187     0.00187       0.399
  N01876               JUNCTION     0.745    1.443     0  02:24        3.52        6.79       2.445
  N00673               JUNCTION     0.030    0.191     0  01:38       0.125       0.775       0.185
  N02187               JUNCTION     0.002    0.002     0  01:35     0.00658     0.00658       4.842
  N01825               JUNCTION     0.002    0.045     0  01:40     0.00917       0.194       6.430
  N02289               JUNCTION     0.009    0.143     0  01:40      0.0335       0.704       0.406
  N01119               JUNCTION     0.276    0.340     0  02:46       0.594       0.933      11.320
  N01677               JUNCTION     0.103    0.103     0  02:59       0.321       0.321      15.948
  N02022               JUNCTION     0.001    0.169     0  01:40     0.00425       0.708       1.958
  N01933               JUNCTION     0.002    0.002     0  01:40     0.00831     0.00831       2.894
  N00286               JUNCTION     0.001    0.145     0  02:02     0.00349       0.796       3.049
  N01893               JUNCTION     0.001    0.001     0  01:40     0.00455     0.00455      -0.047
  N00824               JUNCTION     0.000    0.014     0  02:22     0.00144      0.0329       2.041
  N00160               JUNCTION     0.023    1.250     0  01:44      0.0989        5.43       0.780
  N01186               JUNCTION     0.009    0.009     0  01:35      0.0347      0.0347       3.455
  N00162               JUNCTION     0.004    0.025     0  01:14      0.0189      0.0403      43.174
  N01977               JUNCTION     0.023    0.023     0  01:01         0.1         0.1       0.141
  N01730               JUNCTION     0.120    0.215     0  02:01       0.641         1.2       3.897
  N00202               JUNCTION     0.005    0.115     0  01:22      0.0206      0.0758     243.715
  N00143               JUNCTION     0.022    0.022     0  01:38      0.0719      0.0719       0.348
  N01968               JUNCTION     0.000    0.333     0  02:02     0.00212        1.65       3.806
  N00928               JUNCTION     0.000    0.149     0  01:41       0.002       0.693       0.928
  N02332               JUNCTION     0.000    0.000     0  00:59     0.00181     0.00181      -1.485
  N00116               JUNCTION     0.006    0.006     0  01:40      0.0212      0.0212       0.840
  N01071               JUNCTION     0.001    0.048     0  01:49     0.00282       0.179       5.570
  N00525               JUNCTION     0.000    0.000     0  01:34     0.00138     0.00138      -0.765
  N01020               JUNCTION     0.004    0.005     0  01:00      0.0142      0.0159       2.532
  N01723               JUNCTION     0.001    0.062     0  01:39     0.00458       0.259       1.088
  N00351               JUNCTION     0.050    0.050     0  01:40        0.24        0.24       0.874
  N00916               JUNCTION     0.691    0.752     0  01:40        2.74        2.99       1.471
  N00346               JUNCTION     0.008    0.185     0  01:40      0.0298       0.798       0.876
  N02264               JUNCTION     0.001    0.001     0  01:00     0.00353     0.00353      -0.003
  N01524               JUNCTION     0.000    0.005     0  01:39     0.00107      0.0248       0.969
  N01622               JUNCTION     0.001    0.004     0  01:22     0.00315     0.00584      43.152
  N02754               JUNCTION     0.002    0.026     0  01:39     0.00834      0.0202       0.836
  N02501               JUNCTION     0.169    0.169     0  01:44        0.93        0.93       0.911
  N00359               JUNCTION     0.168    0.168     0  01:40       0.781       0.781       2.469
  N01404               JUNCTION     0.001    0.001     0  01:00     0.00232     0.00232      -2.522
  N01342               JUNCTION     0.060    0.061     0  01:38       0.249       0.258       9.175
  N01442               JUNCTION     0.003    0.003     0  01:35      0.0121      0.0121       7.737
  N01631               JUNCTION     0.097    0.131     0  02:00       0.533       0.782       9.322
  N01409               JUNCTION     0.000    0.268     0  01:41     0.00173           1       0.540
  N00530               JUNCTION     0.039    0.039     0  01:39       0.175       0.177       0.560
  N00064               JUNCTION     0.000    0.001     0  01:38     0.00168     0.00177      18.408
  N02724               JUNCTION     0.000    0.320     0  01:44     0.00108        1.81       4.358
  N02063               JUNCTION     0.001    0.001     0  01:00     0.00511     0.00511       0.167
  N00089               JUNCTION     0.047    0.047     0  01:40       0.236       0.238       1.126
  N00298               JUNCTION     0.481    2.829     0  02:59        1.35        15.5       1.971
  N00511               JUNCTION     0.001    0.011     0  01:53     0.00198     0.00815      51.439
  N00926               JUNCTION     0.003    0.007     0  01:39      0.0106      0.0307       5.832
  N01783               JUNCTION     0.001    0.004     0  01:40     0.00373      0.0075     156.158
  N00376               JUNCTION     0.000    0.000     0  01:26    0.000747    0.000747      -0.715
  N00112               JUNCTION     0.001    0.001     0  01:00     0.00173     0.00173      -4.832
  N02283               JUNCTION     0.101    0.101     0  01:40        0.41        0.41       0.263
  N01333               JUNCTION     0.435    0.436     0  02:08         1.4         1.4       4.040
  N02125               JUNCTION     0.001    0.001     0  01:00     0.00224     0.00224      -0.062
  N00668               JUNCTION     0.005    0.005     0  01:36      0.0209      0.0209       0.515
  N00604               JUNCTION     0.001    0.503     0  01:43     0.00287        2.13       0.583
  N02143               JUNCTION     0.002    0.002     0  01:35      0.0085     0.00873       8.800
  N02161               JUNCTION     0.001    0.037     0  01:40     0.00532       0.154       1.266
  N00093               JUNCTION     0.292    0.442     0  01:40        1.38        2.23       0.309
  N02236               JUNCTION     0.001    0.001     0  00:59     0.00203     0.00203      -0.793
  N00406               JUNCTION     0.028    0.028     0  02:44       0.141       0.141       7.488
  N01396               JUNCTION     0.000    0.511     0  01:41     0.00108        2.45       0.531
  N02622               JUNCTION     0.057    0.057     0  02:59       0.226       0.226       5.011
  N00348               JUNCTION     0.001    0.002     0  01:00     0.00541     0.00647      -0.486
  N01611               JUNCTION     0.103    0.103     0  01:41       0.575       0.577       4.192
  N01995               JUNCTION     0.000    0.000     0  01:35     0.00205     0.00205       1.404
  N00489               JUNCTION     0.000    0.000     0  01:34     0.00146     0.00146      -1.633
  N00645               JUNCTION     0.097    0.168     0  02:08       0.545       0.936       4.687
  N02610               JUNCTION     0.001    0.026     0  01:40     0.00282       0.109       3.136
  N01711               JUNCTION     0.002    0.018     0  01:40      0.0064       0.042      19.976
  N01336               JUNCTION     0.000    0.000     0  00:56     0.00107     0.00107      -0.352
  N01747               JUNCTION     0.000    0.000     0  00:59     0.00196     0.00196       1.042
  N00484               JUNCTION     0.141    0.468     0  02:59       0.586        1.37       9.177
  N00054               JUNCTION     0.000    0.000     0  01:34      0.0015      0.0015      -2.028
  N02269               JUNCTION     0.063    0.063     0  01:40       0.303       0.303       1.364
  N00535               JUNCTION     0.020    0.020     0  01:38      0.0699      0.0718       2.575
  N02279               JUNCTION     0.001    0.001     0  01:00      0.0034      0.0034      -0.234
  N01313               JUNCTION     0.000    0.017     0  01:40     0.00107      0.0693       0.747
  N01826               JUNCTION     0.004    0.004     0  00:59      0.0162      0.0162       1.124
  N00157               JUNCTION     0.000    0.199     0  01:39     0.00108       0.803       1.182
  N02781               JUNCTION     0.007    0.014     0  01:40       0.027      0.0547       4.517
  N01116               JUNCTION     0.004    0.004     0  01:00      0.0147      0.0147       0.365
  N00357               JUNCTION     0.000    0.000     0  01:58     0.00128     0.00128      -0.362
  N01137               JUNCTION     0.001    0.001     0  00:58     0.00282     0.00282       5.058
  N02768               JUNCTION     0.004    0.021     0  01:34      0.0158      0.0301      50.656
  N01947               JUNCTION     0.000    0.060     0  02:08     0.00238      0.0232     370.967
  N01596               JUNCTION     0.104    0.108     0  01:39       0.474       0.494       1.029
  N02442               JUNCTION     0.145    0.145     0  02:20       0.766       0.766       1.259
  N01668               JUNCTION     0.004    0.084     0  01:34      0.0164       0.053     181.861
  N00092               JUNCTION     0.163    0.275     0  01:40       0.634        1.11       3.672
  N01831               JUNCTION     0.799    0.832     0  02:03        3.52        3.74       2.456
  N00571               JUNCTION     0.012    0.020     0  01:36       0.044      0.0911       0.448
  N01802               JUNCTION     0.001    0.006     0  01:40     0.00181      0.0229       1.707
  N02765               JUNCTION     0.001    0.133     0  02:09     0.00299       0.687       2.013
  N00319               JUNCTION     0.018    0.018     0  01:36      0.0746      0.0746       0.499
  N01535               JUNCTION     0.024    0.029     0  01:40      0.0894       0.116       5.167
  N02557               JUNCTION     0.000    0.103     0  01:41     0.00204       0.368       5.717
  N00769               JUNCTION     0.014    0.169     0  01:40      0.0689       0.683       1.092
  N02738               JUNCTION     0.000    0.000     0  01:00     0.00107     0.00107      -0.357
  N00179               JUNCTION     0.001    1.370     0  02:18     0.00242        6.95       2.991
  N02489               JUNCTION     0.008    0.018     0  01:38      0.0394      0.0845       1.529
  N01453               JUNCTION     0.004    0.006     0  01:36      0.0166      0.0246       3.667
  N02736               JUNCTION     0.095    0.096     0  01:41       0.471       0.475       2.040
  N00069               JUNCTION     0.001    0.005     0  01:40     0.00537      0.0213       5.655
  N00021               JUNCTION     0.000    0.000     0  01:00     0.00207     0.00207      -0.580
  N01260               JUNCTION     0.001    0.020     0  02:17       0.004      0.0936      14.653
  N02053               JUNCTION     0.142    0.166     0  02:47       0.738        1.02       7.567
  N01853               JUNCTION     0.005    0.005     0  01:00      0.0178      0.0178      -0.246
  N01950               JUNCTION     0.001    0.039     0  02:01     0.00386      0.0464     935.341
  N00808               JUNCTION     0.001    0.001     0  01:00     0.00354     0.00354       0.081
  N02392               JUNCTION     0.183    0.333     0  01:41        1.03        1.67       2.674
  N01439               JUNCTION     0.007    0.011     0  01:40      0.0258      0.0427       0.654
  N00011               JUNCTION     0.118    0.165     0  01:40       0.663       0.908       4.665
  N02408               JUNCTION     0.001    0.001     0  01:00     0.00315     0.00315      -1.408
  N01339               JUNCTION     0.243    0.302     0  01:44        1.32        1.62       1.149
  N02796               JUNCTION     0.035    0.035     0  02:59       0.149       0.149       8.807
  N00677               JUNCTION     0.464    0.464     0  02:10        2.14        2.15       2.728
  N00184               JUNCTION     0.004    0.021     0  01:06      0.0141      0.0617    4286.491
  N01089               JUNCTION     0.196    0.223     0  01:40       0.847       0.961       0.599
  N02209               JUNCTION     0.000    0.000     0  00:59     0.00178     0.00178      -0.284
  N00068               JUNCTION     0.003    0.004     0  01:38      0.0121      0.0169       6.108
  N00835               JUNCTION     0.000    0.000     0  00:55    0.000784    0.000784      -1.942
  N01281               JUNCTION     0.000    0.000     0  00:59     0.00111     0.00111      -0.323
  N00505               JUNCTION     0.640    0.640     0  02:32        1.51        1.51      -0.502
  N02809               JUNCTION     0.919    0.929     0  02:06        4.74        4.79       1.868
  N00219               JUNCTION     0.000    0.018     0  01:42     0.00239      0.0711       3.791
  N01602               JUNCTION     0.000    0.000     0  01:00     0.00109     0.00109      -1.316
  N01607               JUNCTION     0.001    0.001     0  01:00     0.00251     0.00251       0.553
  N02140               JUNCTION     0.001    0.002     0  01:00     0.00331     0.00612      -0.899
  N00547               JUNCTION     0.000    0.001     0  01:35     0.00167     0.00359       1.021
  N00203               JUNCTION     0.001    0.181     0  01:41      0.0023       0.434       8.044
  N00810               JUNCTION     0.005    0.154     0  01:40      0.0163       0.654       3.344
  N01939               JUNCTION     0.004    0.004     0  01:40      0.0103      0.0116       1.387
  N02679               JUNCTION     0.133    0.133     0  01:55       0.537       0.537       0.313
  N02698               JUNCTION     0.002    0.002     0  01:00     0.00784     0.00784       0.345
  N00216               JUNCTION     0.000    0.000     0  00:59     0.00191     0.00191       1.585
  N00239               JUNCTION     0.099    0.099     0  02:01       0.521       0.522       6.937
  N01681               JUNCTION     0.059    0.059     0  01:38       0.255       0.255       0.777
  N02703               JUNCTION     0.000    0.000     0  02:03     0.00186     0.00186       0.586
  N02734               JUNCTION     0.000    0.000     0  01:00    0.000777    0.000777      -1.791
  N01649               JUNCTION     0.007    0.007     0  01:35      0.0317      0.0328       2.820
  N00552               JUNCTION     0.006    0.006     0  01:00        0.02        0.02       0.213
  N02752               JUNCTION     0.000    0.000     0  01:58     0.00106     0.00106      -0.782
  N01389               JUNCTION     0.046    0.046     0  01:41        0.25        0.25       0.845
  N00165               JUNCTION     0.031    0.031     0  01:40       0.109       0.109       2.366
  N01931               JUNCTION     0.005    0.034     0  01:46      0.0206      0.0393      65.281
  N01381               JUNCTION     0.026    0.034     0  01:37       0.109       0.143       5.667
  N00930               JUNCTION     0.000    0.000     0  01:00     0.00133     0.00133      -1.445
  N01635               JUNCTION     0.069    0.069     0  02:01       0.388       0.388       2.411
  N00071               JUNCTION     0.013    0.013     0  01:35      0.0591      0.0617      17.047
  N00640               JUNCTION     0.000    0.000     0  01:00     0.00192     0.00192       0.713
  N01562               JUNCTION     0.004    0.004     0  01:35      0.0154      0.0154       0.066
  N02124               JUNCTION     0.000    0.000     0  01:36     0.00106     0.00106      -1.789
  N01639               JUNCTION     0.107    0.620     0  02:10       0.604        3.31       3.878
  N02299               JUNCTION     0.001    0.184     0  01:42     0.00496       0.866       4.966
  N01354               JUNCTION     0.000    0.000     0  00:57    0.000772    0.000772      -1.258
  N02585               JUNCTION     0.003    0.003     0  01:35      0.0121      0.0142       0.272
  N01754               JUNCTION     0.103    0.103     0  02:04       0.549        0.57      10.122
  N00651               JUNCTION     0.001    0.146     0  02:48     0.00287       0.529       4.295
  N00608               JUNCTION     0.000    0.000     0  01:00     0.00117     0.00117      -2.096
  N01987               JUNCTION     0.007    0.007     0  01:40      0.0328      0.0339       7.824
  N01103               JUNCTION     0.153    0.649     0  02:54       0.757        2.63       4.777
  N01400               JUNCTION     0.025    0.035     0  01:39      0.0981       0.136       0.427
  N01632               JUNCTION     0.000    0.002     0  01:23    0.000509     0.00266       0.628
  N01131               JUNCTION     0.000    0.004     0  01:41    0.000939     0.00559     370.767
  N02033               JUNCTION     0.003    0.003     0  01:00       0.012       0.012       0.166
  N02367               JUNCTION     0.007    0.207     0  02:02      0.0267        1.19       3.160
  N01369               JUNCTION     0.022    0.027     0  01:36      0.0892       0.111       2.525
  N00268               JUNCTION     0.073    0.407     0  02:02       0.396        2.29       6.076
  N02375               JUNCTION     0.006    0.018     0  01:40      0.0261      0.0816       1.526
  N01682               JUNCTION     0.084    0.084     0  02:46       0.199       0.209      11.473
  N00110               JUNCTION     0.000    0.000     0  00:59     0.00135     0.00135      -0.404
  N00278               JUNCTION     0.000    0.064     0  02:46     0.00116       0.345       2.011
  N00556               JUNCTION     0.002    0.002     0  01:00      0.0091      0.0091      -0.196
  N01407               JUNCTION     0.001    0.001     0  01:00      0.0016      0.0016      -1.400
  N01029               JUNCTION     0.001    0.133     0  01:39     0.00192       0.571       0.952
  N01206               JUNCTION     0.409    0.421     0  02:47        1.99        2.15       3.078
  N00627               JUNCTION     0.000    0.000     0  01:28     0.00077     0.00077      -0.759
  N01966               JUNCTION     0.000    0.000     0  00:57     0.00141     0.00141      -2.913
  N02181               JUNCTION     0.050    0.108     0  02:44       0.249       0.625       8.340
  N00513               JUNCTION     0.385    0.394     0  01:58       0.895       0.983      22.853
  N01722               JUNCTION     0.000    0.000     0  01:35      0.0018      0.0018      -0.694
  N01289               JUNCTION     0.172    0.172     0  02:13       0.904       0.904       1.231
  N00546               JUNCTION     0.000    0.000     0  01:35     0.00195     0.00195       1.444
  N01050               JUNCTION     0.042    0.044     0  01:40       0.179       0.188       3.644
  N01957               JUNCTION     0.002    0.005     0  01:35     0.00718      0.0192       9.284
  N00664               JUNCTION     0.000    0.001     0  01:00       0.002     0.00305       1.252
  N02018               JUNCTION     0.003    0.003     0  01:00      0.0108      0.0108       0.012
  N01326               JUNCTION     0.006    0.006     0  01:00      0.0239      0.0239       0.592
  N01614               JUNCTION     0.076    0.076     0  01:41       0.398       0.398       5.870
  N02352               JUNCTION     0.173    0.313     0  02:47       0.795        1.47       9.199
  N00397               JUNCTION     0.028    0.028     0  01:40       0.131       0.131       0.337
  N00861               JUNCTION     1.129    1.386     0  02:09        5.32        6.72       2.510
  N00993               JUNCTION     0.010    0.084     0  01:40      0.0433       0.356       1.113
  N02490               JUNCTION     0.010    0.010     0  01:38      0.0453      0.0453       0.437
  N02815               JUNCTION     0.145    0.157     0  02:07       0.813       0.891       4.858
  N01778               JUNCTION     0.002    0.002     0  01:36     0.00786      0.0082      90.576
  N00108               JUNCTION     0.066    1.294     0  01:45       0.314         5.7       1.842
  N02682               JUNCTION     0.001    0.001     0  01:00     0.00261     0.00261      -0.106
  N01511               JUNCTION     0.001    0.004     0  01:37     0.00468      0.0183       1.022
  N02005               JUNCTION     0.008    0.008     0  01:39      0.0362      0.0362       6.742
  N00882               JUNCTION     0.080    0.544     0  02:50       0.386        2.69       2.089
  N02020               JUNCTION     0.002    0.168     0  01:42     0.00981       0.701       0.525
  N00949               JUNCTION     0.000    0.000     0  01:58     0.00105     0.00105       1.280
  N00250               JUNCTION     0.000    0.000     0  01:58     0.00184     0.00184       0.442
  N01120               JUNCTION     0.031    0.276     0  02:38      0.0948       0.932      11.143
  N01073               JUNCTION     0.003    0.040     0  01:40      0.0114       0.167       3.925
  N02817               JUNCTION     0.094    0.187     0  02:47       0.438        1.01       4.091
  N02132               JUNCTION     0.399    0.399     0  02:08        1.36        1.36      -0.501
  N02827               JUNCTION     0.002    0.002     0  00:59     0.00607     0.00607      -0.024
  N02658               JUNCTION     0.002    0.002     0  01:00     0.00771     0.00771       1.150
  N02119               JUNCTION     0.000    0.000     0  00:58     0.00106     0.00106      -1.655
  N00398               JUNCTION     0.011    0.014     0  01:36       0.041      0.0533       1.314
  N00438               JUNCTION     0.373    0.408     0  01:40        2.09        2.24       3.465
  N01421               JUNCTION     0.846    0.846     0  01:26        3.12        3.12      -0.062
  N02792               JUNCTION     0.001    0.143     0  02:10     0.00466       0.602       8.992
  N01433               JUNCTION     0.000    0.001     0  01:35     0.00185     0.00347       1.629
  N02697               JUNCTION     0.000    0.002     0  01:00     0.00191     0.00973       0.473
  N00533               JUNCTION     0.007    0.026     0  01:40      0.0326       0.103       2.797
  N00340               JUNCTION     0.000    0.323     0  02:05     0.00236        1.75       5.350
  N00111               JUNCTION     0.001    0.009     0  01:35     0.00437       0.011      53.926
  N00606               JUNCTION     0.187    0.418     0  01:40       0.839        1.83       0.740
  N00385               JUNCTION     0.083    0.175     0  01:40       0.433       0.905       1.853
  N01143               JUNCTION     0.000    0.009     0  01:38    0.000785      0.0413       2.165
  N02523               JUNCTION     0.095    0.095     0  01:37       0.369       0.369       0.099
  N01837               JUNCTION     0.001    0.002     0  01:34     0.00202       0.007      14.730
  N01388               JUNCTION     0.044    0.045     0  01:40       0.241       0.242       1.613
  N01812               JUNCTION     0.651    0.651     0  02:03        3.17        3.17       1.510
  N01102               JUNCTION     0.155    0.316     0  02:53       0.793        1.26      20.449
  N02085               JUNCTION     0.340    0.340     0  02:02         1.6         1.6       0.750
  N02623               JUNCTION     0.045    0.072     0  02:59       0.202       0.353      19.008
  N00705               JUNCTION     0.000    0.000     0  01:58     0.00106     0.00106      -1.007
  N00696               JUNCTION     0.162    1.506     0  01:43       0.824        6.31       0.841
  N00128               JUNCTION     0.023    0.023     0  01:40       0.132       0.132       6.017
  N01040               JUNCTION     0.000    0.000     0  01:00      0.0019      0.0019       0.588
  N02277               JUNCTION     0.211    0.211     0  02:59       0.834       0.836       6.038
  N02274               JUNCTION     0.000    0.085     0  01:43     0.00138       0.404       4.593
  N00225               JUNCTION     0.119    0.120     0  01:40       0.527        0.53       1.233
  N00389               JUNCTION     0.001    0.021     0  01:36     0.00488      0.0914       0.647
  N00791               JUNCTION     0.000    0.001     0  01:00      0.0018       0.003      22.425
  N00004               JUNCTION     0.011    0.113     0  01:44      0.0497        0.17     324.525
  N01882               JUNCTION     0.000    0.000     0  01:00     0.00133     0.00133      -0.696
  N01750               JUNCTION     0.002    0.007     0  01:40     0.00784      0.0258       6.865
  N02722               JUNCTION     0.001    0.217     0  02:50     0.00437        1.19       2.171
  N00248               JUNCTION     0.001    0.002     0  01:16     0.00204     0.00377      97.158
  N02811               JUNCTION     0.000    0.000     0  00:58     0.00161     0.00161      -0.440
  N02534               JUNCTION     0.001    0.058     0  01:40      0.0059       0.195       0.815
  N01308               JUNCTION     0.003    0.003     0  01:35      0.0116      0.0116       0.529
  N02644               JUNCTION     0.037    0.037     0  01:41       0.153       0.153       1.096
  N01052               JUNCTION     0.012    0.441     0  01:41      0.0517        1.93       0.445
  N01594               JUNCTION     0.003    0.003     0  01:35      0.0118      0.0137       1.098
  N01082               JUNCTION     0.199    0.688     0  02:54       0.963        3.44       3.873
  N02801               JUNCTION     0.002    0.017     0  02:06     0.00548      0.0229     295.791
  N00041               JUNCTION     0.150    0.150     0  02:01       0.818       0.825       5.143
  N00875               JUNCTION     0.001    0.959     0  02:02      0.0034        4.75       1.789
  N02351               JUNCTION     0.007    0.998     0  02:54      0.0285        4.06       7.626
  N02467               JUNCTION     0.000    0.000     0  00:59     0.00105     0.00105      -1.987
  N02556               JUNCTION     0.000    0.104     0  01:40     0.00109       0.371       1.398
  N01247               JUNCTION     0.000    0.010     0  01:43     0.00141      0.0072     113.865
  N00507               JUNCTION     0.285    0.296     0  02:07        1.03        1.12       4.818
  N01344               JUNCTION     0.160    1.430     0  02:50       0.728        6.18       3.904
  N01698               JUNCTION     0.001    0.002     0  01:00     0.00348     0.00726      15.923
  N01646               JUNCTION     0.110    0.110     0  01:39       0.466       0.466       0.449
  N00819               JUNCTION     0.011    0.013     0  01:36      0.0462      0.0531       0.696
  N02055               JUNCTION     0.003    0.003     0  01:35      0.0128      0.0128       0.013
  N00252               JUNCTION     0.001    0.001     0  01:34      0.0027      0.0027      -0.373
  N00335               JUNCTION     0.145    0.145     0  02:47       0.655       0.655       4.423
  N00635               JUNCTION     0.017    0.018     0  01:35      0.0674       0.069       0.132
  N00811               JUNCTION     0.130    0.131     0  01:40       0.593       0.594       0.639
  N00323               JUNCTION     0.001    2.007     0  01:46     0.00195        10.6       1.088
  N00310               JUNCTION     0.000    0.089     0  01:33     0.00143      0.0184     185.623
  N01870               JUNCTION     0.441    0.467     0  02:19        1.91        1.93       0.834
  N01002               JUNCTION     0.001    0.002     0  01:00     0.00426      0.0112       1.816
  N01338               JUNCTION     0.485    0.497     0  02:18        2.15        2.25       3.572
  N00326               JUNCTION     0.207    0.550     0  01:44       0.773        2.63       3.362
  N01879               JUNCTION     0.001    0.001     0  01:35     0.00228     0.00228      -0.572
  N01530               JUNCTION     0.055    0.056     0  01:40       0.231       0.264       2.109
  N01760               JUNCTION     0.000    0.000     0  01:00     0.00119     0.00119      -4.150
  N00629               JUNCTION     0.058    0.058     0  01:40       0.333       0.333       0.769
  N00850               JUNCTION     0.063    0.188     0  01:40       0.288        0.89       0.789
  N02723               JUNCTION     0.002    0.216     0  02:51     0.00854        1.16       2.596
  N00337               JUNCTION     0.001    0.032     0  02:14     0.00182      0.0205     175.842
  N00624               JUNCTION     0.000    0.000     0  01:23    0.000833    0.000833      -2.638
  N00201               JUNCTION     0.001    0.001     0  01:00     0.00246     0.00246      -0.703
  N01302               JUNCTION     0.003    0.003     0  01:35      0.0104      0.0107       5.262
  N00288               JUNCTION     0.005    0.145     0  02:01      0.0165       0.804       2.449
  N01967               JUNCTION     0.323    0.626     0  02:15        1.37        2.96       2.673
  N02777               JUNCTION     0.003    0.003     0  01:35      0.0119      0.0119       0.009
  N02232               JUNCTION     0.000    0.000     0  01:00     0.00195     0.00195      -0.337
  N00365               JUNCTION     0.000    0.864     0  02:59     0.00152         2.8       3.962
  N02172               JUNCTION     0.000    0.000     0  01:34     0.00161     0.00161      -2.886
  N01515               JUNCTION     0.054    0.164     0  02:07       0.294       0.892       4.090
  N00932               JUNCTION     0.000    0.001     0  01:00     0.00222     0.00417       1.510
  N01307               JUNCTION     0.001    0.001     0  01:35     0.00184     0.00184      -0.392
  N01969               JUNCTION     0.000    0.000     0  00:57    0.000956    0.000956      -0.679
  N00872               JUNCTION     0.087    0.087     0  02:05       0.365        0.37       3.524
  N00036               JUNCTION     0.046    0.046     0  01:40       0.207       0.207       0.371
  N01583               JUNCTION     0.157    0.157     0  01:40       0.657       0.657       0.230
  N02778               JUNCTION     0.003    0.003     0  01:35     0.00994     0.00994       0.413
  N00457               JUNCTION     0.028    0.111     0  01:43      0.0973       0.462       0.976
  N01626               JUNCTION     0.001    0.019     0  01:40     0.00392      0.0873       2.786
  N00449               JUNCTION     0.166    0.385     0  02:05       0.839        2.05       3.113
  N02271               JUNCTION     0.248    0.248     0  01:40        1.26        1.26       1.687
  N00871               JUNCTION     0.002    0.002     0  01:45     0.00611     0.00637      -0.750
  N01640               JUNCTION     0.001    0.086     0  01:40     0.00147       0.436       0.984
  N01306               JUNCTION     0.007    0.014     0  01:36      0.0256      0.0599       0.647
  N01030               JUNCTION     0.004    0.006     0  01:42      0.0134       0.015       0.003
  N02294               JUNCTION     0.002    0.002     0  00:59     0.00729     0.00878       0.207
  N02656               JUNCTION     0.117    0.384     0  02:00       0.589        1.94       1.533
  N01886               JUNCTION     0.098    0.098     0  01:41       0.516       0.516       1.002
  N00191               JUNCTION     0.048    0.206     0  02:56       0.216       0.816       7.566
  N01362               JUNCTION     0.001    0.002     0  01:00     0.00481     0.00618       0.456
  N01466               JUNCTION     0.013    0.022     0  01:32      0.0529      0.0894     418.177
  N01401               JUNCTION     0.006    0.006     0  01:40      0.0224      0.0224       1.063
  N01012               JUNCTION     0.005    0.008     0  01:36      0.0122      0.0306     418.409
  N01031               JUNCTION     0.191    1.129     0  02:20       0.792         5.5       2.697
  N00372               JUNCTION     0.000    0.068     0  01:40     0.00193       0.357       5.681
  N00057               JUNCTION     0.003    0.006     0  01:40      0.0127      0.0289       3.191
  N01477               JUNCTION     0.001    0.001     0  01:35     0.00187     0.00187      -1.317
  N00646               JUNCTION     0.128    0.129     0  02:05       0.717       0.719       3.155
  N02563               JUNCTION     0.001    0.001     0  01:00     0.00245     0.00245      -0.721
  N02313               JUNCTION     0.000    0.000     0  01:58     0.00105     0.00105      -0.302
  N01267               JUNCTION     0.000    0.000     0  00:59     0.00156     0.00156       0.044
  N00309               JUNCTION     0.484    0.484     0  01:34        1.76        1.76       0.190
  N02354               JUNCTION     0.173    0.596     0  02:58       0.794        2.48       9.371
  N00113               JUNCTION     0.017    0.283     0  01:45      0.0739        1.23       2.034
  N01863               JUNCTION     0.237    0.239     0  02:06        1.18         1.2       6.105
  N01296               JUNCTION     0.000    0.000     0  00:55     0.00107     0.00107      -0.994
  N00711               JUNCTION     0.094    0.094     0  02:46       0.494         0.5       7.134
  N01049               JUNCTION     0.001    0.002     0  01:35     0.00274     0.00883       2.164
  N00232               JUNCTION     0.000    0.000     0  00:58     0.00189     0.00189       0.538
  N01426               JUNCTION     0.002    0.117     0  01:40      0.0075       0.559       1.195
  N01294               JUNCTION     0.003    0.003     0  01:34      0.0126      0.0126       0.929
  N01756               JUNCTION     0.093    0.093     0  01:40       0.444       0.449       3.875
  N02211               JUNCTION     0.001    0.001     0  01:58     0.00333     0.00333       5.509
  N01731               JUNCTION     0.001    0.004     0  01:33     0.00258     0.00592      44.586
  N01114               JUNCTION     0.132    0.639     0  02:05       0.726        3.44       4.017
  N01387               JUNCTION     0.007    0.008     0  01:35       0.029      0.0308       0.663
  N01483               JUNCTION     0.157    0.158     0  02:19       0.772       0.781       9.265
  N00387               JUNCTION     0.026    0.030     0  01:35       0.115       0.133       3.178
  N01666               JUNCTION     0.182    0.999     0  01:33       0.969        4.93       2.243
  N00955               JUNCTION     0.001    0.002     0  01:35     0.00486     0.00866      17.926
  N00134               JUNCTION     0.000    0.000     0  00:59      0.0011      0.0011      -1.345
  N02506               JUNCTION     0.000    0.000     0  00:59      0.0019      0.0019       0.295
  N00625               JUNCTION     0.000    0.000     0  00:59     0.00133     0.00133      -1.763
  N01732               JUNCTION     0.087    0.087     0  02:02       0.473       0.473       1.833
  N00929               JUNCTION     0.001    0.150     0  01:40     0.00407       0.704       1.869
  N00985               JUNCTION     0.003    0.190     0  01:41      0.0121       0.895       0.976
  N02555               JUNCTION     0.012    0.012     0  01:34      0.0429      0.0429       1.229
  N02240               JUNCTION     0.001    0.071     0  01:40     0.00382       0.304       0.494
  N00186               JUNCTION     0.002    0.008     0  01:39     0.00809      0.0174     330.794
  N01786               JUNCTION     0.000    0.012     0  02:35     0.00123      0.0055      90.091
  N02528               JUNCTION     0.006    0.506     0  01:43      0.0144        2.13       1.938
  N00499               JUNCTION     0.002    0.155     0  02:59     0.00624       0.317      14.543
  N01292               JUNCTION     0.000    0.000     0  01:00     0.00114     0.00114      -0.848
  N01806               JUNCTION     0.000    0.000     0  01:00     0.00112     0.00112      -2.047
  N00699               JUNCTION     0.000    0.000     0  00:59     0.00187     0.00187       0.401
  N00660               JUNCTION     0.012    0.156     0  02:48      0.0464       0.671       6.002
  N00686               JUNCTION     0.001    0.001     0  01:00     0.00274     0.00274      -1.412
  N02711               JUNCTION     0.001    0.001     0  01:00     0.00341     0.00341       3.571
  N01846               JUNCTION     0.000    0.000     0  01:34      0.0024      0.0024       2.656
  N01328               JUNCTION     0.257    0.265     0  02:47       0.672       0.801       0.894
  N02707               JUNCTION     0.102    0.710     0  02:59       0.394        3.23       2.449
  N01566               JUNCTION     0.000    0.000     0  01:00     0.00186     0.00293       0.727
  N02388               JUNCTION     0.179    1.262     0  02:18       0.888        6.31       4.613
  N00391               JUNCTION     0.046    0.046     0  01:40       0.257       0.257       1.819
  N02718               JUNCTION     0.005    0.039     0  01:26      0.0243      0.0384      76.051
  N00615               JUNCTION     0.016    0.019     0  01:36      0.0718      0.0872       4.500
  N01581               JUNCTION     0.000    0.000     0  01:00     0.00134     0.00134      -1.781
  N00147               JUNCTION     0.003    0.003     0  01:00     0.00992     0.00992       0.051
  N02316               JUNCTION     0.000    0.000     0  00:59     0.00135     0.00135      -1.347
  N00817               JUNCTION     0.180    0.555     0  02:01       0.893        2.95       2.804
  N01435               JUNCTION     0.013    0.013     0  01:35      0.0578      0.0578       1.145
  N01482               JUNCTION     0.058    0.058     0  02:59       0.252       0.252       4.543
  N02382               JUNCTION     0.001    0.007     0  01:51     0.00345     0.00799      92.910
  N01368               JUNCTION     0.007    0.083     0  01:41      0.0289       0.334       1.850
  N02741               JUNCTION     0.001    0.001     0  01:34      0.0035      0.0035      -0.086
  N01669               JUNCTION     0.172    1.651     0  02:05         0.9        9.55       1.626
  N00026               JUNCTION     0.000    0.000     0  01:00     0.00105     0.00105      -2.833
  N02782               JUNCTION     0.044    0.044     0  01:38       0.201       0.201       0.561
  N02074               JUNCTION     0.006    0.041     0  01:10      0.0119      0.0561     107.348
  N02588               JUNCTION     0.005    0.005     0  01:00      0.0216      0.0216       0.235
  N01070               JUNCTION     0.048    0.048     0  01:49       0.174       0.174       0.699
  N02010               JUNCTION     0.000    0.000     0  00:57     0.00107     0.00107      -1.793
  N02297               JUNCTION     0.002    0.128     0  01:41     0.00626       0.631       0.347
  N00307               JUNCTION     0.459    0.634     0  02:04        1.57        2.64       1.244
  N02834               JUNCTION     0.029    0.029     0  01:40       0.114       0.114       0.175
  N02418               JUNCTION     0.002    0.002     0  01:00       0.006       0.006      -0.175
  N00133               JUNCTION     0.000    0.000     0  01:00     0.00132     0.00132      -3.461
  N00321               JUNCTION     0.023    0.877     0  01:47      0.0919         4.2       1.169
  N02250               JUNCTION     0.054    0.054     0  01:41       0.226       0.226       2.718
  N00879               JUNCTION     0.347    0.347     0  02:01         1.6         1.6       1.056
  N00487               JUNCTION     0.386    0.386     0  02:23        1.87        1.87       1.251
  N02098               JUNCTION     0.022    0.682     0  01:41       0.091         3.3       0.893
  N01561               JUNCTION     0.152    0.752     0  02:50       0.709        3.68       4.716
  N01960               JUNCTION     0.001    0.001     0  01:00      0.0025      0.0025      18.426
  N01765               JUNCTION     0.001    0.002     0  01:35     0.00287     0.00738       1.469
  N01045               JUNCTION     0.001    0.012     0  01:40     0.00469      0.0543       0.966
  N01805               JUNCTION     0.002    0.002     0  01:35     0.00753     0.00753       0.564
  N02661               JUNCTION     0.002    0.179     0  02:00     0.00858       0.725       1.045
  N01873               JUNCTION     0.092    0.533     0  02:49        0.47        2.56       4.056
  N02617               JUNCTION     0.068    0.068     0  02:47       0.347       0.347       2.784
  N00131               JUNCTION     0.000    0.000     0  00:58     0.00188     0.00188       0.294
  N01807               JUNCTION     0.200    0.200     0  01:43       0.937       0.937       0.892
  N01074               JUNCTION     0.000    0.000     0  00:59     0.00244     0.00244      -0.269
  N00109               JUNCTION     0.002    1.874     0  01:55     0.00928         9.1       1.873
  N02309               JUNCTION     0.001    0.028     0  01:40     0.00262        0.12       0.696
  N01908               JUNCTION     0.099    0.173     0  01:38       0.487       0.796       1.184
  N02305               JUNCTION     0.001    0.022     0  01:40     0.00385      0.0963       1.066
  N00031               JUNCTION     0.003    0.008     0  01:35     0.00971      0.0322      42.416
  N00597               JUNCTION     0.000    0.000     0  01:00     0.00194     0.00194      -0.126
  N00456               JUNCTION     0.121    0.128     0  01:43       0.553       0.578       0.315
  N01364               JUNCTION     0.002    0.010     0  01:35     0.00744      0.0341       3.985
  N00497               JUNCTION     0.002    0.010     0  02:07      0.0101      0.0116       0.057
  N01471               JUNCTION     0.009    0.087     0  02:07       0.047       0.503       5.100
  N00934               JUNCTION     0.066    0.066     0  02:47       0.234       0.234       2.864
  N00330               JUNCTION     0.088    0.159     0  02:01       0.384       0.799       8.451
  N02753               JUNCTION     0.014    0.971     0  01:49      0.0539        4.87       2.402
  N01158               JUNCTION     0.000    0.000     0  00:59      0.0015      0.0015      -0.209
  N02638               JUNCTION     0.002    0.002     0  01:40     0.00609     0.00715       0.457
  N00991               JUNCTION     0.026    0.185     0  01:40       0.125       0.788       2.220
  N00802               JUNCTION     0.001    0.001     0  01:00     0.00229     0.00229      -1.390
  N00363               JUNCTION     0.000    0.000     0  01:00     0.00107     0.00107      -3.462
  N01164               JUNCTION     0.020    0.553     0  02:48       0.086        2.67       5.138
  N00001               JUNCTION     0.001    0.001     0  01:00       0.002       0.002      -2.489
  N01115               JUNCTION     0.185    0.199     0  01:41        1.03         1.1       5.720
  N00299               JUNCTION     0.174    0.431     0  01:35       0.736        1.65      10.416
  N01270               JUNCTION     0.031    0.330     0  02:12       0.138       0.762      18.892
  N02813               JUNCTION     0.075    0.075     0  02:47       0.367       0.368       3.112
  N00623               JUNCTION     0.000    0.000     0  01:23    0.000768    0.000768      -0.677
  N02672               JUNCTION     0.001    0.011     0  01:40     0.00232      0.0494       2.724
  N01255               JUNCTION     0.000    0.000     0  00:59     0.00154     0.00154      -1.006
  N02107               JUNCTION     0.000    0.000     0  00:59     0.00125     0.00125      -1.902
  N01532               JUNCTION     0.000    0.000     0  01:00     0.00108     0.00108      -0.546
  N01621               JUNCTION     0.173    0.897     0  02:59       0.832        3.53       2.524
  N00170               JUNCTION     0.000    0.000     0  00:59     0.00106     0.00106      -3.902
  N01648               JUNCTION     0.086    0.408     0  02:06       0.451        2.23       4.286
  N01461               JUNCTION     0.002    0.254     0  01:42     0.00563        1.06       5.480
  N02509               JUNCTION     0.002    0.003     0  01:35     0.00999      0.0111       6.580
  N00692               JUNCTION     0.000    2.798     0  01:42     0.00154        15.4       1.450
  N01609               JUNCTION     0.004    0.004     0  01:36      0.0115      0.0123       3.779
  N02212               JUNCTION     0.000    0.013     0  02:07     0.00189      0.0118     251.816
  N00140               JUNCTION     0.000    0.000     0  01:00     0.00235     0.00235       0.253
  N02608               JUNCTION     0.024    0.113     0  01:42       0.109       0.554       5.688
  N01318               JUNCTION     0.000    0.309     0  01:41     0.00137        1.33       0.366
  N02435               JUNCTION     0.001    0.018     0  01:40     0.00283      0.0716       0.959
  N01770               JUNCTION     0.067    0.134     0  02:05       0.374       0.731       3.317
  N01469               JUNCTION     0.229    2.260     0  02:13       0.818        11.9       1.632
  N00229               JUNCTION     0.111    0.207     0  01:41       0.586        1.13       4.439
  N02549               JUNCTION     0.000    0.015     0  01:36     0.00107      0.0548       1.141
  N00305               JUNCTION     0.001    0.036     0  01:34     0.00357       0.152      12.136
  N02735               JUNCTION     0.001    0.001     0  01:00     0.00339     0.00339      -1.282
  N00094               JUNCTION     0.018    0.477     0  01:40       0.068        2.35       0.699
  N01210               JUNCTION     0.001    0.001     0  01:00     0.00416     0.00416       1.006
  N01286               JUNCTION     0.089    0.223     0  01:40       0.382       0.874       2.282
  N02304               JUNCTION     0.005    0.005     0  01:00      0.0239      0.0239       0.060
  N01849               JUNCTION     0.005    0.288     0  02:05      0.0222        1.54       3.179
  N00724               JUNCTION     0.080    0.313     0  01:40       0.349        1.36       1.979
  N01425               JUNCTION     0.001    0.001     0  01:00     0.00434      0.0054      -0.098
  N00550               JUNCTION     0.020    0.029     0  01:37      0.0818       0.123       0.976
  N01253               JUNCTION     0.000    0.005     0  01:36     0.00109      0.0227       1.352
  N00855               JUNCTION     0.001    0.728     0  01:43     0.00223        4.22       4.110
  N00491               JUNCTION     0.000    0.028     0  02:04     0.00108     0.00847       0.084
  N02083               JUNCTION     0.366    1.429     0  02:59        1.73        7.91       0.828
  N01929               JUNCTION     0.009    0.009     0  01:34      0.0381      0.0381       0.341
  N01176               JUNCTION     0.001    0.034     0  02:02     0.00501       0.154       2.316
  N02821               JUNCTION     0.006    0.006     0  01:00      0.0206      0.0206      -0.688
  N01877               JUNCTION     0.001    0.001     0  01:00     0.00265     0.00265       0.838
  N00856               JUNCTION     0.000    0.002     0  01:03     0.00131     0.00259      41.707
  N01382               JUNCTION     0.000    0.008     0  01:36    0.000785      0.0341       0.660
  N00332               JUNCTION     0.029    0.029     0  01:39       0.154       0.154       5.509
  N01067               JUNCTION     0.001    0.010     0  01:39      0.0069      0.0168      50.414
  N02438               JUNCTION     0.003    0.099     0  01:40      0.0129       0.383       3.013
  N00481               JUNCTION     0.001    0.002     0  01:35     0.00511     0.00887       2.436
  N02500               JUNCTION     0.000    0.000     0  00:57     0.00163     0.00163      25.669
  N00185               JUNCTION     0.000    0.000     0  00:59     0.00198     0.00198       0.760
  N02836               JUNCTION     0.001    0.081     0  01:42     0.00219       0.362       2.402
  N01534               JUNCTION     0.001    0.001     0  01:40     0.00313     0.00313       0.683
  N00540               JUNCTION     0.000    0.229     0  01:39    0.000771        1.12       3.981
  N00454               JUNCTION     0.097    0.097     0  01:40       0.321       0.322       2.789
  N02171               JUNCTION     0.001    0.001     0  01:00     0.00229     0.00229      -0.269
  N01044               JUNCTION     0.002    0.002     0  01:00     0.00605      0.0078       3.861
  N02666               JUNCTION     0.002    0.002     0  01:34     0.00699     0.00699       0.789
  N00439               JUNCTION     0.009    0.034     0  01:37      0.0397       0.147       0.419
  N01627               JUNCTION     0.000    0.000     0  00:59     0.00108     0.00108      -2.533
  N02013               JUNCTION     0.000    0.000     0  01:35     0.00183     0.00183       0.757
  N02135               JUNCTION     0.000    0.000     0  00:59     0.00075     0.00075      -1.134
  N01780               JUNCTION     0.000    0.006     0  01:33     0.00167      0.0115     221.767
  N00364               JUNCTION     0.046    0.046     0  02:44       0.222       0.222       1.031
  N02791               JUNCTION     0.024    0.350     0  02:08       0.101        1.85       3.958
  N01345               JUNCTION     0.080    0.118     0  01:39       0.346       0.594      31.518
  N02062               JUNCTION     0.001    0.002     0  01:00     0.00466     0.00831       0.848
  N01371               JUNCTION     0.002    0.054     0  02:03     0.00689       0.261       2.055
  N02747               JUNCTION     0.686    0.686     0  02:26        3.24        3.24       0.238
  N02044               JUNCTION     0.007    0.041     0  01:37      0.0269       0.172       0.571
  N00124               JUNCTION     0.003    0.008     0  02:10      0.0126      0.0215     267.823
  N02743               JUNCTION     0.000    0.000     0  00:58     0.00109     0.00109      -1.122
  N01928               JUNCTION     0.055    1.485     0  02:20       0.165        7.71       2.767
  N01042               JUNCTION     0.001    0.001     0  01:00     0.00583     0.00583       0.161
  N00300               JUNCTION     0.099    0.208     0  01:36       0.342       0.662      16.000
  N00258               JUNCTION     0.078    0.078     0  02:46       0.385       0.385       0.195
  N01513               JUNCTION     0.000    0.000     0  01:00     0.00203     0.00203       1.899
  N00915               JUNCTION     0.001    0.061     0  01:40     0.00232       0.257       1.063
  N01474               JUNCTION     0.001    0.012     0  01:45     0.00216      0.0149      87.826
  N00925               JUNCTION     0.000    0.004     0  01:40     0.00218      0.0204       1.503
  N02050               JUNCTION     0.007    0.602     0  02:48      0.0324         3.4       0.896
  N01213               JUNCTION     0.000    0.028     0  01:40     0.00195       0.122       1.122
  N00130               JUNCTION     0.110    0.110     0  01:40       0.597       0.597       1.842
  N02327               JUNCTION     0.089    0.089     0  01:40       0.455       0.457       1.373
  N00370               JUNCTION     0.000    0.000     0  01:00    0.000782      0.0013      -0.551
  N02668               JUNCTION     0.015    0.187     0  02:01      0.0579       0.776       0.548
  N01767               JUNCTION     0.001    0.001     0  01:40     0.00276     0.00575      20.760
  N01352               JUNCTION     0.000    0.000     0  02:03     0.00181     0.00181       0.788
  N01145               JUNCTION     0.000    0.000     0  01:58     0.00105     0.00105      -0.581
  N01864               JUNCTION     0.052    0.292     0  02:06       0.279        1.41       4.465
  N00941               JUNCTION     0.008    0.008     0  01:40      0.0309      0.0309       0.920
  N02214               JUNCTION     0.001    0.001     0  01:34      0.0027     0.00704      29.240
  N01577               JUNCTION     0.005    0.005     0  01:39      0.0181      0.0181       0.887
  N01832               JUNCTION     0.000    1.071     0  01:08     0.00142        6.78       1.507
  N00158               JUNCTION     0.001    0.007     0  01:36     0.00312      0.0253      20.033
  N01665               JUNCTION     0.002    0.043     0  01:36     0.00735      0.0199      76.109
  N00980               JUNCTION     0.062    0.062     0  01:39       0.258       0.258       1.392
  N01324               JUNCTION     0.143    0.143     0  02:59       0.362       0.382       7.457
  N02628               JUNCTION     0.002    0.002     0  01:00     0.00593     0.00593      -0.869
  N01854               JUNCTION     0.017    0.017     0  01:39       0.067       0.067       4.553
  N00213               JUNCTION     0.008    0.008     0  01:35       0.031      0.0312       9.690
  N02826               JUNCTION     0.001    0.002     0  01:00     0.00267     0.00874       0.303
  N01393               JUNCTION     0.000    0.000     0  01:00     0.00236     0.00236       0.129
  N00892               JUNCTION     0.001    0.003     0  01:00     0.00334      0.0144      12.752
  N01984               JUNCTION     0.012    0.012     0  01:00      0.0455      0.0455       0.063
  N01582               JUNCTION     0.005    0.007     0  01:38      0.0197      0.0286       0.851
  N01869               JUNCTION     0.001    1.189     0  02:07     0.00498        5.76       1.699
  N01693               JUNCTION     0.133    0.135     0  02:02        0.71       0.729       5.255
  N01972               JUNCTION     0.001    0.001     0  01:39     0.00402     0.00402       0.108
  N01454               JUNCTION     0.054    0.067     0  02:04       0.189       0.238      21.457
  N00886               JUNCTION     0.000    0.346     0  02:09     0.00144        1.77       2.946
  N02751               JUNCTION     0.000    0.016     0  01:41    0.000965       0.078       1.447
  N02517               JUNCTION     0.000    0.397     0  01:55     0.00224        1.76       1.738
  N00588               JUNCTION     0.031    0.406     0  01:41       0.172        1.94       3.924
  N02458               JUNCTION     0.001    0.001     0  01:35     0.00653     0.00653       1.463
  N02073               JUNCTION     0.001    0.049     0  01:59     0.00544        0.24       0.835
  N01019               JUNCTION     0.000    0.000     0  00:59     0.00192     0.00192       0.301
  N01127               JUNCTION     0.000    0.000     0  02:03     0.00181     0.00181       0.584
  N00801               JUNCTION     0.070    0.070     0  02:59       0.239       0.241       9.248
  N01997               JUNCTION     0.041    0.041     0  01:38         0.2         0.2       0.496
  N00056               JUNCTION     0.003    0.004     0  01:40      0.0137      0.0169       4.289
  N01705               JUNCTION     0.198    0.198     0  02:59       0.562       0.562       5.153
  N01428               JUNCTION     0.001    0.019     0  02:03     0.00541      0.0869       2.105
  N01112               JUNCTION     0.156    0.156     0  02:06       0.739       0.739       2.603
  N01287               JUNCTION     0.415    0.943     0  01:32        1.23         4.3       2.968
  N01553               JUNCTION     0.001    0.001     0  01:00     0.00391     0.00391      -3.789
  N00986               JUNCTION     0.140    0.330     0  01:41       0.591        1.49       2.096
  N01641               JUNCTION     0.102    0.102     0  01:40        0.52        0.52       1.609
  N00353               JUNCTION     0.000    0.000     0  00:58     0.00105     0.00105      -0.502
  N01710               JUNCTION     0.073    0.139     0  02:38       0.367       0.643       5.728
  N00430               JUNCTION     0.018    0.018     0  01:38      0.0771      0.0771       0.432
  N00287               JUNCTION     0.002    0.002     0  01:00     0.00791     0.00791      -0.320
  N00678               JUNCTION     0.589    0.621     0  02:05        2.89        3.14       2.797
  N01063               JUNCTION     0.001    0.001     0  01:00     0.00344     0.00344      -1.684
  N01249               JUNCTION     0.029    0.352     0  02:01       0.101        1.92       4.413
  N02475               JUNCTION     0.000    0.000     0  00:59     0.00112     0.00112      -3.585
  N01709               JUNCTION     0.406    0.754     0  02:44       0.844        1.62       5.366
  N02660               JUNCTION     0.001    0.178     0  01:59     0.00462       0.727       1.440
  N00414               JUNCTION     0.000    0.000     0  00:59     0.00176     0.00176       1.090
  N00280               JUNCTION     0.000    0.127     0  02:05     0.00153       0.332      17.317
  N01689               JUNCTION     0.001    0.001     0  01:00     0.00436     0.00436      -0.283
  N01411               JUNCTION     0.025    0.305     0  01:42      0.0727        1.13       1.831
  N01284               JUNCTION     0.000    0.000     0  01:35     0.00195       0.003       0.195
  N01724               JUNCTION     0.003    0.003     0  01:40      0.0107      0.0107       6.120
  N00161               JUNCTION     0.001    0.040     0  02:10     0.00343      0.0372     406.704
  N00067               JUNCTION     0.000    0.007     0  01:10     0.00124      0.0124     307.024
  N01076               JUNCTION     0.000    0.001     0  01:41    0.000856     0.00207      51.108
  N01996               JUNCTION     0.001    0.060     0  01:02      0.0021       0.257       0.577
  N02244               JUNCTION     0.000    0.001     0  01:00     0.00114      0.0027       0.181
  N00435               JUNCTION     0.000    0.000     0  00:59     0.00141     0.00141      -0.038
  N02116               JUNCTION     0.057    0.228     0  01:40       0.223       0.887       2.103
  N01559               JUNCTION     0.110    0.110     0  01:40        0.56       0.566       5.385
  N00854               JUNCTION     0.735    0.891     0  02:20        3.24        4.32       2.516
  N02160               JUNCTION     0.001    0.037     0  01:40     0.00536       0.158       1.045
  N01699               JUNCTION     0.003    0.037     0  01:09     0.00983      0.0599     261.166
  N02208               JUNCTION     0.000    0.000     0  01:00     0.00236     0.00236      -0.407
  N02728               JUNCTION     0.037    0.221     0  01:53         0.2       0.876       3.134
  N00653               JUNCTION     0.007    0.112     0  01:41      0.0178       0.542       6.659
  N02486               JUNCTION     0.256    0.256     0  02:21         1.2         1.2       3.470
  N00416               JUNCTION     0.004    0.004     0  01:00      0.0151      0.0151       0.071
  N02739               JUNCTION     0.001    0.002     0  01:14     0.00183     0.00269     171.027
  N00648               JUNCTION     0.001    0.001     0  01:00     0.00322     0.00322       0.011
  N00532               JUNCTION     0.031    0.141     0  01:40       0.122       0.628       1.176
  N01844               JUNCTION     0.001    0.001     0  01:00     0.00179     0.00179      -0.866
  N02245               JUNCTION     0.969    0.976     0  01:41        4.28        4.31       2.075
  N01880               JUNCTION     0.003    0.003     0  01:34        0.01        0.01       0.296
  N01523               JUNCTION     0.000    0.000     0  01:23    0.000769    0.000769      -1.302
  N00142               JUNCTION     0.075    0.075     0  01:39       0.325       0.325       0.176
  N00373               JUNCTION     0.001    0.013     0  01:40     0.00396      0.0529       0.750
  N02731               JUNCTION     0.000    0.003     0  02:06     0.00132     0.00784     170.493
  N01634               JUNCTION     0.000    0.000     0  01:00    0.000864    0.000864      -3.664
  N01007               JUNCTION     0.078    0.264     0  01:41       0.387        1.21       2.342
  N00117               JUNCTION     0.000    0.006     0  01:00     0.00194      0.0268       1.250
  N01735               JUNCTION     0.001    0.004     0  01:00     0.00422      0.0141       0.613
  N02673               JUNCTION     0.003    0.006     0  01:40      0.0117      0.0271       1.642
  N00215               JUNCTION     0.040    0.040     0  01:39       0.174       0.174       1.765
  N00085               JUNCTION     0.016    0.031     0  01:40      0.0698       0.141      26.851
  N02727               JUNCTION     0.002    0.002     0  01:00     0.00941     0.00941      -1.411
  N02676               JUNCTION     0.002    0.179     0  01:55      0.0079       0.745       1.548
  N01283               JUNCTION     0.000    0.000     0  00:59     0.00191     0.00191       0.344
  N02439               JUNCTION     0.001    0.001     0  01:35     0.00463     0.00463       0.300
  N01697               JUNCTION     0.000    0.002     0  01:40     0.00125     0.00751       2.276
  N02243               JUNCTION     0.005    0.006     0  01:36       0.023      0.0257       0.608
  N01392               JUNCTION     0.001    0.006     0  01:35     0.00226      0.0255       0.779
  N02365               JUNCTION     0.000    0.147     0  02:04     0.00113       0.762       1.497
  N00260               JUNCTION     0.001    0.001     0  00:59     0.00443     0.00443      -1.738
  N02742               JUNCTION     0.000    0.000     0  01:00     0.00105     0.00105      21.650
  N02514               JUNCTION     0.399    0.441     0  01:57        0.88        1.44       6.594
  N01616               JUNCTION     0.000    0.000     0  00:59    0.000955    0.000955      -5.895
  N00269               JUNCTION     0.096    0.109     0  01:38       0.501       0.579       5.073
  N02729               JUNCTION     0.005    0.005     0  01:34      0.0242      0.0242       2.269
  N00633               JUNCTION     0.000    0.000     0  00:57    0.000798    0.000798      -1.916
  N01736               JUNCTION     0.000    0.000     0  00:57     0.00122     0.00122      -0.498
  N02450               JUNCTION     0.004    0.004     0  01:40      0.0248      0.0248       0.358
  N01256               JUNCTION     0.005    0.005     0  01:39      0.0166      0.0166       0.266
  N02744               JUNCTION     0.000    0.000     0  00:59     0.00114     0.00114      -0.318
  N02614               JUNCTION     0.060    0.086     0  01:40       0.303       0.418       1.909
  N01874               JUNCTION     0.158    0.312     0  02:19       0.782        1.51       1.855
  N00446               JUNCTION     0.000    0.001     0  01:39     0.00109     0.00403       0.164
  N01208               JUNCTION     0.001    0.005     0  02:06     0.00261     0.00429       2.337
  N02237               JUNCTION     0.001    0.001     0  01:00     0.00293     0.00293      -0.171
  N02476               JUNCTION     0.000    0.009     0  02:48     0.00209      0.0251       6.061
  N00192               JUNCTION     0.056    0.315     0  02:58       0.246        1.26       4.566
  N00887               JUNCTION     0.337    1.286     0  01:59        1.28        7.92       1.592
  N00878               JUNCTION     0.066    0.322     0  02:18       0.323        1.77       3.244
  N00607               JUNCTION     0.007    0.232     0  01:40       0.029       0.997       0.556
  N02603               JUNCTION     0.166    0.459     0  02:06        0.87         2.4       2.419
  N02686               JUNCTION     0.001    1.334     0  01:43     0.00391        5.45       0.522
  N02254               JUNCTION     0.010    0.080     0  01:40      0.0393       0.342       0.395
  N01295               JUNCTION     0.000    0.000     0  00:59    0.000503    0.000503      -3.561
  N00033               JUNCTION     0.002    0.002     0  01:00     0.00791     0.00791      -0.897
  N00702               JUNCTION     0.010    0.029     0  01:40      0.0463       0.125       1.873
  N02008               JUNCTION     0.001    0.002     0  01:40     0.00351      0.0132       3.834
  N01452               JUNCTION     0.119    0.949     0  02:05       0.637        5.06       3.403
  N00959               JUNCTION     0.000    0.000     0  00:57     0.00107     0.00107      -2.262
  N02300               JUNCTION     0.011    0.011     0  01:00      0.0396      0.0417       0.219
  N00614               JUNCTION     0.000    0.019     0  01:40     0.00107      0.0845       2.078
  N01912               JUNCTION     0.006    0.006     0  01:35       0.023       0.023      -0.074
  N01468               JUNCTION     0.295    0.295     0  02:38        1.08        1.09       1.501
  N00494               JUNCTION     0.175    1.620     0  02:56       0.272        7.25       3.318
  N02825               JUNCTION     0.000    0.705     0  02:59     0.00157        3.15       3.464
  N00356               JUNCTION     0.057    0.057     0  01:40       0.263       0.263       0.203
  N02636               JUNCTION     0.373    0.374     0  01:44        1.48        1.49       1.642
  N02081               JUNCTION     0.001    0.891     0  02:59      0.0017        4.29       3.966
  N01889               JUNCTION     0.000    0.000     0  01:34     0.00217     0.00217       0.599
  N02637               JUNCTION     0.000    0.000     0  00:59     0.00105     0.00105      -0.871
  N00103               JUNCTION     0.818    0.824     0  02:54        3.51        3.52       2.011
  N02779               JUNCTION     0.004    0.004     0  01:40      0.0183      0.0183       1.879
  N02649               JUNCTION     0.001    0.302     0  01:45     0.00357        1.61       0.852
  N01629               JUNCTION     0.009    0.034     0  01:35      0.0406      0.0905     390.142
  N00334               JUNCTION     0.282    0.842     0  02:43       0.652        3.92       2.461
  N01035               JUNCTION     0.002    0.011     0  01:37     0.00874       0.048       2.487
  N02004               JUNCTION     0.000    0.707     0  02:59     0.00138        3.23       2.868
  N02545               JUNCTION     0.004    0.011     0  01:26       0.021      0.0277      79.763
  N00107               JUNCTION     0.017    1.237     0  01:43      0.0593        5.35       0.294
  N01335               JUNCTION     0.000    0.001     0  01:00     0.00108     0.00883      42.628
  N00739               JUNCTION     0.011    0.011     0  01:35      0.0518      0.0518       3.878
  N02670               JUNCTION     0.023    0.023     0  01:00       0.116       0.116       0.218
  N02137               JUNCTION     0.001    0.001     0  01:00     0.00313     0.00313      -0.040
  N00224               JUNCTION     0.001    0.120     0  01:40     0.00576       0.529       0.930
  N01748               JUNCTION     0.001    0.013     0  01:36     0.00467      0.0211      32.414
  N00148               JUNCTION     0.000    0.092     0  01:40     0.00188       0.389       2.323
  N00400               JUNCTION     0.001    0.009     0  02:57     0.00392      0.0159     330.714
  N02069               JUNCTION     0.030    0.030     0  01:36       0.102       0.102       1.392
  N01700               JUNCTION     0.000    0.000     0  00:59    0.000757    0.000757     -12.318
  N02584               JUNCTION     0.000    0.000     0  01:00    0.000896     0.00139       6.340
  N02583               JUNCTION     0.000    0.000     0  01:00    0.000474    0.000474      -3.259
  N01597               JUNCTION     0.000    0.004     0  01:39     0.00175      0.0168       2.311
  N02474               JUNCTION     0.002    0.016     0  01:41     0.00912       0.031     387.537
  N01033               JUNCTION     0.000    0.000     0  00:58     0.00185     0.00185       0.454
  N00123               JUNCTION     0.000    0.874     0  02:49     0.00218        3.94       4.569
  N01955               JUNCTION     0.001    0.009     0  01:40     0.00468      0.0233     671.830
  N02630               JUNCTION     0.001    0.118     0  01:40     0.00343        0.52       0.413
  N02105               JUNCTION     0.000    0.011     0  01:40     0.00211      0.0411       1.145
  N00362               JUNCTION     0.000    0.001     0  01:00     0.00145     0.00327       0.793
  N01529               JUNCTION     0.000    0.000     0  00:59    0.000782    0.000782      -3.846
  N00115               JUNCTION     0.000    0.006     0  01:40     0.00133      0.0223       2.049
  N01319               JUNCTION     0.003    0.203     0  01:40      0.0108       0.885       0.358
  N01713               JUNCTION     0.020    0.025     0  02:06      0.0841       0.122      31.642
  N00821               JUNCTION     0.000    0.000     0  01:00     0.00123     0.00123      -2.348
  N00554               JUNCTION     0.001    0.081     0  01:44     0.00239       0.356       1.815
  N00726               JUNCTION     0.000    0.000     0  01:34     0.00242     0.00242       0.273
  N02761               JUNCTION     0.096    0.096     0  01:41       0.506       0.506       1.452
  N01563               JUNCTION     0.009    0.066     0  01:40      0.0389       0.281       2.461
  N02136               JUNCTION     0.000    0.000     0  00:59    0.000821    0.000821      -1.492
  N02196               JUNCTION     0.002    0.002     0  01:00     0.00777     0.00777       0.912
  N02087               JUNCTION     0.000    0.007     0  01:30     0.00139     0.00898     340.601
  N00904               JUNCTION     0.129    0.159     0  02:46       0.687       0.826       6.926
  N01205               JUNCTION     0.023    0.026     0  01:36       0.103       0.119       0.265
  N00830               JUNCTION     0.001    0.001     0  01:00      0.0039      0.0039      -1.084
  N02298               JUNCTION     0.035    0.178     0  01:40       0.148       0.854       1.421
  N00486               JUNCTION     0.030    0.030     0  02:59       0.093      0.0932       9.568
  N01905               JUNCTION     0.016    0.017     0  01:39      0.0656      0.0667       1.649
  N02582               JUNCTION     0.007    0.008     0  01:39       0.023       0.028      16.938
  N01936               JUNCTION     0.001    0.001     0  01:35     0.00425     0.00425       0.202
  N00008               JUNCTION     0.576    0.781     0  01:44        2.59        3.91       3.804
  N00035               JUNCTION     0.001    0.163     0  01:41     0.00328       0.848       0.453
  N01273               JUNCTION     0.000    0.010     0  01:38     0.00189      0.0134     235.148
  N01610               JUNCTION     0.155    0.258     0  02:01       0.883        1.45       6.229
  N02112               JUNCTION     0.180    0.587     0  02:22       0.934        3.16       2.090
  N02122               JUNCTION     0.001    0.126     0  02:02     0.00297       0.672       7.717
  N02019               JUNCTION     0.008    0.011     0  01:37      0.0408      0.0516       1.092
  N00166               JUNCTION     0.000    0.093     0  01:41     0.00184       0.299       4.008
  N00869               JUNCTION     0.000    0.000     0  01:00     0.00123     0.00123      -2.426
  N02520               JUNCTION     0.020    0.032     0  01:40      0.0852       0.139       0.295
  N00324               JUNCTION     0.003    0.003     0  01:34      0.0131      0.0131       0.864
  N01218               JUNCTION     0.021    0.021     0  01:40      0.0927      0.0927       0.300
  N02507               JUNCTION     0.000    0.000     0  00:55     0.00105     0.00105      -3.129
  N01142               JUNCTION     0.001    0.002     0  01:35     0.00406     0.00907       3.586
  N01312               JUNCTION     0.018    0.018     0  01:00      0.0705      0.0705       3.429
  N00575               JUNCTION     0.000    0.001     0  00:59     0.00139     0.00329       0.268
  N00812               JUNCTION     0.000    0.000     0  01:00     0.00172     0.00172      -0.534
  N00424               JUNCTION     0.000    0.003     0  01:39     0.00126     0.00577      29.978
  N01135               JUNCTION     0.001    0.001     0  01:00      0.0055      0.0055       2.659
  N02060               JUNCTION     0.001    0.004     0  01:35     0.00591      0.0161       2.627
  N00106               JUNCTION     0.420    1.989     0  01:53         1.1        10.2       1.522
  N02726               JUNCTION     0.000    0.180     0  02:02     0.00194           1       5.078
  N02355               JUNCTION     0.115    0.115     0  02:16        0.51       0.514      14.245
  N01113               JUNCTION     0.003    0.208     0  02:05     0.00799        1.18       4.454
  N01280               JUNCTION     0.000    0.001     0  01:00     0.00186     0.00367       2.892
  N02471               JUNCTION     0.522    0.676     0  01:41        2.13        3.03       2.236
  N02127               JUNCTION     0.041    0.041     0  02:01       0.214       0.216       1.753
  N01896               JUNCTION     0.036    0.037     0  01:00       0.136       0.138       0.105
  N00009               JUNCTION     0.001    0.001     0  01:35     0.00495     0.00495       2.483
  N01341               JUNCTION     0.002    0.224     0  02:04      0.0074        1.11       1.462
  N02433               JUNCTION     0.014    0.178     0  02:02      0.0615        1.03       3.264
  N02536               JUNCTION     0.000    0.000     0  01:35     0.00193     0.00193      -0.781
  N00159               JUNCTION     0.000    0.005     0  01:42     0.00107      0.0221       2.994
  N01884               JUNCTION     0.099    0.399     0  02:07        0.53        2.18       1.680
  N00954               JUNCTION     0.000    0.002     0  01:40    0.000823     0.00817       2.291
  N02544               JUNCTION     0.007    0.059     0  01:40      0.0307       0.247       1.740
  N02100               JUNCTION     0.436    0.518     0  01:41        2.29        2.65       0.882
  N02318               JUNCTION     0.000    0.141     0  01:40     0.00196       0.752       7.931
  N01495               JUNCTION     0.000    0.000     0  01:35     0.00213     0.00213      -1.155
  N01055               JUNCTION     0.000    0.003     0  01:40     0.00188      0.0123       1.567
  N01084               JUNCTION     0.010    0.010     0  01:39      0.0524      0.0524      11.053
  OUT01                OUTFALL      0.000    0.053     0  02:07           0       0.297       0.000
  OUT02                OUTFALL      0.000    0.345     0  01:59           0        1.53       0.000
  OUT03                OUTFALL      0.000    0.630     0  02:08           0        3.26       0.000
  OUT04                OUTFALL      0.000    0.774     0  01:43           0        3.44       0.000
  OUT05                OUTFALL      0.000    0.869     0  02:48           0        3.71       0.000
  OUT06                OUTFALL      0.000    0.176     0  02:08           0       0.946       0.000
  OUT07                OUTFALL      0.000    0.088     0  01:44           0       0.287       0.000
  OUT08                OUTFALL      0.000    2.337     0  02:42           0        10.6       0.000
  OUT09                OUTFALL      0.000    1.370     0  02:19           0        6.74       0.000
  OUT10                OUTFALL      0.000    0.336     0  02:09           0        1.98       0.000
  OUT11                OUTFALL      0.000    0.120     0  01:44           0       0.626       0.000
  OUT12                OUTFALL      0.000    0.075     0  02:47           0       0.423       0.000
  OUT13                OUTFALL      0.000    0.418     0  02:20           0        2.17       0.000
  OUT14                OUTFALL      0.000    0.317     0  01:44           0        1.61       0.000
  OUT15                OUTFALL      0.000    0.404     0  02:09           0        2.16       0.000
  OUT16                OUTFALL      0.000    0.210     0  02:08           0        1.21       0.000
  OUT17                OUTFALL      0.000    2.828     0  02:59           0        15.1       0.000
  OUT18                OUTFALL      0.000    0.532     0  01:47           0        2.51       0.000
  OUT19                OUTFALL      0.000    0.316     0  02:07           0        1.66       0.000
  OUT20                OUTFALL      0.000    0.229     0  02:03           0        1.17       0.000
  OUT21                OUTFALL      0.000    0.000     0  01:40           0     0.00151       0.000
  OUT22                OUTFALL      0.000    0.006     0  01:42           0      0.0273       0.000
  OUT23                OUTFALL      0.000    0.037     0  01:44           0       0.173       0.000
  OUT24                OUTFALL      0.000    0.425     0  02:09           0        2.19       0.000
  OUT25                OUTFALL      0.000    0.093     0  01:43           0       0.314       0.000
  OUT26                OUTFALL      0.000    0.445     0  02:20           0        2.12       0.000
  OUT27                OUTFALL      0.000    1.605     0  02:58           0           7       0.000
  OUT28                OUTFALL      0.000    1.291     0  02:14           0        5.64       0.000
  OUT29                OUTFALL      0.000    1.009     0  02:15           0        5.01       0.000
  OUT30                OUTFALL      0.000    0.939     0  02:11           0        4.82       0.000
  OUT31                OUTFALL      0.000    0.028     0  02:59           0      0.0741       0.000
  OUT32                OUTFALL      0.000    0.400     0  01:44           0        1.87       0.000
  OUT33                OUTFALL      0.000    0.107     0  01:44           0       0.508       0.000
  OUT34                OUTFALL      0.000    0.000     0  01:40           0     0.00183       0.000
  OUT35                OUTFALL      0.000    0.618     0  02:08           0        3.06       0.000
  OUT36                OUTFALL      0.000    0.244     0  01:43           0         1.3       0.000
  OUT37                OUTFALL      0.000    0.093     0  02:48           0       0.467       0.000
  OUT38                OUTFALL      0.000    0.000     0  01:40           0     0.00182       0.000
  OUT39                OUTFALL      0.000    0.011     0  01:40           0      0.0498       0.000
  OUT40                OUTFALL      0.000    0.093     0  02:02           0        0.41       0.000
  OUT41                OUTFALL      0.000    0.578     0  01:45           0        3.08       0.000
  OUT42                OUTFALL      0.000    0.170     0  01:49           0       0.901       0.000
  OUT43                OUTFALL      0.000    0.000     0  01:40           0     0.00245       0.000
  OUT44                OUTFALL      0.000    0.029     0  02:48           0       0.142       0.000
  OUT45                OUTFALL      0.000    0.066     0  02:59           0       0.221       0.000
  OUT46                OUTFALL      0.000    0.299     0  02:11           0        1.61       0.000
  OUT47                OUTFALL      0.000    0.666     0  02:02           0        3.58       0.000
  OUT48                OUTFALL      0.000    0.035     0  01:41           0       0.146       0.000
  OUT49                OUTFALL      0.000    0.327     0  01:44           0        1.44       0.000
  OUT50                OUTFALL      0.000    0.712     0  02:03           0        4.02       0.000
  OUT51                OUTFALL      0.000    1.370     0  02:13           0        6.53       0.000
  OUT52                OUTFALL      0.000    0.123     0  02:48           0       0.571       0.000
  OUT53                OUTFALL      0.000    0.345     0  02:10           0        1.72       0.000
  OUT54                OUTFALL      0.000    1.283     0  02:00           0        7.75       0.000
  OUT55                OUTFALL      0.000    0.003     0  01:40           0      0.0128       0.000
  OUT56                OUTFALL      0.000    0.339     0  01:44           0        1.68       0.000
  OUT57                OUTFALL      0.000    0.744     0  01:41           0        2.95       0.000
  OUT58                OUTFALL      0.000    0.250     0  01:43           0        1.05       0.000
  OUT59                OUTFALL      0.000    0.059     0  01:43           0       0.245       0.000
  OUT60                OUTFALL      0.000    0.236     0  01:43           0        1.03       0.000
  OUT61                OUTFALL      0.000    0.102     0  02:14           0        0.45       0.000
  OUT62                OUTFALL      0.000    0.132     0  02:59           0       0.588       0.000
  OUT63                OUTFALL      0.000    0.001     0  01:40           0     0.00313       0.000
  OUT64                OUTFALL      0.000    0.046     0  01:54           0        0.17       0.000
  OUT65                OUTFALL      0.000    0.118     0  01:41           0       0.523       0.000
  OUT66                OUTFALL      0.000    0.683     0  02:48           0        3.29       0.000
  OUT67                OUTFALL      0.000    0.076     0  02:50           0       0.353       0.000
  OUT68                OUTFALL      0.000    0.153     0  02:07           0       0.721       0.000
  OUT69                OUTFALL      0.000    0.630     0  02:08           0        3.31       0.000
  OUT70                OUTFALL      0.000    0.000     0  01:42           0     0.00224       0.000
  OUT71                OUTFALL      0.000    0.051     0  01:41           0       0.227       0.000
  OUT72                OUTFALL      0.000    0.127     0  02:48           0       0.607       0.000
  OUT73                OUTFALL      0.000    0.009     0  01:40           0      0.0335       0.000
  OUT74                OUTFALL      0.000    0.032     0  02:59           0       0.141       0.000
  OUT75                OUTFALL      0.000    0.419     0  02:48           0        2.09       0.000
  OUT76                OUTFALL      0.000    0.037     0  01:45           0       0.163       0.000
  OUT77                OUTFALL      0.000    0.347     0  02:02           0        1.84       0.000
  OUT78                OUTFALL      0.000    0.131     0  02:23           0       0.644       0.000
  OUT79                OUTFALL      0.000    0.019     0  02:26           0      0.0816       0.000
  OUT80                OUTFALL      0.000    0.216     0  01:41           0       0.854       0.000
  OUT81                OUTFALL      0.000    0.092     0  01:43           0       0.366       0.000
  OUT82                OUTFALL      0.000    0.909     0  02:48           0        4.94       0.000
  OUT83                OUTFALL      0.000    0.001     0  02:03           0     0.00619       0.000
  OUT84                OUTFALL      0.000    0.490     0  02:18           0        2.17       0.000
  OUT85                OUTFALL      0.000    1.418     0  02:50           0        5.86       0.000
  OUT86                OUTFALL      0.000    0.305     0  01:42           0        1.36       0.000
  OUT87                OUTFALL      0.000    0.042     0  01:47           0        0.18       0.000
  OUT88                OUTFALL      0.000    0.015     0  01:42           0      0.0568       0.000
  OUT89                OUTFALL      0.000    0.184     0  01:44           0       0.933       0.000
  OUT90                OUTFALL      0.000    0.168     0  01:43           0        0.76       0.000
  OUT91                OUTFALL      0.000    0.033     0  01:43           0       0.152       0.000
  OUT92                OUTFALL      0.000    0.003     0  01:40           0      0.0113       0.000
  OUT93                OUTFALL      0.000    0.944     0  02:06           0        4.87       0.000
  OUT94                OUTFALL      0.000    2.259     0  02:14           0        11.7       0.000
  OUT95                OUTFALL      0.000    0.086     0  02:09           0       0.478       0.000
  OUT96                OUTFALL      0.000    0.141     0  02:06           0       0.735       0.000
  OUT97                OUTFALL      0.000    0.027     0  01:41           0       0.111       0.000
  OUT98                OUTFALL      0.000    0.660     0  02:50           0        3.16       0.000
  OUT99                OUTFALL      0.000    0.747     0  02:59           0        3.51       0.000
  OUT100               OUTFALL      0.000    0.204     0  02:03           0        1.06       0.000
  OUT101               OUTFALL      0.000    0.114     0  02:59           0       0.512       0.000
  OUT102               OUTFALL      0.000    0.000     0  01:40           0    0.000923       0.000
  OUT103               OUTFALL      0.000    0.253     0  02:08           0        1.37       0.000
  OUT104               OUTFALL      0.000    0.616     0  02:13           0        3.18       0.000
  OUT105               OUTFALL      0.000    0.403     0  02:09           0        2.14       0.000
  OUT106               OUTFALL      0.000    3.100     0  02:59           0        17.8       0.000
  OUT107               OUTFALL      0.000    1.652     0  02:05           0        9.38       0.000
  OUT108               OUTFALL      0.000    0.012     0  01:44           0      0.0443       0.000
  OUT109               OUTFALL      0.000    0.037     0  01:43           0       0.156       0.000
  OUT110               OUTFALL      0.000    0.484     0  02:59           0        1.05       0.000
  OUT111               OUTFALL      0.000    0.188     0  02:59           0       0.534       0.000
  OUT112               OUTFALL      0.000    1.462     0  02:59           0        5.18       0.000
  OUT113               OUTFALL      0.000    0.333     0  02:09           0        1.71       0.000
  OUT114               OUTFALL      0.000    0.006     0  01:41           0      0.0241       0.000
  OUT115               OUTFALL      0.000    0.036     0  01:41           0       0.126       0.000
  OUT116               OUTFALL      0.000    0.142     0  01:43           0       0.584       0.000
  OUT117               OUTFALL      0.000    0.001     0  01:42           0     0.00476       0.000
  OUT118               OUTFALL      0.000    0.169     0  01:44           0       0.876       0.000
  OUT119               OUTFALL      0.000    0.164     0  02:06           0       0.841       0.000
  OUT120               OUTFALL      0.000    0.306     0  02:19           0        1.53       0.000
  OUT121               OUTFALL      0.000    0.277     0  02:07           0        1.49       0.000
  OUT122               OUTFALL      0.000    0.251     0  02:59           0       0.449       0.000
  OUT123               OUTFALL      0.000    0.378     0  01:46           0        1.86       0.000
  OUT124               OUTFALL      0.000    1.053     0  01:49           0        5.51       0.000
  OUT125               OUTFALL      0.000    0.636     0  02:07           0        3.13       0.000
  OUT126               OUTFALL      0.000    0.014     0  01:41           0      0.0565       0.000
  OUT127               OUTFALL      0.000    0.000     0  01:42           0     0.00235       0.000
  OUT128               OUTFALL      0.000    0.043     0  01:43           0       0.182       0.000
  OUT129               OUTFALL      0.000    0.021     0  01:41           0       0.093       0.000
  OUT130               OUTFALL      0.000    0.284     0  02:03           0        1.49       0.000
  OUT131               OUTFALL      0.000    0.344     0  01:43           0        1.94       0.000
  OUT132               OUTFALL      0.000    1.188     0  02:08           0        5.67       0.000
  OUT133               OUTFALL      0.000    0.528     0  02:48           0        2.46       0.000
  OUT134               OUTFALL      0.000    1.433     0  02:27           0        6.63       0.000
  OUT135               OUTFALL      0.000    0.241     0  02:04           0        1.15       0.000
  OUT136               OUTFALL      0.000    1.482     0  02:20           0        7.45       0.000
  OUT137               OUTFALL      0.000    0.016     0  02:46           0      0.0668       0.000
  OUT138               OUTFALL      0.000    0.004     0  01:40           0      0.0176       0.000
  OUT139               OUTFALL      0.000    0.000     0  01:40           0     0.00211       0.000
  OUT140               OUTFALL      0.000    0.059     0  01:43           0       0.289       0.000
  OUT141               OUTFALL      0.000    0.721     0  02:05           0        3.88       0.000
  OUT142               OUTFALL      0.000    0.007     0  01:41           0      0.0339       0.000
  OUT143               OUTFALL      0.000    0.003     0  01:41           0      0.0106       0.000
  OUT144               OUTFALL      0.000    0.006     0  02:39           0      0.0215       0.000
  OUT145               OUTFALL      0.000    0.004     0  01:40           0      0.0178       0.000
  OUT146               OUTFALL      0.000    0.084     0  01:41           0       0.374       0.000
  OUT147               OUTFALL      0.000    0.028     0  01:42           0       0.101       0.000
  OUT148               OUTFALL      0.000    0.002     0  01:40           0     0.00776       0.000
  OUT149               OUTFALL      0.000    1.933     0  02:06           0         9.9       0.000
  OUT150               OUTFALL      0.000    1.164     0  02:46           0        5.29       0.000
  OUT151               OUTFALL      0.000    0.010     0  01:40           0      0.0436       0.000
  OUT152               OUTFALL      0.000    0.368     0  02:08           0        1.94       0.000
  OUT153               OUTFALL      0.000    0.371     0  01:53           0        1.45       0.000
  OUT154               OUTFALL      0.000    0.121     0  02:08           0       0.624       0.000
  OUT155               OUTFALL      0.000    0.118     0  01:43           0       0.485       0.000
  OUT156               OUTFALL      0.000    0.255     0  02:18           0        1.15       0.000
  OUT157               OUTFALL      0.000    0.113     0  01:41           0       0.521       0.000
  OUT158               OUTFALL      0.000    0.193     0  02:50           0       0.998       0.000
  OUT159               OUTFALL      0.000    0.107     0  02:48           0       0.577       0.000
  OUT160               OUTFALL      0.000    0.018     0  02:59           0      0.0669       0.000
  OUT161               OUTFALL      0.000    0.001     0  01:41           0     0.00544       0.000
  OUT162               OUTFALL      0.000    0.001     0  01:40           0     0.00374       0.000
  OUT163               OUTFALL      0.000    0.734     0  01:15           0        4.18       0.000
  OUT164               OUTFALL      0.000    1.276     0  01:50           0        4.74       0.000
  OUT165               OUTFALL      0.000    0.321     0  01:43           0        1.53       0.000
  OUT166               OUTFALL      0.000    0.246     0  01:41           0        1.23       0.000
  OUT167               OUTFALL      0.000    0.002     0  01:40           0     0.00841       0.000
  OUT168               OUTFALL      0.000    0.081     0  01:46           0       0.386       0.000
  OUT169               OUTFALL      0.000    0.005     0  01:40           0      0.0231       0.000
  OUT170               OUTFALL      0.000    0.028     0  01:39           0       0.115       0.000
  OUT171               OUTFALL      0.000    0.009     0  02:56           0      0.0416       0.000
  OUT172               OUTFALL      0.000    0.135     0  02:03           0       0.688       0.000
  OUT173               OUTFALL      0.000    0.000     0  01:40           0     0.00111       0.000
  OUT174               OUTFALL      0.000    0.993     0  02:59           0        3.77       0.000
  OUT175               OUTFALL      0.000    0.116     0  02:46           0       0.601       0.000
  OUT176               OUTFALL      0.000    0.207     0  02:07           0        1.13       0.000
  OUT177               OUTFALL      0.000    0.410     0  02:50           0        2.28       0.000
  OUT178               OUTFALL      0.000    1.258     0  02:19           0         5.9       0.000
  OUT179               OUTFALL      0.000    0.000     0  01:40           0     0.00083       0.000
  OUT180               OUTFALL      0.000    0.152     0  02:59           0       0.619       0.000
  OUT181               OUTFALL      0.000    0.832     0  02:08           0        4.36       0.000
  OUT182               OUTFALL      0.000    1.561     0  02:06           0        9.22       0.000
  OUT183               OUTFALL      0.000    0.919     0  02:23           0         4.4       0.000
  OUT184               OUTFALL      0.000    0.015     0  02:22           0      0.0701       0.000
  OUT185               OUTFALL      0.000    0.609     0  02:50           0        2.98       0.000
  OUT186               OUTFALL      0.000    0.000     0  01:41           0      0.0013       0.000
  OUT187               OUTFALL      0.000    0.001     0  01:44           0     0.00466       0.000
  OUT188               OUTFALL      0.000    0.102     0  01:43           0       0.435       0.000
  OUT189               OUTFALL      0.000    0.002     0  01:42           0     0.00723       0.000
  OUT190               OUTFALL      0.000    0.502     0  01:45           0        2.09       0.000
  OUT191               OUTFALL      0.000    0.000     0  01:40           0    0.000964       0.000
  OUT192               OUTFALL      0.000    0.000     0  01:40           0    0.000866       0.000
  OUT193               OUTFALL      0.000    0.097     0  01:43           0       0.348       0.000
  OUT194               OUTFALL      0.000    0.794     0  02:50           0        3.88       0.000
  OUT195               OUTFALL      0.000    0.570     0  02:59           0        1.89       0.000
  OUT196               OUTFALL      0.000    0.028     0  01:41           0        0.13       0.000
  OUT197               OUTFALL      0.000    0.005     0  01:45           0      0.0239       0.000
  OUT198               OUTFALL      0.000    0.057     0  01:42           0       0.264       0.000
  OUT199               OUTFALL      0.000    0.000     0  01:40           0     0.00106       0.000
  OUT200               OUTFALL      0.000    0.006     0  01:43           0      0.0285       0.000
  OUT201               OUTFALL      0.000    0.109     0  01:45           0       0.524       0.000
  OUT202               OUTFALL      0.000    0.612     0  01:45           0        3.05       0.000
  OUT203               OUTFALL      0.000    0.000     0  02:58           0     0.00144       0.000
  OUT204               OUTFALL      0.000    0.626     0  01:49           0        3.11       0.000
  OUT205               OUTFALL      0.000    1.890     0  01:49           0        9.32       0.000
  OUT206               OUTFALL      0.000    0.000     0  01:40           0    0.000729       0.000
  OUT207               OUTFALL      0.000    0.329     0  01:45           0        1.65       0.000
  OUT208               OUTFALL      0.000    0.316     0  01:49           0        1.69       0.000
  OUT209               OUTFALL      0.000    0.178     0  02:08           0       0.951       0.000
  OUT210               OUTFALL      0.000    0.000     0  01:40           0    0.000863       0.000
  OUT211               OUTFALL      0.000    0.208     0  02:46           0        1.14       0.000
  OUT212               OUTFALL      0.000    0.081     0  02:08           0        0.39       0.000
  OUT213               OUTFALL      0.000    0.288     0  02:02           0        1.22       0.000
  OUT214               OUTFALL      0.000    1.512     0  02:46           0        6.96       0.000
  OUT215               OUTFALL      0.000    0.921     0  02:08           0        4.69       0.000
  OUT216               OUTFALL      0.000    0.155     0  02:08           0        0.85       0.000
  OUT217               OUTFALL      0.000    0.186     0  02:50           0       0.975       0.000
  OUT218               OUTFALL      0.000    0.223     0  01:42           0        0.73       0.000
  OUT219               OUTFALL      0.000    0.699     0  02:59           0        3.05       0.000
  OUT220               OUTFALL      0.000    0.079     0  01:40           0       0.332       0.000
  OUT221               OUTFALL      0.000    0.037     0  02:02           0       0.213       0.000
  
  
  **********************
  Node Surcharge Summary
  **********************
  
  Surcharging occurs when water rises above the top of the highest conduit.
  ---------------------------------------------------------------------
                                               Max. Height   Min. Depth
                                   Hours       Above Crown    Below Rim
  Node                 Type      Surcharged         Meters       Meters
  ---------------------------------------------------------------------
  N00279               JUNCTION        0.02          0.023        0.677
  N00189               JUNCTION        1.31          0.391        0.309
  N01952               JUNCTION        0.93          0.334        0.037
  N01519               JUNCTION        1.28          0.327        0.373
  N00798               JUNCTION        0.99          0.704        0.000
  N01269               JUNCTION        0.95          0.557        0.000
  N01038               JUNCTION        1.49          0.823        0.000
  N02719               JUNCTION        1.25          0.305        0.395
  N00302               JUNCTION        1.55          1.015        0.000
  N00957               JUNCTION        0.56          0.126        0.574
  N02700               JUNCTION        1.26          0.597        0.103
  N01525               JUNCTION        1.54          0.455        0.245
  N00366               JUNCTION        0.25          0.472        0.251
  N00171               JUNCTION        1.30          0.700        0.000
  N00780               JUNCTION        1.13          0.609        0.091
  N02461               JUNCTION        1.39          0.718        0.000
  N02611               JUNCTION        1.21          0.317        0.383
  N01271               JUNCTION        1.04          0.335        0.365
  N02311               JUNCTION        0.81          0.073        0.627
  N01858               JUNCTION        0.02          0.003        0.497
  N01707               JUNCTION        0.52          0.420        0.275
  N01797               JUNCTION        1.50          0.817        0.000
  N02497               JUNCTION        1.16          0.543        0.309
  N01942               JUNCTION        0.60          0.145        0.355
  N02472               JUNCTION        1.57          0.532        0.000
  N02575               JUNCTION        0.31          0.022        0.678
  N01794               JUNCTION        1.07          0.203        0.497
  N02088               JUNCTION        1.20          0.363        0.369
  N01275               JUNCTION        1.28          0.369        0.000
  N00193               JUNCTION        0.01          0.001        0.699
  N02515               JUNCTION        0.01          0.002        0.698
  N00180               JUNCTION        1.36          0.824        0.000
  N01039               JUNCTION        1.55          1.016        0.000
  N01941               JUNCTION        0.93          0.381        0.319
  N00122               JUNCTION        0.73          0.286        0.605
  N01432               JUNCTION        1.53          0.940        0.000
  N02084               JUNCTION        1.31          0.168        0.532
  N00175               JUNCTION        0.96          0.356        0.068
  N01847               JUNCTION        1.76          0.398        0.302
  N00301               JUNCTION        1.56          1.057        0.000
  N01667               JUNCTION        1.46          0.476        0.224
  N01953               JUNCTION        1.11          0.660        0.000
  N02794               JUNCTION        1.56          0.556        0.000
  N00178               JUNCTION        1.30          0.394        0.306
  N00792               JUNCTION        0.37          0.048        0.652
  N00196               JUNCTION        1.21          0.316        0.384
  N00208               JUNCTION        1.16          0.304        0.396
  N01708               JUNCTION        0.47          0.411        0.664
  N00492               JUNCTION        1.22          0.355        0.345
  N02114               JUNCTION        1.48          0.747        0.000
  N02498               JUNCTION        1.23          0.706        0.000
  N02141               JUNCTION        1.60          0.642        0.058
  N01703               JUNCTION        0.72          0.746        0.000
  N01694               JUNCTION        0.52          0.856        0.014
  N01370               JUNCTION        0.80          0.382        0.318
  N00221               JUNCTION        0.82          0.196        0.399
  N02576               JUNCTION        0.37          0.027        0.673
  N02129               JUNCTION        1.64          0.738        0.000
  N01706               JUNCTION        0.61          0.637        0.000
  N01695               JUNCTION        0.79          0.856        0.000
  N00501               JUNCTION        1.21          0.199        0.769
  N00167               JUNCTION        1.13          0.391        0.309
  N02802               JUNCTION        0.67          0.182        0.388
  N01343               JUNCTION        1.28          0.634        0.066
  N01702               JUNCTION        0.54          0.451        0.249
  N01475               JUNCTION        1.25          0.356        0.408
  N00198               JUNCTION        1.65          0.946        0.000
  N00282               JUNCTION        1.14          0.523        0.000
  N02147               JUNCTION        1.77          1.337        0.000
  N02145               JUNCTION        1.68          1.087        0.000
  N02454               JUNCTION        0.50          0.729        0.000
  N01788               JUNCTION        0.60          0.638        0.000
  N00963               JUNCTION        1.35          0.792        0.000
  N01868               JUNCTION        0.99          0.284        0.216
  N02086               JUNCTION        0.69          0.060        0.334
  N00333               JUNCTION        1.03          0.756        0.000
  N01862               JUNCTION        0.97          0.559        0.141
  N02111               JUNCTION        1.59          0.843        0.372
  N00707               JUNCTION        1.17          0.750        0.000
  N02696               JUNCTION        1.32          0.289        0.411
  N02642               JUNCTION        0.78          0.135        0.165
  N00199               JUNCTION        1.49          0.549        0.151
  N01971               JUNCTION        0.96          0.073        0.627
  N00693               JUNCTION        1.33          0.360        1.422
  N02494               JUNCTION        0.84          0.085        1.083
  N00168               JUNCTION        1.31          0.390        0.310
  N00149               JUNCTION        1.26          0.289        0.211
  N01954               JUNCTION        0.55          0.134        0.566
  N00816               JUNCTION        1.13          0.371        0.329
  N00343               JUNCTION        0.26          0.520        0.180
  N00797               JUNCTION        0.64          0.740        0.000
  N01704               JUNCTION        0.15          0.030        0.670
  N02253               JUNCTION        1.19          0.302        0.612
  N01940               JUNCTION        0.58          0.249        0.251
  N01520               JUNCTION        0.74          0.196        0.504
  N00222               JUNCTION        0.98          0.125        0.375
  N02148               JUNCTION        1.30          0.461        0.239
  N01348               JUNCTION        0.46          0.078        0.960
  N02213               JUNCTION        0.90          0.450        0.250
  N00901               JUNCTION        0.99          0.117        0.692
  N02715               JUNCTION        1.31          0.706        0.000
  N01932               JUNCTION        0.80          0.075        0.625
  N01037               JUNCTION        1.47          0.671        0.000
  N00173               JUNCTION        1.28          0.633        0.067
  N02699               JUNCTION        0.36          0.022        0.678
  N01560               JUNCTION        0.14          0.004        0.710
  N01584               JUNCTION        1.28          0.639        0.061
  N00200               JUNCTION        1.31          0.509        0.315
  N01655               JUNCTION        1.81          1.473        0.000
  N01657               JUNCTION        1.67          0.957        0.000
  N02687               JUNCTION        0.48          0.040        0.260
  N00493               JUNCTION        1.16          0.643        0.000
  N00283               JUNCTION        1.50          1.047        0.000
  N01809               JUNCTION        0.03          0.001        0.633
  N00964               JUNCTION        1.30          0.700        0.000
  N02487               JUNCTION        1.13          0.718        0.000
  N02330               JUNCTION        0.54          0.130        0.570
  N00172               JUNCTION        1.27          0.635        0.065
  N00795               JUNCTION        0.30          0.033        0.667
  N00543               JUNCTION        1.39          0.722        0.000
  N01069               JUNCTION        1.06          0.221        0.479
  N00404               JUNCTION        0.52          0.132        0.568
  N01656               JUNCTION        1.70          1.095        0.000
  N01551               JUNCTION        1.48          0.723        0.000
  N02705               JUNCTION        0.97          0.490        0.010
  N01456               JUNCTION        1.06          0.256        0.462
  N02513               JUNCTION        1.23          0.824        0.000
  N02710               JUNCTION        1.47          0.701        0.000
  N02024               JUNCTION        1.20          0.227        2.208
  N01361               JUNCTION        1.10          0.442        0.258
  N00860               JUNCTION        0.50          0.121        0.579
  N01455               JUNCTION        0.96          0.179        0.521
  N00796               JUNCTION        0.37          0.049        0.651
  N01951               JUNCTION        0.99          0.464        0.000
  N01555               JUNCTION        0.95          0.080        0.957
  N00174               JUNCTION        1.17          0.163        0.537
  N02082               JUNCTION        1.44          0.506        0.000
  N01653               JUNCTION        1.28          0.634        0.066
  N00338               JUNCTION        0.79          0.288        0.412
  N01288               JUNCTION        1.52          0.565        0.694
  N00181               JUNCTION        1.31          0.388        0.312
  N02800               JUNCTION        1.06          0.472        0.108
  N01871               JUNCTION        0.92          0.449        0.251
  N02812               JUNCTION        0.88          0.323        0.377
  N02090               JUNCTION        0.83          0.074        0.554
  N01618               JUNCTION        0.37          0.078        0.622
  N02605               JUNCTION        1.24          0.348        0.402
  N00907               JUNCTION        0.56          0.126        0.574
  N00962               JUNCTION        0.90          0.082        0.618
  N01552               JUNCTION        1.08          0.409        0.291
  N00304               JUNCTION        1.55          1.021        0.000
  N00799               JUNCTION        0.04          0.049        0.651
  N01757               JUNCTION        0.69          0.725        0.000
  N00902               JUNCTION        1.18          0.279        0.421
  N02713               JUNCTION        1.26          0.610        0.090
  N00281               JUNCTION        1.58          1.106        0.000
  N00190               JUNCTION        1.33          0.760        0.000
  N01876               JUNCTION        1.12          0.390        0.124
  N01119               JUNCTION        0.48          0.712        0.000
  N00160               JUNCTION        0.58          0.193        0.307
  N00202               JUNCTION        1.30          0.459        0.241
  N00298               JUNCTION        1.49          0.731        0.000
  N01333               JUNCTION        1.28          0.597        0.103
  N02622               JUNCTION        1.28          0.634        0.066
  N02442               JUNCTION        0.78          0.070        0.630
  N01668               JUNCTION        0.01          0.012        0.688
  N00092               JUNCTION        0.16          0.041        0.659
  N01831               JUNCTION        1.89          0.789        0.000
  N00179               JUNCTION        1.21          0.244        0.424
  N01950               JUNCTION        0.83          0.288        0.412
  N02796               JUNCTION        1.28          0.633        0.067
  N00677               JUNCTION        1.00          0.340        0.360
  N00184               JUNCTION        0.53          0.041        0.659
  N00505               JUNCTION        1.17          0.748        0.000
  N02809               JUNCTION        1.50          0.671        0.029
  N01931               JUNCTION        0.97          0.215        0.485
  N01103               JUNCTION        0.80          0.089        0.488
  N01682               JUNCTION        1.55          1.021        0.000
  N00513               JUNCTION        1.22          0.824        0.000
  N01289               JUNCTION        1.46          0.533        0.167
  N02352               JUNCTION        0.64          0.161        0.584
  N00861               JUNCTION        1.05          0.245        0.255
  N00108               JUNCTION        1.37          0.502        0.000
  N01120               JUNCTION        0.50          0.835        0.024
  N02132               JUNCTION        1.62          0.730        0.000
  N01421               JUNCTION        1.80          0.764        0.000
  N01812               JUNCTION        0.71          0.094        0.606
  N01102               JUNCTION        0.57          0.028        0.472
  N02085               JUNCTION        1.47          0.467        0.233
  N02623               JUNCTION        1.34          0.714        0.066
  N00004               JUNCTION        1.28          0.443        0.257
  N00875               JUNCTION        0.67          0.205        0.910
  N00507               JUNCTION        1.04          0.111        0.589
  N01870               JUNCTION        1.03          0.737        0.000
  N00337               JUNCTION        0.63          0.115        0.585
  N01967               JUNCTION        1.00          0.357        0.343
  N00191               JUNCTION        1.32          0.743        0.000
  N01466               JUNCTION        0.44          0.084        0.616
  N01031               JUNCTION        1.10          0.553        0.000
  N00309               JUNCTION        1.55          1.004        0.000
  N01863               JUNCTION        0.96          0.427        0.273
  N01483               JUNCTION        1.02          0.309        0.391
  N01666               JUNCTION        1.50          0.564        0.136
  N02707               JUNCTION        0.92          0.423        0.077
  N02388               JUNCTION        1.05          0.141        0.463
  N02718               JUNCTION        0.59          0.053        0.647
  N00817               JUNCTION        0.82          0.194        0.386
  N01482               JUNCTION        1.29          0.687        0.013
  N01669               JUNCTION        1.52          0.635        0.229
  N02074               JUNCTION        0.80          0.199        0.501
  N00307               JUNCTION        1.55          1.012        0.000
  N00879               JUNCTION        1.20          0.377        0.323
  N00487               JUNCTION        1.20          0.256        0.444
  N00109               JUNCTION        0.56          0.112        0.257
  N00330               JUNCTION        1.31          0.369        0.375
  N02753               JUNCTION        0.75          0.267        0.421
  N00299               JUNCTION        1.52          0.861        0.000
  N01270               JUNCTION        0.90          0.438        0.062
  N01621               JUNCTION        0.09          0.099        0.401
  N00692               JUNCTION        1.32          0.297        0.003
  N01469               JUNCTION        1.25          0.236        0.149
  N00855               JUNCTION        1.45          0.192        0.957
  N02083               JUNCTION        1.41          0.367        0.133
  N00332               JUNCTION        0.77          0.275        0.425
  N01345               JUNCTION        0.68          0.143        0.557
  N02747               JUNCTION        1.32          0.652        0.048
  N00300               JUNCTION        1.53          0.955        0.000
  N01864               JUNCTION        1.12          0.464        0.399
  N01832               JUNCTION        1.82          0.643        0.667
  N01324               JUNCTION        1.16          0.662        0.038
  N01869               JUNCTION        0.72          0.090        0.506
  N01454               JUNCTION        1.42          0.334        0.366
  N01287               JUNCTION        1.56          0.561        0.000
  N01710               JUNCTION        0.80          0.795        0.000
  N00678               JUNCTION        0.87          0.075        0.625
  N01709               JUNCTION        0.51          0.724        0.000
  N00280               JUNCTION        1.56          1.036        0.171
  N00161               JUNCTION        0.32          0.098        0.602
  N00854               JUNCTION        1.56          0.709        0.000
  N02245               JUNCTION        1.81          0.708        0.000
  N02514               JUNCTION        1.23          0.830        0.000
  N01874               JUNCTION        1.06          0.357        0.374
  N00192               JUNCTION        1.34          0.761        0.013
  N00887               JUNCTION        1.42          0.160        0.340
  N02603               JUNCTION        1.03          0.094        0.636
  N01468               JUNCTION        1.47          0.581        0.119
  N00494               JUNCTION        1.13          0.578        0.111
  N02081               JUNCTION        0.36          0.070        0.854
  N00103               JUNCTION        0.92          0.595        0.105
  N01629               JUNCTION        1.16          0.239        0.461
  N00334               JUNCTION        1.02          0.700        0.000
  N02087               JUNCTION        1.32          0.187        0.513
  N02112               JUNCTION        1.63          0.874        0.176
  N00106               JUNCTION        1.32          0.383        0.000
  N02471               JUNCTION        1.57          0.508        0.000
  
  
  *********************
  Node Flooding Summary
  *********************
  
  Flooding refers to all water that overflows a node, whether it ponds or not.
  --------------------------------------------------------------------------
                                                             Total   Maximum
                                 Maximum   Time of Max       Flood    Ponded
                        Hours       Rate    Occurrence      Volume     Depth
  Node                 Flooded       CMS   days hr:min    10^6 ltr    Meters
  --------------------------------------------------------------------------
  N00798                  0.28     0.036      0  02:46       0.003     0.004
  N01269                  0.39     0.043      0  02:37       0.003     0.019
  N01038                  1.31     0.056      0  02:39       0.029     0.323
  N00302                  1.36     0.048      0  02:39       0.026     0.315
  N00171                  0.01     0.013      0  02:59       0.000     0.000
  N02461                  0.63     0.285      0  02:20       0.124     0.018
  N01797                  0.95     0.210      0  02:09       0.025     0.117
  N02472                  0.13     0.145      0  02:02       0.021     0.004
  N01275                  0.55     0.303      0  02:08       0.065     0.069
  N00180                  0.59     0.116      0  01:54       0.013     0.038
  N01039                  1.36     0.018      0  01:52       0.009     0.316
  N01432                  1.09     0.043      0  02:51       0.024     0.240
  N00301                  1.09     0.092      0  01:54       0.012     0.251
  N01953                  0.82     0.077      0  02:13       0.011     0.160
  N02794                  1.43     0.103      0  01:35       0.012     0.056
  N02114                  0.53     0.069      0  02:20       0.030     0.007
  N02498                  0.23     0.069      0  02:04       0.011     0.006
  N01703                  0.30     0.035      0  02:47       0.002     0.046
  N02129                  0.95     0.224      0  01:45       0.131     0.038
  N01706                  0.35     0.020      0  02:39       0.002     0.062
  N01695                  0.40     0.039      0  02:36       0.004     0.156
  N00198                  1.28     0.089      0  02:00       0.017     0.446
  N00282                  0.81     0.295      0  02:51       0.094     0.023
  N02147                  1.52     0.123      0  01:31       0.018     0.637
  N02145                  1.21     0.072      0  02:09       0.013     0.387
  N02454                  0.08     0.154      0  02:59       0.011     0.029
  N01788                  0.36     0.025      0  02:38       0.002     0.077
  N00963                  0.80     0.056      0  02:35       0.009     0.092
  N00333                  0.01     0.013      0  02:15       0.000     0.001
  N00707                  0.44     0.317      0  02:52       0.079     0.050
  N00797                  0.05     0.215      0  02:59       0.008     0.040
  N02715                  0.47     0.092      0  02:28       0.026     0.006
  N01037                  1.37     0.063      0  02:20       0.017     0.348
  N01655                  1.62     0.096      0  01:23       0.017     0.773
  N01657                  1.52     0.133      0  01:41       0.025     0.594
  N00493                  0.89     0.264      0  02:24       0.046     0.121
  N00283                  1.38     0.018      0  01:59       0.015     0.547
  N00964                  0.01     0.002      0  02:54       0.000     0.000
  N02487                  0.14     0.089      0  02:46       0.012     0.018
  N00543                  0.12     0.142      0  02:23       0.020     0.008
  N01656                  1.62     0.109      0  01:24       0.026     0.772
  N01551                  0.34     0.002      0  02:50       0.001     0.023
  N02513                  0.94     0.226      0  02:17       0.037     0.124
  N02710                  0.82     0.100      0  01:38       0.050     0.001
  N01951                  0.80     0.021      0  02:12       0.007     0.164
  N02082                  0.15     0.133      0  02:07       0.022     0.006
  N00304                  1.41     0.072      0  02:36       0.025     0.321
  N01757                  0.19     0.015      0  02:39       0.001     0.025
  N00281                  1.30     0.121      0  01:45       0.021     0.298
  N00190                  0.40     0.334      0  02:20       0.097     0.060
  N01119                  0.22     0.135      0  02:59       0.018     0.012
  N00298                  1.23     0.159      0  01:49       0.023     0.282
  N01831                  1.21     0.323      0  02:03       0.058     0.089
  N00505                  0.36     0.320      0  02:48       0.074     0.048
  N01682                  1.41     0.049      0  02:39       0.028     0.321
  N00513                  0.99     0.149      0  02:12       0.025     0.124
  N00108                  0.16     0.023      0  02:04       0.002     0.002
  N02132                  0.47     0.151      0  01:45       0.050     0.030
  N01421                  0.81     0.346      0  01:26       0.124     0.064
  N01870                  0.26     0.172      0  02:24       0.032     0.037
  N00191                  0.01     0.014      0  02:59       0.000     0.001
  N01031                  0.15     0.055      0  02:46       0.008     0.003
  N00309                  1.32     0.194      0  01:37       0.030     0.304
  N00307                  1.39     0.201      0  02:04       0.018     0.312
  N00299                  1.24     0.074      0  01:45       0.014     0.277
  N00300                  1.00     0.042      0  02:56       0.019     0.220
  N01287                  1.22     0.196      0  02:55       0.078     0.041
  N01710                  0.34     0.027      0  02:39       0.002     0.062
  N01709                  0.18     0.164      0  02:54       0.024     0.024
  N00854                  0.31     0.180      0  02:20       0.058     0.009
  N02245                  0.21     0.243      0  01:41       0.046     0.008
  N02514                  1.02     0.180      0  02:05       0.017     0.130
  N00334                  0.01     0.010      0  02:40       0.000     0.000
  N00106                  0.68     0.128      0  02:28       0.016     0.083
  N02471                  0.58     0.202      0  02:20       0.091     0.008
  
  
  ***********************
  Outfall Loading Summary
  ***********************
  
  -----------------------------------------------------------
                         Flow       Avg       Max       Total
                         Freq      Flow      Flow      Volume
  Outfall Node           Pcnt       CMS       CMS    10^6 ltr
  -----------------------------------------------------------
  OUT01                 87.57     0.032     0.053       0.297
  OUT02                 89.18     0.162     0.345       1.525
  OUT03                 88.01     0.351     0.630       3.263
  OUT04                 88.53     0.365     0.774       3.444
  OUT05                 89.08     0.398     0.869       3.713
  OUT06                 87.56     0.103     0.176       0.946
  OUT07                 85.39     0.032     0.088       0.287
  OUT08                 89.95     1.123     2.337      10.569
  OUT09                 86.29     0.745     1.370       6.745
  OUT10                 90.70     0.207     0.336       1.984
  OUT11                 87.35     0.068     0.120       0.626
  OUT12                 89.24     0.045     0.075       0.423
  OUT13                 88.59     0.234     0.418       2.174
  OUT14                 90.10     0.168     0.317       1.607
  OUT15                 89.37     0.230     0.404       2.160
  OUT16                 90.64     0.127     0.210       1.215
  OUT17                 90.56     1.590     2.828      15.123
  OUT18                 90.99     0.261     0.532       2.513
  OUT19                 89.80     0.176     0.316       1.663
  OUT20                 86.35     0.129     0.229       1.173
  OUT21                 86.06     0.000     0.000       0.002
  OUT22                 85.65     0.003     0.006       0.027
  OUT23                 87.62     0.019     0.037       0.173
  OUT24                 88.45     0.235     0.425       2.189
  OUT25                 90.56     0.033     0.093       0.314
  OUT26                 87.87     0.230     0.445       2.119
  OUT27                 86.23     0.777     1.605       6.997
  OUT28                 89.25     0.604     1.291       5.639
  OUT29                 88.53     0.539     1.009       5.014
  OUT30                 87.66     0.524     0.939       4.815
  OUT31                 88.62     0.008     0.028       0.074
  OUT32                 88.04     0.200     0.400       1.865
  OUT33                 87.79     0.055     0.107       0.508
  OUT34                 87.06     0.000     0.000       0.002
  OUT35                 87.66     0.332     0.618       3.056
  OUT36                 89.62     0.137     0.244       1.298
  OUT37                 90.35     0.049     0.093       0.467
  OUT38                 73.18     0.000     0.000       0.002
  OUT39                 90.31     0.005     0.011       0.050
  OUT40                 87.92     0.044     0.093       0.410
  OUT41                 87.64     0.333     0.578       3.081
  OUT42                 88.91     0.096     0.170       0.901
  OUT43                 85.17     0.000     0.000       0.002
  OUT44                 87.23     0.016     0.029       0.142
  OUT45                 86.63     0.024     0.066       0.221
  OUT46                 89.12     0.171     0.299       1.607
  OUT47                 89.90     0.377     0.666       3.575
  OUT48                 88.76     0.015     0.035       0.146
  OUT49                 86.18     0.158     0.327       1.444
  OUT50                 82.10     0.466     0.712       4.018
  OUT51                 90.25     0.688     1.370       6.534
  OUT52                 87.63     0.062     0.123       0.571
  OUT53                 84.75     0.193     0.345       1.724
  OUT54                 89.92     0.813     1.283       7.749
  OUT55                 87.88     0.001     0.003       0.013
  OUT56                 89.51     0.177     0.339       1.675
  OUT57                 90.91     0.303     0.744       2.949
  OUT58                 90.29     0.110     0.250       1.052
  OUT59                 84.66     0.027     0.059       0.245
  OUT60                 89.49     0.109     0.236       1.032
  OUT61                 89.72     0.048     0.102       0.450
  OUT62                 86.19     0.065     0.132       0.588
  OUT63                 85.47     0.000     0.001       0.003
  OUT64                 84.34     0.019     0.046       0.170
  OUT65                 87.35     0.057     0.118       0.523
  OUT66                 88.17     0.356     0.683       3.287
  OUT67                 86.37     0.039     0.076       0.353
  OUT68                 83.96     0.082     0.153       0.721
  OUT69                 88.23     0.356     0.630       3.306
  OUT70                 74.55     0.000     0.000       0.002
  OUT71                 88.50     0.024     0.051       0.227
  OUT72                 87.66     0.066     0.127       0.607
  OUT73                 87.03     0.004     0.009       0.034
  OUT74                 87.57     0.015     0.032       0.141
  OUT75                 89.40     0.222     0.419       2.085
  OUT76                 89.24     0.017     0.037       0.163
  OUT77                 88.37     0.197     0.347       1.839
  OUT78                 89.44     0.069     0.131       0.644
  OUT79                 85.04     0.009     0.019       0.082
  OUT80                 89.81     0.090     0.216       0.854
  OUT81                 87.25     0.039     0.092       0.366
  OUT82                 90.90     0.516     0.909       4.944
  OUT83                 88.84     0.001     0.001       0.006
  OUT84                 89.08     0.232     0.490       2.168
  OUT85                 89.23     0.628     1.418       5.865
  OUT86                 89.53     0.142     0.305       1.357
  OUT87                 87.50     0.019     0.042       0.180
  OUT88                 86.04     0.006     0.015       0.057
  OUT89                 87.99     0.100     0.184       0.933
  OUT90                 89.22     0.080     0.168       0.760
  OUT91                 89.43     0.016     0.033       0.152
  OUT92                 87.23     0.001     0.003       0.011
  OUT93                 89.71     0.515     0.944       4.875
  OUT94                 89.11     1.250     2.259      11.693
  OUT95                 88.41     0.051     0.086       0.478
  OUT96                 87.83     0.080     0.141       0.735
  OUT97                 90.55     0.011     0.027       0.111
  OUT98                 88.33     0.341     0.660       3.160
  OUT99                 87.13     0.384     0.747       3.512
  OUT100                87.84     0.114     0.204       1.056
  OUT101                87.39     0.056     0.114       0.512
  OUT102                72.93     0.000     0.000       0.001
  OUT103                89.27     0.146     0.253       1.369
  OUT104                89.08     0.340     0.616       3.183
  OUT105                88.30     0.230     0.403       2.138
  OUT106                89.62     1.883     3.100      17.785
  OUT107                90.94     0.980     1.652       9.379
  OUT108                86.49     0.005     0.012       0.044
  OUT109                86.90     0.017     0.037       0.156
  OUT110                87.38     0.116     0.484       1.049
  OUT111                89.61     0.057     0.188       0.534
  OUT112                90.12     0.551     1.462       5.177
  OUT113                89.32     0.182     0.333       1.713
  OUT114                89.67     0.003     0.006       0.024
  OUT115                89.40     0.013     0.036       0.126
  OUT116                89.46     0.061     0.142       0.584
  OUT117                73.97     0.001     0.001       0.005
  OUT118                87.00     0.095     0.169       0.876
  OUT119                87.90     0.091     0.164       0.841
  OUT120                89.63     0.163     0.306       1.534
  OUT121                89.20     0.158     0.277       1.487
  OUT122                89.57     0.049     0.251       0.449
  OUT123                91.01     0.192     0.378       1.857
  OUT124                88.86     0.585     1.053       5.509
  OUT125                88.77     0.334     0.636       3.126
  OUT126                88.28     0.006     0.014       0.057
  OUT127                78.88     0.000     0.000       0.002
  OUT128                88.37     0.019     0.043       0.182
  OUT129                87.82     0.010     0.021       0.093
  OUT130                87.94     0.161     0.284       1.494
  OUT131                90.32     0.203     0.344       1.942
  OUT132                85.43     0.630     1.188       5.666
  OUT133                88.19     0.266     0.528       2.457
  OUT134                90.50     0.699     1.433       6.626
  OUT135                86.71     0.126     0.241       1.147
  OUT136                90.14     0.787     1.482       7.447
  OUT137                81.94     0.008     0.016       0.067
  OUT138                86.51     0.002     0.004       0.018
  OUT139                78.31     0.000     0.000       0.002
  OUT140                90.06     0.030     0.059       0.289
  OUT141                91.11     0.405     0.721       3.881
  OUT142                77.09     0.004     0.007       0.034
  OUT143                87.31     0.001     0.003       0.011
  OUT144                88.14     0.002     0.006       0.022
  OUT145                89.23     0.002     0.004       0.018
  OUT146                90.53     0.039     0.084       0.374
  OUT147                85.67     0.011     0.028       0.101
  OUT148                88.81     0.001     0.002       0.008
  OUT149                91.05     1.035     1.933       9.898
  OUT150                86.33     0.586     1.164       5.293
  OUT151                87.33     0.005     0.010       0.044
  OUT152                88.01     0.209     0.368       1.938
  OUT153                87.94     0.156     0.371       1.447
  OUT154                87.69     0.068     0.121       0.624
  OUT155                86.64     0.053     0.118       0.485
  OUT156                87.08     0.126     0.255       1.155
  OUT157                89.08     0.055     0.113       0.521
  OUT158                90.08     0.105     0.193       0.998
  OUT159                87.45     0.063     0.107       0.577
  OUT160                86.47     0.007     0.018       0.067
  OUT161                88.57     0.001     0.001       0.005
  OUT162                88.15     0.000     0.001       0.004
  OUT163                86.02     0.457     0.734       4.176
  OUT164                90.92     0.492     1.276       4.740
  OUT165                88.86     0.162     0.321       1.529
  OUT166                91.16     0.127     0.246       1.235
  OUT167                77.57     0.001     0.002       0.008
  OUT168                86.19     0.043     0.081       0.386
  OUT169                88.96     0.002     0.005       0.023
  OUT170                90.89     0.012     0.028       0.115
  OUT171                82.93     0.005     0.009       0.042
  OUT172                88.88     0.073     0.135       0.688
  OUT173                73.07     0.000     0.000       0.001
  OUT174                79.31     0.456     0.993       3.769
  OUT175                87.46     0.065     0.116       0.601
  OUT176                89.78     0.120     0.207       1.133
  OUT177                87.31     0.248     0.410       2.275
  OUT178                88.49     0.636     1.258       5.896
  OUT179                72.66     0.000     0.000       0.001
  OUT180                83.93     0.071     0.152       0.619
  OUT181                89.60     0.462     0.832       4.362
  OUT182                89.86     0.974     1.561       9.223
  OUT183                89.49     0.470     0.919       4.404
  OUT184                88.11     0.008     0.015       0.070
  OUT185                90.84     0.312     0.609       2.982
  OUT186                78.42     0.000     0.000       0.001
  OUT187                73.26     0.001     0.001       0.005
  OUT188                83.01     0.049     0.102       0.435
  OUT189                80.08     0.001     0.002       0.007
  OUT190                87.80     0.224     0.502       2.094
  OUT191                72.95     0.000     0.000       0.001
  OUT192                72.77     0.000     0.000       0.001
  OUT193                85.11     0.039     0.097       0.348
  OUT194                87.54     0.423     0.794       3.882
  OUT195                83.05     0.219     0.570       1.888
  OUT196                88.45     0.014     0.028       0.130
  OUT197                85.14     0.003     0.005       0.024
  OUT198                88.02     0.028     0.057       0.264
  OUT199                72.72     0.000     0.000       0.001
  OUT200                84.36     0.003     0.006       0.028
  OUT201                85.07     0.058     0.109       0.524
  OUT202                90.10     0.320     0.612       3.047
  OUT203                87.25     0.000     0.000       0.001
  OUT204                88.45     0.332     0.626       3.106
  OUT205                90.57     0.974     1.890       9.319
  OUT206                70.73     0.000     0.000       0.001
  OUT207                86.88     0.181     0.329       1.648
  OUT208                86.43     0.186     0.316       1.695
  OUT209                85.69     0.105     0.178       0.951
  OUT210                72.66     0.000     0.000       0.001
  OUT211                90.79     0.120     0.208       1.145
  OUT212                90.50     0.041     0.081       0.390
  OUT213                90.29     0.128     0.288       1.216
  OUT214                88.83     0.748     1.512       6.961
  OUT215                88.47     0.504     0.921       4.692
  OUT216                87.29     0.092     0.155       0.850
  OUT217                89.81     0.103     0.186       0.975
  OUT218                86.05     0.080     0.223       0.730
  OUT219                88.43     0.328     0.699       3.047
  OUT220                90.21     0.034     0.079       0.332
  OUT221                88.26     0.023     0.037       0.213
  -----------------------------------------------------------
  System                87.04    43.482    74.904     406.333
  
  
  ********************
  Link Flow Summary
  ********************
  
  -----------------------------------------------------------------------------
                                 Maximum  Time of Max   Maximum    Max/    Max/
                                  |Flow|   Occurrence   |Veloc|    Full    Full
  Link                 Type          CMS  days hr:min     m/sec    Flow   Depth
  -----------------------------------------------------------------------------
  G00001               CONDUIT     0.001     0  01:00      0.05    0.00    0.17
  G00002               CONDUIT     0.001     0  01:40      0.21    0.00    0.03
  G00003               CONDUIT     0.000     0  01:00      0.04    0.00    0.53
  G00004               CONDUIT     0.105     0  01:44      0.38    0.24    1.00
  G00005               CONDUIT     0.000     0  01:40      0.04    0.00    0.78
  G00006               CONDUIT     0.004     0  01:36      0.21    0.00    0.10
  G00007               CONDUIT     0.757     0  01:52      1.22    0.87    0.54
  G00008               CONDUIT     0.766     0  01:49      1.03    0.88    0.63
  G00009               CONDUIT     0.001     0  01:40      0.16    0.00    0.04
  G00010               CONDUIT     0.057     0  01:40      0.23    0.19    0.67
  G00011               CONDUIT     0.156     0  01:45      0.44    0.53    0.72
  G00012               CONDUIT     0.002     0  02:06      0.02    0.00    0.39
  G00013               CONDUIT     0.027     0  01:41      0.54    0.03    0.33
  G00014               CONDUIT     0.006     0  01:01      0.24    0.02    0.13
  G00015               CONDUIT     0.071     0  01:41      0.69    0.04    0.47
  G00016               CONDUIT     0.028     0  01:39      0.49    0.02    0.28
  G00017               CONDUIT     0.000     0  01:38      0.06    0.00    0.17
  G00018               CONDUIT     0.035     0  01:34      0.73    0.06    0.47
  G00019               CONDUIT     0.155     0  02:06      0.34    0.38    0.85
  G00020               CONDUIT     0.000     0  01:00      0.14    0.00    0.40
  G00021               CONDUIT     0.143     0  02:01      1.26    0.14    0.28
  G00022               CONDUIT     0.001     0  01:00      0.12    0.00    0.05
  G00023               CONDUIT     0.044     0  01:38      1.91    0.01    0.07
  G00024               CONDUIT     0.002     0  01:40      0.13    0.00    0.17
  G00025               CONDUIT     0.000     0  01:00      0.06    0.00    0.29
  G00026               CONDUIT     0.001     0  01:49      0.07    0.00    0.19
  G00027               CONDUIT     0.004     0  01:45      0.23    0.01    0.08
  G00028               CONDUIT     0.004     0  01:36      0.45    0.00    0.08
  G00029               CONDUIT     0.002     0  01:01      0.32    0.00    0.08
  G00030               CONDUIT     0.001     0  01:00      0.32    0.00    0.02
  G00031               CONDUIT     0.162     0  01:41      1.75    0.11    0.24
  G00032               CONDUIT     0.046     0  01:40      0.78    0.04    0.65
  G00033               CONDUIT     0.012     0  01:29      0.09    0.02    0.56
  G00034               CONDUIT     0.152     0  02:11      0.33    0.29    0.85
  G00035               CONDUIT     0.002     0  01:00      0.23    0.00    0.12
  G00036               CONDUIT     0.000     0  01:35      0.05    0.00    0.14
  G00037               CONDUIT     0.000     0  01:36      0.11    0.00    0.32
  G00038               CONDUIT     0.004     0  01:41      0.53    0.00    0.04
  G00039               CONDUIT     0.006     0  01:44      0.15    0.00    0.34
  G00040               CONDUIT     0.001     0  01:40      0.12    0.00    0.08
  G00041               CONDUIT     0.000     0  02:03      0.05    0.00    0.20
  G00042               CONDUIT     0.008     0  01:36      0.08    0.01    0.42
  G00043               CONDUIT     0.112     0  02:07      0.32    0.38    0.66
  G00044               CONDUIT     0.007     0  01:10      0.10    0.01    0.58
  G00045               CONDUIT     0.004     0  01:40      0.24    0.01    0.11
  G00046               CONDUIT     0.004     0  01:53      0.13    0.01    0.21
  G00047               CONDUIT     0.010     0  02:48      0.29    0.02    0.12
  G00048               CONDUIT     0.013     0  01:37      0.36    0.03    0.45
  G00049               CONDUIT     0.014     0  01:40      0.69    0.01    0.08
  G00050               CONDUIT     0.007     0  01:36      0.56    0.00    0.06
  G00051               CONDUIT     0.006     0  01:40      0.24    0.01    0.45
  G00052               CONDUIT     0.020     0  01:17      0.13    0.04    0.72
  G00053               CONDUIT     0.026     0  02:04      0.29    0.09    0.87
  G00054               CONDUIT     0.016     0  01:01      0.33    0.03    0.79
  G00055               CONDUIT     0.000     0  01:40      0.03    0.00    0.20
  G00056               CONDUIT     0.000     0  01:40      0.08    0.00    0.07
  G00057               CONDUIT     0.047     0  01:40      0.51    0.03    0.29
  G00058               CONDUIT     0.018     0  01:41      0.38    0.01    0.17
  G00059               CONDUIT     0.459     0  01:40      1.00    0.86    0.57
  G00060               CONDUIT     0.268     0  01:41      0.53    0.91    1.00
  G00061               CONDUIT     0.442     0  01:40      1.44    0.12    0.41
  G00062               CONDUIT     0.476     0  01:41      1.16    0.89    0.52
  G00063               CONDUIT     0.000     0  01:00      0.08    0.00    0.53
  G00064               CONDUIT     0.511     0  01:41      1.83    0.95    0.39
  G00065               CONDUIT     0.058     0  01:40      1.03    0.07    0.17
  G00066               CONDUIT     0.768     0  01:56      1.71    0.32    0.60
  G00067               CONDUIT     0.790     0  02:16      0.91    0.31    0.95
  G00068               CONDUIT     0.072     0  02:49      0.65    0.05    1.00
  G00069               CONDUIT     0.068     0  01:40      1.36    0.05    0.41
  G00070               CONDUIT     0.826     0  02:50      1.64    2.79    1.00
  G00071               CONDUIT     0.617     0  02:44      0.82    0.71    0.96
  G00072               CONDUIT     0.079     0  02:49      0.19    0.17    1.00
  G00073               CONDUIT     1.938     0  01:55      1.71    2.22    1.00
  G00074               CONDUIT     1.237     0  01:44      3.07    0.27    0.76
  G00075               CONDUIT     1.290     0  01:45      1.64    2.40    1.00
  G00076               CONDUIT     1.858     0  01:54      1.64    0.70    1.00
  G00077               CONDUIT     0.000     0  01:00      0.21    0.00    0.02
  G00078               CONDUIT     0.007     0  01:35      0.07    0.01    0.34
  G00079               CONDUIT     0.000     0  01:37      0.20    0.00    0.07
  G00080               CONDUIT     0.282     0  01:47      1.32    0.36    0.44
  G00081               CONDUIT     0.274     0  01:46      1.47    0.30    0.40
  G00082               CONDUIT     0.006     0  01:42      0.15    0.00    0.21
  G00083               CONDUIT     0.006     0  01:40      0.71    0.00    0.05
  G00084               CONDUIT     0.006     0  01:39      0.38    0.00    0.11
  G00085               CONDUIT     0.004     0  01:36      0.58    0.00    0.04
  G00086               CONDUIT     0.871     0  02:47      1.73    1.26    1.00
  G00087               CONDUIT     0.008     0  02:10      0.11    0.01    0.90
  G00088               CONDUIT     0.057     0  02:44      0.26    0.19    0.49
  G00089               CONDUIT     0.000     0  01:00      0.07    0.00    0.19
  G00090               CONDUIT     0.022     0  02:02      0.15    0.07    0.40
  G00091               CONDUIT     0.106     0  01:41      0.65    0.36    0.49
  G00092               CONDUIT     0.000     0  00:59      0.25    0.00    0.26
  G00093               CONDUIT     0.000     0  01:00      0.08    0.00    0.14
  G00094               CONDUIT     0.000     0  01:00      0.07    0.00    0.37
  G00095               CONDUIT     0.000     0  01:00      0.05    0.00    0.27
  G00096               CONDUIT     0.000     0  01:00      0.05    0.00    0.27
  G00097               CONDUIT     0.000     0  01:00      0.03    0.00    0.29
  G00098               CONDUIT     0.002     0  01:00      0.07    0.00    0.30
  G00099               CONDUIT     0.000     0  01:00      0.05    0.00    0.40
  G00100               CONDUIT     0.006     0  01:38      0.15    0.00    0.46
  G00101               CONDUIT     0.000     0  01:40      0.14    0.00    0.45
  G00102               CONDUIT     0.000     0  01:00      0.17    0.00    0.01
  G00103               CONDUIT     0.075     0  01:39      0.73    0.09    0.26
  G00104               CONDUIT     0.022     0  01:38      0.47    0.01    0.25
  G00105               CONDUIT     0.003     0  01:00      0.48    0.00    0.04
  G00106               CONDUIT     0.090     0  01:42      1.17    0.07    0.87
  G00107               CONDUIT     0.073     0  01:40      0.28    0.05    1.00
  G00108               CONDUIT     0.010     0  01:38      0.49    0.01    0.69
  G00109               CONDUIT     0.009     0  01:40      0.27    0.03    0.11
  G00110               CONDUIT     0.031     0  01:39      0.38    0.02    0.32
  G00111               CONDUIT     0.147     0  01:41      0.54    0.50    0.54
  G00112               CONDUIT     0.084     0  01:40      0.80    0.28    0.26
  G00113               CONDUIT     0.209     0  01:41      1.79    0.10    0.36
  G00114               CONDUIT     0.205     0  01:43      0.89    0.69    0.47
  G00115               CONDUIT     0.198     0  01:40      1.43    0.67    0.32
  G00116               CONDUIT     0.005     0  01:43      0.27    0.01    0.08
  G00117               CONDUIT     0.005     0  01:45      0.83    0.00    0.04
  G00118               CONDUIT     1.238     0  01:45      1.59    0.71    1.00
  G00119               CONDUIT     0.039     0  02:10      0.14    0.05    1.00
  G00120               CONDUIT     0.024     0  01:14      0.23    0.08    0.52
  G00121               CONDUIT     0.000     0  01:00      0.11    0.00    0.26
  G00122               CONDUIT     0.093     0  01:41      0.68    0.14    0.32
  G00123               CONDUIT     0.030     0  01:40      0.60    0.02    0.17
  G00124               CONDUIT     0.186     0  02:06      0.37    0.21    1.00
  G00125               CONDUIT     0.153     0  01:55      0.30    0.37    1.00
  G00126               CONDUIT     0.035     0  01:51      0.09    0.04    0.83
  G00127               CONDUIT     0.000     0  01:35      0.06    0.00    0.47
  G00128               CONDUIT     0.096     0  02:56      0.19    0.28    1.00
  G00129               CONDUIT     0.028     0  02:46      0.18    0.10    1.00
  G00130               CONDUIT     0.043     0  02:59      0.14    0.07    1.00
  G00131               CONDUIT     0.158     0  02:56      0.31    0.53    1.00
  G00132               CONDUIT     0.407     0  01:58      0.71    0.57    0.99
  G00133               CONDUIT     0.281     0  01:48      0.84    0.44    0.85
  G00134               CONDUIT     0.137     0  02:57      0.27    0.46    1.00
  G00135               CONDUIT     0.936     0  01:51      1.86    2.19    1.00
  G00136               CONDUIT     0.094     0  02:14      0.19    0.26    1.00
  G00137               CONDUIT     0.021     0  01:30      0.18    0.02    1.00
  G00138               CONDUIT     0.001     0  01:38      0.11    0.00    0.53
  G00139               CONDUIT     0.018     0  01:06      0.19    0.06    1.00
  G00140               CONDUIT     0.000     0  01:00      0.23    0.00    0.55
  G00141               CONDUIT     0.006     0  01:39      0.11    0.01    1.00
  G00142               CONDUIT     0.000     0  01:34      0.16    0.00    0.94
  G00143               CONDUIT     0.000     0  01:40      0.03    0.00    0.75
  G00144               CONDUIT     0.131     0  02:13      0.26    0.38    1.00
  G00145               CONDUIT     0.602     0  01:50      1.20    0.73    1.00
  G00146               CONDUIT     0.206     0  02:56      0.41    0.70    1.00
  G00147               CONDUIT     0.315     0  02:58      0.63    1.07    1.00
  G00148               CONDUIT     0.007     0  01:15      0.20    0.01    1.00
  G00149               CONDUIT     0.000     0  01:00      0.13    0.00    0.36
  G00150               CONDUIT     0.119     0  01:42      0.49    0.07    0.82
  G00151               CONDUIT     0.183     0  02:23      0.36    0.62    1.00
  G00152               CONDUIT     0.026     0  01:58      0.07    0.03    0.83
  G00153               CONDUIT     0.574     0  02:59      0.73    0.44    1.00
  G00154               CONDUIT     0.178     0  01:21      0.35    0.13    1.00
  G00155               CONDUIT     0.202     0  01:22      0.41    0.16    1.00
  G00156               CONDUIT     0.001     0  01:00      0.04    0.00    0.12
  G00157               CONDUIT     0.111     0  01:22      0.53    0.37    1.00
  G00158               CONDUIT     0.127     0  01:45      0.96    0.43    0.83
  G00159               CONDUIT     0.085     0  01:39      0.94    0.06    0.47
  G00160               CONDUIT     0.377     0  01:53      0.84    0.70    0.56
  G00161               CONDUIT     0.397     0  01:55      1.22    0.74    0.43
  G00162               CONDUIT     0.028     0  01:28      0.19    0.01    1.00
  G00163               CONDUIT     0.071     0  01:26      0.14    0.06    1.00
  G00164               CONDUIT     0.000     0  01:00      0.15    0.00    0.79
  G00165               CONDUIT     0.000     0  01:40      0.02    0.00    0.33
  G00166               CONDUIT     0.008     0  01:36      0.33    0.01    0.34
  G00167               CONDUIT     0.039     0  01:40      0.36    0.09    0.33
  G00168               CONDUIT     0.000     0  01:00      0.24    0.00    0.48
  G00169               CONDUIT     0.202     0  02:56      0.41    0.68    0.97
  G00170               CONDUIT     0.000     0  01:40      0.03    0.00    0.37
  G00171               CONDUIT     0.016     0  01:46      0.20    0.01    0.22
  G00172               CONDUIT     0.017     0  01:42      1.01    0.01    0.08
  G00173               CONDUIT     1.249     0  02:12      1.59    1.11    1.00
  G00174               CONDUIT     1.338     0  02:14      1.70    1.40    1.00
  G00175               CONDUIT     0.016     0  01:15      0.15    0.02    1.00
  G00176               CONDUIT     0.119     0  01:41      1.62    0.11    0.20
  G00177               CONDUIT     0.119     0  01:41      1.65    0.06    0.20
  G00178               CONDUIT     0.000     0  01:40      0.16    0.00    0.09
  G00179               CONDUIT     0.000     0  01:37      0.04    0.00    0.18
  G00180               CONDUIT     0.016     0  02:51      0.30    0.02    0.54
  G00181               CONDUIT     0.203     0  02:02      0.73    0.69    0.54
  G00182               CONDUIT     0.000     0  01:00      0.16    0.00    0.41
  G00183               CONDUIT     0.003     0  01:41      0.11    0.00    0.42
  G00184               CONDUIT     0.000     0  01:39      0.04    0.00    0.11
  G00185               CONDUIT     0.002     0  01:40      0.11    0.01    0.07
  G00186               CONDUIT     0.017     0  01:40      0.32    0.02    0.27
  G00187               CONDUIT     0.308     0  02:08      0.90    0.24    0.45
  G00188               CONDUIT     0.000     0  01:38      0.04    0.00    0.29
  G00189               CONDUIT     0.096     0  02:06      0.30    0.17    0.66
  G00190               CONDUIT     0.059     0  01:41      0.30    0.20    0.44
  G00191               CONDUIT     0.160     0  02:09      0.42    0.30    0.49
  G00192               CONDUIT     0.001     0  01:00      0.07    0.00    0.19
  G00193               CONDUIT     0.003     0  01:36      0.08    0.00    0.37
  G00194               CONDUIT     0.109     0  02:09      0.38    0.37    0.68
  G00195               CONDUIT     0.000     0  01:00      0.05    0.00    0.21
  G00196               CONDUIT     0.210     0  02:47      0.76    0.26    0.54
  G00197               CONDUIT     0.002     0  01:07      0.05    0.00    0.36
  G00198               CONDUIT     0.113     0  02:05      0.42    0.38    0.64
  G00199               CONDUIT     0.000     0  01:00      0.21    0.00    0.33
  G00200               CONDUIT     0.001     0  01:40      0.06    0.00    0.37
  G00201               CONDUIT     0.008     0  01:42      0.09    0.01    1.00
  G00202               CONDUIT     0.089     0  01:45      0.31    0.30    0.66
  G00203               CONDUIT     0.000     0  01:00      0.22    0.00    0.30
  G00204               CONDUIT     0.096     0  01:41      0.36    0.32    0.54
  G00205               CONDUIT     0.000     0  01:00      0.22    0.00    0.33
  G00206               CONDUIT     0.078     0  02:46      0.39    0.04    0.43
  G00207               CONDUIT     0.005     0  01:01      0.21    0.01    0.46
  G00208               CONDUIT     0.001     0  01:00      0.12    0.00    0.31
  G00209               CONDUIT     0.000     0  00:59      0.08    0.00    0.26
  G00210               CONDUIT     0.000     0  02:00      0.11    0.00    0.09
  G00211               CONDUIT     0.000     0  01:00      0.07    0.00    0.28
  G00212               CONDUIT     0.001     0  01:00      0.21    0.00    0.20
  G00213               CONDUIT     0.085     0  01:42      0.27    0.29    0.60
  G00214               CONDUIT     0.089     0  01:45      0.32    0.30    0.66
  G00215               CONDUIT     0.104     0  01:46      0.35    0.23    0.58
  G00216               CONDUIT     0.017     0  01:37      0.38    0.03    0.33
  G00217               CONDUIT     0.000     0  01:00      0.08    0.00    0.09
  G00218               CONDUIT     0.001     0  01:00      0.06    0.00    0.72
  G00219               CONDUIT     0.000     0  01:00      0.16    0.00    0.10
  G00220               CONDUIT     0.000     0  01:00      0.05    0.00    0.26
  G00221               CONDUIT     0.000     0  01:00      0.15    0.00    1.00
  G00222               CONDUIT     0.064     0  02:46      0.66    0.22    0.25
  G00223               CONDUIT     0.205     0  01:45      1.44    0.38    0.24
  G00224               CONDUIT     0.064     0  02:46      0.57    0.03    1.00
  G00225               CONDUIT     0.494     0  02:59      0.99    1.67    0.98
  G00226               CONDUIT     0.127     0  02:05      0.25    0.43    1.00
  G00227               CONDUIT     0.208     0  01:36      0.41    0.70    1.00
  G00228               CONDUIT     1.724     0  02:05      2.19    0.71    1.00
  G00229               CONDUIT     1.283     0  02:05      1.63    2.39    1.00
  G00230               CONDUIT     0.233     0  02:12      0.53    0.38    0.86
  G00231               CONDUIT     0.016     0  01:41      0.09    0.02    0.47
  G00232               CONDUIT     0.143     0  02:04      1.25    0.20    0.28
  G00233               CONDUIT     0.002     0  01:37      0.16    0.00    0.16
  G00234               CONDUIT     0.144     0  02:02      1.14    0.20    0.30
  G00235               CONDUIT     0.187     0  01:42      0.64    0.63    0.59
  G00236               CONDUIT     0.001     0  01:00      0.19    0.00    0.10
  G00237               CONDUIT     0.000     0  01:00      0.21    0.00    0.02
  G00238               CONDUIT     0.000     0  00:59      0.07    0.00    0.04
  G00239               CONDUIT     0.007     0  01:41      0.11    0.01    0.53
  G00240               CONDUIT     0.001     0  01:38      0.16    0.00    0.13
  G00241               CONDUIT     0.001     0  01:00      0.15    0.00    0.03
  G00242               CONDUIT     0.000     0  01:00      0.28    0.00    0.02
  G00243               CONDUIT     0.428     0  01:35      0.55    0.75    1.00
  G00244               CONDUIT     0.202     0  01:36      0.40    0.62    1.00
  G00245               CONDUIT     0.246     0  01:52      0.49    0.42    1.00
  G00246               CONDUIT     0.102     0  01:35      0.20    0.34    1.00
  G00247               CONDUIT     0.002     0  01:36      0.27    0.00    0.04
  G00248               CONDUIT     0.091     0  01:33      0.18    0.27    1.00
  G00249               CONDUIT     0.033     0  01:14      0.40    0.03    0.72
  G00250               CONDUIT     0.014     0  01:40      0.19    0.01    0.44
  G00251               CONDUIT     0.598     0  01:33      1.19    0.74    1.00
  G00252               CONDUIT     0.000     0  01:35      0.25    0.00    0.01
  G00253               CONDUIT     0.479     0  01:34      0.95    0.73    1.00
  G00254               CONDUIT     0.089     0  01:33      0.18    0.06    1.00
  G00255               CONDUIT     0.000     0  02:00      0.13    0.00    1.00
  G00256               CONDUIT     0.000     0  01:40      0.18    0.00    0.02
  G00257               CONDUIT     0.000     0  01:00      0.14    0.00    0.03
  G00258               CONDUIT     0.000     0  00:59      0.07    0.00    0.03
  G00259               CONDUIT     0.000     0  01:00      0.25    0.00    0.10
  G00260               CONDUIT     0.000     0  01:00      0.07    0.00    0.06
  G00261               CONDUIT     0.041     0  01:40      0.61    0.03    0.28
  G00262               CONDUIT     0.867     0  01:43      2.80    0.20    0.32
  G00263               CONDUIT     0.018     0  01:36      0.36    0.06    0.18
  G00264               CONDUIT     0.000     0  01:00      0.22    0.00    0.26
  G00265               CONDUIT     0.875     0  01:48      2.31    0.25    0.37
  G00266               CONDUIT     1.196     0  01:49      2.52    0.33    0.44
  G00267               CONDUIT     2.005     0  01:47      2.83    0.47    0.80
  G00268               CONDUIT     0.003     0  01:39      0.09    0.00    0.99
  G00269               CONDUIT     0.070     0  01:40      0.92    0.15    0.21
  G00270               CONDUIT     0.047     0  01:41      0.12    0.13    0.79
  G00271               CONDUIT     0.027     0  01:41      0.60    0.04    0.27
  G00272               CONDUIT     0.047     0  01:35      0.33    0.03    0.55
  G00273               CONDUIT     0.159     0  02:04      0.32    0.54    1.00
  G00274               CONDUIT     0.045     0  01:40      0.16    0.04    1.00
  G00275               CONDUIT     0.028     0  02:01      0.28    0.03    1.00
  G00276               CONDUIT     0.726     0  02:13      1.44    1.36    1.00
  G00277               CONDUIT     0.835     0  02:43      1.66    0.92    1.00
  G00278               CONDUIT     0.144     0  02:48      0.70    0.49    0.43
  G00279               CONDUIT     0.143     0  02:51      1.10    0.31    0.31
  G00280               CONDUIT     0.032     0  02:14      0.06    0.02    1.00
  G00281               CONDUIT     0.051     0  02:02      0.33    0.06    1.00
  G00282               CONDUIT     0.257     0  01:43      0.86    0.22    0.41
  G00283               CONDUIT     0.012     0  02:00      0.31    0.04    0.68
  G00284               CONDUIT     0.095     0  01:41      0.53    0.05    1.00
  G00285               CONDUIT     0.545     0  02:59      1.08    1.84    1.00
  G00286               CONDUIT     0.000     0  01:40      0.01    0.00    0.83
  G00287               CONDUIT     0.000     0  01:00      0.03    0.00    0.56
  G00288               CONDUIT     0.185     0  01:41      1.05    0.44    0.41
  G00289               CONDUIT     0.081     0  02:50      0.28    0.27    0.63
  G00290               CONDUIT     0.001     0  01:01      0.18    0.00    0.33
  G00291               CONDUIT     0.000     0  01:39      0.03    0.00    0.20
  G00292               CONDUIT     0.095     0  01:40      1.41    0.11    0.44
  G00293               CONDUIT     0.050     0  01:40      0.52    0.17    0.25
  G00294               CONDUIT     0.000     0  01:00      0.25    0.00    0.32
  G00295               CONDUIT     0.000     0  01:00      0.18    0.00    0.02
  G00296               CONDUIT     0.050     0  01:44      0.20    0.05    1.00
  G00297               CONDUIT     0.000     0  01:00      0.22    0.00    0.01
  G00298               CONDUIT     0.057     0  01:40      0.58    0.03    0.26
  G00299               CONDUIT     0.000     0  01:00      0.33    0.00    0.04
  G00300               CONDUIT     0.017     0  02:58      0.08    0.01    0.77
  G00301               CONDUIT     0.167     0  01:41      0.68    0.50    0.94
  G00302               CONDUIT     0.000     0  01:35      0.07    0.00    0.80
  G00303               CONDUIT     0.000     0  00:59      0.15    0.00    0.21
  G00304               CONDUIT     0.001     0  01:38      0.13    0.00    0.17
  G00305               CONDUIT     0.000     0  01:00      0.07    0.00    0.35
  G00306               CONDUIT     0.046     0  02:44      0.50    0.06    0.27
  G00307               CONDUIT     0.825     0  02:59      1.14    0.64    0.94
  G00308               CONDUIT     0.813     0  02:59      1.62    2.75    1.00
  G00309               CONDUIT     0.000     0  00:30      0.20    0.00    0.19
  G00310               CONDUIT     0.000     0  00:59      0.23    0.00    0.11
  G00311               CONDUIT     0.000     0  01:00      0.21    0.00    0.01
  G00312               CONDUIT     0.000     0  01:39      0.14    0.00    0.03
  G00313               CONDUIT     0.007     0  01:40      0.15    0.00    0.21
  G00314               CONDUIT     0.063     0  01:42      0.34    0.12    0.31
  G00315               CONDUIT     0.013     0  01:41      0.19    0.01    0.24
  G00316               CONDUIT     0.001     0  01:00      0.20    0.00    0.18
  G00317               CONDUIT     0.000     0  01:00      0.15    0.00    0.24
  G00318               CONDUIT     0.000     0  00:59      0.03    0.00    0.19
  G00319               CONDUIT     0.001     0  01:38      0.16    0.00    0.29
  G00320               CONDUIT     0.000     0  01:00      0.11    0.00    0.04
  G00321               CONDUIT     0.000     0  01:00      0.08    0.00    0.24
  G00322               CONDUIT     0.055     0  02:12      0.17    0.08    0.80
  G00323               CONDUIT     0.000     0  01:39      0.20    0.00    0.32
  G00324               CONDUIT     0.058     0  02:06      0.32    0.13    0.43
  G00325               CONDUIT     0.000     0  01:40      0.06    0.00    0.55
  G00326               CONDUIT     0.171     0  01:41      0.63    0.58    0.55
  G00327               CONDUIT     0.002     0  01:35      0.23    0.00    0.25
  G00328               CONDUIT     0.028     0  01:40      0.26    0.10    0.27
  G00329               CONDUIT     0.020     0  01:36      0.77    0.02    0.10
  G00330               CONDUIT     0.021     0  01:38      0.43    0.02    0.21
  G00331               CONDUIT     0.046     0  02:03      0.61    0.15    0.21
  G00332               CONDUIT     0.046     0  02:02      0.44    0.16    0.26
  G00333               CONDUIT     0.002     0  01:38      0.40    0.00    0.04
  G00334               CONDUIT     0.003     0  01:40      0.17    0.00    0.07
  G00335               CONDUIT     0.021     0  01:40      0.21    0.01    0.27
  G00336               CONDUIT     0.092     0  01:41      0.59    0.06    0.35
  G00337               CONDUIT     0.027     0  01:40      0.81    0.03    0.12
  G00338               CONDUIT     0.028     0  01:40      0.72    0.02    0.13
  G00339               CONDUIT     0.013     0  01:40      0.33    0.02    0.28
  G00340               CONDUIT     0.069     0  02:07      0.27    0.18    0.51
  G00341               CONDUIT     0.009     0  02:57      0.17    0.01    0.96
  G00342               CONDUIT     0.006     0  02:53      0.06    0.01    0.90
  G00343               CONDUIT     0.000     0  01:37      0.18    0.00    0.15
  G00344               CONDUIT     0.000     0  01:00      0.15    0.00    0.25
  G00345               CONDUIT     0.171     0  02:59      0.34    0.49    1.00
  G00346               CONDUIT     0.023     0  02:09      0.10    0.04    0.82
  G00347               CONDUIT     0.029     0  02:40      0.24    0.08    0.62
  G00348               CONDUIT     0.010     0  01:38      0.12    0.00    0.49
  G00349               CONDUIT     0.003     0  01:37      0.35    0.00    0.04
  G00350               CONDUIT     0.119     0  01:40      0.67    0.04    0.52
  G00351               CONDUIT     0.119     0  01:40      2.12    0.08    0.17
  G00352               CONDUIT     0.003     0  01:00      0.59    0.00    0.03
  G00353               CONDUIT     0.000     0  01:00      0.08    0.00    0.03
  G00354               CONDUIT     0.005     0  01:35      0.10    0.00    1.00
  G00355               CONDUIT     0.004     0  01:00      0.68    0.00    0.04
  G00356               CONDUIT     0.001     0  01:41      0.16    0.00    0.27
  G00357               CONDUIT     0.000     0  01:37      0.08    0.00    0.03
  G00358               CONDUIT     0.003     0  01:43      0.18    0.00    0.43
  G00359               CONDUIT     0.022     0  01:39      0.11    0.07    0.66
  G00360               CONDUIT     0.005     0  01:37      0.55    0.00    0.05
  G00361               CONDUIT     0.002     0  01:38      0.18    0.01    0.06
  G00362               CONDUIT     0.033     0  01:40      0.79    0.02    0.18
  G00363               CONDUIT     0.018     0  01:39      0.99    0.01    0.08
  G00364               CONDUIT     0.001     0  01:40      0.45    0.00    0.01
  G00365               CONDUIT     0.000     0  01:35      0.14    0.00    0.03
  G00366               CONDUIT     0.117     0  01:40      2.12    0.06    0.17
  G00367               CONDUIT     0.004     0  01:49      0.70    0.00    0.05
  G00368               CONDUIT     0.000     0  00:59      0.35    0.00    0.01
  G00369               CONDUIT     0.000     0  01:36      0.31    0.00    0.01
  G00370               CONDUIT     0.000     0  01:40      0.15    0.00    0.29
  G00371               CONDUIT     0.401     0  01:43      1.65    0.75    0.35
  G00372               CONDUIT     0.034     0  01:39      0.46    0.01    0.33
  G00373               CONDUIT     0.001     0  01:40      0.04    0.00    0.29
  G00374               CONDUIT     0.009     0  01:47      0.16    0.00    0.13
  G00375               CONDUIT     0.004     0  01:17      0.11    0.01    0.21
  G00376               CONDUIT     0.009     0  01:45      0.31    0.02    0.08
  G00377               CONDUIT     0.010     0  01:40      0.52    0.00    0.08
  G00378               CONDUIT     0.001     0  01:40      0.15    0.00    0.04
  G00379               CONDUIT     0.382     0  02:08      1.09    0.29    0.46
  G00380               CONDUIT     0.031     0  01:40      0.22    0.10    0.66
  G00381               CONDUIT     0.001     0  01:36      0.12    0.00    0.32
  G00382               CONDUIT     0.000     0  01:35      0.04    0.00    0.21
  G00383               CONDUIT     0.003     0  01:40      0.25    0.00    0.09
  G00384               CONDUIT     0.128     0  01:44      1.49    0.07    0.26
  G00385               CONDUIT     0.110     0  01:44      1.01    0.03    0.20
  G00386               CONDUIT     0.083     0  01:45      1.67    0.02    0.12
  G00387               CONDUIT     0.217     0  01:45      0.81    0.07    0.56
  G00388               CONDUIT     0.002     0  01:39      0.08    0.00    0.21
  G00389               CONDUIT     0.217     0  01:44      1.47    0.27    0.24
  G00390               CONDUIT     0.215     0  01:43      1.15    0.15    0.29
  G00391               CONDUIT     0.453     0  02:59      0.68    0.33    0.84
  G00392               CONDUIT     0.018     0  01:47      0.12    0.06    0.87
  G00393               CONDUIT     0.032     0  02:57      0.17    0.04    0.74
  G00394               CONDUIT     0.388     0  02:25      0.77    1.31    1.00
  G00395               CONDUIT     0.002     0  01:36      0.35    0.00    0.04
  G00396               CONDUIT     0.000     0  01:35      0.05    0.00    0.14
  G00397               CONDUIT     0.037     0  01:40      0.32    0.02    0.70
  G00398               CONDUIT     0.028     0  02:04      0.07    0.02    0.83
  G00399               CONDUIT     0.748     0  02:02      1.49    2.53    1.00
  G00400               CONDUIT     1.059     0  01:56      1.35    1.97    1.00
  G00401               CONDUIT     0.140     0  02:59      0.40    0.18    0.73
  G00402               CONDUIT     0.009     0  02:07      0.08    0.01    0.63
  G00403               CONDUIT     0.155     0  02:59      0.63    0.23    0.50
  G00404               CONDUIT     0.152     0  02:59      0.38    0.28    0.81
  G00405               CONDUIT     0.403     0  02:22      0.80    1.36    1.00
  G00406               CONDUIT     0.021     0  01:44      0.10    0.02    0.84
  G00407               CONDUIT     0.015     0  01:41      0.64    0.02    0.09
  G00408               CONDUIT     0.015     0  01:42      0.52    0.02    0.19
  G00409               CONDUIT     0.507     0  02:17      1.01    1.02    1.00
  G00410               CONDUIT     0.020     0  01:40      0.49    0.02    0.60
  G00411               CONDUIT     0.299     0  02:07      0.59    0.50    1.00
  G00412               CONDUIT     0.012     0  02:01      0.07    0.01    0.60
  G00413               CONDUIT     0.013     0  01:43      0.49    0.01    0.31
  G00414               CONDUIT     0.029     0  02:04      0.18    0.03    1.00
  G00415               CONDUIT     0.011     0  01:53      0.05    0.01    0.71
  G00416               CONDUIT     0.007     0  02:07      0.14    0.01    0.31
  G00417               CONDUIT     0.295     0  01:57      0.59    0.94    1.00
  G00418               CONDUIT     0.120     0  01:53      0.27    0.12    1.00
  G00419               CONDUIT     0.005     0  01:40      0.18    0.00    1.00
  G00420               CONDUIT     0.000     0  01:35      0.19    0.00    0.03
  G00421               CONDUIT     0.039     0  01:40      0.48    0.02    0.26
  G00422               CONDUIT     0.152     0  01:41      0.66    0.28    0.51
  G00423               CONDUIT     0.140     0  01:40      0.95    0.15    0.44
  G00424               CONDUIT     0.025     0  01:43      0.16    0.03    0.37
  G00425               CONDUIT     0.019     0  01:42      0.70    0.02    0.10
  G00426               CONDUIT     0.019     0  01:40      0.65    0.03    0.11
  G00427               CONDUIT     0.001     0  01:00      0.09    0.00    0.07
  G00428               CONDUIT     0.009     0  01:41      0.38    0.01    0.09
  G00429               CONDUIT     0.000     0  00:48      0.27    0.00    0.10
  G00430               CONDUIT     0.037     0  01:49      0.34    0.13    0.62
  G00431               CONDUIT     0.258     0  01:44      1.00    0.18    1.00
  G00432               CONDUIT     0.229     0  01:39      1.57    0.30    0.49
  G00433               CONDUIT     0.001     0  01:40      0.16    0.00    0.04
  G00434               CONDUIT     0.001     0  01:36      0.14    0.00    0.04
  G00435               CONDUIT     0.000     0  01:35      0.26    0.00    0.01
  G00436               CONDUIT     0.001     0  01:40      0.19    0.00    0.22
  G00437               CONDUIT     0.000     0  01:35      0.15    0.00    0.32
  G00438               CONDUIT     0.002     0  01:40      0.16    0.00    0.08
  G00439               CONDUIT     0.029     0  01:39      0.96    0.02    0.11
  G00440               CONDUIT     0.009     0  01:38      0.62    0.00    0.07
  G00441               CONDUIT     0.005     0  01:00      0.83    0.00    0.04
  G00442               CONDUIT     0.001     0  01:00      0.37    0.00    0.02
  G00443               CONDUIT     0.082     0  01:44      0.94    0.15    0.17
  G00444               CONDUIT     0.008     0  01:43      0.23    0.01    0.12
  G00445               CONDUIT     0.002     0  01:00      0.32    0.00    0.12
  G00446               CONDUIT     0.000     0  01:00      0.22    0.00    0.01
  G00447               CONDUIT     0.007     0  02:47      0.14    0.01    0.24
  G00448               CONDUIT     0.119     0  01:40      1.87    0.06    0.18
  G00449               CONDUIT     0.000     0  01:00      0.24    0.00    0.02
  G00450               CONDUIT     0.001     0  01:38      0.56    0.00    0.02
  G00451               CONDUIT     0.002     0  01:40      0.63    0.00    0.02
  G00452               CONDUIT     0.020     0  01:37      1.12    0.01    0.20
  G00453               CONDUIT     0.007     0  01:36      0.62    0.01    0.06
  G00454               CONDUIT     0.029     0  02:59      0.52    0.02    0.17
  G00455               CONDUIT     0.001     0  01:00      0.41    0.00    0.02
  G00456               CONDUIT     0.002     0  01:37      0.38    0.00    0.04
  G00457               CONDUIT     0.001     0  01:35      0.08    0.00    0.11
  G00458               CONDUIT     0.004     0  01:40      0.11    0.00    0.38
  G00459               CONDUIT     0.153     0  01:41      0.44    0.52    0.67
  G00460               CONDUIT     0.001     0  01:38      0.20    0.00    0.33
  G00461               CONDUIT     0.004     0  01:40      0.12    0.00    0.14
  G00462               CONDUIT     0.490     0  02:12      1.04    1.66    0.89
  G00463               CONDUIT     0.001     0  01:00      0.25    0.00    0.03
  G00464               CONDUIT     0.000     0  01:00      0.16    0.00    0.02
  G00465               CONDUIT     0.082     0  01:40      0.61    0.04    0.42
  G00466               CONDUIT     0.082     0  01:40      0.79    0.28    0.26
  G00467               CONDUIT     0.001     0  01:38      0.06    0.00    0.37
  G00468               CONDUIT     0.502     0  01:43      1.46    0.15    0.45
  G00469               CONDUIT     0.502     0  01:43      2.40    0.27    0.31
  G00470               CONDUIT     0.416     0  01:41      2.64    0.35    0.35
  G00471               CONDUIT     0.231     0  01:41      1.81    0.12    0.33
  G00472               CONDUIT     0.000     0  01:00      0.20    0.00    0.02
  G00473               CONDUIT     0.005     0  01:40      0.70    0.00    0.04
  G00474               CONDUIT     0.005     0  01:41      0.43    0.00    0.06
  G00475               CONDUIT     0.039     0  01:42      0.69    0.01    0.13
  G00476               CONDUIT     0.038     0  01:40      0.89    0.03    0.14
  G00477               CONDUIT     0.019     0  01:42      0.56    0.01    0.13
  G00478               CONDUIT     0.019     0  01:40      0.42    0.06    0.15
  G00479               CONDUIT     0.005     0  01:36      1.06    0.00    0.03
  G00480               CONDUIT     0.133     0  01:40      1.80    0.08    0.21
  G00481               CONDUIT     0.144     0  01:40      0.82    0.11    0.39
  G00482               CONDUIT     0.003     0  01:01      0.18    0.00    0.11
  G00483               CONDUIT     0.002     0  01:00      0.47    0.00    0.03
  G00484               CONDUIT     0.004     0  01:35      0.10    0.01    0.22
  G00485               CONDUIT     0.000     0  01:00      0.12    0.00    0.29
  G00486               CONDUIT     0.000     0  00:59      0.21    0.00    0.01
  G00487               CONDUIT     0.000     0  00:59      0.10    0.00    0.18
  G00488               CONDUIT     0.000     0  01:00      0.12    0.00    0.24
  G00489               CONDUIT     0.000     0  00:32      0.17    0.00    0.26
  G00490               CONDUIT     0.000     0  00:59      0.21    0.00    0.01
  G00491               CONDUIT     0.000     0  01:35      0.06    0.00    0.12
  G00492               CONDUIT     0.057     0  01:40      0.73    0.19    0.21
  G00493               CONDUIT     0.082     0  02:02      0.62    0.11    0.31
  G00494               CONDUIT     0.000     0  01:00      0.07    0.00    0.05
  G00495               CONDUIT     0.169     0  02:02      0.83    0.31    0.43
  G00496               CONDUIT     0.000     0  01:00      0.02    0.00    0.23
  G00497               CONDUIT     0.000     0  01:00      0.09    0.00    0.42
  G00498               CONDUIT     0.017     0  01:38      0.31    0.01    0.42
  G00499               CONDUIT     0.001     0  01:00      0.18    0.00    0.23
  G00500               CONDUIT     0.001     0  01:00      0.04    0.00    0.23
  G00501               CONDUIT     0.001     0  01:00      0.11    0.00    0.41
  G00502               CONDUIT     0.012     0  01:36      0.24    0.01    0.42
  G00503               CONDUIT     0.000     0  01:00      0.15    0.00    0.36
  G00504               CONDUIT     0.075     0  01:44      0.38    0.25    0.58
  G00505               CONDUIT     0.089     0  01:47      0.26    0.30    0.65
  G00506               CONDUIT     0.158     0  02:02      0.47    0.38    0.63
  G00507               CONDUIT     0.072     0  02:03      0.23    0.24    0.84
  G00508               CONDUIT     0.167     0  02:08      0.35    0.57    0.89
  G00509               CONDUIT     0.128     0  02:05      0.30    0.20    0.81
  G00510               CONDUIT     0.005     0  01:37      0.07    0.01    0.58
  G00511               CONDUIT     0.001     0  01:36      0.09    0.00    0.23
  G00512               CONDUIT     0.001     0  01:00      0.13    0.00    0.12
  G00513               CONDUIT     0.146     0  02:49      1.09    0.08    0.32
  G00514               CONDUIT     0.146     0  02:49      1.32    0.29    0.27
  G00515               CONDUIT     0.146     0  02:48      0.77    0.49    0.40
  G00516               CONDUIT     0.057     0  01:41      0.44    0.06    0.31
  G00517               CONDUIT     0.003     0  01:40      0.26    0.01    0.06
  G00518               CONDUIT     0.016     0  02:59      0.14    0.02    0.28
  G00519               CONDUIT     0.065     0  01:39      0.51    0.07    0.34
  G00520               CONDUIT     0.155     0  02:49      0.53    0.52    0.56
  G00521               CONDUIT     0.120     0  02:56      0.44    0.40    0.54
  G00522               CONDUIT     0.000     0  01:00      0.44    0.00    0.01
  G00523               CONDUIT     0.000     0  00:59      0.33    0.00    0.01
  G00524               CONDUIT     0.005     0  01:38      0.43    0.00    0.07
  G00525               CONDUIT     0.001     0  01:40      0.64    0.00    0.01
  G00526               CONDUIT     0.090     0  01:41      0.57    0.04    0.36
  G00527               CONDUIT     0.001     0  01:37      0.24    0.00    0.08
  G00528               CONDUIT     0.034     0  01:41      1.00    0.05    0.12
  G00529               CONDUIT     0.191     0  01:38      1.47    0.12    0.31
  G00530               CONDUIT     0.108     0  02:46      0.51    0.07    0.45
  G00531               CONDUIT     0.000     0  01:00      0.09    0.00    0.09
  G00532               CONDUIT     0.047     0  02:58      0.10    0.08    0.92
  G00533               CONDUIT     0.467     0  02:07      1.07    1.58    1.00
  G00534               CONDUIT     0.207     0  01:41      1.07    0.08    0.30
  G00535               CONDUIT     0.778     0  01:44      1.57    0.90    0.62
  G00536               CONDUIT     0.155     0  01:41      0.82    0.04    0.29
  G00537               CONDUIT     0.000     0  01:00      0.25    0.00    0.01
  G00538               CONDUIT     0.001     0  01:40      0.15    0.00    0.31
  G00539               CONDUIT     0.154     0  02:59      0.32    0.29    0.93
  G00540               CONDUIT     0.000     0  01:00      0.20    0.00    0.43
  G00541               CONDUIT     0.149     0  02:50      0.31    0.28    0.92
  G00542               CONDUIT     0.002     0  01:40      0.45    0.00    0.04
  G00543               CONDUIT     0.005     0  01:43      0.39    0.00    0.56
  G00544               CONDUIT     0.000     0  01:00      0.05    0.00    0.39
  G00545               CONDUIT     1.350     0  01:43      3.24    0.27    0.40
  G00546               CONDUIT     2.714     0  01:46      2.40    0.77    1.00
  G00547               CONDUIT     0.155     0  02:07      0.31    0.24    1.00
  G00548               CONDUIT     0.023     0  01:02      0.82    0.02    0.76
  G00549               CONDUIT     0.067     0  01:38      1.05    0.04    0.30
  G00550               CONDUIT     1.504     0  01:44      1.79    0.40    0.73
  G00551               CONDUIT     0.001     0  01:00      0.09    0.00    0.78
  G00552               CONDUIT     0.000     0  01:39      0.04    0.00    0.21
  G00553               CONDUIT     0.000     0  01:35      0.14    0.00    0.21
  G00554               CONDUIT     0.000     0  01:35      0.13    0.00    0.01
  G00555               CONDUIT     0.019     0  01:42      1.00    0.01    0.08
  G00556               CONDUIT     0.028     0  01:40      0.88    0.02    0.11
  G00557               CONDUIT     0.028     0  01:41      0.99    0.04    0.11
  G00558               CONDUIT     0.029     0  01:42      0.77    0.01    0.13
  G00559               CONDUIT     0.000     0  00:59      0.03    0.00    0.37
  G00560               CONDUIT     0.000     0  01:40      0.09    0.00    0.02
  G00561               CONDUIT     0.389     0  02:12      0.77    0.99    1.00
  G00562               CONDUIT     0.600     0  02:48      3.30    0.22    0.39
  G00563               CONDUIT     0.600     0  02:48      3.12    0.44    0.41
  G00564               CONDUIT     0.390     0  01:43      2.12    0.21    0.40
  G00565               CONDUIT     0.008     0  01:35      0.36    0.00    0.10
  G00566               CONDUIT     0.276     0  01:40      1.19    0.14    0.48
  G00567               CONDUIT     0.692     0  01:43      2.94    0.22    0.34
  G00568               CONDUIT     0.029     0  01:40      0.52    0.02    0.17
  G00569               CONDUIT     0.019     0  01:41      0.47    0.05    0.13
  G00570               CONDUIT     0.000     0  01:35      0.09    0.00    0.37
  G00571               CONDUIT     0.387     0  01:43      2.32    0.35    0.37
  G00572               CONDUIT     0.388     0  01:41      1.32    0.89    0.57
  G00573               CONDUIT     0.308     0  01:41      2.24    0.20    0.23
  G00574               CONDUIT     0.000     0  01:35      0.23    0.00    0.09
  G00575               CONDUIT     0.075     0  01:39      1.64    0.03    0.15
  G00576               CONDUIT     0.104     0  01:39      0.97    0.16    0.27
  G00577               CONDUIT     0.002     0  01:01      0.27    0.00    0.21
  G00578               CONDUIT     0.167     0  01:41      0.87    0.15    0.56
  G00579               CONDUIT     0.000     0  01:00      0.19    0.00    0.17
  G00580               CONDUIT     0.000     0  01:35      0.15    0.00    0.08
  G00581               CONDUIT     0.046     0  01:40      0.44    0.02    0.44
  G00582               CONDUIT     0.024     0  01:40      1.22    0.01    0.08
  G00583               CONDUIT     0.063     0  01:43      0.31    0.05    0.32
  G00584               CONDUIT     0.714     0  01:42      2.78    0.15    0.36
  G00585               CONDUIT     0.430     0  01:41      2.79    0.12    0.25
  G00586               CONDUIT     0.179     0  02:59      0.36    0.26    1.00
  G00587               CONDUIT     0.034     0  01:40      0.53    0.11    0.18
  G00588               CONDUIT     0.034     0  01:41      1.38    0.02    0.09
  G00589               CONDUIT     0.034     0  01:42      0.75    0.02    0.16
  G00590               CONDUIT     0.027     0  02:46      0.32    0.09    0.23
  G00591               CONDUIT     0.024     0  01:43      0.23    0.07    1.00
  G00592               CONDUIT     0.030     0  01:42      0.16    0.06    0.87
  G00593               CONDUIT     0.098     0  02:59      0.21    0.16    1.00
  G00594               CONDUIT     0.026     0  02:45      0.30    0.09    1.00
  G00595               CONDUIT     0.934     0  02:59      1.86    0.98    1.00
  G00596               CONDUIT     0.913     0  02:59      1.82    0.81    1.00
  G00597               CONDUIT     0.687     0  02:59      1.63    0.58    1.00
  G00598               CONDUIT     0.018     0  02:01      0.57    0.02    0.12
  G00599               CONDUIT     0.000     0  01:00      0.10    0.00    0.18
  G00600               CONDUIT     0.006     0  01:40      0.39    0.00    0.07
  G00601               CONDUIT     0.032     0  02:44      0.33    0.02    0.47
  G00602               CONDUIT     0.001     0  01:00      0.39    0.00    0.02
  G00603               CONDUIT     0.019     0  01:40      0.24    0.01    0.27
  G00604               CONDUIT     0.149     0  01:42      0.54    0.23    0.58
  G00605               CONDUIT     0.130     0  01:40      1.27    0.06    0.32
  G00606               CONDUIT     0.000     0  01:36      0.08    0.00    0.09
  G00607               CONDUIT     0.205     0  01:41      2.00    0.09    0.50
  G00608               CONDUIT     0.205     0  01:42      0.76    0.22    1.00
  G00609               CONDUIT     0.000     0  01:00      0.28    0.00    0.23
  G00610               CONDUIT     0.295     0  02:01      0.60    1.00    1.00
  G00611               CONDUIT     0.544     0  02:06      0.82    1.01    1.00
  G00612               CONDUIT     0.001     0  01:37      0.28    0.00    0.04
  G00613               CONDUIT     0.013     0  01:39      1.03    0.01    0.06
  G00614               CONDUIT     0.013     0  01:40      0.30    0.01    0.32
  G00615               CONDUIT     0.000     0  01:00      0.08    0.00    0.27
  G00616               CONDUIT     0.035     0  01:38      0.26    0.08    0.54
  G00617               CONDUIT     0.014     0  02:24      0.09    0.01    0.90
  G00618               CONDUIT     0.002     0  01:40      0.32    0.00    0.04
  G00619               CONDUIT     0.005     0  01:39      0.41    0.00    0.08
  G00620               CONDUIT     0.000     0  01:40      0.06    0.00    0.87
  G00621               CONDUIT     0.031     0  01:36      0.36    0.02    0.80
  G00622               CONDUIT     0.001     0  01:00      0.11    0.00    0.26
  G00623               CONDUIT     0.205     0  01:44      0.80    0.38    0.36
  G00624               CONDUIT     0.031     0  01:42      0.44    0.11    0.21
  G00625               CONDUIT     0.035     0  01:40      0.55    0.12    0.18
  G00626               CONDUIT     0.000     0  01:36      0.08    0.00    0.04
  G00627               CONDUIT     0.008     0  01:36      0.76    0.01    0.05
  G00628               CONDUIT     0.000     0  01:00      0.35    0.00    0.01
  G00629               CONDUIT     0.001     0  01:25      0.13    0.00    0.04
  G00630               CONDUIT     0.187     0  01:41      1.10    0.24    0.27
  G00631               CONDUIT     0.003     0  01:01      0.22    0.00    0.47
  G00632               CONDUIT     0.126     0  01:41      1.03    0.09    0.29
  G00633               CONDUIT     0.727     0  01:43      1.45    2.46    1.00
  G00634               CONDUIT     0.001     0  01:48      0.06    0.00    0.20
  G00635               CONDUIT     0.054     0  01:40      0.43    0.18    0.32
  G00636               CONDUIT     0.035     0  01:23      0.18    0.05    0.94
  G00637               CONDUIT     0.163     0  01:42      0.61    0.14    0.89
  G00638               CONDUIT     0.183     0  01:35      0.50    0.13    1.00
  G00639               CONDUIT     0.045     0  01:39      1.66    0.01    0.07
  G00640               CONDUIT     0.051     0  01:40      1.22    0.01    0.11
  G00641               CONDUIT     0.143     0  01:40      2.07    0.05    0.14
  G00642               CONDUIT     0.000     0  01:00      0.07    0.00    0.14
  G00643               CONDUIT     0.000     0  01:38      0.16    0.00    0.08
  G00644               CONDUIT     0.002     0  01:52      0.16    0.00    0.26
  G00645               CONDUIT     0.088     0  02:04      0.19    0.20    0.86
  G00646               CONDUIT     0.958     0  02:02      1.35    1.79    1.00
  G00647               CONDUIT     1.063     0  01:44      1.47    0.49    1.00
  G00648               CONDUIT     0.265     0  02:15      0.57    0.49    0.66
  G00649               CONDUIT     0.320     0  02:22      0.57    0.28    0.72
  G00650               CONDUIT     0.351     0  02:04      0.70    1.19    1.00
  G00651               CONDUIT     0.543     0  02:50      0.86    1.01    0.75
  G00652               CONDUIT     0.003     0  01:40      0.15    0.01    0.64
  G00653               CONDUIT     0.151     0  02:57      0.32    0.51    0.89
  G00654               CONDUIT     0.088     0  02:59      0.20    0.30    0.81
  G00655               CONDUIT     0.021     0  01:39      0.22    0.02    0.89
  G00656               CONDUIT     0.003     0  01:01      0.25    0.00    0.07
  G00657               CONDUIT     0.327     0  02:49      0.42    0.58    1.00
  G00658               CONDUIT     0.315     0  02:48      0.63    1.06    1.00
  G00659               CONDUIT     0.240     0  02:53      0.50    0.36    1.00
  G00660               CONDUIT     0.164     0  02:52      0.68    0.56    0.69
  G00661               CONDUIT     0.009     0  02:00      0.07    0.02    0.48
  G00662               CONDUIT     0.000     0  01:00      0.06    0.00    0.58
  G00663               CONDUIT     0.139     0  02:48      0.28    0.47    1.00
  G00664               CONDUIT     0.001     0  01:35      0.16    0.00    0.04
  G00665               CONDUIT     0.000     0  00:59      0.04    0.00    0.10
  G00666               CONDUIT     0.033     0  02:59      1.35    0.02    0.10
  G00667               CONDUIT     0.005     0  01:41      0.24    0.00    0.11
  G00668               CONDUIT     0.060     0  01:40      0.29    0.06    0.59
  G00669               CONDUIT     0.001     0  01:00      0.42    0.00    0.03
  G00670               CONDUIT     0.000     0  01:00      0.49    0.00    0.01
  G00671               CONDUIT     0.017     0  01:35      0.57    0.01    0.12
  G00672               CONDUIT     0.000     0  00:58      0.36    0.00    0.01
  G00673               CONDUIT     0.002     0  01:00      0.47    0.00    0.04
  G00674               CONDUIT     0.039     0  01:37      0.53    0.13    0.20
  G00675               CONDUIT     0.002     0  01:40      0.18    0.01    0.06
  G00676               CONDUIT     0.008     0  01:39      0.65    0.00    0.06
  G00677               CONDUIT     0.004     0  01:40      0.31    0.00    0.07
  G00678               CONDUIT     0.006     0  01:40      0.19    0.02    0.12
  G00679               CONDUIT     0.149     0  01:42      0.79    0.05    0.31
  G00680               CONDUIT     0.149     0  01:41      1.63    0.07    0.17
  G00681               CONDUIT     0.000     0  01:00      0.04    0.00    0.15
  G00682               CONDUIT     0.000     0  01:00      0.36    0.00    0.01
  G00683               CONDUIT     0.001     0  01:37      0.19    0.00    0.04
  G00684               CONDUIT     0.012     0  01:38      0.15    0.02    0.42
  G00685               CONDUIT     0.067     0  02:54      0.32    0.23    0.44
  G00686               CONDUIT     0.008     0  01:40      0.22    0.01    0.12
  G00687               CONDUIT     0.000     0  01:36      0.11    0.00    0.02
  G00688               CONDUIT     0.001     0  01:40      0.51    0.00    0.01
  G00689               CONDUIT     0.000     0  01:40      0.11    0.00    0.02
  G00690               CONDUIT     0.001     0  01:40      0.36    0.00    0.02
  G00691               CONDUIT     0.000     0  01:40      0.18    0.00    0.02
  G00692               CONDUIT     0.000     0  01:15      0.08    0.00    0.02
  G00693               CONDUIT     0.001     0  01:40      0.66    0.00    0.02
  G00694               CONDUIT     0.003     0  01:35      0.58    0.00    0.05
  G00695               CONDUIT     0.002     0  01:40      0.07    0.00    0.30
  G00696               CONDUIT     0.001     0  01:41      0.17    0.00    0.05
  G00697               CONDUIT     0.031     0  02:51      0.17    0.06    1.00
  G00698               CONDUIT     0.005     0  01:17      0.06    0.01    0.36
  G00699               CONDUIT     0.000     0  01:00      0.27    0.00    0.09
  G00700               CONDUIT     0.014     0  01:41      0.11    0.01    1.00
  G00701               CONDUIT     0.107     0  02:40      0.50    0.36    1.00
  G00702               CONDUIT     0.071     0  02:59      0.15    0.24    1.00
  G00703               CONDUIT     0.000     0  01:39      0.04    0.00    0.94
  G00704               CONDUIT     0.016     0  01:37      0.61    0.02    0.11
  G00705               CONDUIT     0.011     0  01:49      0.04    0.01    0.91
  G00706               CONDUIT     0.061     0  01:40      0.44    0.21    0.32
  G00707               CONDUIT     0.000     0  01:36      0.22    0.00    0.02
  G00708               CONDUIT     0.162     0  01:41      1.87    0.12    0.23
  G00709               CONDUIT     0.189     0  01:41      0.77    0.12    0.37
  G00710               CONDUIT     0.326     0  01:43      0.79    0.50    0.52
  G00711               CONDUIT     0.035     0  01:40      0.50    0.06    0.25
  G00712               CONDUIT     0.001     0  01:40      0.14    0.00    0.04
  G00713               CONDUIT     0.001     0  01:40      0.30    0.00    0.25
  G00714               CONDUIT     0.000     0  00:59      0.32    0.00    0.01
  G00715               CONDUIT     0.181     0  01:42      1.16    0.13    0.25
  G00716               CONDUIT     0.158     0  01:41      0.95    0.17    0.26
  G00717               CONDUIT     0.083     0  01:40      0.69    0.10    0.29
  G00718               CONDUIT     0.042     0  01:44      0.13    0.02    0.82
  G00719               CONDUIT     0.001     0  01:00      0.27    0.00    0.06
  G00720               CONDUIT     0.043     0  01:42      0.72    0.10    0.18
  G00721               CONDUIT     0.044     0  01:40      0.62    0.05    0.20
  G00722               CONDUIT     0.001     0  01:00      0.30    0.00    0.02
  G00723               CONDUIT     0.002     0  01:37      0.24    0.00    0.11
  G00724               CONDUIT     0.002     0  01:37      0.27    0.00    0.12
  G00725               CONDUIT     0.001     0  01:37      0.30    0.00    0.02
  G00726               CONDUIT     0.149     0  01:39      1.08    0.51    0.32
  G00727               CONDUIT     0.007     0  01:39      0.19    0.00    0.29
  G00728               CONDUIT     0.261     0  01:43      0.87    0.49    0.41
  G00729               CONDUIT     0.000     0  01:00      0.27    0.00    0.02
  G00730               CONDUIT     0.028     0  01:40      0.61    0.01    0.15
  G00731               CONDUIT     0.028     0  01:40      0.56    0.10    0.16
  G00732               CONDUIT     0.006     0  01:36      0.10    0.02    0.42
  G00733               CONDUIT     0.005     0  01:35      0.13    0.00    0.23
  G00734               CONDUIT     0.002     0  01:35      0.16    0.00    0.22
  G00735               CONDUIT     0.000     0  01:00      0.46    0.00    0.02
  G00736               CONDUIT     0.004     0  01:38      0.43    0.00    0.05
  G00737               CONDUIT     0.000     0  01:37      0.13    0.00    0.03
  G00738               CONDUIT     0.000     0  01:00      0.08    0.00    0.05
  G00739               CONDUIT     0.004     0  01:40      0.27    0.01    0.07
  G00740               CONDUIT     0.303     0  01:44      1.44    0.16    0.31
  G00741               CONDUIT     0.917     0  01:43      2.46    3.10    0.70
  G00742               CONDUIT     0.008     0  01:49      0.10    0.03    0.30
  G00743               CONDUIT     0.167     0  01:43      0.88    0.17    0.40
  G00744               CONDUIT     0.006     0  02:10      0.10    0.01    0.37
  G00745               CONDUIT     1.118     0  02:21      1.42    2.09    1.00
  G00746               CONDUIT     0.002     0  01:40      0.11    0.00    0.20
  G00747               CONDUIT     0.000     0  01:00      0.22    0.00    0.15
  G00748               CONDUIT     0.009     0  01:37      0.53    0.01    0.08
  G00749               CONDUIT     0.011     0  01:40      0.53    0.01    0.09
  G00750               CONDUIT     0.250     0  02:01      0.77    0.49    0.64
  G00751               CONDUIT     1.499     0  02:04      1.33    0.84    1.00
  G00752               CONDUIT     0.252     0  01:37      0.41    0.43    1.00
  G00753               CONDUIT     0.127     0  02:05      0.44    0.43    1.00
  G00754               CONDUIT     0.000     0  01:00      0.22    0.00    0.10
  G00755               CONDUIT     0.001     0  01:00      0.43    0.00    0.03
  G00756               CONDUIT     0.000     0  01:36      0.06    0.00    0.04
  G00757               CONDUIT     0.002     0  01:40      0.15    0.01    0.06
  G00758               CONDUIT     0.012     0  01:40      0.64    0.01    0.06
  G00759               CONDUIT     0.048     0  01:41      1.06    0.02    0.11
  G00760               CONDUIT     0.059     0  01:42      0.39    0.03    0.25
  G00761               CONDUIT     0.001     0  01:40      0.16    0.00    0.04
  G00762               CONDUIT     0.002     0  01:40      0.09    0.00    0.14
  G00763               CONDUIT     0.043     0  01:41      0.64    0.15    0.19
  G00764               CONDUIT     0.003     0  01:36      0.30    0.00    0.13
  G00765               CONDUIT     0.440     0  01:41      2.06    0.16    0.32
  G00766               CONDUIT     0.003     0  01:40      0.61    0.00    0.03
  G00767               CONDUIT     0.003     0  01:40      0.72    0.00    0.03
  G00768               CONDUIT     0.003     0  01:42      0.50    0.00    0.04
  G00769               CONDUIT     0.005     0  01:40      0.28    0.00    0.08
  G00770               CONDUIT     0.786     0  01:42      2.51    0.44    0.42
  G00771               CONDUIT     0.020     0  01:47      0.13    0.02    0.57
  G00772               CONDUIT     0.005     0  01:01      0.49    0.01    0.20
  G00773               CONDUIT     0.028     0  01:40      0.33    0.02    0.25
  G00774               CONDUIT     0.018     0  01:38      0.45    0.01    0.41
  G00775               CONDUIT     0.437     0  01:42      1.09    0.96    0.76
  G00776               CONDUIT     0.001     0  01:00      0.17    0.00    0.24
  G00777               CONDUIT     0.000     0  01:00      0.38    0.00    0.01
  G00778               CONDUIT     0.065     0  01:38      1.83    0.05    0.12
  G00779               CONDUIT     0.077     0  02:16      0.26    0.26    0.70
  G00780               CONDUIT     0.009     0  01:39      0.09    0.02    0.54
  G00781               CONDUIT     0.195     0  01:57      0.49    0.30    0.97
  G00782               CONDUIT     0.242     0  01:56      0.48    0.15    1.00
  G00783               CONDUIT     0.048     0  01:48      0.90    0.08    0.16
  G00784               CONDUIT     0.037     0  01:40      0.59    0.04    0.19
  G00785               CONDUIT     0.038     0  01:41      0.36    0.13    0.26
  G00786               CONDUIT     0.000     0  01:00      0.30    0.00    0.20
  G00787               CONDUIT     0.006     0  01:39      0.22    0.00    0.16
  G00788               CONDUIT     0.001     0  02:12      0.03    0.00    0.23
  G00789               CONDUIT     0.001     0  01:00      0.13    0.00    0.12
  G00790               CONDUIT     0.014     0  01:38      0.59    0.01    0.10
  G00791               CONDUIT     0.019     0  01:41      0.39    0.06    0.15
  G00792               CONDUIT     0.000     0  01:40      0.05    0.00    0.48
  G00793               CONDUIT     0.009     0  01:45      0.09    0.03    0.40
  G00794               CONDUIT     0.223     0  01:41      1.55    0.75    0.33
  G00795               CONDUIT     0.000     0  01:00      0.11    0.00    0.03
  G00796               CONDUIT     0.000     0  01:00      0.04    0.00    0.08
  G00797               CONDUIT     0.000     0  00:59      0.26    0.00    0.01
  G00798               CONDUIT     0.001     0  01:36      0.34    0.00    0.04
  G00799               CONDUIT     0.034     0  01:42      0.49    0.08    0.62
  G00800               CONDUIT     0.029     0  01:40      0.50    0.06    0.59
  G00801               CONDUIT     0.068     0  02:53      0.38    0.06    0.78
  G00802               CONDUIT     0.316     0  02:56      0.40    0.52    1.00
  G00803               CONDUIT     0.648     0  02:54      0.83    1.21    1.00
  G00804               CONDUIT     0.013     0  01:36      0.61    0.01    0.09
  G00805               CONDUIT     0.205     0  02:05      0.39    0.38    0.69
  G00806               CONDUIT     0.189     0  02:05      0.47    0.64    0.82
  G00807               CONDUIT     0.004     0  01:01      0.32    0.00    0.06
  G00808               CONDUIT     0.036     0  01:38      0.63    0.04    0.21
  G00809               CONDUIT     0.036     0  01:36      0.56    0.11    0.32
  G00810               CONDUIT     0.270     0  02:38      0.54    0.91    1.00
  G00811               CONDUIT     0.275     0  02:38      0.70    0.93    1.00
  G00812               CONDUIT     0.004     0  01:00      0.19    0.00    0.10
  G00813               CONDUIT     0.133     0  02:09      0.78    0.45    0.37
  G00814               CONDUIT     0.002     0  01:35      0.25    0.00    0.20
  G00815               CONDUIT     0.001     0  01:36      0.08    0.00    0.30
  G00816               CONDUIT     0.000     0  02:57      0.18    0.00    0.38
  G00817               CONDUIT     0.065     0  02:54      0.44    0.12    0.80
  G00818               CONDUIT     0.079     0  02:48      0.35    0.27    0.46
  G00819               CONDUIT     0.004     0  01:43      0.04    0.00    0.61
  G00820               CONDUIT     0.007     0  01:39      0.09    0.01    0.66
  G00821               CONDUIT     0.000     0  01:00      0.16    0.00    0.23
  G00822               CONDUIT     0.001     0  01:40      0.09    0.00    0.06
  G00823               CONDUIT     0.000     0  01:00      0.12    0.00    0.03
  G00824               CONDUIT     0.050     0  01:38      0.62    0.17    0.22
  G00825               CONDUIT     0.001     0  01:40      0.34    0.00    0.03
  G00826               CONDUIT     0.002     0  01:40      0.13    0.00    0.47
  G00827               CONDUIT     0.009     0  01:40      0.85    0.00    0.04
  G00828               CONDUIT     0.005     0  01:01      0.47    0.01    0.06
  G00829               CONDUIT     0.000     0  01:00      0.07    0.00    0.03
  G00830               CONDUIT     0.004     0  01:40      0.24    0.02    0.08
  G00831               CONDUIT     0.003     0  01:00      0.33    0.00    0.06
  G00832               CONDUIT     0.000     0  01:40      0.09    0.00    0.02
  G00833               CONDUIT     0.000     0  01:00      0.25    0.00    0.02
  G00834               CONDUIT     0.355     0  02:59      1.37    1.20    0.52
  G00835               CONDUIT     0.391     0  02:48      1.13    0.43    0.65
  G00836               CONDUIT     0.548     0  02:48      1.00    1.02    0.66
  G00837               CONDUIT     0.000     0  01:00      0.20    0.00    0.01
  G00838               CONDUIT     0.033     0  02:59      0.60    0.02    0.18
  G00839               CONDUIT     0.001     0  01:36      0.07    0.00    0.10
  G00840               CONDUIT     0.202     0  02:48      0.69    0.68    0.57
  G00841               CONDUIT     0.026     0  01:38      0.43    0.01    0.31
  G00842               CONDUIT     0.000     0  01:35      0.17    0.00    0.02
  G00843               CONDUIT     0.004     0  02:06      0.14    0.00    0.37
  G00844               CONDUIT     0.003     0  01:35      0.34    0.00    0.06
  G00845               CONDUIT     0.001     0  01:00      0.17    0.00    0.04
  G00846               CONDUIT     0.006     0  01:40      0.26    0.02    0.09
  G00847               CONDUIT     0.001     0  01:35      0.38    0.00    0.02
  G00848               CONDUIT     0.028     0  01:41      1.25    0.01    0.09
  G00849               CONDUIT     0.009     0  01:40      0.34    0.01    0.16
  G00850               CONDUIT     0.000     0  01:35      0.09    0.00    0.05
  G00851               CONDUIT     0.021     0  01:40      1.04    0.01    0.08
  G00852               CONDUIT     0.194     0  01:40      1.56    0.08    0.26
  G00853               CONDUIT     0.365     0  01:50      0.80    0.20    0.66
  G00854               CONDUIT     0.010     0  01:43      0.08    0.01    0.44
  G00855               CONDUIT     0.000     0  01:40      0.02    0.00    0.34
  G00856               CONDUIT     0.001     0  01:35      0.30    0.00    0.02
  G00857               CONDUIT     0.104     0  02:02      0.45    0.35    0.47
  G00858               CONDUIT     0.006     0  01:40      0.14    0.00    0.23
  G00859               CONDUIT     0.005     0  01:40      0.74    0.00    0.04
  G00860               CONDUIT     0.000     0  01:00      0.09    0.00    0.24
  G00861               CONDUIT     0.005     0  01:39      0.18    0.00    0.10
  G00862               CONDUIT     0.008     0  01:38      0.30    0.01    0.11
  G00863               CONDUIT     0.005     0  01:39      0.19    0.00    0.10
  G00864               CONDUIT     0.018     0  02:17      0.30    0.06    0.19
  G00865               CONDUIT     0.053     0  01:41      0.82    0.13    0.19
  G00866               CONDUIT     0.045     0  01:40      1.48    0.02    0.13
  G00867               CONDUIT     0.001     0  01:38      0.09    0.00    0.31
  G00868               CONDUIT     0.000     0  01:00      0.30    0.00    0.01
  G00869               CONDUIT     0.998     0  02:38      1.27    0.87    1.00
  G00870               CONDUIT     0.210     0  02:13      0.49    0.39    1.00
  G00871               CONDUIT     0.154     0  02:22      0.31    0.52    1.00
  G00872               CONDUIT     0.409     0  02:01      1.29    0.31    0.32
  G00873               CONDUIT     0.010     0  01:38      0.07    0.01    0.69
  G00874               CONDUIT     0.410     0  02:01      0.86    0.15    0.46
  G00875               CONDUIT     2.794     0  01:41      2.81    1.30    1.00
  G00876               CONDUIT     0.866     0  01:44      1.81    0.25    0.44
  G00877               CONDUIT     0.134     0  02:03      1.15    0.09    0.32
  G00878               CONDUIT     0.133     0  02:02      1.93    0.08    0.20
  G00879               CONDUIT     0.002     0  01:47      0.08    0.01    0.13
  G00880               CONDUIT     0.001     0  01:40      0.18    0.00    0.06
  G00881               CONDUIT     0.000     0  01:00      0.32    0.00    0.01
  G00882               CONDUIT     0.001     0  01:00      0.39    0.00    0.02
  G00883               CONDUIT     0.000     0  00:59      0.27    0.00    0.04
  G00884               CONDUIT     0.000     0  01:35      0.26    0.00    0.21
  G00885               CONDUIT     0.004     0  01:40      0.21    0.01    0.08
  G00886               CONDUIT     0.930     0  01:33      1.18    1.74    1.00
  G00887               CONDUIT     0.882     0  01:33      1.12    1.64    1.00
  G00888               CONDUIT     0.172     0  02:12      0.34    0.15    1.00
  G00889               CONDUIT     0.097     0  01:40      0.43    0.33    0.78
  G00890               CONDUIT     0.052     0  01:39      0.77    0.18    0.19
  G00891               CONDUIT     0.000     0  01:00      0.08    0.00    0.09
  G00892               CONDUIT     0.007     0  01:02      0.19    0.01    0.44
  G00893               CONDUIT     0.003     0  01:37      0.23    0.01    0.06
  G00894               CONDUIT     0.000     0  01:00      0.03    0.00    0.09
  G00895               CONDUIT     0.000     0  01:36      0.11    0.00    0.03
  G00896               CONDUIT     0.003     0  01:40      0.39    0.00    0.18
  G00897               CONDUIT     0.001     0  01:00      0.13    0.00    0.08
  G00898               CONDUIT     0.014     0  01:39      0.13    0.01    0.58
  G00899               CONDUIT     0.000     0  01:40      0.23    0.00    0.17
  G00900               CONDUIT     0.003     0  01:37      0.17    0.01    0.17
  G00901               CONDUIT     0.217     0  02:48      0.92    0.73    0.47
  G00902               CONDUIT     0.217     0  02:48      0.77    0.74    0.55
  G00903               CONDUIT     0.001     0  01:00      0.25    0.00    0.07
  G00904               CONDUIT     0.014     0  01:38      0.38    0.01    0.13
  G00905               CONDUIT     0.001     0  01:35      0.05    0.00    0.10
  G00906               CONDUIT     0.003     0  01:39      0.09    0.00    0.14
  G00907               CONDUIT     0.009     0  01:40      0.11    0.00    0.23
  G00908               CONDUIT     0.000     0  01:39      0.04    0.00    0.21
  G00909               CONDUIT     0.017     0  01:40      0.41    0.06    0.14
  G00910               CONDUIT     0.017     0  01:40      0.95    0.00    0.08
  G00911               CONDUIT     0.000     0  01:40      0.05    0.00    0.20
  G00912               CONDUIT     0.003     0  01:38      0.04    0.00    0.22
  G00913               CONDUIT     0.198     0  01:40      2.31    0.04    0.17
  G00914               CONDUIT     0.195     0  01:39      2.85    0.05    0.14
  G00915               CONDUIT     0.308     0  01:42      1.52    0.04    0.47
  G00916               CONDUIT     0.203     0  01:40      1.41    0.08    0.26
  G00917               CONDUIT     0.235     0  01:41      1.16    0.79    0.42
  G00918               CONDUIT     0.145     0  02:59      0.29    0.24    1.00
  G00919               CONDUIT     0.331     0  01:43      1.69    0.62    0.30
  G00920               CONDUIT     0.006     0  01:00      0.30    0.02    0.08
  G00921               CONDUIT     0.330     0  01:44      0.91    0.09    0.48
  G00922               CONDUIT     0.298     0  02:13      0.94    0.16    0.64
  G00923               CONDUIT     0.518     0  02:07      0.83    0.97    0.77
  G00924               CONDUIT     0.161     0  01:41      0.51    0.04    0.43
  G00925               CONDUIT     0.000     0  00:57      0.18    0.00    0.03
  G00926               CONDUIT     0.439     0  02:04      0.87    0.40    1.00
  G00927               CONDUIT     0.000     0  01:40      0.13    0.00    0.88
  G00928               CONDUIT     0.000     0  00:59      0.07    0.00    0.03
  G00929               CONDUIT     0.000     0  00:59      0.16    0.00    0.04
  G00930               CONDUIT     0.302     0  01:45      1.58    0.41    0.29
  G00931               CONDUIT     0.026     0  01:40      0.50    0.09    0.16
  G00932               CONDUIT     0.223     0  02:04      1.50    0.22    0.34
  G00933               CONDUIT     0.054     0  01:04      0.59    0.11    0.67
  G00934               CONDUIT     0.060     0  02:59      0.15    0.10    1.00
  G00935               CONDUIT     0.077     0  01:44      0.25    0.26    1.00
  G00936               CONDUIT     0.746     0  02:45      0.95    0.89    1.00
  G00937               CONDUIT     0.008     0  01:34      0.11    0.01    0.89
  G00938               CONDUIT     0.026     0  02:45      0.11    0.07    1.00
  G00939               CONDUIT     0.004     0  01:27      0.08    0.00    1.00
  G00940               CONDUIT     0.012     0  01:41      0.39    0.04    0.11
  G00941               CONDUIT     0.011     0  01:40      0.45    0.01    0.11
  G00942               CONDUIT     0.000     0  02:54      0.15    0.00    0.12
  G00943               CONDUIT     0.015     0  01:41      1.19    0.01    0.06
  G00944               CONDUIT     0.000     0  01:00      0.05    0.00    0.05
  G00945               CONDUIT     0.315     0  02:12      0.64    1.06    0.96
  G00946               CONDUIT     0.000     0  01:00      0.05    0.00    0.41
  G00947               CONDUIT     0.024     0  01:49      0.06    0.03    1.00
  G00948               CONDUIT     0.001     0  01:00      0.37    0.00    0.04
  G00949               CONDUIT     0.000     0  01:00      0.24    0.00    0.02
  G00950               CONDUIT     0.010     0  01:40      0.36    0.03    0.10
  G00951               CONDUIT     0.005     0  01:47      0.16    0.00    0.30
  G00952               CONDUIT     0.006     0  01:39      0.13    0.01    0.34
  G00953               CONDUIT     0.081     0  01:42      0.39    0.03    0.31
  G00954               CONDUIT     0.026     0  01:40      0.52    0.09    0.16
  G00955               CONDUIT     0.918     0  01:43      1.83    3.11    1.00
  G00956               CONDUIT     0.053     0  02:06      0.25    0.03    0.79
  G00957               CONDUIT     0.053     0  02:03      1.55    0.03    0.12
  G00958               CONDUIT     0.756     0  01:53      1.57    0.87    0.44
  G00959               CONDUIT     0.003     0  01:00      0.53    0.00    0.03
  G00960               CONDUIT     0.001     0  01:40      0.03    0.00    0.10
  G00961               CONDUIT     0.011     0  01:40      0.68    0.01    0.07
  G00962               CONDUIT     0.032     0  01:36      0.42    0.11    0.36
  G00963               CONDUIT     0.008     0  01:38      0.20    0.00    0.19
  G00964               CONDUIT     0.035     0  01:41      0.50    0.04    0.27
  G00965               CONDUIT     0.032     0  01:46      0.38    0.06    0.27
  G00966               CONDUIT     0.014     0  01:40      0.14    0.05    0.40
  G00967               CONDUIT     0.070     0  02:07      0.40    0.24    0.38
  G00968               CONDUIT     0.008     0  01:40      0.24    0.01    0.21
  G00969               CONDUIT     0.046     0  02:01      0.37    0.05    0.39
  G00970               CONDUIT     0.046     0  01:43      0.32    0.05    0.39
  G00971               CONDUIT     0.000     0  01:35      0.05    0.00    0.33
  G00972               CONDUIT     0.006     0  01:38      0.69    0.00    0.05
  G00973               CONDUIT     0.000     0  01:00      0.14    0.00    0.31
  G00974               CONDUIT     0.193     0  01:40      2.49    0.05    0.22
  G00975               CONDUIT     0.778     0  01:41      1.11    1.45    0.83
  G00976               CONDUIT     0.510     0  01:42      1.16    0.17    0.57
  G00977               CONDUIT     0.000     0  01:00      0.04    0.00    0.20
  G00978               CONDUIT     0.162     0  01:38      2.03    0.09    0.22
  G00979               CONDUIT     0.009     0  01:40      0.80    0.00    0.06
  G00980               CONDUIT     0.034     0  01:40      0.95    0.01    0.22
  G00981               CONDUIT     0.005     0  01:40      0.16    0.00    0.12
  G00982               CONDUIT     0.199     0  01:39      0.84    0.67    0.48
  G00983               CONDUIT     0.001     0  01:00      0.04    0.00    0.24
  G00984               CONDUIT     0.001     0  01:00      0.27    0.00    0.03
  G00985               CONDUIT     0.005     0  01:00      0.57    0.01    0.05
  G00986               CONDUIT     0.001     0  01:00      0.06    0.00    0.09
  G00987               CONDUIT     0.268     0  01:41      2.17    0.24    0.29
  G00988               CONDUIT     0.267     0  01:41      2.61    0.13    0.26
  G00989               CONDUIT     0.281     0  01:42      1.27    0.11    0.33
  G00990               CONDUIT     0.303     0  01:43      1.23    0.57    0.35
  G00991               CONDUIT     0.062     0  01:42      0.45    0.08    0.32
  G00992               CONDUIT     0.862     0  01:47      3.39    0.10    0.28
  G00993               CONDUIT     0.862     0  01:46      2.21    0.99    0.38
  G00994               CONDUIT     0.009     0  01:00      0.63    0.00    0.08
  G00995               CONDUIT     0.538     0  01:08      1.07    1.50    1.00
  G00996               CONDUIT     0.001     0  01:00      0.05    0.00    0.25
  G00997               CONDUIT     0.001     0  01:00      0.35    0.00    0.03
  G00998               CONDUIT     0.115     0  01:41      0.69    0.14    0.37
  G00999               CONDUIT     0.019     0  02:04      0.40    0.01    0.16
  G01000               CONDUIT     0.018     0  02:03      0.41    0.06    0.14
  G01001               CONDUIT     0.227     0  01:41      1.12    0.77    0.42
  G01002               CONDUIT     0.003     0  01:01      0.19    0.00    1.00
  G01003               CONDUIT     0.137     0  01:36      0.31    0.46    1.00
  G01004               CONDUIT     0.001     0  01:39      0.09    0.00    1.00
  G01005               CONDUIT     0.000     0  01:00      0.13    0.00    0.02
  G01006               CONDUIT     0.013     0  01:37      0.32    0.04    0.19
  G01007               CONDUIT     0.007     0  01:38      0.27    0.01    0.16
  G01008               CONDUIT     0.000     0  01:00      0.07    0.00    0.11
  G01009               CONDUIT     0.003     0  01:40      0.16    0.00    0.12
  G01010               CONDUIT     0.010     0  01:40      0.22    0.00    0.12
  G01011               CONDUIT     0.000     0  01:00      0.18    0.00    0.03
  G01012               CONDUIT     0.100     0  01:40      0.84    0.34    0.29
  G01013               CONDUIT     0.000     0  00:56      0.24    0.00    0.02
  G01014               CONDUIT     0.002     0  01:01      0.17    0.00    0.41
  G01015               CONDUIT     0.368     0  01:43      0.95    1.25    0.80
  G01016               CONDUIT     0.199     0  02:01      1.29    0.67    0.35
  G01017               CONDUIT     0.002     0  01:01      0.09    0.00    0.21
  G01018               CONDUIT     0.007     0  01:00      0.53    0.00    0.07
  G01019               CONDUIT     0.150     0  02:04      0.85    0.15    0.42
  G01020               CONDUIT     0.240     0  02:05      0.59    0.21    0.63
  G01021               CONDUIT     0.006     0  01:39      0.19    0.01    0.34
  G01022               CONDUIT     0.068     0  02:03      0.15    0.10    1.00
  G01023               CONDUIT     0.066     0  02:12      0.17    0.22    1.00
  G01024               CONDUIT     0.211     0  02:23      0.42    0.71    1.00
  G01025               CONDUIT     0.023     0  01:45      0.26    0.02    0.84
  G01026               CONDUIT     0.001     0  01:00      0.12    0.00    0.03
  G01027               CONDUIT     0.154     0  01:40      1.01    0.52    0.34
  G01028               CONDUIT     0.225     0  01:44      0.86    0.25    0.39
  G01029               CONDUIT     0.249     0  01:46      1.18    0.33    0.31
  G01030               CONDUIT     0.002     0  01:36      0.20    0.00    0.08
  G01031               CONDUIT     0.248     0  01:45      1.33    0.36    0.40
  G01032               CONDUIT     0.249     0  01:45      0.95    0.84    0.52
  G01033               CONDUIT     0.085     0  01:40      1.29    0.08    0.19
  G01034               CONDUIT     0.019     0  02:56      0.13    0.06    1.00
  G01035               CONDUIT     0.006     0  01:36      0.25    0.01    0.94
  G01036               CONDUIT     0.296     0  02:38      0.59    0.63    1.00
  G01037               CONDUIT     0.000     0  01:00      0.07    0.00    0.12
  G01038               CONDUIT     0.012     0  01:40      0.18    0.03    0.40
  G01039               CONDUIT     0.012     0  01:45      0.15    0.01    0.74
  G01040               CONDUIT     0.364     0  02:11      0.72    1.23    1.00
  G01041               CONDUIT     0.024     0  01:40      0.50    0.08    0.15
  G01042               CONDUIT     0.001     0  01:35      0.10    0.00    0.06
  G01043               CONDUIT     0.000     0  01:00      0.30    0.00    0.14
  G01044               CONDUIT     0.082     0  01:41      0.86    0.14    0.24
  G01045               CONDUIT     0.001     0  01:00      0.04    0.00    0.35
  G01046               CONDUIT     0.091     0  01:43      0.58    0.08    0.26
  G01047               CONDUIT     0.060     0  02:59      0.21    0.11    1.00
  G01048               CONDUIT     0.164     0  02:24      0.33    0.30    1.00
  G01049               CONDUIT     0.001     0  01:40      0.27    0.00    0.70
  G01050               CONDUIT     0.091     0  02:59      0.19    0.18    0.96
  G01051               CONDUIT     0.014     0  01:22      0.15    0.02    0.98
  G01052               CONDUIT     0.181     0  02:54      0.38    0.61    0.90
  G01053               CONDUIT     0.374     0  02:48      0.59    0.70    0.75
  G01054               CONDUIT     0.022     0  01:40      0.42    0.07    0.16
  G01055               CONDUIT     0.001     0  01:36      0.09    0.00    0.10
  G01056               CONDUIT     0.001     0  01:00      0.21    0.00    0.03
  G01057               CONDUIT     0.037     0  01:40      0.39    0.12    0.26
  G01058               CONDUIT     0.009     0  01:31      0.14    0.02    0.37
  G01059               CONDUIT     0.148     0  02:02      0.61    0.50    0.48
  G01060               CONDUIT     0.000     0  01:40      0.05    0.00    0.41
  G01061               CONDUIT     0.000     0  01:00      0.24    0.00    0.41
  G01062               CONDUIT     0.015     0  01:40      0.39    0.02    0.42
  G01063               CONDUIT     0.000     0  01:40      0.05    0.00    0.17
  G01064               CONDUIT     0.002     0  01:00      0.46    0.00    0.03
  G01065               CONDUIT     0.001     0  01:40      0.11    0.00    0.05
  G01066               CONDUIT     0.000     0  01:32      0.26    0.00    0.01
  G01067               CONDUIT     0.000     0  01:35      0.21    0.00    0.42
  G01068               CONDUIT     0.001     0  01:41      0.39    0.00    0.09
  G01069               CONDUIT     0.002     0  01:37      0.16    0.00    0.07
  G01070               CONDUIT     0.002     0  01:41      0.11    0.00    0.50
  G01071               CONDUIT     0.000     0  01:00      0.21    0.00    0.04
  G01072               CONDUIT     0.270     0  01:42      0.59    0.50    0.57
  G01073               CONDUIT     0.004     0  01:40      0.16    0.00    0.38
  G01074               CONDUIT     0.001     0  01:00      0.14    0.00    0.07
  G01075               CONDUIT     0.000     0  01:00      0.15    0.00    0.07
  G01076               CONDUIT     0.000     0  01:35      0.05    0.00    0.06
  G01077               CONDUIT     0.164     0  02:06      0.44    0.40    0.70
  G01078               CONDUIT     0.004     0  01:38      0.12    0.01    0.45
  G01079               CONDUIT     0.001     0  01:40      0.05    0.00    0.17
  G01080               CONDUIT     0.093     0  02:11      0.21    0.31    1.00
  G01081               CONDUIT     0.043     0  01:41      0.27    0.06    1.00
  G01082               CONDUIT     0.000     0  01:39      0.21    0.00    0.62
  G01083               CONDUIT     0.000     0  00:58      0.32    0.00    0.01
  G01084               CONDUIT     0.000     0  00:59      0.18    0.00    0.03
  G01085               CONDUIT     0.005     0  01:40      0.14    0.00    0.15
  G01086               CONDUIT     0.029     0  01:21      0.16    0.04    1.00
  G01087               CONDUIT     0.013     0  01:41      0.23    0.03    0.17
  G01088               CONDUIT     0.002     0  01:00      0.47    0.00    0.08
  G01089               CONDUIT     0.000     0  01:00      0.06    0.00    0.15
  G01090               CONDUIT     0.058     0  01:47      0.37    0.11    0.26
  G01091               CONDUIT     0.010     0  01:52      0.11    0.03    0.27
  G01092               CONDUIT     0.000     0  01:00      0.20    0.00    0.07
  G01093               CONDUIT     0.057     0  01:40      0.76    0.08    0.21
  G01094               CONDUIT     0.001     0  01:40      0.18    0.00    0.03
  G01095               CONDUIT     0.027     0  02:59      1.38    0.01    0.08
  G01096               CONDUIT     0.060     0  01:40      0.66    0.05    0.42
  G01097               CONDUIT     0.109     0  02:09      0.30    0.37    0.71
  G01098               CONDUIT     0.000     0  01:00      0.17    0.00    0.18
  G01099               CONDUIT     0.038     0  01:38      0.37    0.13    0.50
  G01100               CONDUIT     0.043     0  01:42      0.24    0.14    0.56
  G01101               CONDUIT     0.202     0  02:57      0.41    0.64    0.97
  G01102               CONDUIT     0.000     0  00:58      0.22    0.00    0.33
  G01103               CONDUIT     0.006     0  01:55      0.06    0.01    0.56
  G01104               CONDUIT     0.155     0  02:55      0.61    0.52    0.51
  G01105               CONDUIT     0.058     0  02:53      0.24    0.11    0.82
  G01106               CONDUIT     0.189     0  02:05      0.45    0.64    0.78
  G01107               CONDUIT     0.019     0  01:30      0.06    0.02    1.00
  G01108               CONDUIT     0.157     0  01:36      0.61    0.20    1.00
  G01109               CONDUIT     0.001     0  01:00      0.26    0.00    0.76
  G01110               CONDUIT     0.205     0  01:45      0.76    0.06    0.96
  G01111               CONDUIT     1.123     0  02:19      1.89    0.52    1.00
  G01112               CONDUIT     0.099     0  01:44      0.33    0.33    0.96
  G01113               CONDUIT     0.304     0  02:49      0.60    1.03    1.00
  G01114               CONDUIT     0.004     0  01:35      0.33    0.00    0.11
  G01115               CONDUIT     0.065     0  01:42      0.94    0.10    0.20
  G01116               CONDUIT     0.113     0  01:41      0.69    0.04    0.35
  G01117               CONDUIT     0.000     0  01:00      0.24    0.00    0.01
  G01118               CONDUIT     0.000     0  01:03      0.19    0.00    0.17
  G01119               CONDUIT     0.000     0  01:00      0.28    0.00    0.32
  G01120               CONDUIT     0.166     0  02:16      0.50    0.56    0.63
  G01121               CONDUIT     0.099     0  02:11      0.33    0.34    0.59
  G01122               CONDUIT     0.005     0  01:40      0.16    0.02    0.12
  G01123               CONDUIT     0.000     0  01:40      0.11    0.00    0.03
  G01124               CONDUIT     0.001     0  01:37      0.09    0.00    0.30
  G01125               CONDUIT     0.000     0  02:47      0.11    0.00    0.02
  G01126               CONDUIT     0.000     0  01:00      0.05    0.00    0.14
  G01127               CONDUIT     0.007     0  01:40      0.18    0.00    0.15
  G01128               CONDUIT     0.157     0  01:40      2.04    0.10    0.21
  G01129               CONDUIT     0.059     0  02:59      0.13    0.14    1.00
  G01130               CONDUIT     0.636     0  01:41      1.61    0.30    0.50
  G01131               CONDUIT     0.684     0  01:42      2.02    1.28    0.45
  G01132               CONDUIT     0.007     0  01:37      0.19    0.00    0.38
  G01133               CONDUIT     0.636     0  01:40      1.71    1.19    0.48
  G01134               CONDUIT     0.003     0  01:37      0.48    0.00    0.04
  G01135               CONDUIT     0.000     0  01:00      0.03    0.00    0.10
  G01136               CONDUIT     0.100     0  01:39      0.58    0.11    0.52
  G01137               CONDUIT     0.004     0  01:40      0.10    0.00    0.18
  G01138               CONDUIT     0.003     0  01:39      0.52    0.00    0.04
  G01139               CONDUIT     0.180     0  02:02      0.92    0.18    0.41
  G01140               CONDUIT     0.015     0  01:40      1.02    0.01    0.07
  G01141               CONDUIT     0.000     0  01:00      0.15    0.00    0.04
  G01142               CONDUIT     0.001     0  01:36      0.24    0.00    0.13
  G01143               CONDUIT     0.001     0  01:36      0.13    0.00    0.03
  G01144               CONDUIT     0.003     0  01:37      0.15    0.00    0.11
  G01145               CONDUIT     0.004     0  01:41      0.12    0.00    0.31
  G01146               CONDUIT     0.100     0  02:02      0.37    0.34    0.55
  G01147               CONDUIT     0.000     0  01:00      0.23    0.00    0.02
  G01148               CONDUIT     0.085     0  01:41      0.92    0.29    0.24
  G01149               CONDUIT     0.066     0  02:02      0.43    0.22    0.60
  G01150               CONDUIT     0.063     0  02:10      0.44    0.21    0.67
  G01151               CONDUIT     0.000     0  01:40      0.03    0.00    0.14
  G01152               CONDUIT     0.182     0  02:46      0.68    0.16    0.53
  G01153               CONDUIT     0.072     0  02:59      0.15    0.18    1.00
  G01154               CONDUIT     0.000     0  01:00      0.12    0.00    0.05
  G01155               CONDUIT     0.015     0  01:38      0.42    0.01    0.61
  G01156               CONDUIT     0.886     0  02:59      1.13    0.65    1.00
  G01157               CONDUIT     0.003     0  01:22      0.16    0.00    0.32
  G01158               CONDUIT     0.041     0  01:51      0.27    0.03    0.25
  G01159               CONDUIT     0.041     0  01:45      0.51    0.08    0.16
  G01160               CONDUIT     0.042     0  01:42      0.51    0.07    0.22
  G01161               CONDUIT     0.019     0  01:42      0.42    0.02    0.14
  G01162               CONDUIT     0.000     0  01:35      0.05    0.00    0.25
  G01163               CONDUIT     0.000     0  01:40      0.05    0.00    0.65
  G01164               CONDUIT     0.025     0  01:43      0.18    0.03    1.00
  G01165               CONDUIT     0.052     0  01:41      0.35    0.18    0.68
  G01166               CONDUIT     0.127     0  02:06      0.31    0.43    0.76
  G01167               CONDUIT     0.002     0  01:23      0.03    0.00    0.33
  G01168               CONDUIT     0.000     0  01:00      0.02    0.00    0.39
  G01169               CONDUIT     0.069     0  02:01      0.26    0.23    0.57
  G01170               CONDUIT     0.096     0  01:44      0.42    0.13    0.62
  G01171               CONDUIT     0.327     0  02:09      0.69    1.11    0.90
  G01172               CONDUIT     0.066     0  02:04      0.23    0.21    0.84
  G01173               CONDUIT     0.085     0  01:41      0.45    0.06    0.47
  G01174               CONDUIT     0.099     0  01:40      0.49    0.33    0.55
  G01175               CONDUIT     0.000     0  01:39      0.04    0.00    0.09
  G01176               CONDUIT     0.090     0  02:59      0.20    0.14    0.86
  G01177               CONDUIT     0.112     0  01:41      0.42    0.05    0.60
  G01178               CONDUIT     0.109     0  01:40      1.84    0.08    0.18
  G01179               CONDUIT     0.015     0  01:36      0.28    0.03    0.57
  G01180               CONDUIT     0.007     0  01:18      0.26    0.02    0.14
  G01181               CONDUIT     0.028     0  01:44      0.50    0.06    0.17
  G01182               CONDUIT     0.038     0  01:42      0.74    0.05    0.16
  G01183               CONDUIT     0.040     0  01:42      0.50    0.06    0.22
  G01184               CONDUIT     0.030     0  02:59      0.13    0.06    1.00
  G01185               CONDUIT     0.009     0  01:36      0.35    0.03    0.16
  G01186               CONDUIT     0.291     0  01:47      0.58    0.99    1.00
  G01187               CONDUIT     2.208     0  01:35      1.95    2.53    1.00
  G01188               CONDUIT     0.019     0  01:44      0.22    0.02    0.73
  G01189               CONDUIT     0.094     0  02:58      0.19    0.32    0.96
  G01190               CONDUIT     0.109     0  02:51      0.39    0.20    0.88
  G01191               CONDUIT     0.001     0  01:40      0.22    0.00    0.03
  G01192               CONDUIT     0.005     0  01:38      0.58    0.00    0.76
  G01193               CONDUIT     0.005     0  01:10      0.10    0.01    0.42
  G01194               CONDUIT     0.041     0  01:36      0.18    0.04    1.00
  G01195               CONDUIT     0.991     0  01:33      1.26    1.02    1.00
  G01196               CONDUIT     0.162     0  02:05      0.38    0.11    1.00
  G01197               CONDUIT     0.080     0  01:34      0.25    0.11    1.00
  G01198               CONDUIT     0.104     0  02:57      0.21    0.18    1.00
  G01199               CONDUIT     0.035     0  02:04      0.08    0.03    0.91
  G01200               CONDUIT     0.059     0  01:39      0.74    0.20    0.21
  G01201               CONDUIT     0.082     0  01:34      0.16    0.28    1.00
  G01202               CONDUIT     0.013     0  01:40      0.28    0.04    0.15
  G01203               CONDUIT     0.031     0  01:41      0.32    0.10    0.25
  G01204               CONDUIT     0.000     0  01:38      0.11    0.00    0.02
  G01205               CONDUIT     0.001     0  01:36      0.15    0.00    0.12
  G01206               CONDUIT     0.001     0  01:00      0.09    0.00    0.09
  G01207               CONDUIT     0.005     0  02:04      0.09    0.01    0.41
  G01208               CONDUIT     0.002     0  01:04      0.09    0.00    0.23
  G01209               CONDUIT     0.133     0  02:08      0.66    0.45    0.42
  G01210               CONDUIT     0.638     0  02:58      1.27    0.99    1.00
  G01211               CONDUIT     0.484     0  02:46      0.96    1.21    1.00
  G01212               CONDUIT     0.071     0  02:33      0.17    0.06    1.00
  G01213               CONDUIT     0.001     0  01:40      0.16    0.00    0.13
  G01214               CONDUIT     0.001     0  01:40      0.16    0.00    0.04
  G01215               CONDUIT     0.035     0  01:09      0.31    0.09    0.88
  G01216               CONDUIT     0.000     0  01:40      0.05    0.00    0.42
  G01217               CONDUIT     0.000     0  01:36      0.10    0.00    0.29
  G01218               CONDUIT     0.220     0  02:59      0.44    0.25    1.00
  G01219               CONDUIT     0.076     0  02:40      0.18    0.26    1.00
  G01220               CONDUIT     0.039     0  02:32      0.23    0.04    1.00
  G01221               CONDUIT     1.201     0  02:37      1.53    2.24    1.00
  G01222               CONDUIT     0.643     0  02:36      1.28    0.46    1.00
  G01223               CONDUIT     0.644     0  02:36      1.28    2.18    1.00
  G01224               CONDUIT     0.139     0  02:38      0.32    0.27    1.00
  G01225               CONDUIT     0.010     0  01:40      0.33    0.01    0.29
  G01226               CONDUIT     0.048     0  02:02      0.19    0.08    0.57
  G01227               CONDUIT     0.025     0  02:17      0.13    0.03    0.48
  G01228               CONDUIT     0.118     0  02:05      0.35    0.27    0.64
  G01229               CONDUIT     0.006     0  01:37      0.15    0.02    0.52
  G01230               CONDUIT     0.001     0  01:00      0.12    0.00    0.05
  G01231               CONDUIT     0.006     0  01:38      0.15    0.01    0.14
  G01232               CONDUIT     0.005     0  01:01      0.24    0.02    0.46
  G01233               CONDUIT     0.003     0  01:40      0.11    0.00    0.10
  G01234               CONDUIT     0.000     0  01:00      0.17    0.00    0.03
  G01235               CONDUIT     0.000     0  01:35      0.11    0.00    0.20
  G01236               CONDUIT     0.062     0  01:40      0.83    0.05    0.35
  G01237               CONDUIT     0.002     0  01:57      0.21    0.00    0.38
  G01238               CONDUIT     0.000     0  01:37      0.23    0.00    0.10
  G01239               CONDUIT     0.007     0  02:13      0.11    0.02    0.44
  G01240               CONDUIT     0.090     0  02:07      0.35    0.31    0.52
  G01241               CONDUIT     0.136     0  02:15      0.28    0.26    0.96
  G01242               CONDUIT     0.029     0  01:41      0.17    0.04    0.66
  G01243               CONDUIT     0.214     0  02:07      0.43    0.72    1.00
  G01244               CONDUIT     0.003     0  02:10      0.05    0.00    0.44
  G01245               CONDUIT     0.087     0  02:11      0.26    0.30    0.64
  G01246               CONDUIT     0.007     0  01:47      0.18    0.02    0.27
  G01247               CONDUIT     0.016     0  02:14      0.33    0.05    0.37
  G01248               CONDUIT     0.003     0  01:00      0.37    0.00    0.11
  G01249               CONDUIT     0.000     0  00:58      0.10    0.00    0.10
  G01250               CONDUIT     0.058     0  01:39      0.96    0.09    0.18
  G01251               CONDUIT     0.015     0  01:40      0.20    0.02    0.29
  G01252               CONDUIT     0.090     0  02:09      0.18    0.20    0.96
  G01253               CONDUIT     0.006     0  01:17      0.12    0.01    0.70
  G01254               CONDUIT     0.028     0  01:39      0.14    0.03    0.78
  G01255               CONDUIT     0.011     0  01:26      0.21    0.04    0.51
  G01256               CONDUIT     0.006     0  01:44      0.05    0.01    0.44
  G01257               CONDUIT     0.315     0  02:03      0.60    0.59    0.66
  G01258               CONDUIT     0.004     0  01:37      0.27    0.00    0.09
  G01259               CONDUIT     0.004     0  01:41      0.26    0.01    0.07
  G01260               CONDUIT     0.000     0  01:00      0.25    0.00    0.20
  G01261               CONDUIT     0.011     0  01:36      0.18    0.01    0.61
  G01262               CONDUIT     0.000     0  01:36      0.12    0.00    0.51
  G01263               CONDUIT     0.129     0  01:39      0.98    0.24    0.34
  G01264               CONDUIT     0.000     0  01:36      0.06    0.00    0.17
  G01265               CONDUIT     0.103     0  02:10      0.21    0.25    0.96
  G01266               CONDUIT     0.001     0  01:36      0.15    0.00    0.04
  G01267               CONDUIT     0.087     0  01:43      0.34    0.30    0.51
  G01268               CONDUIT     0.151     0  02:36      0.30    0.51    1.00
  G01269               CONDUIT     0.013     0  02:03      0.26    0.02    0.57
  G01270               CONDUIT     0.000     0  01:00      0.03    0.00    0.50
  G01271               CONDUIT     0.184     0  01:41      0.63    0.20    0.72
  G01272               CONDUIT     0.178     0  01:40      0.78    0.60    0.47
  G01273               CONDUIT     0.011     0  01:46      0.10    0.01    0.37
  G01274               CONDUIT     0.001     0  01:40      0.25    0.00    0.16
  G01275               CONDUIT     0.093     0  02:02      0.19    0.18    0.96
  G01276               CONDUIT     0.004     0  01:19      0.06    0.01    0.34
  G01277               CONDUIT     0.132     0  02:06      0.42    0.45    0.60
  G01278               CONDUIT     0.067     0  02:07      0.22    0.23    0.58
  G01279               CONDUIT     0.005     0  01:27      0.10    0.01    0.40
  G01280               CONDUIT     0.084     0  02:01      0.28    0.19    0.58
  G01281               CONDUIT     0.005     0  02:04      0.12    0.01    0.43
  G01282               CONDUIT     0.000     0  01:35      0.15    0.00    0.15
  G01283               CONDUIT     0.002     0  02:33      0.09    0.00    0.53
  G01284               CONDUIT     0.002     0  01:00      0.09    0.00    0.51
  G01285               CONDUIT     0.006     0  01:33      0.06    0.01    0.46
  G01286               CONDUIT     0.007     0  01:02      0.18    0.01    0.56
  G01287               CONDUIT     0.003     0  01:40      0.15    0.00    0.49
  G01288               CONDUIT     0.087     0  02:35      0.17    0.10    1.00
  G01289               CONDUIT     0.153     0  02:16      0.49    0.52    0.74
  G01290               CONDUIT     0.012     0  02:35      0.22    0.01    0.68
  G01291               CONDUIT     0.074     0  02:37      0.15    0.07    1.00
  G01292               CONDUIT     0.645     0  02:41      0.82    1.20    1.00
  G01293               CONDUIT     0.009     0  01:40      0.38    0.01    0.16
  G01294               CONDUIT     0.020     0  01:40      0.36    0.02    0.55
  G01295               CONDUIT     0.056     0  01:02      1.00    0.07    0.17
  G01296               CONDUIT     0.318     0  01:45      0.63    1.08    1.00
  G01297               CONDUIT     0.291     0  01:45      0.58    0.51    1.00
  G01298               CONDUIT     0.000     0  01:00      0.05    0.00    0.10
  G01299               CONDUIT     0.408     0  01:57      0.81    0.64    1.00
  G01300               CONDUIT     0.262     0  01:43      1.86    0.38    0.32
  G01301               CONDUIT     0.249     0  01:44      1.11    0.16    0.48
  G01302               CONDUIT     0.004     0  01:40      0.25    0.01    0.07
  G01303               CONDUIT     0.006     0  01:40      0.12    0.00    0.48
  G01304               CONDUIT     0.240     0  01:43      1.04    0.58    0.47
  G01305               CONDUIT     0.243     0  01:41      1.19    0.20    0.43
  G01306               CONDUIT     0.002     0  01:40      0.33    0.00    0.04
  G01307               CONDUIT     0.000     0  01:00      0.05    0.00    0.13
  G01308               CONDUIT     0.196     0  01:43      0.52    0.49    0.75
  G01309               CONDUIT     0.687     0  01:48      1.20    0.59    0.81
  G01310               CONDUIT     0.297     0  01:44      0.96    1.01    0.85
  G01311               CONDUIT     0.009     0  01:35      0.49    0.01    0.08
  G01312               CONDUIT     0.040     0  01:52      0.17    0.04    0.50
  G01313               CONDUIT     0.000     0  01:00      0.17    0.00    0.14
  G01314               CONDUIT     0.001     0  01:00      0.05    0.00    0.13
  G01315               CONDUIT     0.001     0  01:00      0.11    0.00    0.13
  G01316               CONDUIT     0.048     0  01:39      0.23    0.02    1.00
  G01317               CONDUIT     0.001     0  01:36      0.10    0.00    0.05
  G01318               CONDUIT     0.001     0  01:00      0.33    0.00    0.03
  G01319               CONDUIT     0.006     0  01:41      0.07    0.01    0.26
  G01320               CONDUIT     0.000     0  01:00      0.24    0.00    0.06
  G01321               CONDUIT     0.001     0  01:35      0.42    0.00    0.02
  G01322               CONDUIT     0.004     0  01:00      0.27    0.01    0.07
  G01323               CONDUIT     0.013     0  01:39      0.28    0.05    0.23
  G01324               CONDUIT     0.002     0  01:40      0.38    0.00    0.04
  G01325               CONDUIT     0.574     0  01:07      1.14    1.94    1.00
  G01326               CONDUIT     1.055     0  01:08      2.10    1.42    1.00
  G01327               CONDUIT     0.326     0  01:41      1.06    0.19    0.41
  G01328               CONDUIT     0.008     0  02:48      0.90    0.00    0.05
  G01329               CONDUIT     0.004     0  01:40      0.44    0.00    0.04
  G01330               CONDUIT     0.002     0  01:40      0.19    0.01    0.05
  G01331               CONDUIT     0.001     0  01:40      0.03    0.00    0.13
  G01332               CONDUIT     0.004     0  01:45      0.11    0.01    0.16
  G01333               CONDUIT     0.002     0  01:00      0.22    0.00    0.12
  G01334               CONDUIT     0.023     0  01:40      0.74    0.03    0.15
  G01335               CONDUIT     0.003     0  01:00      0.61    0.00    0.03
  G01336               CONDUIT     0.000     0  00:59      0.12    0.00    0.04
  G01337               CONDUIT     0.001     0  01:00      0.14    0.00    0.04
  G01338               CONDUIT     0.005     0  01:37      0.24    0.02    0.10
  G01339               CONDUIT     0.000     0  01:36      0.09    0.00    0.04
  G01340               CONDUIT     1.040     0  01:08      2.07    1.46    1.00
  G01341               CONDUIT     0.004     0  01:40      0.28    0.00    0.48
  G01342               CONDUIT     0.124     0  01:09      0.45    0.11    1.00
  G01343               CONDUIT     0.000     0  01:00      0.04    0.00    1.00
  G01344               CONDUIT     0.004     0  01:00      0.22    0.00    0.26
  G01345               CONDUIT     0.016     0  01:40      0.19    0.03    0.44
  G01346               CONDUIT     0.004     0  02:03      0.05    0.00    0.27
  G01347               CONDUIT     0.004     0  02:01      0.18    0.01    0.10
  G01348               CONDUIT     1.020     0  01:09      1.60    0.73    1.00
  G01349               CONDUIT     0.489     0  01:51      1.69    1.65    0.56
  G01350               CONDUIT     0.490     0  01:51      1.04    0.20    1.00
  G01351               CONDUIT     0.489     0  01:49      1.33    0.60    0.69
  G01352               CONDUIT     0.020     0  01:50      0.20    0.02    1.00
  G01353               CONDUIT     0.241     0  02:06      0.48    0.82    1.00
  G01354               CONDUIT     0.292     0  02:06      0.58    0.99    1.00
  G01355               CONDUIT     0.466     0  01:43      0.94    0.25    1.00
  G01356               CONDUIT     0.248     0  01:42      1.09    0.84    0.89
  G01357               CONDUIT     0.000     0  01:02      0.10    0.00    0.04
  G01358               CONDUIT     1.188     0  02:07      1.51    2.22    1.00
  G01359               CONDUIT     0.449     0  02:14      0.89    1.51    1.00
  G01360               CONDUIT     0.042     0  02:19      0.08    0.05    1.00
  G01361               CONDUIT     0.000     0  01:00      0.05    0.00    0.94
  G01362               CONDUIT     0.312     0  02:22      0.62    0.63    1.00
  G01363               CONDUIT     0.001     0  01:00      0.32    0.00    0.02
  G01364               CONDUIT     0.000     0  01:00      0.30    0.00    0.01
  G01365               CONDUIT     0.001     0  01:35      0.36    0.00    0.02
  G01366               CONDUIT     0.003     0  01:36      0.54    0.00    0.03
  G01367               CONDUIT     0.006     0  01:41      0.29    0.02    0.08
  G01368               CONDUIT     0.000     0  01:00      0.08    0.00    0.04
  G01369               CONDUIT     0.002     0  01:39      0.42    0.00    0.05
  G01370               CONDUIT     0.399     0  02:07      0.82    1.35    0.95
  G01371               CONDUIT     0.001     0  01:35      0.22    0.00    0.87
  G01372               CONDUIT     0.098     0  01:41      0.22    0.13    0.88
  G01373               CONDUIT     0.022     0  01:40      0.87    0.02    0.33
  G01374               CONDUIT     0.144     0  02:02      0.67    0.10    1.00
  G01375               CONDUIT     0.000     0  01:40      0.23    0.00    0.11
  G01376               CONDUIT     0.002     0  01:40      0.27    0.00    0.07
  G01377               CONDUIT     0.025     0  02:04      0.98    0.03    0.10
  G01378               CONDUIT     0.024     0  02:02      0.55    0.08    0.14
  G01379               CONDUIT     0.001     0  01:40      0.15    0.00    0.09
  G01380               CONDUIT     0.000     0  01:00      0.22    0.00    0.20
  G01381               CONDUIT     0.000     0  01:35      0.06    0.00    0.07
  G01382               CONDUIT     0.036     0  01:01      1.16    0.02    0.23
  G01383               CONDUIT     0.157     0  01:40      1.76    0.09    0.23
  G01384               CONDUIT     0.004     0  01:40      0.18    0.00    0.15
  G01385               CONDUIT     0.000     0  01:00      0.08    0.00    0.26
  G01386               CONDUIT     0.083     0  01:38      1.77    0.03    0.18
  G01387               CONDUIT     0.162     0  01:41      1.44    0.08    0.20
  G01388               CONDUIT     0.000     0  01:00      0.05    0.00    0.12
  G01389               CONDUIT     0.077     0  01:41      1.54    0.03    0.11
  G01390               CONDUIT     0.024     0  01:40      0.27    0.01    0.24
  G01391               CONDUIT     0.016     0  01:40      1.00    0.01    0.07
  G01392               CONDUIT     0.047     0  01:40      0.95    0.16    0.16
  G01393               CONDUIT     0.048     0  01:40      0.99    0.02    0.16
  G01394               CONDUIT     0.168     0  01:39      0.65    0.13    0.42
  G01395               CONDUIT     0.212     0  02:04      1.19    0.72    0.39
  G01396               CONDUIT     0.029     0  01:40      0.59    0.02    0.36
  G01397               CONDUIT     0.006     0  01:36      0.27    0.00    0.93
  G01398               CONDUIT     0.037     0  02:03      0.24    0.02    1.00
  G01399               CONDUIT     0.000     0  01:00      0.13    0.00    0.31
  G01400               CONDUIT     0.000     0  01:40      0.15    0.00    0.10
  G01401               CONDUIT     0.013     0  02:09      0.14    0.02    0.25
  G01402               CONDUIT     0.003     0  01:36      0.24    0.00    0.06
  G01403               CONDUIT     0.029     0  01:38      0.33    0.01    0.25
  G01404               CONDUIT     0.013     0  01:39      0.93    0.01    0.06
  G01405               CONDUIT     0.022     0  01:40      0.30    0.01    0.24
  G01406               CONDUIT     0.000     0  01:35      0.33    0.00    0.07
  G01407               CONDUIT     0.046     0  01:39      0.68    0.06    0.20
  G01408               CONDUIT     0.222     0  02:05      1.76    0.26    0.30
  G01409               CONDUIT     0.163     0  01:41      1.47    0.10    0.20
  G01410               CONDUIT     0.081     0  01:38      1.49    0.08    0.16
  G01411               CONDUIT     0.222     0  02:03      1.16    0.13    0.41
  G01412               CONDUIT     0.009     0  01:36      0.52    0.01    0.07
  G01413               CONDUIT     0.241     0  02:03      0.69    0.45    0.46
  G01414               CONDUIT     0.032     0  01:46      0.44    0.04    1.00
  G01415               CONDUIT     0.101     0  01:26      0.30    0.11    1.00
  G01416               CONDUIT     0.002     0  01:40      0.32    0.00    0.04
  G01417               CONDUIT     0.004     0  01:40      0.25    0.00    0.54
  G01418               CONDUIT     0.062     0  01:41      0.84    0.21    0.20
  G01419               CONDUIT     0.001     0  01:37      0.07    0.00    0.14
  G01420               CONDUIT     0.000     0  01:00      0.24    0.00    0.04
  G01421               CONDUIT     0.010     0  01:40      0.95    0.01    0.05
  G01422               CONDUIT     0.004     0  01:40      0.56    0.00    0.04
  G01423               CONDUIT     0.688     0  02:59      1.17    0.57    1.00
  G01424               CONDUIT     0.025     0  02:37      0.25    0.03    1.00
  G01425               CONDUIT     0.320     0  02:12      0.41    0.16    1.00
  G01426               CONDUIT     0.058     0  02:10      0.90    0.02    0.62
  G01427               CONDUIT     0.002     0  01:00      0.11    0.00    0.56
  G01428               CONDUIT     0.000     0  01:00      0.03    0.00    0.93
  G01429               CONDUIT     0.060     0  02:08      0.21    0.06    1.00
  G01430               CONDUIT     0.001     0  01:00      0.15    0.00    0.56
  G01431               CONDUIT     0.019     0  02:54      0.12    0.01    0.87
  G01432               CONDUIT     0.038     0  02:01      0.15    0.06    1.00
  G01433               CONDUIT     1.636     0  02:34      1.45    1.88    1.00
  G01434               CONDUIT     1.692     0  02:34      1.50    0.84    1.00
  G01435               CONDUIT     0.871     0  02:08      1.11    1.12    1.00
  G01436               CONDUIT     0.336     0  02:40      0.67    1.14    1.00
  G01437               CONDUIT     0.008     0  01:40      0.15    0.03    0.67
  G01438               CONDUIT     0.001     0  01:00      0.18    0.00    0.09
  G01439               CONDUIT     0.052     0  01:40      1.09    0.04    0.15
  G01440               CONDUIT     0.020     0  01:38      0.64    0.02    0.13
  G01441               CONDUIT     0.000     0  01:34      0.07    0.00    0.05
  G01442               CONDUIT     0.000     0  01:00      0.28    0.00    0.02
  G01443               CONDUIT     0.018     0  01:44      0.24    0.06    0.22
  G01444               CONDUIT     0.015     0  01:40      0.38    0.01    0.13
  G01445               CONDUIT     0.001     0  01:36      0.33    0.00    0.03
  G01446               CONDUIT     0.000     0  01:00      0.09    0.00    0.30
  G01447               CONDUIT     0.628     0  02:18      1.51    1.43    1.00
  G01448               CONDUIT     0.323     0  02:01      1.01    0.40    1.00
  G01449               CONDUIT     0.000     0  00:59      0.20    0.00    0.02
  G01450               CONDUIT     0.001     0  01:35      0.30    0.00    0.04
  G01451               CONDUIT     0.113     0  01:55      0.40    0.17    1.00
  G01452               CONDUIT     0.001     0  01:39      0.17    0.00    0.09
  G01453               CONDUIT     0.096     0  01:41      1.59    0.04    0.13
  G01454               CONDUIT     0.069     0  01:40      1.00    0.05    0.20
  G01455               CONDUIT     0.069     0  01:41      1.16    0.23    0.18
  G01456               CONDUIT     0.023     0  01:01      0.77    0.02    0.11
  G01457               CONDUIT     0.001     0  01:00      0.30    0.00    0.03
  G01458               CONDUIT     0.012     0  01:00      0.53    0.01    0.09
  G01459               CONDUIT     0.007     0  01:45      0.32    0.02    0.09
  G01460               CONDUIT     0.031     0  02:07      0.43    0.01    0.15
  G01461               CONDUIT     0.026     0  02:05      1.32    0.01    0.08
  G01462               CONDUIT     0.002     0  02:02      0.41    0.00    0.03
  G01463               CONDUIT     0.001     0  01:00      0.25    0.00    0.05
  G01464               CONDUIT     0.038     0  01:03      0.48    0.02    0.55
  G01465               CONDUIT     0.004     0  01:01      0.23    0.00    0.21
  G01466               CONDUIT     0.000     0  01:35      0.19    0.00    0.02
  G01467               CONDUIT     0.059     0  01:39      0.65    0.06    0.60
  G01468               CONDUIT     0.041     0  01:40      0.94    0.03    0.39
  G01469               CONDUIT     0.001     0  01:39      0.21    0.00    0.36
  G01470               CONDUIT     0.303     0  02:02      1.08    1.02    0.70
  G01471               CONDUIT     0.060     0  01:41      0.41    0.11    0.25
  G01472               CONDUIT     0.033     0  02:09      0.24    0.06    0.24
  G01473               CONDUIT     0.704     0  02:59      1.02    0.81    0.59
  G01474               CONDUIT     0.048     0  01:49      0.66    0.04    0.21
  G01475               CONDUIT     0.001     0  01:36      0.21    0.00    0.05
  G01476               CONDUIT     0.002     0  01:40      0.53    0.00    0.03
  G01477               CONDUIT     0.003     0  01:40      0.23    0.00    0.44
  G01478               CONDUIT     0.000     0  01:35      0.09    0.00    0.05
  G01479               CONDUIT     0.000     0  01:35      0.35    0.00    0.01
  G01480               CONDUIT     0.001     0  01:00      0.08    0.00    0.08
  G01481               CONDUIT     0.167     0  01:42      2.04    0.06    0.16
  G01482               CONDUIT     0.003     0  01:01      0.63    0.00    0.04
  G01483               CONDUIT     0.011     0  01:38      0.27    0.00    0.23
  G01484               CONDUIT     0.168     0  01:42      0.61    0.05    0.41
  G01485               CONDUIT     0.009     0  01:40      0.13    0.00    0.47
  G01486               CONDUIT     0.167     0  01:41      1.55    0.10    0.20
  G01487               CONDUIT     0.389     0  02:22      0.77    1.31    1.00
  G01488               CONDUIT     0.064     0  01:43      1.19    0.05    0.17
  G01489               CONDUIT     0.064     0  01:45      1.29    0.04    0.11
  G01490               CONDUIT     0.067     0  01:45      1.66    0.01    0.10
  G01491               CONDUIT     0.012     0  01:40      0.36    0.04    0.14
  G01492               CONDUIT     0.001     0  01:39      0.15    0.00    0.10
  G01493               CONDUIT     0.001     0  01:01      0.10    0.00    0.09
  G01494               CONDUIT     0.003     0  01:36      0.25    0.00    0.07
  G01495               CONDUIT     0.000     0  01:00      0.03    0.00    0.08
  G01496               CONDUIT     0.001     0  01:00      0.11    0.00    0.08
  G01497               CONDUIT     0.041     0  01:38      1.04    0.03    0.13
  G01498               CONDUIT     0.645     0  02:59      1.03    1.20    0.74
  G01499               CONDUIT     0.109     0  01:43      0.53    0.03    0.41
  G01500               CONDUIT     0.045     0  01:39      1.23    0.04    0.12
  G01501               CONDUIT     0.602     0  02:49      2.23    0.36    0.38
  G01502               CONDUIT     0.602     0  02:48      2.11    0.29    0.39
  G01503               CONDUIT     0.134     0  01:41      0.53    0.21    0.52
  G01504               CONDUIT     0.165     0  02:51      0.39    0.56    1.00
  G01505               CONDUIT     0.069     0  01:42      0.39    0.03    0.53
  G01506               CONDUIT     0.003     0  01:35      0.26    0.00    0.10
  G01507               CONDUIT     0.030     0  02:00      0.20    0.05    0.55
  G01508               CONDUIT     0.034     0  01:42      0.48    0.06    0.15
  G01509               CONDUIT     0.012     0  01:40      0.35    0.00    0.11
  G01510               CONDUIT     0.006     0  01:40      0.62    0.00    0.05
  G01511               CONDUIT     0.004     0  01:40      0.56    0.00    0.04
  G01512               CONDUIT     0.001     0  01:00      0.39    0.00    0.02
  G01513               CONDUIT     0.002     0  01:01      0.31    0.00    0.04
  G01514               CONDUIT     0.001     0  01:35      0.19    0.00    0.04
  G01515               CONDUIT     0.000     0  01:00      0.09    0.00    0.04
  G01516               CONDUIT     0.001     0  01:40      0.15    0.00    0.04
  G01517               CONDUIT     0.001     0  01:40      0.35    0.00    0.03
  G01518               CONDUIT     0.001     0  01:35      0.36    0.00    0.02
  G01519               CONDUIT     0.029     0  01:38      0.35    0.10    0.23
  G01520               CONDUIT     0.089     0  01:58      0.55    0.12    0.36
  G01521               CONDUIT     0.049     0  02:01      1.06    0.07    0.15
  G01522               CONDUIT     0.049     0  02:01      0.92    0.02    0.17
  G01523               CONDUIT     0.040     0  01:10      0.23    0.05    1.00
  G01524               CONDUIT     0.001     0  01:36      0.08    0.00    0.13
  G01525               CONDUIT     0.018     0  01:58      0.31    0.02    0.17
  G01526               CONDUIT     0.088     0  01:57      1.20    0.08    0.21
  G01527               CONDUIT     0.077     0  01:57      1.40    0.05    0.17
  G01528               CONDUIT     0.003     0  01:39      0.58    0.00    0.04
  G01529               CONDUIT     0.004     0  01:40      0.20    0.00    0.08
  G01530               CONDUIT     0.871     0  02:59      1.11    0.62    1.00
  G01531               CONDUIT     1.182     0  02:59      1.50    1.95    1.00
  G01532               CONDUIT     1.429     0  02:59      1.82    2.52    1.00
  G01533               CONDUIT     0.010     0  01:16      0.15    0.01    1.00
  G01534               CONDUIT     0.341     0  02:01      0.68    1.15    1.00
  G01535               CONDUIT     0.007     0  01:30      0.05    0.01    1.00
  G01536               CONDUIT     0.502     0  02:08      1.00    1.56    1.00
  G01537               CONDUIT     0.000     0  01:00      0.17    0.00    0.05
  G01538               CONDUIT     0.004     0  01:40      0.18    0.01    0.11
  G01539               CONDUIT     0.004     0  01:45      0.07    0.01    0.17
  G01540               CONDUIT     0.004     0  01:40      0.11    0.02    0.14
  G01541               CONDUIT     0.013     0  01:40      0.31    0.00    0.18
  G01542               CONDUIT     0.679     0  01:42      3.27    0.20    0.31
  G01543               CONDUIT     0.679     0  01:41      2.97    0.54    0.46
  G01544               CONDUIT     0.006     0  01:39      0.28    0.00    0.30
  G01545               CONDUIT     0.514     0  01:43      1.55    1.74    0.63
  G01546               CONDUIT     0.000     0  02:00      0.30    0.00    0.03
  G01547               CONDUIT     0.000     0  01:00      0.07    0.00    0.20
  G01548               CONDUIT     0.013     0  01:40      0.66    0.01    0.08
  G01549               CONDUIT     0.025     0  01:38      1.06    0.01    0.09
  G01550               CONDUIT     0.011     0  01:40      1.06    0.01    0.05
  G01551               CONDUIT     0.001     0  01:00      0.11    0.00    0.21
  G01552               CONDUIT     0.000     0  01:00      0.07    0.00    0.20
  G01553               CONDUIT     0.003     0  01:35      0.51    0.00    0.09
  G01554               CONDUIT     0.401     0  01:44      3.20    0.12    0.22
  G01555               CONDUIT     0.000     0  01:00      0.23    0.00    0.13
  G01556               CONDUIT     0.278     0  01:40      0.55    0.94    1.00
  G01557               CONDUIT     0.588     0  02:22      1.17    1.98    1.00
  G01558               CONDUIT     0.276     0  01:40      0.59    0.93    1.00
  G01559               CONDUIT     0.230     0  01:42      0.69    0.06    0.84
  G01560               CONDUIT     0.224     0  01:41      1.85    0.27    0.29
  G01561               CONDUIT     0.180     0  01:41      1.12    0.26    0.36
  G01562               CONDUIT     0.006     0  01:40      0.19    0.02    0.16
  G01563               CONDUIT     0.000     0  01:00      0.09    0.00    0.07
  G01564               CONDUIT     0.004     0  02:00      0.18    0.00    0.24
  G01565               CONDUIT     0.122     0  02:03      0.60    0.41    0.43
  G01566               CONDUIT     0.000     0  01:00      0.05    0.00    0.23
  G01567               CONDUIT     0.001     0  01:00      0.28    0.00    0.02
  G01568               CONDUIT     0.001     0  01:00      0.48    0.00    0.02
  G01569               CONDUIT     0.041     0  02:02      0.31    0.04    0.31
  G01570               CONDUIT     0.032     0  02:01      0.28    0.04    0.34
  G01571               CONDUIT     0.352     0  01:32      0.70    1.19    1.00
  G01572               CONDUIT     0.252     0  02:13      0.97    0.85    0.51
  G01573               CONDUIT     0.252     0  02:14      1.17    0.21    0.44
  G01574               CONDUIT     0.300     0  01:38      0.60    0.73    1.00
  G01575               CONDUIT     0.036     0  02:08      0.17    0.12    0.45
  G01576               CONDUIT     0.003     0  01:00      0.27    0.00    0.06
  G01577               CONDUIT     0.000     0  01:00      0.04    0.00    0.11
  G01578               CONDUIT     0.000     0  01:00      0.04    0.00    0.11
  G01579               CONDUIT     0.001     0  01:00      0.38    0.00    0.02
  G01580               CONDUIT     0.016     0  01:37      0.49    0.02    0.14
  G01581               CONDUIT     0.001     0  01:01      0.19    0.00    0.23
  G01582               CONDUIT     0.235     0  02:06      0.47    0.45    1.00
  G01583               CONDUIT     0.001     0  01:38      0.12    0.00    0.05
  G01584               CONDUIT     0.002     0  01:36      0.18    0.00    0.39
  G01585               CONDUIT     0.264     0  02:59      0.53    0.55    1.00
  G01586               CONDUIT     0.000     0  01:35      0.22    0.00    0.02
  G01587               CONDUIT     0.308     0  02:59      0.61    0.85    1.00
  G01588               CONDUIT     0.062     0  01:19      0.69    0.06    1.00
  G01589               CONDUIT     0.001     0  01:35      0.19    0.00    0.53
  G01590               CONDUIT     0.007     0  01:40      0.30    0.02    0.09
  G01591               CONDUIT     0.036     0  01:41      1.13    0.02    0.08
  G01592               CONDUIT     0.011     0  01:58      0.08    0.01    0.47
  G01593               CONDUIT     0.000     0  01:00      0.19    0.00    0.12
  G01594               CONDUIT     0.037     0  01:42      0.26    0.01    0.32
  G01595               CONDUIT     0.036     0  01:41      1.24    0.01    0.08
  G01596               CONDUIT     0.009     0  01:39      0.40    0.01    0.09
  G01597               CONDUIT     0.065     0  01:40      0.31    0.22    0.43
  G01598               CONDUIT     0.000     0  01:00      0.31    0.00    0.02
  G01599               CONDUIT     0.001     0  01:40      0.18    0.00    0.04
  G01600               CONDUIT     0.029     0  01:38      0.38    0.02    0.27
  G01601               CONDUIT     0.018     0  01:38      0.85    0.01    0.10
  G01602               CONDUIT     0.002     0  01:38      0.06    0.00    0.22
  G01603               CONDUIT     0.001     0  01:00      0.30    0.00    0.02
  G01604               CONDUIT     0.000     0  01:36      0.04    0.00    0.34
  G01605               CONDUIT     0.003     0  01:39      0.13    0.00    0.24
  G01606               CONDUIT     0.121     0  02:48      0.47    0.41    0.51
  G01607               CONDUIT     0.009     0  02:41      0.12    0.01    1.00
  G01608               CONDUIT     0.003     0  01:06      0.15    0.00    0.41
  G01609               CONDUIT     0.023     0  02:46      0.14    0.06    0.40
  G01610               CONDUIT     0.013     0  01:40      0.17    0.02    0.37
  G01611               CONDUIT     0.000     0  01:36      0.05    0.00    0.05
  G01612               CONDUIT     0.001     0  01:40      0.15    0.00    0.06
  G01613               CONDUIT     0.002     0  01:42      0.07    0.01    0.14
  G01614               CONDUIT     0.113     0  01:41      0.50    0.16    0.64
  G01615               CONDUIT     0.002     0  01:00      0.20    0.01    0.05
  G01616               CONDUIT     0.004     0  01:02      0.20    0.01    0.21
  G01617               CONDUIT     0.000     0  01:35      0.06    0.00    0.09
  G01618               CONDUIT     0.000     0  01:40      0.24    0.00    0.27
  G01619               CONDUIT     0.000     0  01:00      0.15    0.00    0.04
  G01620               CONDUIT     0.009     0  02:04      0.09    0.01    0.59
  G01621               CONDUIT     0.000     0  02:01      0.13    0.00    0.20
  G01622               CONDUIT     0.013     0  02:07      0.15    0.01    1.00
  G01623               CONDUIT     0.050     0  02:15      0.10    0.06    1.00
  G01624               CONDUIT     0.001     0  01:35      0.33    0.00    0.04
  G01625               CONDUIT     0.000     0  00:59      0.37    0.00    0.01
  G01626               CONDUIT     0.000     0  01:00      0.09    0.00    0.03
  G01627               CONDUIT     0.000     0  01:00      0.08    0.00    0.11
  G01628               CONDUIT     0.001     0  01:00      0.04    0.00    0.11
  G01629               CONDUIT     0.001     0  01:00      0.11    0.00    0.11
  G01630               CONDUIT     0.001     0  01:00      0.26    0.00    0.11
  G01631               CONDUIT     0.070     0  01:40      1.14    0.06    0.13
  G01632               CONDUIT     0.071     0  01:40      1.37    0.02    0.12
  G01633               CONDUIT     0.065     0  01:38      1.42    0.02    0.15
  G01634               CONDUIT     0.067     0  01:59      0.50    0.04    0.59
  G01635               CONDUIT     0.006     0  01:39      0.56    0.00    0.23
  G01636               CONDUIT     0.000     0  01:00      0.22    0.00    0.03
  G01637               CONDUIT     0.749     0  01:15      1.49    2.53    1.00
  G01638               CONDUIT     0.007     0  01:40      0.08    0.00    0.97
  G01639               CONDUIT     0.000     0  01:00      0.04    0.00    0.10
  G01640               CONDUIT     0.123     0  02:03      1.85    0.08    0.19
  G01641               CONDUIT     0.124     0  02:04      0.47    0.08    0.68
  G01642               CONDUIT     0.054     0  01:41      0.67    0.18    0.22
  G01643               CONDUIT     0.054     0  01:42      1.14    0.03    0.15
  G01644               CONDUIT     0.005     0  01:40      0.33    0.01    0.07
  G01645               CONDUIT     0.080     0  01:40      0.95    0.04    0.16
  G01646               CONDUIT     0.000     0  01:00      0.30    0.00    0.06
  G01647               CONDUIT     0.818     0  01:48      1.40    0.42    0.70
  G01648               CONDUIT     0.549     0  01:46      2.05    0.21    0.38
  G01649               CONDUIT     0.007     0  01:40      0.60    0.01    0.43
  G01650               CONDUIT     0.541     0  01:45      2.25    0.30    0.34
  G01651               CONDUIT     0.540     0  01:44      1.67    0.89    0.61
  G01652               CONDUIT     0.001     0  01:00      0.21    0.00    0.03
  G01653               CONDUIT     0.082     0  01:43      0.26    0.28    0.60
  G01654               CONDUIT     0.012     0  01:40      0.11    0.01    0.31
  G01655               CONDUIT     0.063     0  01:41      0.82    0.21    0.21
  G01656               CONDUIT     0.125     0  01:41      2.59    0.03    0.15
  G01657               CONDUIT     0.000     0  01:39      0.07    0.00    0.03
  G01658               CONDUIT     0.027     0  01:24      0.43    0.05    0.78
  G01659               CONDUIT     0.000     0  01:40      0.05    0.00    0.31
  G01660               CONDUIT     0.206     0  02:48      0.46    0.70    0.84
  G01661               CONDUIT     0.000     0  01:40      0.07    0.00    0.41
  G01662               CONDUIT     0.001     0  01:00      0.17    0.00    0.14
  G01663               CONDUIT     0.238     0  02:59      0.49    0.81    0.94
  G01664               CONDUIT     0.144     0  01:41      1.44    0.04    0.19
  G01665               CONDUIT     0.000     0  01:35      0.06    0.00    0.27
  G01666               CONDUIT     0.101     0  01:40      1.42    0.09    0.20
  G01667               CONDUIT     0.002     0  01:00      0.40    0.00    0.03
  G01668               CONDUIT     0.000     0  00:59      0.06    0.00    0.24
  G01669               CONDUIT     0.004     0  01:06      0.11    0.01    0.20
  G01670               CONDUIT     0.000     0  01:35      0.06    0.00    0.24
  G01671               CONDUIT     0.001     0  01:00      0.10    0.00    0.09
  G01672               CONDUIT     0.143     0  01:40      2.43    0.03    0.13
  G01673               CONDUIT     0.000     0  01:00      0.04    0.00    0.08
  G01674               CONDUIT     0.031     0  01:42      0.54    0.02    0.18
  G01675               CONDUIT     0.003     0  01:00      0.43    0.00    0.04
  G01676               CONDUIT     0.002     0  01:00      0.69    0.00    0.02
  G01677               CONDUIT     0.127     0  01:41      2.89    0.05    0.14
  G01678               CONDUIT     0.128     0  01:42      2.96    0.04    0.14
  G01679               CONDUIT     0.177     0  01:42      1.42    0.12    0.22
  G01680               CONDUIT     0.182     0  01:43      0.72    0.09    0.54
  G01681               CONDUIT     0.011     0  01:00      0.81    0.00    0.09
  G01682               CONDUIT     0.000     0  01:00      0.17    0.00    0.03
  G01683               CONDUIT     0.002     0  01:40      0.32    0.00    0.10
  G01684               CONDUIT     0.127     0  01:41      2.34    0.07    0.17
  G01685               CONDUIT     0.005     0  01:00      0.59    0.00    0.06
  G01686               CONDUIT     0.022     0  01:40      1.11    0.02    0.08
  G01687               CONDUIT     0.027     0  01:40      1.66    0.01    0.07
  G01688               CONDUIT     0.005     0  01:00      0.45    0.00    0.06
  G01689               CONDUIT     0.028     0  01:40      1.43    0.01    0.08
  G01690               CONDUIT     0.000     0  01:00      0.25    0.00    0.02
  G01691               CONDUIT     0.161     0  02:21      0.32    0.54    1.00
  G01692               CONDUIT     0.000     0  01:00      0.07    0.00    0.12
  G01693               CONDUIT     0.000     0  00:58      0.43    0.00    0.01
  G01694               CONDUIT     0.139     0  02:02      0.56    0.11    0.51
  G01695               CONDUIT     0.000     0  01:00      0.08    0.00    0.12
  G01696               CONDUIT     0.024     0  02:14      0.13    0.08    0.43
  G01697               CONDUIT     0.086     0  01:41      0.50    0.18    0.38
  G01698               CONDUIT     0.003     0  01:00      0.21    0.00    0.20
  G01699               CONDUIT     0.246     0  01:44      0.54    0.60    0.89
  G01700               CONDUIT     0.088     0  01:41      0.50    0.06    0.51
  G01701               CONDUIT     0.000     0  01:35      0.05    0.00    0.58
  G01702               CONDUIT     0.176     0  02:58      0.35    0.60    1.00
  G01703               CONDUIT     0.002     0  01:00      0.46    0.00    0.03
  G01704               CONDUIT     0.000     0  01:00      0.13    0.00    0.08
  G01705               CONDUIT     0.008     0  02:11      0.15    0.03    0.50
  G01706               CONDUIT     0.311     0  02:48      0.62    1.04    1.00
  G01707               CONDUIT     0.581     0  02:59      0.75    1.08    0.96
  G01708               CONDUIT     0.109     0  02:51      0.26    0.14    1.00
  G01709               CONDUIT     0.000     0  01:37      0.10    0.00    0.41
  G01710               CONDUIT     0.147     0  02:04      0.90    0.50    0.36
  G01711               CONDUIT     0.147     0  02:05      0.92    0.13    0.36
  G01712               CONDUIT     0.177     0  02:07      0.61    0.27    0.40
  G01713               CONDUIT     0.205     0  02:06      0.65    0.38    0.42
  G01714               CONDUIT     0.011     0  01:16      0.24    0.02    0.37
  G01715               CONDUIT     0.047     0  01:40      0.40    0.05    0.40
  G01716               CONDUIT     0.049     0  01:40      0.56    0.17    0.25
  G01717               CONDUIT     0.001     0  01:35      0.08    0.00    0.15
  G01718               CONDUIT     0.001     0  01:00      0.11    0.00    0.24
  G01719               CONDUIT     0.014     0  01:40      0.58    0.02    0.09
  G01720               CONDUIT     0.018     0  01:40      0.45    0.02    0.13
  G01721               CONDUIT     0.018     0  02:47      0.19    0.01    0.28
  G01722               CONDUIT     0.001     0  01:35      0.09    0.00    0.14
  G01723               CONDUIT     0.164     0  02:04      0.71    0.55    0.47
  G01724               CONDUIT     0.030     0  01:40      0.38    0.03    0.47
  G01725               CONDUIT     0.007     0  01:51      0.15    0.01    0.40
  G01726               CONDUIT     0.002     0  02:56      0.14    0.00    0.19
  G01727               CONDUIT     0.412     0  02:48      0.84    0.77    0.60
  G01728               CONDUIT     0.006     0  01:40      0.16    0.01    0.15
  G01729               CONDUIT     0.005     0  01:04      0.15    0.01    0.55
  G01730               CONDUIT     0.001     0  01:35      0.08    0.00    0.34
  G01731               CONDUIT     0.327     0  01:43      0.76    0.61    0.54
  G01732               CONDUIT     0.007     0  01:41      0.26    0.01    0.10
  G01733               CONDUIT     0.001     0  01:00      0.38    0.00    0.02
  G01734               CONDUIT     0.001     0  01:00      0.25    0.00    0.19
  G01735               CONDUIT     0.018     0  01:38      1.06    0.01    0.20
  G01736               CONDUIT     0.334     0  01:43      1.21    0.27    0.55
  G01737               CONDUIT     0.000     0  01:00      0.23    0.00    0.01
  G01738               CONDUIT     0.000     0  01:40      0.19    0.00    0.04
  G01739               CONDUIT     0.025     0  01:38      1.41    0.01    0.08
  G01740               CONDUIT     0.000     0  01:00      0.12    0.00    0.04
  G01741               CONDUIT     0.016     0  01:39      0.58    0.01    0.15
  G01742               CONDUIT     0.060     0  01:40      0.57    0.20    0.26
  G01743               CONDUIT     0.002     0  01:00      0.22    0.00    0.13
  G01744               CONDUIT     0.001     0  01:00      0.21    0.00    0.08
  G01745               CONDUIT     0.008     0  01:40      0.15    0.01    0.16
  G01746               CONDUIT     0.002     0  01:00      0.13    0.00    0.20
  G01747               CONDUIT     0.193     0  01:40      1.75    0.65    0.27
  G01748               CONDUIT     0.016     0  01:43      0.16    0.01    0.96
  G01749               CONDUIT     0.264     0  01:47      1.15    0.09    0.40
  G01750               CONDUIT     0.000     0  01:38      0.11    0.00    0.03
  G01751               CONDUIT     0.177     0  02:04      0.69    0.07    0.42
  G01752               CONDUIT     0.177     0  02:03      1.18    0.60    0.34
  G01753               CONDUIT     0.000     0  01:00      0.02    0.00    0.42
  G01754               CONDUIT     0.018     0  01:41      0.94    0.02    0.08
  G01755               CONDUIT     0.000     0  01:00      0.05    0.00    0.12
  G01756               CONDUIT     0.096     0  01:40      0.74    0.11    0.31
  G01757               CONDUIT     0.095     0  01:41      0.53    0.32    0.40
  G01758               CONDUIT     0.001     0  01:35      0.26    0.00    0.04
  G01759               CONDUIT     0.011     0  01:40      0.13    0.01    0.23
  G01760               CONDUIT     0.145     0  02:19      0.29    0.40    1.00
  G01761               CONDUIT     0.281     0  01:47      0.45    0.47    0.83
  G01762               CONDUIT     0.059     0  01:40      0.44    0.07    0.53
  G01763               CONDUIT     0.065     0  01:40      0.68    0.22    0.55
  G01764               CONDUIT     0.001     0  01:36      0.39    0.00    0.02
  G01765               CONDUIT     0.001     0  01:40      0.37    0.00    0.02
  G01766               CONDUIT     0.002     0  01:40      0.11    0.00    0.29
  G01767               CONDUIT     0.004     0  01:40      0.23    0.00    0.38
  G01768               CONDUIT     0.401     0  02:44      0.80    0.95    1.00
  G01769               CONDUIT     0.000     0  01:00      0.29    0.00    0.01
  G01770               CONDUIT     0.001     0  01:38      0.22    0.00    0.06
  G01771               CONDUIT     0.415     0  01:49      0.82    1.40    1.00
  G01772               CONDUIT     0.037     0  01:44      0.97    0.02    0.13
  G01773               CONDUIT     0.000     0  01:40      0.09    0.00    0.06
  G01774               CONDUIT     0.055     0  01:45      0.32    0.05    0.42
  G01775               CONDUIT     0.080     0  01:43      0.19    0.07    1.00
  G01776               CONDUIT     0.002     0  01:59      0.07    0.00    0.37
  G01777               CONDUIT     0.000     0  01:00      0.06    0.00    0.32
  G01778               CONDUIT     0.137     0  02:12      0.48    0.18    0.56
  G01779               CONDUIT     0.003     0  01:36      0.22    0.00    0.33
  G01780               CONDUIT     0.170     0  01:41      0.82    0.24    0.54
  G01781               CONDUIT     0.605     0  01:34      0.77    0.80    1.00
  G01782               CONDUIT     0.015     0  01:41      0.08    0.03    0.82
  G01783               CONDUIT     0.000     0  01:00      0.13    0.00    0.36
  G01784               CONDUIT     0.008     0  02:48      0.09    0.01    0.78
  G01785               CONDUIT     0.093     0  02:50      0.23    0.31    0.76
  G01786               CONDUIT     0.410     0  02:47      0.82    0.80    0.98
  G01787               CONDUIT     0.255     0  02:23      0.61    0.44    0.77
  G01788               CONDUIT     0.261     0  02:21      0.52    0.46    1.00
  G01789               CONDUIT     0.006     0  02:45      0.37    0.01    0.08
  G01790               CONDUIT     0.018     0  01:39      0.29    0.06    0.19
  G01791               CONDUIT     0.010     0  01:39      0.29    0.01    0.12
  G01792               CONDUIT     0.000     0  01:00      0.01    0.00    0.23
  G01793               CONDUIT     0.014     0  02:03      0.06    0.01    0.75
  G01794               CONDUIT     0.323     0  02:50      0.41    0.60    1.00
  G01795               CONDUIT     0.001     0  01:38      0.04    0.00    0.41
  G01796               CONDUIT     0.674     0  01:49      1.34    1.63    1.00
  G01797               CONDUIT     0.622     0  01:49      1.24    2.10    1.00
  G01798               CONDUIT     0.013     0  01:37      0.47    0.01    0.86
  G01799               CONDUIT     0.170     0  02:04      0.37    0.44    0.89
  G01800               CONDUIT     0.279     0  01:45      1.31    0.16    0.32
  G01801               CONDUIT     0.112     0  01:41      0.77    0.08    0.36
  G01802               CONDUIT     0.180     0  01:41      0.66    0.61    0.53
  G01803               CONDUIT     0.001     0  01:35      0.14    0.00    0.03
  G01804               CONDUIT     0.000     0  01:00      0.45    0.00    0.01
  G01805               CONDUIT     0.000     0  01:40      0.16    0.00    0.05
  G01806               CONDUIT     0.001     0  01:00      0.04    0.00    0.10
  G01807               CONDUIT     0.005     0  01:46      0.11    0.01    0.16
  G01808               CONDUIT     0.000     0  01:00      0.18    0.00    0.01
  G01809               CONDUIT     0.000     0  01:00      0.21    0.00    0.02
  G01810               CONDUIT     0.342     0  01:56      0.68    1.16    1.00
  G01811               CONDUIT     0.438     0  01:56      0.87    1.48    1.00
  G01812               CONDUIT     0.137     0  01:41      0.81    0.17    1.00
  G01813               CONDUIT     0.397     0  01:56      1.75    0.27    0.33
  G01814               CONDUIT     0.398     0  01:58      1.27    0.20    0.42
  G01815               CONDUIT     0.032     0  01:40      0.83    0.01    0.25
  G01816               CONDUIT     0.001     0  01:00      0.06    0.00    0.10
  G01817               CONDUIT     0.094     0  01:37      1.75    0.05    0.17
  G01818               CONDUIT     0.008     0  01:40      0.16    0.03    0.17
  G01819               CONDUIT     0.015     0  01:40      0.94    0.01    0.07
  G01820               CONDUIT     0.016     0  01:39      0.18    0.01    0.27
  G01821               CONDUIT     0.058     0  01:37      1.56    0.03    0.13
  G01822               CONDUIT     0.049     0  01:36      1.70    0.02    0.11
  G01823               CONDUIT     0.010     0  01:38      0.51    0.00    0.08
  G01824               CONDUIT     0.004     0  01:39      0.24    0.00    0.07
  G01825               CONDUIT     0.005     0  01:40      0.23    0.00    0.18
  G01826               CONDUIT     0.058     0  01:41      0.72    0.02    0.22
  G01827               CONDUIT     0.057     0  01:40      1.83    0.03    0.11
  G01828               CONDUIT     0.000     0  01:35      0.13    0.00    0.07
  G01829               CONDUIT     0.001     0  01:36      0.41    0.00    0.03
  G01830               CONDUIT     0.000     0  01:35      0.13    0.00    0.06
  G01831               CONDUIT     0.020     0  01:38      0.48    0.07    0.14
  G01832               CONDUIT     0.020     0  01:40      0.45    0.01    0.16
  G01833               CONDUIT     0.008     0  01:36      0.28    0.00    0.15
  G01834               CONDUIT     0.015     0  01:36      0.47    0.05    0.11
  G01835               CONDUIT     0.052     0  01:40      0.73    0.03    0.20
  G01836               CONDUIT     0.059     0  01:41      0.67    0.20    0.24
  G01837               CONDUIT     0.008     0  01:26      0.12    0.03    0.72
  G01838               CONDUIT     0.004     0  01:37      0.59    0.00    0.05
  G01839               CONDUIT     0.376     0  02:59      0.81    1.15    0.87
  G01840               CONDUIT     0.000     0  01:36      0.17    0.00    0.07
  G01841               CONDUIT     0.015     0  01:38      0.28    0.01    0.16
  G01842               CONDUIT     0.000     0  00:59      0.21    0.00    0.03
  G01843               CONDUIT     0.000     0  01:00      0.30    0.00    0.03
  G01844               CONDUIT     0.012     0  01:38      0.38    0.04    0.11
  G01845               CONDUIT     0.103     0  01:41      0.87    0.06    0.29
  G01846               CONDUIT     0.006     0  01:36      0.69    0.00    0.05
  G01847               CONDUIT     0.001     0  01:00      0.05    0.00    0.10
  G01848               CONDUIT     0.048     0  01:40      0.99    0.05    0.15
  G01849               CONDUIT     0.126     0  01:40      1.20    0.05    0.27
  G01850               CONDUIT     0.243     0  02:49      0.36    0.45    0.79
  G01851               CONDUIT     0.006     0  01:40      0.12    0.01    0.17
  G01852               CONDUIT     0.082     0  02:00      0.35    0.11    1.00
  G01853               CONDUIT     0.027     0  01:39      0.14    0.05    1.00
  G01854               CONDUIT     0.000     0  01:00      0.13    0.00    0.02
  G01855               CONDUIT     0.000     0  01:40      0.07    0.00    0.03
  G01856               CONDUIT     0.003     0  01:40      0.21    0.00    0.32
  G01857               CONDUIT     0.024     0  01:10      0.30    0.08    0.62
  G01858               CONDUIT     0.001     0  01:00      0.09    0.00    0.14
  G01859               CONDUIT     0.005     0  01:00      0.21    0.01    0.11
  G01860               CONDUIT     0.056     0  01:40      0.73    0.05    0.24
  G01861               CONDUIT     0.000     0  01:00      0.08    0.00    0.08
  G01862               CONDUIT     0.000     0  01:01      0.17    0.00    0.05
  G01863               CONDUIT     0.458     0  02:07      0.91    1.55    1.00
  G01864               CONDUIT     0.000     0  00:59      0.04    0.00    0.21
  G01865               CONDUIT     0.384     0  02:08      0.76    1.14    1.00
  G01866               CONDUIT     0.001     0  01:35      0.11    0.00    0.06
  G01867               CONDUIT     0.001     0  01:40      0.16    0.00    0.13
  G01868               CONDUIT     0.002     0  01:01      0.18    0.00    0.14
  G01869               CONDUIT     0.025     0  01:42      0.29    0.03    0.74
  G01870               CONDUIT     0.201     0  02:09      0.40    0.68    1.00
  G01871               CONDUIT     0.002     0  01:00      0.10    0.00    0.14
  G01872               CONDUIT     0.000     0  01:35      0.06    0.00    0.25
  G01873               CONDUIT     0.084     0  01:41      0.66    0.12    0.30
  G01874               CONDUIT     0.026     0  01:40      0.67    0.02    0.17
  G01875               CONDUIT     0.059     0  01:40      0.32    0.20    0.40
  G01876               CONDUIT     0.067     0  02:59      0.39    0.23    0.46
  G01877               CONDUIT     0.006     0  01:26      0.13    0.01    0.32
  G01878               CONDUIT     0.003     0  01:36      0.16    0.00    0.20
  G01879               CONDUIT     0.038     0  02:02      0.12    0.06    0.99
  G01880               CONDUIT     0.057     0  02:59      0.18    0.08    1.00
  G01881               CONDUIT     0.072     0  02:59      0.16    0.17    1.00
  G01882               CONDUIT     0.061     0  01:40      0.64    0.21    0.24
  G01883               CONDUIT     0.061     0  01:41      0.53    0.03    0.28
  G01884               CONDUIT     0.204     0  01:41      1.46    0.54    0.32
  G01885               CONDUIT     0.001     0  01:36      0.12    0.00    0.10
  G01886               CONDUIT     0.117     0  01:41      2.23    0.07    0.16
  G01887               CONDUIT     0.118     0  01:41      0.59    0.04    0.78
  G01888               CONDUIT     0.186     0  01:53      0.69    0.63    0.53
  G01889               CONDUIT     0.053     0  01:42      0.62    0.04    0.33
  G01890               CONDUIT     0.051     0  01:41      1.11    0.05    0.15
  G01891               CONDUIT     0.051     0  01:40      0.83    0.09    0.18
  G01892               CONDUIT     0.001     0  01:40      0.06    0.00    0.28
  G01893               CONDUIT     0.370     0  01:49      1.12    0.61    0.64
  G01894               CONDUIT     0.000     0  01:00      0.25    0.00    0.01
  G01895               CONDUIT     0.002     0  01:40      0.09    0.00    0.36
  G01896               CONDUIT     0.056     0  01:43      1.37    0.03    0.10
  G01897               CONDUIT     0.040     0  01:40      0.11    0.02    1.00
  G01898               CONDUIT     2.124     0  01:48      1.94    0.52    1.00
  G01899               CONDUIT     0.036     0  01:43      1.09    0.04    0.12
  G01900               CONDUIT     0.036     0  01:42      0.73    0.06    0.16
  G01901               CONDUIT     0.001     0  01:36      0.14    0.00    0.09
  G01902               CONDUIT     0.101     0  01:43      0.53    0.24    0.45
  G01903               CONDUIT     0.056     0  01:43      0.19    0.01    0.42
  G01904               CONDUIT     0.301     0  01:45      0.80    0.11    0.49
  G01905               CONDUIT     0.627     0  01:45      1.01    1.17    0.74
  G01906               CONDUIT     0.000     0  01:35      0.11    0.00    0.42
  G01907               CONDUIT     0.773     0  01:43      1.92    0.28    0.51
  G01908               CONDUIT     0.036     0  01:43      0.28    0.02    0.41
  G01909               CONDUIT     0.132     0  01:42      0.57    0.09    1.00
  G01910               CONDUIT     0.383     0  02:01      1.96    0.46    0.41
  G01911               CONDUIT     0.084     0  01:42      0.44    0.17    0.45
  G01912               CONDUIT     0.002     0  01:37      0.14    0.00    0.07
  G01913               CONDUIT     0.019     0  01:40      0.21    0.02    0.26
  G01914               CONDUIT     0.178     0  02:01      1.71    0.08    0.19
  G01915               CONDUIT     0.179     0  02:01      1.67    0.08    0.19
  G01916               CONDUIT     0.177     0  01:59      1.52    0.22    0.28
  G01917               CONDUIT     0.152     0  01:41      1.58    0.13    0.26
  G01918               CONDUIT     0.525     0  01:44      1.46    0.11    0.47
  G01919               CONDUIT     0.388     0  02:02      2.57    0.15    0.25
  G01920               CONDUIT     0.002     0  01:36      0.10    0.00    0.99
  G01921               CONDUIT     0.101     0  02:03      0.21    0.34    0.89
  G01922               CONDUIT     0.187     0  02:02      0.80    0.08    0.34
  G01923               CONDUIT     0.085     0  01:41      0.63    0.16    0.35
  G01924               CONDUIT     0.023     0  01:00      0.57    0.08    0.14
  G01925               CONDUIT     0.003     0  01:00      0.44    0.00    0.04
  G01926               CONDUIT     0.011     0  01:40      0.37    0.04    0.11
  G01927               CONDUIT     0.006     0  01:40      0.17    0.02    0.13
  G01928               CONDUIT     0.005     0  01:00      0.22    0.01    0.11
  G01929               CONDUIT     0.004     0  01:01      0.40    0.00    0.08
  G01930               CONDUIT     0.178     0  01:57      1.48    0.13    0.29
  G01931               CONDUIT     0.074     0  01:40      0.57    0.25    0.31
  G01932               CONDUIT     0.012     0  01:00      0.22    0.04    0.23
  G01933               CONDUIT     0.132     0  01:55      1.45    0.11    0.24
  G01934               CONDUIT     0.001     0  01:40      0.06    0.00    0.13
  G01935               CONDUIT     0.028     0  01:57      0.49    0.03    0.18
  G01936               CONDUIT     0.000     0  01:00      0.30    0.00    0.08
  G01937               CONDUIT     0.002     0  01:00      0.52    0.00    0.63
  G01938               CONDUIT     1.333     0  01:43      2.84    0.52    0.43
  G01939               CONDUIT     0.924     0  01:42      3.34    0.20    0.29
  G01940               CONDUIT     0.928     0  01:42      2.24    0.16    0.39
  G01941               CONDUIT     0.411     0  01:41      0.98    1.39    0.78
  G01942               CONDUIT     0.036     0  01:41      0.23    0.02    0.45
  G01943               CONDUIT     0.000     0  01:34      0.28    0.00    0.01
  G01944               CONDUIT     0.000     0  01:00      0.23    0.00    0.01
  G01945               CONDUIT     0.144     0  02:05      0.29    0.49    1.00
  G01946               CONDUIT     0.002     0  01:02      0.40    0.00    0.11
  G01947               CONDUIT     0.002     0  01:00      0.61    0.00    0.02
  G01948               CONDUIT     0.027     0  01:46      0.20    0.03    1.00
  G01949               CONDUIT     0.164     0  02:49      0.33    0.23    1.00
  G01950               CONDUIT     0.047     0  01:50      0.32    0.09    1.00
  G01951               CONDUIT     0.044     0  02:05      0.28    0.15    0.67
  G01952               CONDUIT     0.000     0  01:39      0.18    0.00    0.92
  G01953               CONDUIT     0.002     0  02:54      0.07    0.00    0.31
  G01954               CONDUIT     0.714     0  02:59      1.02    0.59    1.00
  G01955               CONDUIT     0.000     0  01:00      0.24    0.00    0.29
  G01956               CONDUIT     0.709     0  02:59      1.30    0.72    1.00
  G01957               CONDUIT     0.408     0  01:59      1.05    0.76    0.50
  G01958               CONDUIT     0.002     0  01:39      0.06    0.00    0.43
  G01959               CONDUIT     0.152     0  01:43      0.39    0.52    1.00
  G01960               CONDUIT     0.001     0  01:37      0.02    0.00    0.95
  G01961               CONDUIT     0.005     0  01:00      0.14    0.00    0.96
  G01962               CONDUIT     0.149     0  02:54      0.30    0.40    1.00
  G01963               CONDUIT     0.105     0  01:42      0.56    0.36    0.40
  G01964               CONDUIT     0.239     0  02:20      0.48    0.81    1.00
  G01965               CONDUIT     0.011     0  02:21      0.21    0.04    0.17
  G01966               CONDUIT     0.026     0  02:50      0.16    0.02    1.00
  G01967               CONDUIT     0.035     0  01:26      0.31    0.03    1.00
  G01968               CONDUIT     0.068     0  01:29      0.61    0.10    1.00
  G01969               CONDUIT     0.000     0  01:35      0.20    0.00    0.02
  G01970               CONDUIT     0.216     0  02:51      1.60    0.09    0.23
  G01971               CONDUIT     0.215     0  02:53      0.83    0.14    0.37
  G01972               CONDUIT     0.369     0  01:51      0.97    1.25    0.71
  G01973               CONDUIT     0.002     0  01:37      0.19    0.00    0.27
  G01974               CONDUIT     0.219     0  01:53      0.59    0.23    0.48
  G01975               CONDUIT     0.005     0  01:39      0.29    0.02    0.08
  G01976               CONDUIT     0.000     0  01:37      0.16    0.00    0.06
  G01977               CONDUIT     0.003     0  01:53      0.08    0.01    0.18
  G01978               CONDUIT     0.000     0  01:00      0.11    0.00    0.02
  G01979               CONDUIT     0.001     0  01:40      0.22    0.00    0.11
  G01980               CONDUIT     0.095     0  01:43      0.55    0.10    0.44
  G01981               CONDUIT     0.000     0  01:37      0.05    0.00    0.11
  G01982               CONDUIT     0.000     0  01:35      0.16    0.00    0.01
  G01983               CONDUIT     0.001     0  01:14      0.12    0.00    0.21
  G01984               CONDUIT     0.000     0  01:00      0.31    0.00    0.15
  G01985               CONDUIT     0.001     0  01:35      0.04    0.00    0.14
  G01986               CONDUIT     0.000     0  00:59      0.06    0.00    0.27
  G01987               CONDUIT     0.000     0  01:00      0.07    0.00    0.05
  G01988               CONDUIT     0.035     0  01:40      0.57    0.04    0.27
  G01989               CONDUIT     0.000     0  02:00      0.22    0.00    1.00
  G01990               CONDUIT     0.687     0  02:24      1.37    2.32    1.00
  G01991               CONDUIT     0.001     0  01:40      0.11    0.00    0.04
  G01992               CONDUIT     0.000     0  01:35      0.12    0.00    0.02
  G01993               CONDUIT     0.002     0  01:35      0.67    0.00    0.02
  G01994               CONDUIT     0.015     0  01:42      0.53    0.01    0.11
  G01995               CONDUIT     0.000     0  00:59      0.07    0.00    0.05
  G01996               CONDUIT     0.959     0  02:02      1.22    1.79    1.00
  G01997               CONDUIT     0.025     0  01:39      0.09    0.02    1.00
  G01998               CONDUIT     0.001     0  01:00      0.29    0.00    0.20
  G01999               CONDUIT     0.095     0  01:42      0.21    0.16    0.88
  G02000               CONDUIT     0.133     0  02:10      0.84    0.25    0.35
  G02001               CONDUIT     0.133     0  02:11      1.04    0.39    0.30
  G02002               CONDUIT     0.030     0  01:46      0.17    0.02    0.82
  G02003               CONDUIT     0.018     0  01:34      0.12    0.03    0.66
  G02004               CONDUIT     0.002     0  02:08      0.13    0.00    0.43
  G02005               CONDUIT     0.058     0  01:41      0.37    0.06    0.36
  G02006               CONDUIT     0.002     0  01:40      0.70    0.00    0.02
  G02007               CONDUIT     0.003     0  01:37      0.18    0.00    0.19
  G02008               CONDUIT     0.003     0  01:40      0.14    0.00    0.34
  G02009               CONDUIT     0.004     0  01:40      0.20    0.01    0.08
  G02010               CONDUIT     0.013     0  01:42      0.80    0.01    0.07
  G02011               CONDUIT     0.013     0  01:41      0.44    0.04    0.11
  G02012               CONDUIT     0.044     0  01:39      0.77    0.15    0.17
  G02013               CONDUIT     0.103     0  01:42      0.55    0.35    0.42
  G02014               CONDUIT     0.346     0  02:09      0.80    0.65    0.54
  G02015               CONDUIT     0.144     0  02:14      0.41    0.49    0.67
  G02016               CONDUIT     0.402     0  01:44      0.66    0.09    0.87
  G02017               CONDUIT     0.624     0  01:32      0.79    1.16    1.00
  G02018               CONDUIT     0.003     0  01:38      0.34    0.00    0.98
  G02019               CONDUIT     0.035     0  02:59      0.14    0.05    1.00
  G02020               CONDUIT     0.217     0  02:49      1.07    0.35    0.42
  G02021               CONDUIT     0.217     0  02:50      1.22    0.40    0.28
  G02022               CONDUIT     0.017     0  02:06      0.05    0.01    1.00
  G02023               CONDUIT     0.891     0  02:59      1.39    1.66    1.00
  G02024               CONDUIT     0.020     0  02:08      0.15    0.02    0.39
  G02025               CONDUIT     0.000     0  01:00      0.17    0.00    0.07
  G02026               CONDUIT     0.000     0  01:00      0.11    0.00    0.06
  G02027               CONDUIT     0.000     0  00:59      0.10    0.00    0.02
  G02028               CONDUIT     0.000     0  01:00      0.09    0.00    0.14
  G02029               CONDUIT     0.013     0  01:38      0.11    0.02    1.00
  G02030               CONDUIT     0.074     0  02:48      0.86    0.15    0.23
  G02031               CONDUIT     0.076     0  02:48      0.68    0.07    0.27
  G02032               CONDUIT     0.143     0  02:52      0.77    0.13    0.40
  G02033               CONDUIT     0.075     0  01:31      0.34    0.06    0.82
  G02034               CONDUIT     0.133     0  02:11      0.57    0.12    0.50
  G02035               CONDUIT     0.005     0  01:02      0.34    0.01    0.33
  G02036               CONDUIT     0.005     0  01:00      0.37    0.00    0.32
  G02037               CONDUIT     0.095     0  01:41      0.71    0.32    0.31
  G02038               CONDUIT     0.094     0  01:42      0.73    0.10    0.35
  G02039               CONDUIT     0.002     0  01:38      0.11    0.00    0.29
  G02040               CONDUIT     0.002     0  01:00      0.57    0.00    0.02
  G02041               CONDUIT     0.104     0  01:40      2.20    0.04    0.15
  G02042               CONDUIT     0.070     0  02:02      0.71    0.02    0.18
  G02043               CONDUIT     0.085     0  01:43      0.48    0.16    0.28
  G02044               CONDUIT     0.334     0  01:43      2.13    0.25    0.35
  G02045               CONDUIT     0.001     0  02:00      0.18    0.00    0.07
  G02046               CONDUIT     0.000     0  00:58      0.11    0.00    0.11
  G02047               CONDUIT     0.029     0  01:40      0.59    0.03    0.22
  G02048               CONDUIT     0.081     0  01:42      0.53    0.15    0.25
  G02049               CONDUIT     0.081     0  01:44      0.59    0.15    0.23
  G02050               CONDUIT     0.006     0  01:40      0.40    0.00    0.06
  G02051               CONDUIT     0.002     0  01:37      0.08    0.00    0.21
  G02052               CONDUIT     0.065     0  02:24      0.21    0.08    0.80
  G02053               CONDUIT     0.046     0  01:40      0.97    0.03    0.16
  G02054               CONDUIT     0.002     0  01:38      0.12    0.00    0.07
  G02055               CONDUIT     0.002     0  01:16      0.09    0.01    0.19
  O00001               CONDUIT     0.053     0  02:07      0.56    0.18    0.24
  O00002               CONDUIT     0.345     0  01:59      1.06    0.64    0.43
  O00003               CONDUIT     0.630     0  02:08      1.31    1.18    0.59
  O00004               CONDUIT     0.774     0  01:43      1.41    1.44    0.66
  O00005               CONDUIT     0.869     0  02:48      1.47    1.62    0.70
  O00006               CONDUIT     0.176     0  02:08      0.86    0.60    0.43
  O00007               CONDUIT     0.088     0  01:44      0.67    0.30    0.31
  O00008               CONDUIT     2.337     0  02:42      2.08    2.68    1.00
  O00009               CONDUIT     1.370     0  02:19      1.77    2.55    0.96
  O00010               CONDUIT     0.336     0  02:09      1.05    0.63    0.43
  O00011               CONDUIT     0.120     0  01:44      0.75    0.40    0.35
  O00012               CONDUIT     0.075     0  02:47      0.63    0.26    0.29
  O00013               CONDUIT     0.418     0  02:20      1.14    0.78    0.48
  O00014               CONDUIT     0.317     0  01:44      1.03    0.59    0.41
  O00015               CONDUIT     0.404     0  02:09      1.12    0.75    0.47
  O00016               CONDUIT     0.210     0  02:08      0.92    0.71    0.46
  O00017               CONDUIT     2.828     0  02:59      2.50    3.24    1.00
  O00018               CONDUIT     0.532     0  01:47      1.24    0.99    0.54
  O00019               CONDUIT     0.316     0  02:07      1.03    0.59    0.41
  O00020               CONDUIT     0.229     0  02:03      0.92    0.43    0.35
  O00021               CONDUIT     0.000     0  01:40      0.09    0.00    0.02
  O00022               CONDUIT     0.006     0  01:42      0.27    0.02    0.09
  O00023               CONDUIT     0.037     0  01:44      0.48    0.07    0.16
  O00024               CONDUIT     0.425     0  02:09      1.11    0.49    0.37
  O00025               CONDUIT     0.093     0  01:43      0.68    0.31    0.31
  O00026               CONDUIT     0.445     0  02:20      1.20    1.50    0.69
  O00027               CONDUIT     1.605     0  02:58      2.04    2.99    1.00
  O00028               CONDUIT     1.291     0  02:14      1.64    1.48    0.66
  O00029               CONDUIT     1.009     0  02:15      1.55    1.88    0.77
  O00030               CONDUIT     0.939     0  02:11      1.87    3.17    1.00
  O00031               CONDUIT     0.028     0  02:59      0.45    0.10    0.18
  O00032               CONDUIT     0.400     0  01:44      1.12    0.75    0.46
  O00033               CONDUIT     0.107     0  01:44      0.70    0.20    0.25
  O00034               CONDUIT     0.000     0  01:40      0.10    0.00    0.02
  O00035               CONDUIT     0.618     0  02:08      1.36    2.09    0.84
  O00036               CONDUIT     0.244     0  01:43      0.94    0.46    0.37
  O00037               CONDUIT     0.093     0  02:48      0.69    0.32    0.32
  O00038               CONDUIT     0.000     0  01:40      0.12    0.00    0.03
  O00039               CONDUIT     0.011     0  01:40      0.33    0.04    0.12
  O00040               CONDUIT     0.093     0  02:02      0.69    0.32    0.32
  O00041               CONDUIT     0.578     0  01:45      1.27    1.08    0.56
  O00042               CONDUIT     0.170     0  01:49      0.82    0.32    0.31
  O00043               CONDUIT     0.000     0  01:40      0.11    0.00    0.03
  O00044               CONDUIT     0.029     0  02:48      0.46    0.10    0.18
  O00045               CONDUIT     0.066     0  02:59      0.61    0.22    0.27
  O00046               CONDUIT     0.299     0  02:11      1.01    0.56    0.40
  O00047               CONDUIT     0.666     0  02:02      1.34    1.24    0.61
  O00048               CONDUIT     0.035     0  01:41      0.49    0.12    0.20
  O00049               CONDUIT     0.327     0  01:44      1.04    0.61    0.42
  O00050               CONDUIT     0.712     0  02:03      1.45    2.41    0.94
  O00051               CONDUIT     1.370     0  02:13      1.77    2.56    0.96
  O00052               CONDUIT     0.123     0  02:48      0.76    0.41    0.36
  O00053               CONDUIT     0.345     0  02:10      1.06    0.64    0.43
  O00054               CONDUIT     1.283     0  02:00      1.72    2.39    0.91
  O00055               CONDUIT     0.003     0  01:40      0.21    0.01    0.07
  O00056               CONDUIT     0.339     0  01:44      1.05    0.63    0.43
  O00057               CONDUIT     0.744     0  01:41      1.39    1.39    0.64
  O00058               CONDUIT     0.250     0  01:43      0.95    0.47    0.37
  O00059               CONDUIT     0.059     0  01:43      0.58    0.20    0.25
  O00060               CONDUIT     0.236     0  01:43      0.96    0.80    0.49
  O00061               CONDUIT     0.102     0  02:14      0.71    0.34    0.33
  O00062               CONDUIT     0.132     0  02:59      0.78    0.44    0.37
  O00063               CONDUIT     0.001     0  01:40      0.13    0.00    0.03
  O00064               CONDUIT     0.046     0  01:54      0.53    0.15    0.23
  O00065               CONDUIT     0.118     0  01:41      0.75    0.40    0.35
  O00066               CONDUIT     0.683     0  02:48      1.35    1.27    0.61
  O00067               CONDUIT     0.076     0  02:50      0.63    0.26    0.29
  O00068               CONDUIT     0.153     0  02:07      0.82    0.52    0.40
  O00069               CONDUIT     0.630     0  02:08      1.31    1.17    0.59
  O00070               CONDUIT     0.000     0  01:42      0.11    0.00    0.03
  O00071               CONDUIT     0.051     0  01:41      0.56    0.17    0.24
  O00072               CONDUIT     0.127     0  02:48      0.77    0.43    0.36
  O00073               CONDUIT     0.009     0  01:40      0.31    0.03    0.11
  O00074               CONDUIT     0.032     0  02:59      0.48    0.11    0.19
  O00075               CONDUIT     0.419     0  02:48      1.14    0.78    0.48
  O00076               CONDUIT     0.037     0  01:45      0.48    0.07    0.15
  O00077               CONDUIT     0.347     0  02:02      1.06    0.65    0.43
  O00078               CONDUIT     0.131     0  02:23      0.78    0.44    0.37
  O00079               CONDUIT     0.019     0  02:26      0.40    0.07    0.15
  O00080               CONDUIT     0.216     0  01:41      0.93    0.73    0.47
  O00081               CONDUIT     0.092     0  01:43      0.68    0.31    0.31
  O00082               CONDUIT     0.909     0  02:48      1.45    1.04    0.54
  O00083               CONDUIT     0.001     0  02:03      0.15    0.00    0.04
  O00084               CONDUIT     0.490     0  02:18      1.24    1.66    0.73
  O00085               CONDUIT     1.418     0  02:50      1.70    1.63    0.69
  O00086               CONDUIT     0.305     0  01:42      1.02    0.57    0.41
  O00087               CONDUIT     0.042     0  01:47      0.50    0.08    0.16
  O00088               CONDUIT     0.015     0  01:42      0.36    0.05    0.13
  O00089               CONDUIT     0.184     0  01:44      0.88    0.62    0.44
  O00090               CONDUIT     0.168     0  01:43      0.82    0.31    0.31
  O00091               CONDUIT     0.033     0  01:43      0.46    0.06    0.15
  O00092               CONDUIT     0.003     0  01:40      0.22    0.01    0.07
  O00093               CONDUIT     0.944     0  02:06      1.47    1.08    0.55
  O00094               CONDUIT     2.259     0  02:14      2.04    2.59    0.94
  O00095               CONDUIT     0.086     0  02:09      0.67    0.29    0.30
  O00096               CONDUIT     0.141     0  02:06      0.80    0.48    0.38
  O00097               CONDUIT     0.027     0  01:41      0.45    0.09    0.18
  O00098               CONDUIT     0.660     0  02:50      1.33    1.23    0.60
  O00099               CONDUIT     0.747     0  02:59      1.39    1.39    0.65
  O00100               CONDUIT     0.204     0  02:03      0.88    0.38    0.34
  O00101               CONDUIT     0.114     0  02:59      0.74    0.39    0.35
  O00102               CONDUIT     0.000     0  01:40      0.08    0.00    0.02
  O00103               CONDUIT     0.253     0  02:08      0.95    0.47    0.37
  O00104               CONDUIT     0.616     0  02:13      1.30    1.15    0.58
  O00105               CONDUIT     0.403     0  02:09      1.12    0.75    0.47
  O00106               CONDUIT     3.100     0  02:59      2.74    3.56    1.00
  O00107               CONDUIT     1.652     0  02:05      2.10    3.08    1.00
  O00108               CONDUIT     0.012     0  01:44      0.34    0.04    0.12
  O00109               CONDUIT     0.037     0  01:43      0.50    0.13    0.21
  O00110               CONDUIT     0.484     0  02:59      1.24    1.64    0.73
  O00111               CONDUIT     0.188     0  02:59      0.89    0.64    0.44
  O00112               CONDUIT     1.462     0  02:59      1.86    2.73    1.00
  O00113               CONDUIT     0.333     0  02:09      1.05    0.62    0.42
  O00114               CONDUIT     0.006     0  01:41      0.27    0.02    0.09
  O00115               CONDUIT     0.036     0  01:41      0.49    0.12    0.20
  O00116               CONDUIT     0.142     0  01:43      0.80    0.48    0.38
  O00117               CONDUIT     0.001     0  01:42      0.15    0.00    0.04
  O00118               CONDUIT     0.169     0  01:44      0.85    0.57    0.42
  O00119               CONDUIT     0.164     0  02:06      0.84    0.55    0.41
  O00120               CONDUIT     0.306     0  02:19      1.02    0.57    0.41
  O00121               CONDUIT     0.277     0  02:07      0.98    0.52    0.39
  O00122               CONDUIT     0.251     0  02:59      0.98    0.85    0.51
  O00123               CONDUIT     0.378     0  01:46      1.10    0.71    0.45
  O00124               CONDUIT     1.053     0  01:49      1.57    1.96    0.79
  O00125               CONDUIT     0.636     0  02:07      1.38    2.15    0.86
  O00126               CONDUIT     0.014     0  01:41      0.36    0.05    0.13
  O00127               CONDUIT     0.000     0  01:42      0.11    0.00    0.03
  O00128               CONDUIT     0.043     0  01:43      0.50    0.08    0.17
  O00129               CONDUIT     0.021     0  01:41      0.41    0.07    0.16
  O00130               CONDUIT     0.284     0  02:03      1.02    0.96    0.54
  O00131               CONDUIT     0.344     0  01:43      1.06    0.64    0.43
  O00132               CONDUIT     1.188     0  02:08      1.66    2.22    0.86
  O00133               CONDUIT     0.528     0  02:48      1.28    1.79    0.77
  O00134               CONDUIT     1.433     0  02:27      1.82    2.67    1.00
  O00135               CONDUIT     0.241     0  02:04      0.93    0.45    0.36
  O00136               CONDUIT     1.482     0  02:20      1.72    1.70    0.71
  O00137               CONDUIT     0.016     0  02:46      0.38    0.05    0.14
  O00138               CONDUIT     0.004     0  01:40      0.24    0.01    0.08
  O00139               CONDUIT     0.000     0  01:40      0.12    0.00    0.03
  O00140               CONDUIT     0.059     0  01:43      0.56    0.11    0.19
  O00141               CONDUIT     0.721     0  02:05      1.38    1.34    0.63
  O00142               CONDUIT     0.007     0  01:41      0.28    0.02    0.10
  O00143               CONDUIT     0.003     0  01:41      0.20    0.01    0.06
  O00144               CONDUIT     0.006     0  02:39      0.27    0.02    0.09
  O00145               CONDUIT     0.004     0  01:40      0.23    0.01    0.07
  O00146               CONDUIT     0.084     0  01:41      0.66    0.28    0.30
  O00147               CONDUIT     0.028     0  01:42      0.45    0.10    0.18
  O00148               CONDUIT     0.002     0  01:40      0.18    0.01    0.05
  O00149               CONDUIT     1.933     0  02:06      1.90    2.22    0.84
  O00150               CONDUIT     1.164     0  02:46      1.64    2.17    0.85
  O00151               CONDUIT     0.010     0  01:40      0.32    0.03    0.11
  O00152               CONDUIT     0.368     0  02:08      1.12    1.25    0.62
  O00153               CONDUIT     0.371     0  01:53      1.09    0.69    0.45
  O00154               CONDUIT     0.121     0  02:08      0.73    0.23    0.26
  O00155               CONDUIT     0.118     0  01:43      0.75    0.40    0.35
  O00156               CONDUIT     0.255     0  02:18      0.95    0.48    0.37
  O00157               CONDUIT     0.113     0  01:41      0.74    0.38    0.35
  O00158               CONDUIT     0.193     0  02:50      0.89    0.65    0.44
  O00159               CONDUIT     0.107     0  02:48      0.72    0.36    0.34
  O00160               CONDUIT     0.018     0  02:59      0.39    0.06    0.15
  O00161               CONDUIT     0.001     0  01:41      0.15    0.00    0.04
  O00162               CONDUIT     0.001     0  01:40      0.14    0.00    0.04
  O00163               CONDUIT     0.734     0  01:15      1.46    2.48    1.00
  O00164               CONDUIT     1.276     0  01:50      1.63    1.46    0.65
  O00165               CONDUIT     0.321     0  01:43      1.03    0.60    0.42
  O00166               CONDUIT     0.246     0  01:41      0.97    0.83    0.50
  O00167               CONDUIT     0.002     0  01:40      0.19    0.01    0.06
  O00168               CONDUIT     0.081     0  01:46      0.63    0.15    0.22
  O00169               CONDUIT     0.005     0  01:40      0.26    0.02    0.08
  O00170               CONDUIT     0.028     0  01:39      0.45    0.09    0.18
  O00171               CONDUIT     0.009     0  02:56      0.31    0.03    0.11
  O00172               CONDUIT     0.135     0  02:03      0.78    0.46    0.37
  O00173               CONDUIT     0.000     0  01:40      0.09    0.00    0.02
  O00174               CONDUIT     0.993     0  02:59      1.54    1.85    0.76
  O00175               CONDUIT     0.116     0  02:46      0.74    0.39    0.35
  O00176               CONDUIT     0.207     0  02:07      0.89    0.39    0.34
  O00177               CONDUIT     0.410     0  02:50      1.13    0.77    0.47
  O00178               CONDUIT     1.258     0  02:19      1.70    2.35    0.89
  O00179               CONDUIT     0.000     0  01:40      0.08    0.00    0.02
  O00180               CONDUIT     0.152     0  02:59      0.82    0.51    0.40
  O00181               CONDUIT     0.832     0  02:08      1.45    1.55    0.69
  O00182               CONDUIT     1.561     0  02:06      1.99    2.91    1.00
  O00183               CONDUIT     0.919     0  02:23      1.46    1.05    0.55
  O00184               CONDUIT     0.015     0  02:22      0.36    0.05    0.14
  O00185               CONDUIT     0.609     0  02:50      1.26    0.70    0.44
  O00186               CONDUIT     0.000     0  01:41      0.09    0.00    0.02
  O00187               CONDUIT     0.001     0  01:44      0.16    0.00    0.04
  O00188               CONDUIT     0.102     0  01:43      0.71    0.34    0.33
  O00189               CONDUIT     0.002     0  01:42      0.18    0.01    0.05
  O00190               CONDUIT     0.502     0  01:45      1.21    0.94    0.52
  O00191               CONDUIT     0.000     0  01:40      0.09    0.00    0.02
  O00192               CONDUIT     0.000     0  01:40      0.08    0.00    0.02
  O00193               CONDUIT     0.097     0  01:43      0.70    0.33    0.32
  O00194               CONDUIT     0.794     0  02:50      1.42    1.48    0.67
  O00195               CONDUIT     0.570     0  02:59      1.27    1.06    0.56
  O00196               CONDUIT     0.028     0  01:41      0.45    0.10    0.18
  O00197               CONDUIT     0.005     0  01:45      0.26    0.02    0.08
  O00198               CONDUIT     0.057     0  01:42      0.58    0.19    0.25
  O00199               CONDUIT     0.000     0  01:40      0.09    0.00    0.02
  O00200               CONDUIT     0.006     0  01:43      0.27    0.02    0.09
  O00201               CONDUIT     0.109     0  01:45      0.70    0.20    0.25
  O00202               CONDUIT     0.612     0  01:45      1.30    1.14    0.58
  O00203               CONDUIT     0.000     0  02:58      0.09    0.00    0.02
  O00204               CONDUIT     0.626     0  01:49      1.31    1.17    0.59
  O00205               CONDUIT     1.890     0  01:49      1.88    2.17    0.83
  O00206               CONDUIT     0.000     0  01:40      0.08    0.00    0.02
  O00207               CONDUIT     0.329     0  01:45      1.08    1.11    0.58
  O00208               CONDUIT     0.316     0  01:49      1.03    0.59    0.41
  O00209               CONDUIT     0.178     0  02:08      0.87    0.60    0.43
  O00210               CONDUIT     0.000     0  01:40      0.08    0.00    0.02
  O00211               CONDUIT     0.208     0  02:46      0.92    0.70    0.46
  O00212               CONDUIT     0.081     0  02:08      0.65    0.27    0.30
  O00213               CONDUIT     0.288     0  02:02      1.00    0.54    0.40
  O00214               CONDUIT     1.512     0  02:46      1.93    2.82    1.00
  O00215               CONDUIT     0.921     0  02:08      1.83    3.12    1.00
  O00216               CONDUIT     0.155     0  02:08      0.82    0.52    0.40
  O00217               CONDUIT     0.186     0  02:50      0.88    0.63    0.44
  O00218               CONDUIT     0.223     0  01:42      0.94    0.75    0.48
  O00219               CONDUIT     0.699     0  02:59      1.32    0.80    0.47
  O00220               CONDUIT     0.079     0  01:40      0.64    0.27    0.29
  O00221               CONDUIT     0.037     0  02:02      0.50    0.13    0.21
  
  
  ***************************
  Flow Classification Summary
  ***************************
  
  -------------------------------------------------------------------------------------
                      Adjusted    ---------- Fraction of Time in Flow Class ---------- 
                       /Actual         Up    Down  Sub   Sup   Up    Down  Norm  Inlet 
  Conduit               Length    Dry  Dry   Dry   Crit  Crit  Crit  Crit  Ltd   Ctrl  
  -------------------------------------------------------------------------------------
  G00001                  1.00   0.03  0.00  0.00  0.97  0.00  0.00  0.00  0.96  0.00
  G00002                  1.00   0.03  0.00  0.00  0.97  0.00  0.00  0.00  0.00  0.00
  G00003                  1.00   0.03  0.00  0.00  0.97  0.00  0.00  0.00  0.96  0.00
  G00004                  1.00   0.03  0.00  0.00  0.97  0.00  0.00  0.00  0.16  0.00
  G00005                  1.00   0.03  0.00  0.00  0.97  0.00  0.00  0.00  0.96  0.00
  G00006                  1.00   0.03  0.00  0.00  0.97  0.00  0.00  0.00  0.96  0.00
  G00007                  1.00   0.03  0.00  0.00  0.97  0.00  0.00  0.00  0.23  0.00
  G00008                  1.00   0.03  0.00  0.00  0.97  0.00  0.00  0.00  0.00  0.00
  G00009                  1.00   0.03  0.00  0.00  0.97  0.00  0.00  0.00  0.96  0.00
  G00010                  1.00   0.03  0.00  0.00  0.97  0.00  0.00  0.00  0.29  0.00
  G00011                  1.00   0.03  0.00  0.00  0.97  0.00  0.00  0.00  0.03  0.00
  G00012                  1.00   0.03  0.00  0.00  0.97  0.00  0.00  0.00  0.72  0.00
  G00013                  1.00   0.03  0.00  0.00  0.97  0.00  0.00  0.00  0.96  0.00
  G00014                  1.00   0.03  0.00  0.00  0.97  0.00  0.00  0.00  0.03  0.00
  G00015                  1.00   0.02  0.01  0.00  0.97  0.00  0.00  0.00  0.97  0.00
  G00016                  1.00   0.03  0.00  0.00  0.89  0.08  0.00  0.00  0.92  0.00
  G00017                  1.00   0.03  0.00  0.00  0.97  0.00  0.00  0.00  0.96  0.00
  G00018                  1.00   0.03  0.00  0.00  0.97  0.00  0.00  0.00  0.22  0.00
  G00019                  1.00   0.03  0.00  0.00  0.97  0.00  0.00  0.00  0.20  0.00
  G00020                  1.00   0.03  0.00  0.00  0.97  0.00  0.00  0.00  0.96  0.00
  G00021                  1.00   0.03  0.00  0.00  0.61  0.36  0.00  0.00  0.77  0.00
  G00022                  1.00   0.03  0.00  0.00  0.97  0.00  0.00  0.00  0.96  0.00
  G00023                  1.00   0.03  0.00  0.00  0.00  0.96  0.00  0.00  0.67  0.00
  G00024                  1.00   0.02  0.01  0.00  0.97  0.00  0.00  0.00  0.91  0.00
  G00025                  1.00   0.03  0.00  0.00  0.97  0.00  0.00  0.00  0.96  0.00
  G00026                  1.00   0.03  0.00  0.00  0.97  0.00  0.00  0.00  0.86  0.00
  G00027                  1.00   0.03  0.00  0.00  0.97  0.00  0.00  0.00  0.00  0.00
  G00028                  1.00   0.03  0.00  0.00  0.96  0.01  0.00  0.00  0.96  0.00
  G00029                  1.00   0.03  0.00  0.00  0.97  0.00  0.00  0.00  0.96  0.00
  G00030                  1.00   0.03  0.00  0.00  0.97  0.00  0.00  0.00  0.96  0.00
  G00031                  1.00   0.03  0.00  0.00  0.07  0.90  0.00  0.00  0.72  0.00
  G00032                  1.00   0.03  0.00  0.00  0.80  0.17  0.00  0.00  0.80  0.00
  G00033                  1.00   0.03  0.00  0.00  0.97  0.00  0.00  0.00  0.44  0.00
  G00034                  1.00   0.03  0.00  0.00  0.97  0.00  0.00  0.00  0.31  0.00
  G00035                  1.00   0.03  0.00  0.00  0.97  0.00  0.00  0.00  0.96  0.00
  G00036                  1.00   0.03  0.00  0.00  0.97  0.00  0.00  0.00  0.96  0.00
  G00037                  1.00   0.03  0.00  0.00  0.97  0.00  0.00  0.00  0.96  0.00
  G00038                  1.00   0.03  0.00  0.00  0.70  0.27  0.00  0.00  0.68  0.00
  G00039                  1.00   0.03  0.00  0.00  0.97  0.00  0.00  0.00  0.96  0.00
  G00040                  1.00   0.03  0.00  0.00  0.97  0.00  0.00  0.00  0.96  0.00
  G00041                  1.00   0.03  0.00  0.00  0.97  0.00  0.00  0.00  0.43  0.00
  G00042                  1.00   0.03  0.00  0.00  0.97  0.00  0.00  0.00  0.47  0.00
  G00043                  1.00   0.03  0.00  0.00  0.97  0.00  0.00  0.00  0.26  0.00
  G00044                  1.00   0.03  0.00  0.00  0.97  0.00  0.00  0.00  0.33  0.00
  G00045                  1.00   0.03  0.00  0.00  0.97  0.00  0.00  0.00  0.96  0.00
  G00046                  1.00   0.03  0.00  0.00  0.97  0.00  0.00  0.00  0.35  0.00
  G00047                  1.00   0.03  0.00  0.00  0.97  0.00  0.00  0.00  0.93  0.00
  G00048                  1.00   0.02  0.00  0.00  0.98  0.00  0.00  0.00  0.38  0.00
  G00049                  1.00   0.03  0.00  0.00  0.85  0.12  0.00  0.00  0.72  0.00
  G00050                  1.00   0.03  0.00  0.00  0.91  0.05  0.00  0.00  0.96  0.00
  G00051                  1.00   0.03  0.00  0.00  0.97  0.00  0.00  0.00  0.96  0.00
  G00052                  1.00   0.03  0.00  0.00  0.97  0.00  0.00  0.00  0.29  0.00
  G00053                  1.00   0.03  0.00  0.00  0.97  0.00  0.00  0.00  0.04  0.00
  G00054                  1.00   0.02  0.00  0.00  0.98  0.00  0.00  0.00  0.21  0.00
  G00055                  1.00   0.03  0.00  0.00  0.97  0.00  0.00  0.00  0.96  0.00
  G00056                  1.00   0.02  0.02  0.00  0.97  0.00  0.00  0.00  0.97  0.00
  G00057                  1.00   0.02  0.00  0.00  0.98  0.00  0.00  0.00  0.94  0.00
  G00058                  1.00   0.03  0.00  0.00  0.97  0.00  0.00  0.00  0.96  0.00
  G00059                  1.00   0.03  0.00  0.00  0.97  0.00  0.00  0.00  0.00  0.00
  G00060                  1.00   0.03  0.00  0.00  0.97  0.00  0.00  0.00  0.00  0.00
  G00061                  1.00   0.03  0.00  0.00  0.93  0.04  0.00  0.00  0.96  0.00
  G00062                  1.00   0.03  0.00  0.00  0.97  0.00  0.00  0.00  0.11  0.00
  G00063                  1.00   0.03  0.00  0.00  0.97  0.00  0.00  0.00  0.96  0.00
  G00064                  1.00   0.03  0.00  0.00  0.31  0.66  0.00  0.00  0.00  0.00
  G00065                  1.00   0.03  0.00  0.00  0.25  0.72  0.00  0.00  0.01  0.00
  G00066                  1.00   0.03  0.00  0.00  0.63  0.34  0.00  0.00  0.52  0.00
  G00067                  1.00   0.03  0.00  0.00  0.97  0.00  0.00  0.00  0.50  0.00
  G00068                  1.00   0.03  0.00  0.00  0.97  0.00  0.00  0.00  0.62  0.00
  G00069                  1.00   0.03  0.00  0.00  0.40  0.57  0.00  0.00  0.33  0.00
  G00070                  1.00   0.03  0.00  0.00  0.97  0.00  0.00  0.00  0.07  0.00
  G00071                  1.00   0.02  0.01  0.00  0.97  0.00  0.00  0.00  0.35  0.00
  G00072                  1.00   0.03  0.00  0.00  0.97  0.00  0.00  0.00  0.40  0.00
  G00073                  1.00   0.02  0.00  0.00  0.98  0.00  0.00  0.00  0.00  0.00
  G00074                  1.00   0.02  0.01  0.00  0.73  0.24  0.00  0.00  0.97  0.00
  G00075                  1.00   0.03  0.00  0.00  0.97  0.00  0.00  0.00  0.00  0.00
  G00076                  1.00   0.02  0.01  0.00  0.97  0.00  0.00  0.00  0.47  0.00
  G00077                  1.00   0.03  0.00  0.00  0.97  0.00  0.00  0.00  0.96  0.00
  G00078                  1.00   0.03  0.00  0.00  0.97  0.00  0.00  0.00  0.47  0.00
  G00079                  1.00   0.03  0.00  0.00  0.97  0.00  0.00  0.00  0.96  0.00
  G00080                  1.00   0.03  0.00  0.00  0.97  0.00  0.00  0.00  0.50  0.00
  G00081                  1.00   0.03  0.00  0.00  0.91  0.06  0.00  0.00  0.91  0.00
  G00082                  1.00   0.03  0.00  0.00  0.97  0.00  0.00  0.00  0.96  0.00
  G00083                  1.00   0.03  0.00  0.00  0.21  0.76  0.00  0.00  0.95  0.00
  G00084                  1.00   0.03  0.00  0.00  0.95  0.02  0.00  0.00  0.96  0.00
  G00085                  1.00   0.03  0.00  0.00  0.08  0.89  0.00  0.00  0.91  0.00
  G00086                  1.00   0.03  0.00  0.00  0.97  0.00  0.00  0.00  0.30  0.00
  G00087                  1.00   0.03  0.00  0.00  0.97  0.00  0.00  0.00  0.40  0.00
  G00088                  1.00   0.03  0.00  0.00  0.97  0.00  0.00  0.00  0.16  0.00
  G00089                  1.00   0.03  0.00  0.00  0.97  0.00  0.00  0.00  0.96  0.00
  G00090                  1.00   0.03  0.00  0.00  0.97  0.00  0.00  0.00  0.21  0.00
  G00091                  1.00   0.03  0.00  0.00  0.97  0.00  0.00  0.00  0.02  0.00
  G00092                  1.00   0.03  0.00  0.00  0.95  0.02  0.00  0.00  0.96  0.00
  G00093                  1.00   0.03  0.00  0.00  0.97  0.00  0.00  0.00  0.96  0.00
  G00094                  1.00   0.03  0.00  0.00  0.97  0.00  0.00  0.00  0.96  0.00
  G00095                  1.00   0.03  0.00  0.00  0.97  0.00  0.00  0.00  0.96  0.00
  G00096                  1.00   0.03  0.00  0.00  0.97  0.00  0.00  0.00  0.96  0.00
  G00097                  1.00   0.03  0.00  0.00  0.97  0.00  0.00  0.00  0.96  0.00
  G00098                  1.00   0.02  0.01  0.00  0.97  0.00  0.00  0.00  0.96  0.00
  G00099                  1.00   0.03  0.00  0.00  0.97  0.00  0.00  0.00  0.96  0.00
  G00100                  1.00   0.03  0.00  0.00  0.97  0.00  0.00  0.00  0.96  0.00
  G00101                  1.00   0.03  0.00  0.00  0.97  0.00  0.00  0.00  0.96  0.00
  G00102                  1.00   0.03  0.00  0.00  0.97  0.00  0.00  0.00  0.08  0.00
  G00103                  1.00   0.03  0.00  0.00  0.97  0.00  0.00  0.00  0.93  0.00
  G00104                  1.00   0.03  0.00  0.00  0.94  0.02  0.00  0.00  0.96  0.00
  G00105                  1.00   0.03  0.00  0.00  0.89  0.07  0.00  0.00  0.91  0.00
  G00106                  1.00   0.03  0.00  0.00  0.68  0.29  0.00  0.00  0.62  0.00
  G00107                  1.00   0.02  0.01  0.00  0.97  0.00  0.00  0.00  0.36  0.00
  G00108                  1.00   0.03  0.00  0.00  0.97  0.00  0.00  0.00  0.39  0.00
  G00109                  1.00   0.02  0.01  0.00  0.97  0.00  0.00  0.00  0.32  0.00
  G00110                  1.00   0.02  0.00  0.00  0.98  0.00  0.00  0.00  0.96  0.00
  G00111                  1.00   0.03  0.00  0.00  0.97  0.00  0.00  0.00  0.00  0.00
  G00112                  1.00   0.03  0.00  0.00  0.97  0.00  0.00  0.00  0.01  0.00
  G00113                  1.00   0.03  0.00  0.00  0.63  0.33  0.00  0.00  0.96  0.00
  G00114                  1.00   0.03  0.00  0.00  0.97  0.00  0.00  0.00  0.15  0.00
  G00115                  1.00   0.03  0.00  0.00  0.68  0.28  0.00  0.00  0.01  0.00
  G00116                  1.00   0.03  0.00  0.00  0.97  0.00  0.00  0.00  0.00  0.00
  G00117                  1.00   0.03  0.00  0.00  0.30  0.66  0.00  0.00  0.96  0.00
  G00118                  1.00   0.02  0.00  0.00  0.98  0.00  0.00  0.00  0.42  0.00
  G00119                  1.00   0.03  0.00  0.00  0.97  0.00  0.00  0.00  0.53  0.00
  G00120                  1.00   0.03  0.00  0.00  0.97  0.00  0.00  0.00  0.19  0.00
  G00121                  1.00   0.03  0.00  0.00  0.97  0.00  0.00  0.00  0.96  0.00
  G00122                  1.00   0.03  0.00  0.00  0.97  0.00  0.00  0.00  0.83  0.00
  G00123                  1.00   0.03  0.00  0.00  0.97  0.00  0.00  0.00  0.96  0.00
  G00124                  1.00   0.03  0.00  0.00  0.97  0.00  0.00  0.00  0.47  0.00
  G00125                  1.00   0.03  0.00  0.00  0.97  0.00  0.00  0.00  0.10  0.00
  G00126                  1.00   0.03  0.00  0.00  0.97  0.00  0.00  0.00  0.64  0.00
  G00127                  1.00   0.03  0.00  0.00  0.97  0.00  0.00  0.00  0.96  0.00
  G00128                  1.00   0.03  0.00  0.00  0.97  0.00  0.00  0.00  0.15  0.00
  G00129                  1.00   0.03  0.00  0.00  0.97  0.00  0.00  0.00  0.14  0.00
  G00130                  1.00   0.03  0.00  0.00  0.97  0.00  0.00  0.00  0.31  0.00
  G00131                  1.00   0.03  0.00  0.00  0.97  0.00  0.00  0.00  0.30  0.00
  G00132                  1.00   0.03  0.00  0.00  0.97  0.00  0.00  0.00  0.27  0.00
  G00133                  1.00   0.03  0.00  0.00  0.97  0.00  0.00  0.00  0.75  0.00
  G00134                  1.00   0.03  0.00  0.00  0.97  0.00  0.00  0.00  0.11  0.00
  G00135                  1.00   0.03  0.00  0.00  0.97  0.00  0.00  0.00  0.01  0.00
  G00136                  1.00   0.03  0.00  0.00  0.97  0.00  0.00  0.00  0.11  0.00
  G00137                  1.00   0.02  0.00  0.00  0.98  0.00  0.00  0.00  0.35  0.00
  G00138                  1.00   0.03  0.00  0.00  0.97  0.00  0.00  0.00  0.96  0.00
  G00139                  1.00   0.03  0.00  0.00  0.97  0.00  0.00  0.00  0.21  0.00
  G00140                  1.00   0.03  0.00  0.00  0.97  0.00  0.00  0.00  0.96  0.00
  G00141                  1.00   0.03  0.00  0.00  0.97  0.00  0.00  0.00  0.38  0.00
  G00142                  1.00   0.03  0.00  0.00  0.97  0.00  0.00  0.00  0.96  0.00
  G00143                  1.00   0.03  0.00  0.00  0.97  0.00  0.00  0.00  0.96  0.00
  G00144                  1.00   0.03  0.00  0.00  0.97  0.00  0.00  0.00  0.12  0.00
  G00145                  1.00   0.03  0.00  0.00  0.97  0.00  0.00  0.00  0.24  0.00
  G00146                  1.00   0.03  0.00  0.00  0.97  0.00  0.00  0.00  0.26  0.00
  G00147                  1.00   0.03  0.00  0.00  0.97  0.00  0.00  0.00  0.21  0.00
  G00148                  1.00   0.03  0.00  0.00  0.97  0.00  0.00  0.00  0.29  0.00
  G00149                  1.00   0.02  0.01  0.00  0.97  0.00  0.00  0.00  0.96  0.00
  G00150                  1.00   0.03  0.00  0.00  0.97  0.00  0.00  0.00  0.96  0.00
  G00151                  1.00   0.03  0.00  0.00  0.97  0.00  0.00  0.00  0.17  0.00
  G00152                  1.00   0.03  0.00  0.00  0.97  0.00  0.00  0.00  0.59  0.00
  G00153                  1.00   0.03  0.00  0.00  0.97  0.00  0.00  0.00  0.21  0.00
  G00154                  1.00   0.03  0.00  0.00  0.97  0.00  0.00  0.00  0.38  0.00
  G00155                  1.00   0.03  0.00  0.00  0.97  0.00  0.00  0.00  0.38  0.00
  G00156                  1.00   0.03  0.00  0.00  0.97  0.00  0.00  0.00  0.96  0.00
  G00157                  1.00   0.03  0.00  0.00  0.97  0.00  0.00  0.00  0.00  0.00
  G00158                  1.00   0.03  0.00  0.00  0.97  0.00  0.00  0.00  0.00  0.00
  G00159                  1.00   0.03  0.00  0.00  0.91  0.06  0.00  0.00  0.91  0.00
  G00160                  1.00   0.03  0.00  0.00  0.97  0.00  0.00  0.00  0.38  0.00
  G00161                  1.00   0.03  0.00  0.00  0.97  0.00  0.00  0.00  0.00  0.00
  G00162                  1.00   0.03  0.00  0.00  0.97  0.00  0.00  0.00  0.40  0.00
  G00163                  1.00   0.03  0.00  0.00  0.97  0.00  0.00  0.00  0.43  0.00
  G00164                  1.00   0.03  0.00  0.00  0.97  0.00  0.00  0.00  0.96  0.00
  G00165                  1.00   0.02  0.02  0.00  0.97  0.00  0.00  0.00  0.97  0.00
  G00166                  1.00   0.02  0.01  0.00  0.97  0.00  0.00  0.00  0.60  0.00
  G00167                  1.00   0.03  0.00  0.00  0.97  0.00  0.00  0.00  0.77  0.00
  G00168                  1.00   0.03  0.00  0.00  0.97  0.00  0.00  0.00  0.96  0.00
  G00169                  1.00   0.03  0.00  0.00  0.97  0.00  0.00  0.00  0.18  0.00
  G00170                  1.00   0.03  0.00  0.00  0.97  0.00  0.00  0.00  0.96  0.00
  G00171                  1.00   0.03  0.00  0.00  0.97  0.00  0.00  0.00  0.96  0.00
  G00172                  1.00   0.03  0.00  0.00  0.23  0.74  0.00  0.00  0.66  0.00
  G00173                  1.00   0.03  0.00  0.00  0.97  0.00  0.00  0.00  0.16  0.00
  G00174                  1.00   0.03  0.00  0.00  0.97  0.00  0.00  0.00  0.17  0.00
  G00175                  1.00   0.03  0.00  0.00  0.97  0.00  0.00  0.00  0.37  0.00
  G00176                  1.00   0.03  0.00  0.00  0.09  0.88  0.00  0.00  0.00  0.00
  G00177                  1.00   0.03  0.00  0.00  0.09  0.88  0.00  0.00  0.96  0.00
  G00178                  1.00   0.03  0.00  0.00  0.97  0.00  0.00  0.00  0.91  0.00
  G00179                  1.00   0.03  0.00  0.00  0.97  0.00  0.00  0.00  0.96  0.00
  G00180                  1.00   0.03  0.00  0.00  0.97  0.00  0.00  0.00  0.33  0.00
  G00181                  1.00   0.03  0.00  0.00  0.97  0.00  0.00  0.00  0.20  0.00
  G00182                  1.00   0.02  0.01  0.00  0.97  0.00  0.00  0.00  0.97  0.00
  G00183                  1.00   0.02  0.01  0.00  0.97  0.00  0.00  0.00  0.97  0.00
  G00184                  1.00   0.03  0.00  0.00  0.97  0.00  0.00  0.00  0.96  0.00
  G00185                  1.00   0.02  0.01  0.00  0.97  0.00  0.00  0.00  0.93  0.00
  G00186                  1.00   0.02  0.00  0.00  0.98  0.00  0.00  0.00  0.97  0.00
  G00187                  1.00   0.02  0.00  0.00  0.98  0.00  0.00  0.00  0.40  0.00
  G00188                  1.00   0.03  0.00  0.00  0.97  0.00  0.00  0.00  0.96  0.00
  G00189                  1.00   0.03  0.00  0.00  0.97  0.00  0.00  0.00  0.20  0.00
  G00190                  1.00   0.03  0.00  0.00  0.97  0.00  0.00  0.00  0.13  0.00
  G00191                  1.00   0.03  0.00  0.00  0.97  0.00  0.00  0.00  0.26  0.00
  G00192                  1.00   0.03  0.00  0.00  0.97  0.00  0.00  0.00  0.96  0.00
  G00193                  1.00   0.03  0.00  0.00  0.97  0.00  0.00  0.00  0.48  0.00
  G00194                  1.00   0.03  0.00  0.00  0.97  0.00  0.00  0.00  0.00  0.00
  G00195                  1.00   0.03  0.00  0.00  0.97  0.00  0.00  0.00  0.96  0.00
  G00196                  1.00   0.03  0.00  0.00  0.97  0.00  0.00  0.00  0.96  0.00
  G00197                  1.00   0.03  0.00  0.00  0.97  0.00  0.00  0.00  0.33  0.00
  G00198                  1.00   0.03  0.00  0.00  0.97  0.00  0.00  0.00  0.00  0.00
  G00199                  1.00   0.03  0.00  0.00  0.96  0.00  0.00  0.00  0.96  0.00
  G00200                  1.00   0.03  0.00  0.00  0.97  0.00  0.00  0.00  0.96  0.00
  G00201                  1.00   0.03  0.00  0.00  0.97  0.00  0.00  0.00  0.42  0.00
  G00202                  1.00   0.03  0.00  0.00  0.97  0.00  0.00  0.00  0.30  0.00
  G00203                  1.00   0.03  0.00  0.00  0.97  0.00  0.00  0.00  0.96  0.00
  G00204                  1.00   0.03  0.00  0.00  0.97  0.00  0.00  0.00  0.01  0.00
  G00205                  1.00   0.03  0.00  0.00  0.97  0.00  0.00  0.00  0.96  0.00
  G00206                  1.00   0.03  0.00  0.00  0.94  0.03  0.00  0.00  0.96  0.00
  G00207                  1.00   0.03  0.00  0.00  0.97  0.00  0.00  0.00  0.19  0.00
  G00208                  1.00   0.03  0.00  0.00  0.97  0.00  0.00  0.00  0.96  0.00
  G00209                  1.00   0.03  0.00  0.00  0.97  0.00  0.00  0.00  0.96  0.00
  G00210                  1.00   0.03  0.00  0.00  0.97  0.00  0.00  0.00  0.96  0.00
  G00211                  1.00   0.03  0.00  0.00  0.97  0.00  0.00  0.00  0.96  0.00
  G00212                  1.00   0.03  0.00  0.00  0.97  0.00  0.00  0.00  0.96  0.00
  G00213                  1.00   0.03  0.00  0.00  0.97  0.00  0.00  0.00  0.29  0.00
  G00214                  1.00   0.03  0.00  0.00  0.97  0.00  0.00  0.00  0.23  0.00
  G00215                  1.00   0.03  0.00  0.00  0.97  0.00  0.00  0.00  0.31  0.00
  G00216                  1.00   0.03  0.00  0.00  0.97  0.00  0.00  0.00  0.54  0.00
  G00217                  1.00   0.02  0.02  0.00  0.97  0.00  0.00  0.00  0.97  0.00
  G00218                  1.00   0.03  0.00  0.00  0.97  0.00  0.00  0.00  0.96  0.00
  G00219                  1.00   0.03  0.00  0.00  0.97  0.00  0.00  0.00  0.96  0.00
  G00220                  1.00   0.03  0.00  0.00  0.97  0.00  0.00  0.00  0.96  0.00
  G00221                  1.00   0.03  0.00  0.00  0.97  0.00  0.00  0.00  0.96  0.00
  G00222                  1.00   0.03  0.00  0.00  0.97  0.00  0.00  0.00  0.00  0.00
  G00223                  1.00   0.03  0.00  0.00  0.45  0.52  0.00  0.00  0.11  0.00
  G00224                  1.00   0.03  0.00  0.00  0.97  0.00  0.00  0.00  0.96  0.00
  G00225                  1.00   0.03  0.00  0.00  0.97  0.00  0.00  0.00  0.01  0.00
  G00226                  1.00   0.02  0.01  0.00  0.97  0.00  0.00  0.00  0.27  0.00
  G00227                  1.00   0.02  0.00  0.00  0.98  0.00  0.00  0.00  0.09  0.00
  G00228                  1.00   0.03  0.00  0.00  0.97  0.00  0.00  0.00  0.47  0.00
  G00229                  1.00   0.03  0.00  0.00  0.97  0.00  0.00  0.00  0.00  0.00
  G00230                  1.00   0.03  0.00  0.00  0.97  0.00  0.00  0.00  0.33  0.00
  G00231                  1.00   0.03  0.00  0.00  0.97  0.00  0.00  0.00  0.58  0.00
  G00232                  1.00   0.03  0.00  0.00  0.78  0.19  0.00  0.00  0.08  0.00
  G00233                  1.00   0.03  0.00  0.00  0.97  0.00  0.00  0.00  0.86  0.00
  G00234                  1.00   0.03  0.00  0.00  0.97  0.00  0.00  0.00  0.35  0.00
  G00235                  1.00   0.03  0.00  0.00  0.97  0.00  0.00  0.00  0.00  0.00
  G00236                  1.00   0.03  0.00  0.00  0.97  0.00  0.00  0.00  0.96  0.00
  G00237                  1.00   0.03  0.00  0.00  0.96  0.00  0.00  0.00  0.96  0.00
  G00238                  1.00   0.03  0.00  0.00  0.97  0.00  0.00  0.00  0.96  0.00
  G00239                  1.00   0.03  0.00  0.00  0.97  0.00  0.00  0.00  0.47  0.00
  G00240                  1.00   0.03  0.00  0.00  0.97  0.00  0.00  0.00  0.96  0.00
  G00241                  1.00   0.03  0.00  0.00  0.97  0.00  0.00  0.00  0.00  0.00
  G00242                  1.00   0.03  0.00  0.00  0.93  0.04  0.00  0.00  0.96  0.00
  G00243                  1.00   0.03  0.00  0.00  0.97  0.00  0.00  0.00  0.27  0.00
  G00244                  1.00   0.03  0.00  0.00  0.97  0.00  0.00  0.00  0.11  0.00
  G00245                  1.00   0.03  0.00  0.00  0.97  0.00  0.00  0.00  0.19  0.00
  G00246                  1.00   0.03  0.00  0.00  0.97  0.00  0.00  0.00  0.04  0.00
  G00247                  1.00   0.03  0.00  0.00  0.97  0.00  0.00  0.00  0.96  0.00
  G00248                  1.00   0.03  0.00  0.00  0.97  0.00  0.00  0.00  0.13  0.00
  G00249                  1.00   0.03  0.00  0.00  0.97  0.00  0.00  0.00  0.36  0.00
  G00250                  1.00   0.03  0.00  0.00  0.97  0.00  0.00  0.00  0.96  0.00
  G00251                  1.00   0.03  0.00  0.00  0.97  0.00  0.00  0.00  0.23  0.00
  G00252                  1.00   0.03  0.00  0.00  0.97  0.00  0.00  0.00  0.96  0.00
  G00253                  1.00   0.03  0.00  0.00  0.97  0.00  0.00  0.00  0.21  0.00
  G00254                  1.00   0.03  0.00  0.00  0.97  0.00  0.00  0.00  0.48  0.00
  G00255                  1.00   0.03  0.00  0.00  0.97  0.00  0.00  0.00  0.96  0.00
  G00256                  1.00   0.03  0.00  0.00  0.97  0.00  0.00  0.00  0.96  0.00
  G00257                  1.00   0.03  0.00  0.00  0.97  0.00  0.00  0.00  0.96  0.00
  G00258                  1.00   0.03  0.00  0.00  0.97  0.00  0.00  0.00  0.96  0.00
  G00259                  1.00   0.03  0.00  0.00  0.93  0.04  0.00  0.00  0.96  0.00
  G00260                  1.00   0.03  0.00  0.00  0.97  0.00  0.00  0.00  0.96  0.00
  G00261                  1.00   0.03  0.00  0.00  0.97  0.00  0.00  0.00  0.96  0.00
  G00262                  1.00   0.03  0.00  0.00  0.06  0.90  0.00  0.00  0.62  0.00
  G00263                  1.00   0.03  0.00  0.00  0.97  0.00  0.00  0.00  0.00  0.00
  G00264                  1.00   0.02  0.02  0.00  0.97  0.00  0.00  0.00  0.97  0.00
  G00265                  1.00   0.02  0.00  0.00  0.36  0.62  0.00  0.00  0.86  0.00
  G00266                  1.00   0.03  0.00  0.00  0.36  0.61  0.00  0.00  0.85  0.00
  G00267                  1.00   0.03  0.00  0.00  0.55  0.42  0.00  0.00  0.69  0.00
  G00268                  1.00   0.03  0.00  0.00  0.97  0.00  0.00  0.00  0.96  0.00
  G00269                  1.00   0.03  0.00  0.00  0.97  0.00  0.00  0.00  0.00  0.00
  G00270                  1.00   0.02  0.01  0.00  0.97  0.00  0.00  0.00  0.25  0.00
  G00271                  1.00   0.03  0.00  0.00  0.97  0.00  0.00  0.00  0.93  0.00
  G00272                  1.00   0.02  0.01  0.00  0.97  0.00  0.00  0.00  0.50  0.00
  G00273                  1.00   0.03  0.00  0.00  0.97  0.00  0.00  0.00  0.16  0.00
  G00274                  1.00   0.03  0.00  0.00  0.97  0.00  0.00  0.00  0.52  0.00
  G00275                  1.00   0.03  0.00  0.00  0.97  0.00  0.00  0.00  0.34  0.00
  G00276                  1.00   0.03  0.00  0.00  0.97  0.00  0.00  0.00  0.01  0.00
  G00277                  1.00   0.03  0.00  0.00  0.97  0.00  0.00  0.00  0.50  0.00
  G00278                  1.00   0.03  0.00  0.00  0.97  0.00  0.00  0.00  0.00  0.00
  G00279                  1.00   0.03  0.00  0.00  0.97  0.00  0.00  0.00  0.00  0.00
  G00280                  1.00   0.03  0.00  0.00  0.97  0.00  0.00  0.00  0.55  0.00
  G00281                  1.00   0.03  0.00  0.00  0.97  0.00  0.00  0.00  0.33  0.00
  G00282                  1.00   0.03  0.00  0.00  0.97  0.00  0.00  0.00  0.85  0.00
  G00283                  1.00   0.03  0.00  0.00  0.97  0.00  0.00  0.00  0.00  0.00
  G00284                  1.00   0.02  0.01  0.00  0.97  0.00  0.00  0.00  0.88  0.00
  G00285                  1.00   0.02  0.00  0.00  0.98  0.00  0.00  0.00  0.07  0.00
  G00286                  1.00   0.02  0.01  0.00  0.97  0.00  0.00  0.00  0.96  0.00
  G00287                  1.00   0.02  0.01  0.00  0.97  0.00  0.00  0.00  0.97  0.00
  G00288                  1.00   0.03  0.00  0.00  0.97  0.00  0.00  0.00  0.11  0.00
  G00289                  1.00   0.03  0.00  0.00  0.97  0.00  0.00  0.00  0.21  0.00
  G00290                  1.00   0.02  0.00  0.00  0.98  0.00  0.00  0.00  0.91  0.00
  G00291                  1.00   0.03  0.00  0.00  0.97  0.00  0.00  0.00  0.96  0.00
  G00292                  1.00   0.03  0.00  0.00  0.20  0.77  0.00  0.00  0.10  0.00
  G00293                  1.00   0.03  0.00  0.00  0.97  0.00  0.00  0.00  0.00  0.00
  G00294                  1.00   0.03  0.00  0.00  0.97  0.00  0.00  0.00  0.96  0.00
  G00295                  1.00   0.02  0.01  0.00  0.97  0.00  0.00  0.00  0.96  0.00
  G00296                  1.00   0.03  0.00  0.00  0.97  0.00  0.00  0.00  0.47  0.00
  G00297                  1.00   0.03  0.00  0.00  0.97  0.00  0.00  0.00  0.96  0.00
  G00298                  1.00   0.02  0.01  0.00  0.97  0.00  0.00  0.00  0.97  0.00
  G00299                  1.00   0.03  0.00  0.00  0.80  0.17  0.00  0.00  0.95  0.00
  G00300                  1.00   0.03  0.00  0.00  0.97  0.00  0.00  0.00  0.94  0.00
  G00301                  1.00   0.02  0.00  0.00  0.98  0.00  0.00  0.00  0.00  0.00
  G00302                  1.00   0.03  0.00  0.00  0.97  0.00  0.00  0.00  0.96  0.00
  G00303                  1.00   0.02  0.01  0.00  0.97  0.00  0.00  0.00  0.97  0.00
  G00304                  1.00   0.03  0.00  0.00  0.97  0.00  0.00  0.00  0.96  0.00
  G00305                  1.00   0.03  0.00  0.00  0.97  0.00  0.00  0.00  0.96  0.00
  G00306                  1.00   0.03  0.00  0.00  0.97  0.00  0.00  0.00  0.90  0.00
  G00307                  1.00   0.03  0.00  0.00  0.97  0.00  0.00  0.00  0.62  0.00
  G00308                  1.00   0.03  0.00  0.00  0.97  0.00  0.00  0.00  0.00  0.00
  G00309                  1.00   0.03  0.00  0.00  0.97  0.00  0.00  0.00  0.96  0.00
  G00310                  1.00   0.03  0.00  0.00  0.97  0.00  0.00  0.00  0.96  0.00
  G00311                  1.00   0.03  0.00  0.00  0.97  0.00  0.00  0.00  0.96  0.00
  G00312                  1.00   0.03  0.00  0.00  0.97  0.00  0.00  0.00  0.96  0.00
  G00313                  1.00   0.03  0.00  0.00  0.97  0.00  0.00  0.00  0.96  0.00
  G00314                  1.00   0.03  0.00  0.00  0.97  0.00  0.00  0.00  0.05  0.00
  G00315                  1.00   0.03  0.00  0.00  0.97  0.00  0.00  0.00  0.96  0.00
  G00316                  1.00   0.03  0.00  0.00  0.97  0.00  0.00  0.00  0.96  0.00
  G00317                  1.00   0.03  0.00  0.00  0.97  0.00  0.00  0.00  0.96  0.00
  G00318                  1.00   0.02  0.01  0.00  0.97  0.00  0.00  0.00  0.96  0.00
  G00319                  1.00   0.03  0.00  0.00  0.97  0.00  0.00  0.00  0.96  0.00
  G00320                  1.00   0.03  0.00  0.00  0.97  0.00  0.00  0.00  0.96  0.00
  G00321                  1.00   0.03  0.00  0.00  0.97  0.00  0.00  0.00  0.96  0.00
  G00322                  1.00   0.03  0.00  0.00  0.97  0.00  0.00  0.00  0.34  0.00
  G00323                  1.00   0.03  0.00  0.00  0.97  0.00  0.00  0.00  0.96  0.00
  G00324                  1.00   0.03  0.00  0.00  0.97  0.00  0.00  0.00  0.45  0.00
  G00325                  1.00   0.03  0.00  0.00  0.97  0.00  0.00  0.00  0.96  0.00
  G00326                  1.00   0.03  0.00  0.00  0.97  0.00  0.00  0.00  0.00  0.00
  G00327                  1.00   0.03  0.00  0.00  0.97  0.00  0.00  0.00  0.95  0.00
  G00328                  1.00   0.03  0.00  0.00  0.97  0.00  0.00  0.00  0.35  0.00
  G00329                  1.00   0.02  0.01  0.00  0.61  0.36  0.00  0.00  0.54  0.00
  G00330                  1.00   0.02  0.00  0.00  0.98  0.00  0.00  0.00  0.85  0.00
  G00331                  1.00   0.03  0.00  0.00  0.97  0.00  0.00  0.00  0.03  0.00
  G00332                  1.00   0.03  0.00  0.00  0.97  0.00  0.00  0.00  0.23  0.00
  G00333                  1.00   0.03  0.00  0.00  0.97  0.00  0.00  0.00  0.08  0.00
  G00334                  1.00   0.03  0.00  0.00  0.97  0.00  0.00  0.00  0.96  0.00
  G00335                  1.00   0.03  0.00  0.00  0.97  0.00  0.00  0.00  0.96  0.00
  G00336                  1.00   0.03  0.00  0.00  0.97  0.00  0.00  0.00  0.96  0.00
  G00337                  1.00   0.03  0.00  0.00  0.62  0.35  0.00  0.00  0.53  0.00
  G00338                  1.00   0.03  0.00  0.00  0.85  0.12  0.00  0.00  0.96  0.00
  G00339                  1.00   0.03  0.00  0.00  0.97  0.00  0.00  0.00  0.96  0.00
  G00340                  1.00   0.03  0.00  0.00  0.97  0.00  0.00  0.00  0.12  0.00
  G00341                  1.00   0.03  0.00  0.00  0.97  0.00  0.00  0.00  0.49  0.00
  G00342                  1.00   0.03  0.00  0.00  0.97  0.00  0.00  0.00  0.54  0.00
  G00343                  1.00   0.03  0.00  0.00  0.97  0.00  0.00  0.00  0.96  0.00
  G00344                  1.00   0.03  0.00  0.00  0.97  0.00  0.00  0.00  0.96  0.00
  G00345                  1.00   0.03  0.00  0.00  0.97  0.00  0.00  0.00  0.03  0.00
  G00346                  1.00   0.03  0.00  0.00  0.97  0.00  0.00  0.00  0.58  0.00
  G00347                  1.00   0.03  0.00  0.00  0.97  0.00  0.00  0.00  0.15  0.00
  G00348                  1.00   0.02  0.01  0.00  0.97  0.00  0.00  0.00  0.97  0.00
  G00349                  1.00   0.03  0.00  0.00  0.97  0.00  0.00  0.00  0.22  0.00
  G00350                  1.00   0.02  0.01  0.00  0.97  0.00  0.00  0.00  0.97  0.00
  G00351                  1.00   0.03  0.00  0.00  0.04  0.92  0.00  0.00  0.00  0.00
  G00352                  1.00   0.03  0.00  0.00  0.12  0.85  0.00  0.00  0.96  0.00
  G00353                  1.00   0.03  0.00  0.00  0.97  0.00  0.00  0.00  0.86  0.00
  G00354                  1.00   0.02  0.01  0.00  0.97  0.00  0.00  0.00  0.97  0.00
  G00355                  1.00   0.03  0.00  0.00  0.07  0.90  0.00  0.00  0.26  0.00
  G00356                  1.00   0.03  0.00  0.00  0.97  0.00  0.00  0.00  0.47  0.00
  G00357                  1.00   0.03  0.00  0.00  0.97  0.00  0.00  0.00  0.89  0.00
  G00358                  1.00   0.03  0.00  0.00  0.97  0.00  0.00  0.00  0.44  0.00
  G00359                  1.00   0.03  0.00  0.00  0.97  0.00  0.00  0.00  0.10  0.00
  G00360                  1.00   0.03  0.00  0.00  0.49  0.48  0.00  0.00  0.00  0.00
  G00361                  1.00   0.03  0.00  0.00  0.97  0.00  0.00  0.00  0.18  0.00
  G00362                  1.00   0.03  0.00  0.00  0.81  0.16  0.00  0.00  0.89  0.00
  G00363                  1.00   0.03  0.00  0.00  0.29  0.68  0.00  0.00  0.96  0.00
  G00364                  1.00   0.03  0.00  0.00  0.13  0.84  0.00  0.00  0.57  0.00
  G00365                  1.00   0.03  0.00  0.00  0.97  0.00  0.00  0.00  0.96  0.00
  G00366                  1.00   0.02  0.00  0.00  0.03  0.95  0.00  0.00  0.17  0.00
  G00367                  1.00   0.03  0.00  0.00  0.54  0.43  0.00  0.00  0.96  0.00
  G00368                  1.00   0.03  0.00  0.00  0.34  0.62  0.00  0.00  0.96  0.00
  G00369                  1.00   0.03  0.00  0.00  0.78  0.19  0.00  0.00  0.51  0.00
  G00370                  1.00   0.03  0.00  0.00  0.97  0.00  0.00  0.00  0.96  0.00
  G00371                  1.00   0.03  0.00  0.00  0.45  0.52  0.00  0.00  0.00  0.00
  G00372                  1.00   0.03  0.00  0.00  0.84  0.13  0.00  0.00  0.96  0.00
  G00373                  1.00   0.03  0.00  0.00  0.97  0.00  0.00  0.00  0.96  0.00
  G00374                  1.00   0.03  0.00  0.00  0.97  0.00  0.00  0.00  0.96  0.00
  G00375                  1.00   0.03  0.00  0.00  0.97  0.00  0.00  0.00  0.19  0.00
  G00376                  1.00   0.03  0.00  0.00  0.97  0.00  0.00  0.00  0.00  0.00
  G00377                  1.00   0.03  0.00  0.00  0.95  0.02  0.00  0.00  0.96  0.00
  G00378                  1.00   0.03  0.00  0.00  0.97  0.00  0.00  0.00  0.96  0.00
  G00379                  1.00   0.03  0.00  0.00  0.97  0.00  0.00  0.00  0.80  0.00
  G00380                  1.00   0.03  0.00  0.00  0.97  0.00  0.00  0.00  0.11  0.00
  G00381                  1.00   0.03  0.00  0.00  0.97  0.00  0.00  0.00  0.96  0.00
  G00382                  1.00   0.02  0.01  0.00  0.97  0.00  0.00  0.00  0.97  0.00
  G00383                  1.00   0.03  0.00  0.00  0.97  0.00  0.00  0.00  0.84  0.00
  G00384                  1.00   0.02  0.00  0.00  0.41  0.58  0.00  0.00  0.83  0.00
  G00385                  1.00   0.03  0.00  0.00  0.97  0.00  0.00  0.00  0.97  0.00
  G00386                  1.00   0.03  0.00  0.00  0.15  0.81  0.00  0.00  0.96  0.00
  G00387                  1.00   0.03  0.00  0.00  0.97  0.00  0.00  0.00  0.96  0.00
  G00388                  1.00   0.03  0.00  0.00  0.97  0.00  0.00  0.00  0.96  0.00
  G00389                  1.00   0.03  0.00  0.00  0.34  0.63  0.00  0.00  0.00  0.00
  G00390                  1.00   0.03  0.00  0.00  0.97  0.00  0.00  0.00  0.84  0.00
  G00391                  1.00   0.03  0.00  0.00  0.97  0.00  0.00  0.00  0.46  0.00
  G00392                  1.00   0.03  0.00  0.00  0.97  0.00  0.00  0.00  0.29  0.00
  G00393                  1.00   0.03  0.00  0.00  0.97  0.00  0.00  0.00  0.52  0.00
  G00394                  1.00   0.02  0.00  0.00  0.98  0.00  0.00  0.00  0.07  0.00
  G00395                  1.00   0.03  0.00  0.00  0.97  0.00  0.00  0.00  0.78  0.00
  G00396                  1.00   0.03  0.00  0.00  0.97  0.00  0.00  0.00  0.96  0.00
  G00397                  1.00   0.03  0.00  0.00  0.97  0.00  0.00  0.00  0.53  0.00
  G00398                  1.00   0.03  0.00  0.00  0.97  0.00  0.00  0.00  0.68  0.00
  G00399                  1.00   0.03  0.00  0.00  0.97  0.00  0.00  0.00  0.17  0.00
  G00400                  1.00   0.03  0.00  0.00  0.97  0.00  0.00  0.00  0.00  0.00
  G00401                  1.00   0.03  0.00  0.00  0.97  0.00  0.00  0.00  0.54  0.00
  G00402                  1.00   0.03  0.00  0.00  0.97  0.00  0.00  0.00  0.86  0.00
  G00403                  1.00   0.03  0.00  0.00  0.97  0.00  0.00  0.00  0.46  0.00
  G00404                  1.00   0.03  0.00  0.00  0.97  0.00  0.00  0.00  0.50  0.00
  G00405                  1.00   0.03  0.00  0.00  0.97  0.00  0.00  0.00  0.26  0.00
  G00406                  1.00   0.03  0.00  0.00  0.97  0.00  0.00  0.00  0.53  0.00
  G00407                  1.00   0.03  0.00  0.00  0.93  0.04  0.00  0.00  0.90  0.00
  G00408                  1.00   0.03  0.00  0.00  0.97  0.00  0.00  0.00  0.90  0.00
  G00409                  1.00   0.03  0.00  0.00  0.97  0.00  0.00  0.00  0.14  0.00
  G00410                  1.00   0.02  0.00  0.00  0.98  0.00  0.00  0.00  0.96  0.00
  G00411                  1.00   0.03  0.00  0.00  0.97  0.00  0.00  0.00  0.11  0.00
  G00412                  1.00   0.03  0.00  0.00  0.97  0.00  0.00  0.00  0.58  0.00
  G00413                  1.00   0.03  0.00  0.00  0.97  0.00  0.00  0.00  0.96  0.00
  G00414                  1.00   0.03  0.00  0.00  0.97  0.00  0.00  0.00  0.52  0.00
  G00415                  1.00   0.03  0.00  0.00  0.97  0.00  0.00  0.00  0.59  0.00
  G00416                  1.00   0.03  0.00  0.00  0.97  0.00  0.00  0.00  0.83  0.00
  G00417                  1.00   0.03  0.00  0.00  0.97  0.00  0.00  0.00  0.18  0.00
  G00418                  1.00   0.03  0.00  0.00  0.97  0.00  0.00  0.00  0.54  0.00
  G00419                  1.00   0.03  0.00  0.00  0.97  0.00  0.00  0.00  0.96  0.00
  G00420                  1.00   0.03  0.00  0.00  0.97  0.00  0.00  0.00  0.96  0.00
  G00421                  1.00   0.02  0.00  0.00  0.95  0.03  0.00  0.00  0.96  0.00
  G00422                  1.00   0.03  0.00  0.00  0.97  0.00  0.00  0.00  0.09  0.00
  G00423                  1.00   0.03  0.00  0.00  0.96  0.01  0.00  0.00  0.74  0.00
  G00424                  1.00   0.03  0.00  0.00  0.97  0.00  0.00  0.00  0.93  0.00
  G00425                  1.00   0.03  0.00  0.00  0.97  0.00  0.00  0.00  0.96  0.00
  G00426                  1.00   0.03  0.00  0.00  0.97  0.00  0.00  0.00  0.00  0.00
  G00427                  1.00   0.03  0.00  0.00  0.97  0.00  0.00  0.00  0.96  0.00
  G00428                  1.00   0.03  0.00  0.00  0.97  0.00  0.00  0.00  0.96  0.00
  G00429                  1.00   0.03  0.00  0.00  0.81  0.16  0.00  0.00  0.73  0.00
  G00430                  1.00   0.03  0.00  0.00  0.97  0.00  0.00  0.00  0.00  0.00
  G00431                  1.00   0.03  0.00  0.00  0.97  0.00  0.00  0.00  0.49  0.00
  G00432                  1.00   0.03  0.00  0.00  0.77  0.20  0.00  0.00  0.45  0.00
  G00433                  1.00   0.03  0.00  0.00  0.97  0.00  0.00  0.00  0.00  0.00
  G00434                  1.00   0.03  0.00  0.00  0.97  0.00  0.00  0.00  0.63  0.00
  G00435                  1.00   0.03  0.00  0.00  0.89  0.08  0.00  0.00  0.76  0.00
  G00436                  1.00   0.03  0.00  0.00  0.97  0.00  0.00  0.00  0.96  0.00
  G00437                  1.00   0.03  0.00  0.00  0.97  0.00  0.00  0.00  0.96  0.00
  G00438                  1.00   0.03  0.00  0.00  0.97  0.00  0.00  0.00  0.96  0.00
  G00439                  1.00   0.02  0.00  0.00  0.04  0.94  0.00  0.00  0.90  0.00
  G00440                  1.00   0.02  0.02  0.00  0.22  0.74  0.00  0.00  0.97  0.00
  G00441                  1.00   0.03  0.00  0.00  0.32  0.65  0.00  0.00  0.76  0.00
  G00442                  1.00   0.03  0.00  0.00  0.80  0.17  0.00  0.00  0.96  0.00
  G00443                  1.00   0.03  0.00  0.00  0.97  0.00  0.00  0.00  0.01  0.00
  G00444                  1.00   0.02  0.02  0.00  0.97  0.00  0.00  0.00  0.97  0.00
  G00445                  1.00   0.03  0.00  0.00  0.93  0.04  0.00  0.00  0.96  0.00
  G00446                  1.00   0.03  0.00  0.00  0.97  0.00  0.00  0.00  0.40  0.00
  G00447                  1.00   0.03  0.00  0.00  0.97  0.00  0.00  0.00  0.96  0.00
  G00448                  1.00   0.03  0.00  0.00  0.03  0.94  0.00  0.00  0.89  0.00
  G00449                  1.00   0.03  0.00  0.00  0.97  0.00  0.00  0.00  0.96  0.00
  G00450                  1.00   0.03  0.00  0.00  0.18  0.79  0.00  0.00  0.90  0.00
  G00451                  1.00   0.03  0.00  0.00  0.08  0.88  0.00  0.00  0.76  0.00
  G00452                  1.00   0.03  0.00  0.00  0.64  0.32  0.00  0.00  0.95  0.00
  G00453                  1.00   0.03  0.00  0.00  0.27  0.70  0.00  0.00  0.00  0.00
  G00454                  1.00   0.03  0.00  0.00  0.97  0.00  0.00  0.00  0.96  0.00
  G00455                  1.00   0.03  0.00  0.00  0.03  0.94  0.00  0.00  0.96  0.00
  G00456                  1.00   0.03  0.00  0.00  0.97  0.00  0.00  0.00  0.96  0.00
  G00457                  1.00   0.03  0.00  0.00  0.97  0.00  0.00  0.00  0.96  0.00
  G00458                  1.00   0.03  0.00  0.00  0.97  0.00  0.00  0.00  0.96  0.00
  G00459                  1.00   0.03  0.00  0.00  0.97  0.00  0.00  0.00  0.17  0.00
  G00460                  1.00   0.03  0.00  0.00  0.97  0.00  0.00  0.00  0.96  0.00
  G00461                  1.00   0.02  0.01  0.00  0.97  0.00  0.00  0.00  0.97  0.00
  G00462                  1.00   0.03  0.00  0.00  0.97  0.00  0.00  0.00  0.09  0.00
  G00463                  1.00   0.03  0.00  0.00  0.97  0.00  0.00  0.00  0.79  0.00
  G00464                  1.00   0.02  0.01  0.00  0.97  0.00  0.00  0.00  0.97  0.00
  G00465                  1.00   0.02  0.01  0.00  0.97  0.00  0.00  0.00  0.97  0.00
  G00466                  1.00   0.02  0.00  0.00  0.98  0.00  0.00  0.00  0.00  0.00
  G00467                  1.00   0.02  0.02  0.00  0.97  0.00  0.00  0.00  0.97  0.00
  G00468                  1.00   0.03  0.00  0.00  0.91  0.06  0.00  0.00  0.96  0.00
  G00469                  1.00   0.03  0.00  0.00  0.09  0.87  0.00  0.00  0.00  0.00
  G00470                  1.00   0.02  0.00  0.00  0.07  0.91  0.00  0.00  0.00  0.00
  G00471                  1.00   0.02  0.01  0.00  0.32  0.65  0.00  0.00  0.97  0.00
  G00472                  1.00   0.03  0.00  0.00  0.97  0.00  0.00  0.00  0.96  0.00
  G00473                  1.00   0.03  0.00  0.00  0.25  0.72  0.00  0.00  0.94  0.00
  G00474                  1.00   0.03  0.00  0.00  0.77  0.20  0.00  0.00  0.76  0.00
  G00475                  1.00   0.03  0.00  0.00  0.97  0.00  0.00  0.00  0.96  0.00
  G00476                  1.00   0.03  0.00  0.00  0.66  0.31  0.00  0.00  0.86  0.00
  G00477                  1.00   0.03  0.00  0.00  0.97  0.00  0.00  0.00  0.96  0.00
  G00478                  1.00   0.03  0.00  0.00  0.97  0.00  0.00  0.00  0.00  0.00
  G00479                  1.00   0.03  0.00  0.00  0.23  0.74  0.00  0.00  0.96  0.00
  G00480                  1.00   0.03  0.00  0.00  0.06  0.91  0.00  0.00  0.86  0.00
  G00481                  1.00   0.03  0.00  0.00  0.97  0.00  0.00  0.00  0.96  0.00
  G00482                  1.00   0.03  0.00  0.00  0.97  0.00  0.00  0.00  0.96  0.00
  G00483                  1.00   0.03  0.00  0.00  0.37  0.60  0.00  0.00  0.87  0.00
  G00484                  1.00   0.03  0.00  0.00  0.97  0.00  0.00  0.00  0.11  0.00
  G00485                  1.00   0.03  0.00  0.00  0.97  0.00  0.00  0.00  0.96  0.00
  G00486                  1.00   0.03  0.00  0.00  0.97  0.00  0.00  0.00  0.96  0.00
  G00487                  1.00   0.03  0.00  0.00  0.97  0.00  0.00  0.00  0.96  0.00
  G00488                  1.00   0.03  0.00  0.00  0.97  0.00  0.00  0.00  0.96  0.00
  G00489                  1.00   0.03  0.00  0.00  0.97  0.00  0.00  0.00  0.96  0.00
  G00490                  1.00   0.03  0.00  0.00  0.97  0.00  0.00  0.00  0.96  0.00
  G00491                  1.00   0.03  0.00  0.00  0.97  0.00  0.00  0.00  0.96  0.00
  G00492                  1.00   0.03  0.00  0.00  0.97  0.00  0.00  0.00  0.00  0.00
  G00493                  1.00   0.02  0.02  0.00  0.97  0.00  0.00  0.00  0.97  0.00
  G00494                  1.00   0.03  0.00  0.00  0.97  0.00  0.00  0.00  0.96  0.00
  G00495                  1.00   0.02  0.00  0.00  0.98  0.00  0.00  0.00  0.24  0.00
  G00496                  1.00   0.02  0.02  0.00  0.97  0.00  0.00  0.00  0.97  0.00
  G00497                  1.00   0.02  0.01  0.00  0.97  0.00  0.00  0.00  0.97  0.00
  G00498                  1.00   0.02  0.01  0.00  0.97  0.00  0.00  0.00  0.97  0.00
  G00499                  1.00   0.03  0.00  0.00  0.97  0.00  0.00  0.00  0.96  0.00
  G00500                  1.00   0.03  0.00  0.00  0.97  0.00  0.00  0.00  0.96  0.00
  G00501                  1.00   0.02  0.02  0.00  0.97  0.00  0.00  0.00  0.97  0.00
  G00502                  1.00   0.02  0.01  0.00  0.97  0.00  0.00  0.00  0.97  0.00
  G00503                  1.00   0.03  0.00  0.00  0.97  0.00  0.00  0.00  0.96  0.00
  G00504                  1.00   0.03  0.00  0.00  0.97  0.00  0.00  0.00  0.01  0.00
  G00505                  1.00   0.03  0.00  0.00  0.97  0.00  0.00  0.00  0.16  0.00
  G00506                  1.00   0.02  0.00  0.00  0.98  0.00  0.00  0.00  0.12  0.00
  G00507                  1.00   0.03  0.00  0.00  0.97  0.00  0.00  0.00  0.31  0.00
  G00508                  1.00   0.03  0.00  0.00  0.97  0.00  0.00  0.00  0.17  0.00
  G00509                  1.00   0.03  0.00  0.00  0.97  0.00  0.00  0.00  0.25  0.00
  G00510                  1.00   0.03  0.00  0.00  0.97  0.00  0.00  0.00  0.32  0.00
  G00511                  1.00   0.03  0.00  0.00  0.97  0.00  0.00  0.00  0.96  0.00
  G00512                  1.00   0.03  0.00  0.00  0.97  0.00  0.00  0.00  0.96  0.00
  G00513                  1.00   0.02  0.02  0.00  0.97  0.00  0.00  0.00  0.97  0.00
  G00514                  1.00   0.03  0.00  0.00  0.63  0.34  0.00  0.00  0.00  0.00
  G00515                  1.00   0.02  0.00  0.00  0.98  0.00  0.00  0.00  0.18  0.00
  G00516                  1.00   0.02  0.02  0.00  0.97  0.00  0.00  0.00  0.97  0.00
  G00517                  1.00   0.03  0.00  0.00  0.97  0.00  0.00  0.00  0.00  0.00
  G00518                  1.00   0.03  0.00  0.00  0.97  0.00  0.00  0.00  0.92  0.00
  G00519                  1.00   0.02  0.00  0.00  0.98  0.00  0.00  0.00  0.87  0.00
  G00520                  1.00   0.03  0.00  0.00  0.97  0.00  0.00  0.00  0.03  0.00
  G00521                  1.00   0.03  0.00  0.00  0.97  0.00  0.00  0.00  0.25  0.00
  G00522                  1.00   0.03  0.00  0.00  0.08  0.89  0.00  0.00  0.96  0.00
  G00523                  1.00   0.03  0.00  0.00  0.58  0.39  0.00  0.00  0.96  0.00
  G00524                  1.00   0.03  0.00  0.00  0.97  0.00  0.00  0.00  0.96  0.00
  G00525                  1.00   0.03  0.00  0.00  0.00  0.96  0.00  0.00  0.96  0.00
  G00526                  1.00   0.03  0.00  0.00  0.97  0.00  0.00  0.00  0.96  0.00
  G00527                  1.00   0.03  0.00  0.00  0.97  0.00  0.00  0.00  0.92  0.00
  G00528                  1.00   0.03  0.00  0.00  0.24  0.73  0.00  0.00  0.00  0.00
  G00529                  1.00   0.03  0.00  0.00  0.52  0.44  0.00  0.00  0.92  0.00
  G00530                  1.00   0.03  0.00  0.00  0.97  0.00  0.00  0.00  0.96  0.00
  G00531                  1.00   0.03  0.00  0.00  0.97  0.00  0.00  0.00  0.96  0.00
  G00532                  1.00   0.03  0.00  0.00  0.97  0.00  0.00  0.00  0.31  0.00
  G00533                  1.00   0.03  0.00  0.00  0.97  0.00  0.00  0.00  0.00  0.00
  G00534                  1.00   0.03  0.00  0.00  0.80  0.16  0.00  0.00  0.96  0.00
  G00535                  1.00   0.03  0.00  0.00  0.97  0.00  0.00  0.00  0.00  0.00
  G00536                  1.00   0.03  0.00  0.00  0.83  0.13  0.00  0.00  0.96  0.00
  G00537                  1.00   0.03  0.00  0.00  0.97  0.00  0.00  0.00  0.96  0.00
  G00538                  1.00   0.03  0.00  0.00  0.97  0.00  0.00  0.00  0.96  0.00
  G00539                  1.00   0.03  0.00  0.00  0.97  0.00  0.00  0.00  0.19  0.00
  G00540                  1.00   0.02  0.00  0.00  0.98  0.00  0.00  0.00  0.94  0.00
  G00541                  1.00   0.03  0.00  0.00  0.97  0.00  0.00  0.00  0.24  0.00
  G00542                  1.00   0.03  0.00  0.00  0.74  0.22  0.00  0.00  0.66  0.00
  G00543                  1.00   0.03  0.00  0.00  0.97  0.00  0.00  0.00  0.96  0.00
  G00544                  1.00   0.03  0.00  0.00  0.97  0.00  0.00  0.00  0.96  0.00
  G00545                  1.00   0.03  0.00  0.00  0.04  0.93  0.00  0.00  0.64  0.00
  G00546                  1.00   0.03  0.00  0.00  0.97  0.00  0.00  0.00  0.45  0.00
  G00547                  1.00   0.03  0.00  0.00  0.97  0.00  0.00  0.00  0.36  0.00
  G00548                  1.00   0.03  0.00  0.00  0.75  0.22  0.00  0.00  0.67  0.00
  G00549                  1.00   0.03  0.00  0.00  0.71  0.26  0.00  0.00  0.86  0.00
  G00550                  1.00   0.03  0.00  0.00  0.97  0.00  0.00  0.00  0.97  0.00
  G00551                  1.00   0.03  0.00  0.00  0.97  0.00  0.00  0.00  0.96  0.00
  G00552                  1.00   0.03  0.00  0.00  0.97  0.00  0.00  0.00  0.96  0.00
  G00553                  1.00   0.03  0.00  0.00  0.97  0.00  0.00  0.00  0.96  0.00
  G00554                  1.00   0.03  0.00  0.00  0.97  0.00  0.00  0.00  0.18  0.00
  G00555                  1.00   0.03  0.00  0.00  0.39  0.58  0.00  0.00  0.92  0.00
  G00556                  1.00   0.03  0.00  0.00  0.27  0.69  0.00  0.00  0.96  0.00
  G00557                  1.00   0.03  0.00  0.00  0.24  0.73  0.00  0.00  0.00  0.00
  G00558                  1.00   0.03  0.00  0.00  0.92  0.05  0.00  0.00  0.96  0.00
  G00559                  1.00   0.02  0.02  0.00  0.97  0.00  0.00  0.00  0.97  0.00
  G00560                  1.00   0.03  0.00  0.00  0.97  0.00  0.00  0.00  0.00  0.00
  G00561                  1.00   0.03  0.00  0.00  0.97  0.00  0.00  0.00  0.19  0.00
  G00562                  1.00   0.03  0.00  0.00  0.08  0.89  0.00  0.00  0.96  0.00
  G00563                  1.00   0.03  0.00  0.00  0.09  0.88  0.00  0.00  0.00  0.00
  G00564                  1.00   0.03  0.00  0.00  0.07  0.90  0.00  0.00  0.78  0.00
  G00565                  1.00   0.03  0.00  0.00  0.97  0.00  0.00  0.00  0.96  0.00
  G00566                  1.00   0.02  0.00  0.00  0.88  0.10  0.00  0.00  0.95  0.00
  G00567                  1.00   0.03  0.00  0.00  0.06  0.91  0.00  0.00  0.96  0.00
  G00568                  1.00   0.02  0.02  0.00  0.97  0.00  0.00  0.00  0.97  0.00
  G00569                  1.00   0.03  0.00  0.00  0.97  0.00  0.00  0.00  0.00  0.00
  G00570                  1.00   0.02  0.02  0.00  0.97  0.00  0.00  0.00  0.97  0.00
  G00571                  1.00   0.03  0.00  0.00  0.12  0.85  0.00  0.00  0.08  0.00
  G00572                  1.00   0.03  0.00  0.00  0.97  0.00  0.00  0.00  0.00  0.00
  G00573                  1.00   0.03  0.00  0.00  0.08  0.88  0.00  0.00  0.00  0.00
  G00574                  1.00   0.03  0.00  0.00  0.97  0.00  0.00  0.00  0.85  0.00
  G00575                  1.00   0.02  0.00  0.00  0.02  0.96  0.00  0.00  0.91  0.00
  G00576                  1.00   0.03  0.00  0.00  0.97  0.00  0.00  0.00  0.00  0.00
  G00577                  1.00   0.03  0.00  0.00  0.94  0.03  0.00  0.00  0.96  0.00
  G00578                  1.00   0.02  0.00  0.00  0.89  0.09  0.00  0.00  0.81  0.00
  G00579                  1.00   0.03  0.00  0.00  0.96  0.00  0.00  0.00  0.96  0.00
  G00580                  1.00   0.03  0.00  0.00  0.96  0.00  0.00  0.00  0.96  0.00
  G00581                  1.00   0.02  0.00  0.00  0.88  0.10  0.00  0.00  0.96  0.00
  G00582                  1.00   0.02  0.01  0.00  0.44  0.53  0.00  0.00  0.97  0.00
  G00583                  1.00   0.03  0.00  0.00  0.97  0.00  0.00  0.00  0.17  0.00
  G00584                  1.00   0.03  0.00  0.00  0.04  0.93  0.00  0.00  0.96  0.00
  G00585                  1.00   0.03  0.00  0.00  0.04  0.93  0.00  0.00  0.96  0.00
  G00586                  1.00   0.03  0.00  0.00  0.97  0.00  0.00  0.00  0.32  0.00
  G00587                  1.00   0.02  0.00  0.00  0.98  0.00  0.00  0.00  0.00  0.00
  G00588                  1.00   0.03  0.00  0.00  0.14  0.83  0.00  0.00  0.15  0.00
  G00589                  1.00   0.03  0.00  0.00  0.97  0.00  0.00  0.00  0.96  0.00
  G00590                  1.00   0.02  0.01  0.00  0.97  0.00  0.00  0.00  0.18  0.00
  G00591                  1.00   0.03  0.00  0.00  0.97  0.00  0.00  0.00  0.32  0.00
  G00592                  1.00   0.03  0.00  0.00  0.97  0.00  0.00  0.00  0.44  0.00
  G00593                  1.00   0.03  0.00  0.00  0.97  0.00  0.00  0.00  0.31  0.00
  G00594                  1.00   0.03  0.00  0.00  0.97  0.00  0.00  0.00  0.00  0.00
  G00595                  1.00   0.03  0.00  0.00  0.69  0.28  0.00  0.00  0.15  0.00
  G00596                  1.00   0.03  0.00  0.00  0.97  0.00  0.00  0.00  0.37  0.00
  G00597                  1.00   0.02  0.02  0.00  0.93  0.04  0.00  0.00  0.68  0.00
  G00598                  1.00   0.03  0.00  0.00  0.97  0.00  0.00  0.00  0.48  0.00
  G00599                  1.00   0.03  0.00  0.00  0.97  0.00  0.00  0.00  0.96  0.00
  G00600                  1.00   0.03  0.00  0.00  0.97  0.00  0.00  0.00  0.96  0.00
  G00601                  1.00   0.03  0.00  0.00  0.95  0.02  0.00  0.00  0.38  0.00
  G00602                  1.00   0.03  0.00  0.00  0.62  0.35  0.00  0.00  0.37  0.00
  G00603                  1.00   0.03  0.00  0.00  0.97  0.00  0.00  0.00  0.96  0.00
  G00604                  1.00   0.03  0.00  0.00  0.97  0.00  0.00  0.00  0.35  0.00
  G00605                  1.00   0.03  0.00  0.00  0.63  0.34  0.00  0.00  0.96  0.00
  G00606                  1.00   0.03  0.00  0.00  0.97  0.00  0.00  0.00  0.96  0.00
  G00607                  1.00   0.02  0.01  0.00  0.51  0.45  0.00  0.00  0.97  0.00
  G00608                  1.00   0.02  0.00  0.00  0.98  0.00  0.00  0.00  0.54  0.00
  G00609                  1.00   0.03  0.00  0.00  0.93  0.03  0.00  0.00  0.96  0.00
  G00610                  1.00   0.03  0.00  0.00  0.97  0.00  0.00  0.00  0.00  0.00
  G00611                  1.00   0.03  0.00  0.00  0.97  0.00  0.00  0.00  0.14  0.00
  G00612                  1.00   0.03  0.00  0.00  0.93  0.03  0.00  0.00  0.96  0.00
  G00613                  1.00   0.03  0.00  0.00  0.04  0.93  0.00  0.00  0.00  0.00
  G00614                  1.00   0.03  0.00  0.00  0.97  0.00  0.00  0.00  0.96  0.00
  G00615                  1.00   0.03  0.00  0.00  0.97  0.00  0.00  0.00  0.96  0.00
  G00616                  1.00   0.03  0.00  0.00  0.97  0.00  0.00  0.00  0.24  0.00
  G00617                  1.00   0.03  0.00  0.00  0.97  0.00  0.00  0.00  0.87  0.00
  G00618                  1.00   0.03  0.00  0.00  0.96  0.01  0.00  0.00  0.70  0.00
  G00619                  1.00   0.03  0.00  0.00  0.91  0.05  0.00  0.00  0.96  0.00
  G00620                  1.00   0.03  0.00  0.00  0.97  0.00  0.00  0.00  0.96  0.00
  G00621                  1.00   0.02  0.02  0.00  0.97  0.00  0.00  0.00  0.97  0.00
  G00622                  1.00   0.03  0.00  0.00  0.97  0.00  0.00  0.00  0.96  0.00
  G00623                  1.00   0.03  0.00  0.00  0.97  0.00  0.00  0.00  0.00  0.00
  G00624                  1.00   0.02  0.00  0.00  0.98  0.00  0.00  0.00  0.00  0.00
  G00625                  1.00   0.02  0.00  0.00  0.98  0.00  0.00  0.00  0.00  0.00
  G00626                  1.00   0.03  0.00  0.00  0.97  0.00  0.00  0.00  0.96  0.00
  G00627                  1.00   0.03  0.00  0.00  0.06  0.91  0.00  0.00  0.00  0.00
  G00628                  1.00   0.03  0.00  0.00  0.15  0.81  0.00  0.00  0.96  0.00
  G00629                  1.00   0.03  0.00  0.00  0.97  0.00  0.00  0.00  0.04  0.00
  G00630                  1.00   0.03  0.00  0.00  0.97  0.00  0.00  0.00  0.00  0.00
  G00631                  1.00   0.03  0.00  0.00  0.97  0.00  0.00  0.00  0.96  0.00
  G00632                  1.00   0.03  0.00  0.00  0.97  0.00  0.00  0.00  0.96  0.00
  G00633                  1.00   0.03  0.00  0.00  0.97  0.00  0.00  0.00  0.00  0.00
  G00634                  1.00   0.03  0.00  0.00  0.97  0.00  0.00  0.00  0.25  0.00
  G00635                  1.00   0.03  0.00  0.00  0.97  0.00  0.00  0.00  0.22  0.00
  G00636                  1.00   0.03  0.00  0.00  0.97  0.00  0.00  0.00  0.25  0.00
  G00637                  1.00   0.03  0.00  0.00  0.97  0.00  0.00  0.00  0.96  0.00
  G00638                  1.00   0.03  0.00  0.00  0.97  0.00  0.00  0.00  0.30  0.00
  G00639                  1.00   0.03  0.00  0.00  0.00  0.96  0.00  0.00  0.96  0.00
  G00640                  1.00   0.02  0.01  0.00  0.54  0.42  0.00  0.00  0.97  0.00
  G00641                  1.00   0.02  0.00  0.00  0.04  0.95  0.00  0.00  0.00  0.00
  G00642                  1.00   0.03  0.00  0.00  0.97  0.00  0.00  0.00  0.96  0.00
  G00643                  1.00   0.03  0.00  0.00  0.97  0.00  0.00  0.00  0.96  0.00
  G00644                  1.00   0.03  0.00  0.00  0.97  0.00  0.00  0.00  0.77  0.00
  G00645                  1.00   0.03  0.00  0.00  0.97  0.00  0.00  0.00  0.27  0.00
  G00646                  1.00   0.03  0.00  0.00  0.97  0.00  0.00  0.00  0.00  0.00
  G00647                  1.00   0.03  0.00  0.00  0.97  0.00  0.00  0.00  0.47  0.00
  G00648                  1.00   0.03  0.00  0.00  0.97  0.00  0.00  0.00  0.00  0.00
  G00649                  1.00   0.03  0.00  0.00  0.97  0.00  0.00  0.00  0.30  0.00
  G00650                  1.00   0.03  0.00  0.00  0.97  0.00  0.00  0.00  0.02  0.00
  G00651                  1.00   0.03  0.00  0.00  0.97  0.00  0.00  0.00  0.00  0.00
  G00652                  1.00   0.03  0.00  0.00  0.97  0.00  0.00  0.00  0.39  0.00
  G00653                  1.00   0.03  0.00  0.00  0.97  0.00  0.00  0.00  0.29  0.00
  G00654                  1.00   0.03  0.00  0.00  0.97  0.00  0.00  0.00  0.35  0.00
  G00655                  1.00   0.03  0.00  0.00  0.97  0.00  0.00  0.00  0.50  0.00
  G00656                  1.00   0.02  0.00  0.00  0.98  0.00  0.00  0.00  0.87  0.00
  G00657                  1.00   0.03  0.00  0.00  0.97  0.00  0.00  0.00  0.24  0.00
  G00658                  1.00   0.03  0.00  0.00  0.97  0.00  0.00  0.00  0.00  0.00
  G00659                  1.00   0.03  0.00  0.00  0.97  0.00  0.00  0.00  0.57  0.00
  G00660                  1.00   0.03  0.00  0.00  0.97  0.00  0.00  0.00  0.00  0.00
  G00661                  1.00   0.03  0.00  0.00  0.97  0.00  0.00  0.00  0.52  0.00
  G00662                  1.00   0.03  0.00  0.00  0.97  0.00  0.00  0.00  0.96  0.00
  G00663                  1.00   0.03  0.00  0.00  0.97  0.00  0.00  0.00  0.25  0.00
  G00664                  1.00   0.02  0.00  0.00  0.98  0.00  0.00  0.00  0.79  0.00
  G00665                  1.00   0.03  0.00  0.00  0.97  0.00  0.00  0.00  0.96  0.00
  G00666                  1.00   0.03  0.00  0.00  0.05  0.92  0.00  0.00  0.18  0.00
  G00667                  1.00   0.03  0.00  0.00  0.97  0.00  0.00  0.00  0.96  0.00
  G00668                  1.00   0.03  0.00  0.00  0.97  0.00  0.00  0.00  0.96  0.00
  G00669                  1.00   0.03  0.00  0.00  0.68  0.29  0.00  0.00  0.96  0.00
  G00670                  1.00   0.03  0.00  0.00  0.13  0.84  0.00  0.00  0.96  0.00
  G00671                  1.00   0.03  0.00  0.00  0.94  0.03  0.00  0.00  0.96  0.00
  G00672                  1.00   0.03  0.00  0.00  0.25  0.72  0.00  0.00  0.81  0.00
  G00673                  1.00   0.03  0.00  0.00  0.83  0.13  0.00  0.00  0.96  0.00
  G00674                  1.00   0.03  0.00  0.00  0.97  0.00  0.00  0.00  0.00  0.00
  G00675                  1.00   0.03  0.00  0.00  0.97  0.00  0.00  0.00  0.19  0.00
  G00676                  1.00   0.03  0.00  0.00  0.14  0.83  0.00  0.00  0.89  0.00
  G00677                  1.00   0.03  0.00  0.00  0.93  0.04  0.00  0.00  0.96  0.00
  G00678                  1.00   0.03  0.00  0.00  0.97  0.00  0.00  0.00  0.00  0.00
  G00679                  1.00   0.03  0.00  0.00  0.97  0.00  0.00  0.00  0.96  0.00
  G00680                  1.00   0.03  0.00  0.00  0.08  0.89  0.00  0.00  0.00  0.00
  G00681                  1.00   0.02  0.01  0.00  0.97  0.00  0.00  0.00  0.97  0.00
  G00682                  1.00   0.03  0.00  0.00  0.35  0.62  0.00  0.00  0.96  0.00
  G00683                  1.00   0.03  0.00  0.00  0.97  0.00  0.00  0.00  0.96  0.00
  G00684                  1.00   0.03  0.00  0.00  0.97  0.00  0.00  0.00  0.44  0.00
  G00685                  1.00   0.02  0.01  0.00  0.97  0.00  0.00  0.00  0.28  0.00
  G00686                  1.00   0.03  0.00  0.00  0.97  0.00  0.00  0.00  0.96  0.00
  G00687                  1.00   0.03  0.00  0.00  0.97  0.00  0.00  0.00  0.07  0.00
  G00688                  1.00   0.03  0.00  0.00  0.27  0.70  0.00  0.00  0.96  0.00
  G00689                  1.00   0.03  0.00  0.00  0.97  0.00  0.00  0.00  0.18  0.00
  G00690                  1.00   0.03  0.00  0.00  0.26  0.71  0.00  0.00  0.00  0.00
  G00691                  1.00   0.03  0.00  0.00  0.97  0.00  0.00  0.00  0.53  0.00
  G00692                  1.00   0.03  0.00  0.00  0.97  0.00  0.00  0.00  0.05  0.00
  G00693                  1.00   0.02  0.01  0.00  0.00  0.96  0.00  0.00  0.93  0.00
  G00694                  1.00   0.02  0.00  0.00  0.60  0.38  0.00  0.00  0.96  0.00
  G00695                  1.00   0.03  0.00  0.00  0.97  0.00  0.00  0.00  0.96  0.00
  G00696                  1.00   0.03  0.00  0.00  0.97  0.00  0.00  0.00  0.00  0.00
  G00697                  1.00   0.02  0.01  0.00  0.97  0.00  0.00  0.00  0.28  0.00
  G00698                  1.00   0.03  0.00  0.00  0.97  0.00  0.00  0.00  0.38  0.00
  G00699                  1.00   0.03  0.00  0.00  0.95  0.02  0.00  0.00  0.96  0.00
  G00700                  1.00   0.03  0.00  0.00  0.97  0.00  0.00  0.00  0.37  0.00
  G00701                  1.00   0.03  0.00  0.00  0.97  0.00  0.00  0.00  0.10  0.00
  G00702                  1.00   0.03  0.00  0.00  0.97  0.00  0.00  0.00  0.28  0.00
  G00703                  1.00   0.03  0.00  0.00  0.97  0.00  0.00  0.00  0.96  0.00
  G00704                  1.00   0.03  0.00  0.00  0.97  0.00  0.00  0.00  0.49  0.00
  G00705                  1.00   0.03  0.00  0.00  0.97  0.00  0.00  0.00  0.76  0.00
  G00706                  1.00   0.02  0.00  0.00  0.98  0.00  0.00  0.00  0.19  0.00
  G00707                  1.00   0.03  0.00  0.00  0.97  0.00  0.00  0.00  0.96  0.00
  G00708                  1.00   0.03  0.00  0.00  0.11  0.86  0.00  0.00  0.11  0.00
  G00709                  1.00   0.03  0.00  0.00  0.97  0.00  0.00  0.00  0.96  0.00
  G00710                  1.00   0.03  0.00  0.00  0.97  0.00  0.00  0.00  0.00  0.00
  G00711                  1.00   0.03  0.00  0.00  0.97  0.00  0.00  0.00  0.68  0.00
  G00712                  1.00   0.03  0.00  0.00  0.97  0.00  0.00  0.00  0.00  0.00
  G00713                  1.00   0.03  0.00  0.00  0.97  0.00  0.00  0.00  0.96  0.00
  G00714                  1.00   0.03  0.00  0.00  0.81  0.16  0.00  0.00  0.88  0.00
  G00715                  1.00   0.02  0.00  0.00  0.98  0.00  0.00  0.00  0.84  0.00
  G00716                  1.00   0.02  0.01  0.00  0.97  0.00  0.00  0.00  0.06  0.00
  G00717                  1.00   0.03  0.00  0.00  0.97  0.00  0.00  0.00  0.92  0.00
  G00718                  1.00   0.03  0.00  0.00  0.97  0.00  0.00  0.00  0.96  0.00
  G00719                  1.00   0.03  0.00  0.00  0.97  0.00  0.00  0.00  0.86  0.00
  G00720                  1.00   0.03  0.00  0.00  0.97  0.00  0.00  0.00  0.00  0.00
  G00721                  1.00   0.03  0.00  0.00  0.97  0.00  0.00  0.00  0.96  0.00
  G00722                  1.00   0.03  0.00  0.00  0.91  0.06  0.00  0.00  0.88  0.00
  G00723                  1.00   0.02  0.01  0.00  0.97  0.00  0.00  0.00  0.97  0.00
  G00724                  1.00   0.03  0.00  0.00  0.97  0.00  0.00  0.00  0.96  0.00
  G00725                  1.00   0.03  0.00  0.00  0.97  0.00  0.00  0.00  0.96  0.00
  G00726                  1.00   0.03  0.00  0.00  0.97  0.00  0.00  0.00  0.00  0.00
  G00727                  1.00   0.03  0.00  0.00  0.97  0.00  0.00  0.00  0.96  0.00
  G00728                  1.00   0.03  0.00  0.00  0.97  0.00  0.00  0.00  0.13  0.00
  G00729                  1.00   0.03  0.00  0.00  0.95  0.01  0.00  0.00  0.96  0.00
  G00730                  1.00   0.03  0.00  0.00  0.97  0.00  0.00  0.00  0.96  0.00
  G00731                  1.00   0.03  0.00  0.00  0.97  0.00  0.00  0.00  0.00  0.00
  G00732                  1.00   0.03  0.00  0.00  0.97  0.00  0.00  0.00  0.17  0.00
  G00733                  1.00   0.03  0.00  0.00  0.97  0.00  0.00  0.00  0.96  0.00
  G00734                  1.00   0.03  0.00  0.00  0.97  0.00  0.00  0.00  0.96  0.00
  G00735                  1.00   0.03  0.00  0.00  0.71  0.26  0.00  0.00  0.96  0.00
  G00736                  1.00   0.03  0.00  0.00  0.97  0.00  0.00  0.00  0.82  0.00
  G00737                  1.00   0.03  0.00  0.00  0.97  0.00  0.00  0.00  0.96  0.00
  G00738                  1.00   0.03  0.00  0.00  0.97  0.00  0.00  0.00  0.96  0.00
  G00739                  1.00   0.03  0.00  0.00  0.97  0.00  0.00  0.00  0.00  0.00
  G00740                  1.00   0.03  0.00  0.00  0.89  0.07  0.00  0.00  0.54  0.00
  G00741                  1.00   0.03  0.00  0.00  0.31  0.66  0.00  0.00  0.00  0.00
  G00742                  1.00   0.03  0.00  0.00  0.97  0.00  0.00  0.00  0.17  0.00
  G00743                  1.00   0.03  0.00  0.00  0.97  0.00  0.00  0.00  0.36  0.00
  G00744                  1.00   0.03  0.00  0.00  0.97  0.00  0.00  0.00  0.68  0.00
  G00745                  1.00   0.03  0.00  0.00  0.97  0.00  0.00  0.00  0.06  0.00
  G00746                  1.00   0.03  0.00  0.00  0.97  0.00  0.00  0.00  0.96  0.00
  G00747                  1.00   0.03  0.00  0.00  0.97  0.00  0.00  0.00  0.96  0.00
  G00748                  1.00   0.03  0.00  0.00  0.97  0.00  0.00  0.00  0.69  0.00
  G00749                  1.00   0.03  0.00  0.00  0.97  0.00  0.00  0.00  0.70  0.00
  G00750                  1.00   0.03  0.00  0.00  0.97  0.00  0.00  0.00  0.18  0.00
  G00751                  1.00   0.03  0.00  0.00  0.97  0.00  0.00  0.00  0.30  0.00
  G00752                  1.00   0.03  0.00  0.00  0.97  0.00  0.00  0.00  0.18  0.00
  G00753                  1.00   0.03  0.00  0.00  0.97  0.00  0.00  0.00  0.00  0.00
  G00754                  1.00   0.03  0.00  0.00  0.97  0.00  0.00  0.00  0.96  0.00
  G00755                  1.00   0.03  0.00  0.00  0.71  0.25  0.00  0.00  0.85  0.00
  G00756                  1.00   0.03  0.00  0.00  0.97  0.00  0.00  0.00  0.96  0.00
  G00757                  1.00   0.03  0.00  0.00  0.97  0.00  0.00  0.00  0.63  0.00
  G00758                  1.00   0.03  0.00  0.00  0.83  0.14  0.00  0.00  0.96  0.00
  G00759                  1.00   0.03  0.00  0.00  0.09  0.88  0.00  0.00  0.87  0.00
  G00760                  1.00   0.03  0.00  0.00  0.97  0.00  0.00  0.00  0.96  0.00
  G00761                  1.00   0.03  0.00  0.00  0.97  0.00  0.00  0.00  0.00  0.00
  G00762                  1.00   0.03  0.00  0.00  0.97  0.00  0.00  0.00  0.96  0.00
  G00763                  1.00   0.03  0.00  0.00  0.97  0.00  0.00  0.00  0.00  0.00
  G00764                  1.00   0.03  0.00  0.00  0.90  0.06  0.00  0.00  0.96  0.00
  G00765                  1.00   0.03  0.00  0.00  0.07  0.89  0.00  0.00  0.96  0.00
  G00766                  1.00   0.03  0.00  0.00  0.23  0.74  0.00  0.00  0.49  0.00
  G00767                  1.00   0.03  0.00  0.00  0.24  0.72  0.00  0.00  0.28  0.00
  G00768                  1.00   0.03  0.00  0.00  0.62  0.35  0.00  0.00  0.96  0.00
  G00769                  1.00   0.03  0.00  0.00  0.97  0.00  0.00  0.00  0.79  0.00
  G00770                  1.00   0.03  0.00  0.00  0.23  0.73  0.00  0.00  0.38  0.00
  G00771                  1.00   0.03  0.00  0.00  0.97  0.00  0.00  0.00  0.37  0.00
  G00772                  1.00   0.03  0.00  0.00  0.97  0.00  0.00  0.00  0.69  0.00
  G00773                  1.00   0.02  0.01  0.00  0.97  0.00  0.00  0.00  0.97  0.00
  G00774                  1.00   0.03  0.00  0.00  0.97  0.00  0.00  0.00  0.96  0.00
  G00775                  1.00   0.03  0.00  0.00  0.97  0.00  0.00  0.00  0.02  0.00
  G00776                  1.00   0.03  0.00  0.00  0.97  0.00  0.00  0.00  0.96  0.00
  G00777                  1.00   0.03  0.00  0.00  0.41  0.55  0.00  0.00  0.96  0.00
  G00778                  1.00   0.02  0.00  0.00  0.05  0.93  0.00  0.00  0.00  0.00
  G00779                  1.00   0.03  0.00  0.00  0.97  0.00  0.00  0.00  0.09  0.00
  G00780                  1.00   0.03  0.00  0.00  0.97  0.00  0.00  0.00  0.41  0.00
  G00781                  1.00   0.03  0.00  0.00  0.97  0.00  0.00  0.00  0.06  0.00
  G00782                  1.00   0.03  0.00  0.00  0.97  0.00  0.00  0.00  0.52  0.00
  G00783                  1.00   0.03  0.00  0.00  0.97  0.00  0.00  0.00  0.00  0.00
  G00784                  1.00   0.03  0.00  0.00  0.97  0.00  0.00  0.00  0.96  0.00
  G00785                  1.00   0.03  0.00  0.00  0.97  0.00  0.00  0.00  0.00  0.00
  G00786                  1.00   0.03  0.00  0.00  0.94  0.03  0.00  0.00  0.96  0.00
  G00787                  1.00   0.03  0.00  0.00  0.97  0.00  0.00  0.00  0.96  0.00
  G00788                  1.00   0.03  0.00  0.00  0.97  0.00  0.00  0.00  0.40  0.00
  G00789                  1.00   0.03  0.00  0.00  0.97  0.00  0.00  0.00  0.96  0.00
  G00790                  1.00   0.03  0.00  0.00  0.97  0.00  0.00  0.00  0.96  0.00
  G00791                  1.00   0.03  0.00  0.00  0.97  0.00  0.00  0.00  0.01  0.00
  G00792                  1.00   0.03  0.00  0.00  0.97  0.00  0.00  0.00  0.96  0.00
  G00793                  1.00   0.03  0.00  0.00  0.97  0.00  0.00  0.00  0.26  0.00
  G00794                  1.00   0.02  0.00  0.00  0.53  0.45  0.00  0.00  0.00  0.00
  G00795                  1.00   0.03  0.00  0.00  0.97  0.00  0.00  0.00  0.96  0.00
  G00796                  1.00   0.03  0.00  0.00  0.97  0.00  0.00  0.00  0.96  0.00
  G00797                  1.00   0.03  0.00  0.00  0.95  0.01  0.00  0.00  0.96  0.00
  G00798                  1.00   0.03  0.00  0.00  0.95  0.02  0.00  0.00  0.96  0.00
  G00799                  1.00   0.03  0.00  0.00  0.97  0.00  0.00  0.00  0.58  0.00
  G00800                  1.00   0.03  0.00  0.00  0.97  0.00  0.00  0.00  0.31  0.00
  G00801                  1.00   0.03  0.00  0.00  0.97  0.00  0.00  0.00  0.40  0.00
  G00802                  1.00   0.03  0.00  0.00  0.97  0.00  0.00  0.00  0.31  0.00
  G00803                  1.00   0.03  0.00  0.00  0.97  0.00  0.00  0.00  0.01  0.00
  G00804                  1.00   0.03  0.00  0.00  0.93  0.04  0.00  0.00  0.96  0.00
  G00805                  1.00   0.03  0.00  0.00  0.97  0.00  0.00  0.00  0.30  0.00
  G00806                  1.00   0.03  0.00  0.00  0.97  0.00  0.00  0.00  0.00  0.00
  G00807                  1.00   0.03  0.00  0.00  0.97  0.00  0.00  0.00  0.96  0.00
  G00808                  1.00   0.02  0.00  0.00  0.98  0.00  0.00  0.00  0.88  0.00
  G00809                  1.00   0.03  0.00  0.00  0.97  0.00  0.00  0.00  0.00  0.00
  G00810                  1.00   0.03  0.00  0.00  0.97  0.00  0.00  0.00  0.28  0.00
  G00811                  1.00   0.03  0.00  0.00  0.97  0.00  0.00  0.00  0.00  0.00
  G00812                  1.00   0.03  0.00  0.00  0.97  0.00  0.00  0.00  0.90  0.00
  G00813                  1.00   0.03  0.00  0.00  0.97  0.00  0.00  0.00  0.00  0.00
  G00814                  1.00   0.03  0.00  0.00  0.97  0.00  0.00  0.00  0.96  0.00
  G00815                  1.00   0.03  0.00  0.00  0.97  0.00  0.00  0.00  0.96  0.00
  G00816                  1.00   0.03  0.00  0.00  0.96  0.00  0.00  0.00  0.96  0.00
  G00817                  1.00   0.03  0.00  0.00  0.97  0.00  0.00  0.00  0.16  0.00
  G00818                  1.00   0.03  0.00  0.00  0.97  0.00  0.00  0.00  0.10  0.00
  G00819                  1.00   0.03  0.00  0.00  0.97  0.00  0.00  0.00  0.48  0.00
  G00820                  1.00   0.03  0.00  0.00  0.97  0.00  0.00  0.00  0.40  0.00
  G00821                  1.00   0.03  0.00  0.00  0.97  0.00  0.00  0.00  0.96  0.00
  G00822                  1.00   0.03  0.00  0.00  0.97  0.00  0.00  0.00  0.78  0.00
  G00823                  1.00   0.03  0.00  0.00  0.97  0.00  0.00  0.00  0.00  0.00
  G00824                  1.00   0.03  0.00  0.00  0.97  0.00  0.00  0.00  0.03  0.00
  G00825                  1.00   0.03  0.00  0.00  0.94  0.03  0.00  0.00  0.86  0.00
  G00826                  1.00   0.03  0.00  0.00  0.97  0.00  0.00  0.00  0.96  0.00
  G00827                  1.00   0.03  0.00  0.00  0.13  0.83  0.00  0.00  0.11  0.00
  G00828                  1.00   0.03  0.00  0.00  0.97  0.00  0.00  0.00  0.33  0.00
  G00829                  1.00   0.03  0.00  0.00  0.97  0.00  0.00  0.00  0.96  0.00
  G00830                  1.00   0.03  0.00  0.00  0.97  0.00  0.00  0.00  0.00  0.00
  G00831                  1.00   0.03  0.00  0.00  0.88  0.08  0.00  0.00  0.96  0.00
  G00832                  1.00   0.03  0.00  0.00  0.97  0.00  0.00  0.00  0.00  0.00
  G00833                  1.00   0.03  0.00  0.00  0.97  0.00  0.00  0.00  0.96  0.00
  G00834                  1.00   0.03  0.00  0.00  0.97  0.00  0.00  0.00  0.07  0.00
  G00835                  1.00   0.02  0.01  0.00  0.97  0.00  0.00  0.00  0.89  0.00
  G00836                  1.00   0.02  0.00  0.00  0.98  0.00  0.00  0.00  0.07  0.00
  G00837                  1.00   0.03  0.00  0.00  0.97  0.00  0.00  0.00  0.96  0.00
  G00838                  1.00   0.03  0.00  0.00  0.97  0.00  0.00  0.00  0.96  0.00
  G00839                  1.00   0.02  0.01  0.00  0.97  0.00  0.00  0.00  0.97  0.00
  G00840                  1.00   0.02  0.00  0.00  0.98  0.00  0.00  0.00  0.00  0.00
  G00841                  1.00   0.02  0.01  0.00  0.97  0.00  0.00  0.00  0.97  0.00
  G00842                  1.00   0.03  0.00  0.00  0.97  0.00  0.00  0.00  0.96  0.00
  G00843                  1.00   0.03  0.00  0.00  0.97  0.00  0.00  0.00  0.87  0.00
  G00844                  1.00   0.03  0.00  0.00  0.97  0.00  0.00  0.00  0.96  0.00
  G00845                  1.00   0.03  0.00  0.00  0.97  0.00  0.00  0.00  0.00  0.00
  G00846                  1.00   0.03  0.00  0.00  0.97  0.00  0.00  0.00  0.27  0.00
  G00847                  1.00   0.03  0.00  0.00  0.73  0.24  0.00  0.00  0.96  0.00
  G00848                  1.00   0.03  0.00  0.00  0.04  0.92  0.00  0.00  0.91  0.00
  G00849                  1.00   0.03  0.00  0.00  0.97  0.00  0.00  0.00  0.96  0.00
  G00850                  1.00   0.03  0.00  0.00  0.97  0.00  0.00  0.00  0.96  0.00
  G00851                  1.00   0.03  0.00  0.00  0.15  0.82  0.00  0.00  0.96  0.00
  G00852                  1.00   0.02  0.00  0.00  0.38  0.60  0.00  0.00  0.76  0.00
  G00853                  1.00   0.03  0.00  0.00  0.97  0.00  0.00  0.00  0.88  0.00
  G00854                  1.00   0.03  0.00  0.00  0.97  0.00  0.00  0.00  0.51  0.00
  G00855                  1.00   0.03  0.00  0.00  0.97  0.00  0.00  0.00  0.96  0.00
  G00856                  1.00   0.02  0.01  0.00  0.85  0.11  0.00  0.00  0.97  0.00
  G00857                  1.00   0.03  0.00  0.00  0.97  0.00  0.00  0.00  0.01  0.00
  G00858                  1.00   0.03  0.00  0.00  0.97  0.00  0.00  0.00  0.96  0.00
  G00859                  1.00   0.03  0.00  0.00  0.08  0.89  0.00  0.00  0.71  0.00
  G00860                  1.00   0.03  0.00  0.00  0.97  0.00  0.00  0.00  0.96  0.00
  G00861                  1.00   0.03  0.00  0.00  0.97  0.00  0.00  0.00  0.96  0.00
  G00862                  1.00   0.03  0.00  0.00  0.97  0.00  0.00  0.00  0.96  0.00
  G00863                  1.00   0.03  0.00  0.00  0.97  0.00  0.00  0.00  0.96  0.00
  G00864                  1.00   0.03  0.00  0.00  0.97  0.00  0.00  0.00  0.29  0.00
  G00865                  1.00   0.03  0.00  0.00  0.97  0.00  0.00  0.00  0.05  0.00
  G00866                  1.00   0.03  0.00  0.00  0.27  0.70  0.00  0.00  0.74  0.00
  G00867                  1.00   0.03  0.00  0.00  0.97  0.00  0.00  0.00  0.96  0.00
  G00868                  1.00   0.03  0.00  0.00  0.58  0.39  0.00  0.00  0.82  0.00
  G00869                  1.00   0.03  0.00  0.00  0.97  0.00  0.00  0.00  0.41  0.00
  G00870                  1.00   0.02  0.00  0.00  0.98  0.00  0.00  0.00  0.05  0.00
  G00871                  1.00   0.03  0.00  0.00  0.97  0.00  0.00  0.00  0.00  0.00
  G00872                  1.00   0.03  0.00  0.00  0.97  0.00  0.00  0.00  0.00  0.00
  G00873                  1.00   0.02  0.01  0.00  0.97  0.00  0.00  0.00  0.50  0.00
  G00874                  1.00   0.03  0.00  0.00  0.97  0.00  0.00  0.00  0.70  0.00
  G00875                  1.00   0.03  0.00  0.00  0.70  0.27  0.00  0.00  0.00  0.00
  G00876                  1.00   0.03  0.00  0.00  0.78  0.18  0.00  0.00  0.85  0.00
  G00877                  1.00   0.03  0.00  0.00  0.88  0.09  0.00  0.00  0.96  0.00
  G00878                  1.00   0.03  0.00  0.00  0.06  0.91  0.00  0.00  0.73  0.00
  G00879                  1.00   0.03  0.00  0.00  0.97  0.00  0.00  0.00  0.31  0.00
  G00880                  1.00   0.03  0.00  0.00  0.97  0.00  0.00  0.00  0.96  0.00
  G00881                  1.00   0.03  0.00  0.00  0.53  0.43  0.00  0.00  0.96  0.00
  G00882                  1.00   0.03  0.00  0.00  0.74  0.23  0.00  0.00  0.96  0.00
  G00883                  1.00   0.03  0.00  0.00  0.94  0.02  0.00  0.00  0.96  0.00
  G00884                  1.00   0.03  0.00  0.00  0.95  0.02  0.00  0.00  0.96  0.00
  G00885                  1.00   0.03  0.00  0.00  0.97  0.00  0.00  0.00  0.20  0.00
  G00886                  1.00   0.03  0.00  0.00  0.97  0.00  0.00  0.00  0.00  0.00
  G00887                  1.00   0.03  0.00  0.00  0.97  0.00  0.00  0.00  0.17  0.00
  G00888                  1.00   0.03  0.00  0.00  0.97  0.00  0.00  0.00  0.36  0.00
  G00889                  1.00   0.03  0.00  0.00  0.97  0.00  0.00  0.00  0.00  0.00
  G00890                  1.00   0.03  0.00  0.00  0.97  0.00  0.00  0.00  0.00  0.00
  G00891                  1.00   0.02  0.02  0.00  0.97  0.00  0.00  0.00  0.97  0.00
  G00892                  1.00   0.03  0.00  0.00  0.97  0.00  0.00  0.00  0.39  0.00
  G00893                  1.00   0.03  0.00  0.00  0.97  0.00  0.00  0.00  0.00  0.00
  G00894                  1.00   0.02  0.02  0.00  0.97  0.00  0.00  0.00  0.97  0.00
  G00895                  1.00   0.03  0.00  0.00  0.97  0.00  0.00  0.00  0.96  0.00
  G00896                  1.00   0.03  0.00  0.00  0.97  0.00  0.00  0.00  0.82  0.00
  G00897                  1.00   0.03  0.00  0.00  0.97  0.00  0.00  0.00  0.96  0.00
  G00898                  1.00   0.02  0.01  0.00  0.97  0.00  0.00  0.00  0.41  0.00
  G00899                  1.00   0.03  0.00  0.00  0.97  0.00  0.00  0.00  0.93  0.00
  G00900                  1.00   0.03  0.00  0.00  0.97  0.00  0.00  0.00  0.51  0.00
  G00901                  1.00   0.03  0.00  0.00  0.97  0.00  0.00  0.00  0.00  0.00
  G00902                  1.00   0.03  0.00  0.00  0.97  0.00  0.00  0.00  0.00  0.00
  G00903                  1.00   0.02  0.01  0.00  0.97  0.00  0.00  0.00  0.97  0.00
  G00904                  1.00   0.03  0.00  0.00  0.97  0.00  0.00  0.00  0.96  0.00
  G00905                  1.00   0.03  0.00  0.00  0.97  0.00  0.00  0.00  0.96  0.00
  G00906                  1.00   0.03  0.00  0.00  0.97  0.00  0.00  0.00  0.96  0.00
  G00907                  1.00   0.03  0.00  0.00  0.97  0.00  0.00  0.00  0.96  0.00
  G00908                  1.00   0.03  0.00  0.00  0.97  0.00  0.00  0.00  0.96  0.00
  G00909                  1.00   0.03  0.00  0.00  0.97  0.00  0.00  0.00  0.00  0.00
  G00910                  1.00   0.03  0.00  0.00  0.16  0.80  0.00  0.00  0.96  0.00
  G00911                  1.00   0.03  0.00  0.00  0.97  0.00  0.00  0.00  0.96  0.00
  G00912                  1.00   0.03  0.00  0.00  0.97  0.00  0.00  0.00  0.96  0.00
  G00913                  1.00   0.03  0.00  0.00  0.02  0.95  0.00  0.00  0.96  0.00
  G00914                  1.00   0.03  0.00  0.00  0.00  0.96  0.00  0.00  0.00  0.00
  G00915                  1.00   0.03  0.00  0.00  0.62  0.34  0.00  0.00  0.96  0.00
  G00916                  1.00   0.03  0.00  0.00  0.71  0.26  0.00  0.00  0.96  0.00
  G00917                  1.00   0.03  0.00  0.00  0.97  0.00  0.00  0.00  0.18  0.00
  G00918                  1.00   0.03  0.00  0.00  0.97  0.00  0.00  0.00  0.25  0.00
  G00919                  1.00   0.03  0.00  0.00  0.32  0.64  0.00  0.00  0.00  0.00
  G00920                  1.00   0.03  0.00  0.00  0.97  0.00  0.00  0.00  0.01  0.00
  G00921                  1.00   0.03  0.00  0.00  0.97  0.00  0.00  0.00  0.96  0.00
  G00922                  1.00   0.03  0.00  0.00  0.93  0.04  0.00  0.00  0.69  0.00
  G00923                  1.00   0.02  0.00  0.00  0.98  0.00  0.00  0.00  0.00  0.00
  G00924                  1.00   0.02  0.01  0.00  0.97  0.00  0.00  0.00  0.97  0.00
  G00925                  1.00   0.03  0.00  0.00  0.97  0.00  0.00  0.00  0.96  0.00
  G00926                  1.00   0.03  0.00  0.00  0.97  0.00  0.00  0.00  0.33  0.00
  G00927                  1.00   0.03  0.00  0.00  0.97  0.00  0.00  0.00  0.96  0.00
  G00928                  1.00   0.03  0.00  0.00  0.97  0.00  0.00  0.00  0.96  0.00
  G00929                  1.00   0.03  0.00  0.00  0.97  0.00  0.00  0.00  0.96  0.00
  G00930                  1.00   0.03  0.00  0.00  0.36  0.61  0.00  0.00  0.00  0.00
  G00931                  1.00   0.03  0.00  0.00  0.97  0.00  0.00  0.00  0.00  0.00
  G00932                  1.00   0.03  0.00  0.00  0.26  0.71  0.00  0.00  0.82  0.00
  G00933                  1.00   0.03  0.00  0.00  0.97  0.00  0.00  0.00  0.02  0.00
  G00934                  1.00   0.03  0.00  0.00  0.97  0.00  0.00  0.00  0.31  0.00
  G00935                  1.00   0.03  0.00  0.00  0.97  0.00  0.00  0.00  0.13  0.00
  G00936                  1.00   0.02  0.00  0.00  0.98  0.00  0.00  0.00  0.11  0.00
  G00937                  1.00   0.03  0.00  0.00  0.97  0.00  0.00  0.00  0.48  0.00
  G00938                  1.00   0.03  0.00  0.00  0.97  0.00  0.00  0.00  0.28  0.00
  G00939                  1.00   0.03  0.00  0.00  0.97  0.00  0.00  0.00  0.33  0.00
  G00940                  1.00   0.03  0.00  0.00  0.97  0.00  0.00  0.00  0.00  0.00
  G00941                  1.00   0.03  0.00  0.00  0.97  0.00  0.00  0.00  0.96  0.00
  G00942                  1.00   0.02  0.01  0.00  0.97  0.00  0.00  0.00  0.97  0.00
  G00943                  1.00   0.03  0.00  0.00  0.03  0.94  0.00  0.00  0.00  0.00
  G00944                  1.00   0.02  0.02  0.00  0.97  0.00  0.00  0.00  0.96  0.00
  G00945                  1.00   0.03  0.00  0.00  0.97  0.00  0.00  0.00  0.25  0.00
  G00946                  1.00   0.03  0.00  0.00  0.97  0.00  0.00  0.00  0.96  0.00
  G00947                  1.00   0.03  0.00  0.00  0.97  0.00  0.00  0.00  0.45  0.00
  G00948                  1.00   0.03  0.00  0.00  0.85  0.12  0.00  0.00  0.93  0.00
  G00949                  1.00   0.03  0.00  0.00  0.97  0.00  0.00  0.00  0.96  0.00
  G00950                  1.00   0.03  0.00  0.00  0.97  0.00  0.00  0.00  0.00  0.00
  G00951                  1.00   0.03  0.00  0.00  0.97  0.00  0.00  0.00  0.40  0.00
  G00952                  1.00   0.03  0.00  0.00  0.97  0.00  0.00  0.00  0.96  0.00
  G00953                  1.00   0.03  0.00  0.00  0.97  0.00  0.00  0.00  0.96  0.00
  G00954                  1.00   0.02  0.00  0.00  0.98  0.00  0.00  0.00  0.00  0.00
  G00955                  1.00   0.03  0.00  0.00  0.97  0.00  0.00  0.00  0.00  0.00
  G00956                  1.00   0.03  0.00  0.00  0.97  0.00  0.00  0.00  0.96  0.00
  G00957                  1.00   0.03  0.00  0.00  0.05  0.92  0.00  0.00  0.29  0.00
  G00958                  1.00   0.03  0.00  0.00  0.97  0.00  0.00  0.00  0.15  0.00
  G00959                  1.00   0.02  0.01  0.00  0.40  0.57  0.00  0.00  0.97  0.00
  G00960                  1.00   0.03  0.00  0.00  0.97  0.00  0.00  0.00  0.96  0.00
  G00961                  1.00   0.03  0.00  0.00  0.49  0.47  0.00  0.00  0.11  0.00
  G00962                  1.00   0.02  0.00  0.00  0.98  0.00  0.00  0.00  0.00  0.00
  G00963                  1.00   0.02  0.02  0.00  0.97  0.00  0.00  0.00  0.97  0.00
  G00964                  1.00   0.03  0.00  0.00  0.97  0.00  0.00  0.00  0.92  0.00
  G00965                  1.00   0.03  0.00  0.00  0.97  0.00  0.00  0.00  0.77  0.00
  G00966                  1.00   0.03  0.00  0.00  0.97  0.00  0.00  0.00  0.21  0.00
  G00967                  1.00   0.03  0.00  0.00  0.97  0.00  0.00  0.00  0.27  0.00
  G00968                  1.00   0.03  0.00  0.00  0.97  0.00  0.00  0.00  0.96  0.00
  G00969                  1.00   0.03  0.00  0.00  0.97  0.00  0.00  0.00  0.37  0.00
  G00970                  1.00   0.03  0.00  0.00  0.97  0.00  0.00  0.00  0.47  0.00
  G00971                  1.00   0.02  0.02  0.00  0.97  0.00  0.00  0.00  0.97  0.00
  G00972                  1.00   0.03  0.00  0.00  0.09  0.88  0.00  0.00  0.03  0.00
  G00973                  1.00   0.03  0.00  0.00  0.97  0.00  0.00  0.00  0.96  0.00
  G00974                  1.00   0.03  0.00  0.00  0.14  0.83  0.00  0.00  0.96  0.00
  G00975                  1.00   0.03  0.00  0.00  0.97  0.00  0.00  0.00  0.00  0.00
  G00976                  1.00   0.03  0.00  0.00  0.97  0.00  0.00  0.00  0.96  0.00
  G00977                  1.00   0.03  0.00  0.00  0.97  0.00  0.00  0.00  0.96  0.00
  G00978                  1.00   0.03  0.00  0.00  0.06  0.91  0.00  0.00  0.96  0.00
  G00979                  1.00   0.02  0.01  0.00  0.08  0.89  0.00  0.00  0.97  0.00
  G00980                  1.00   0.02  0.00  0.00  0.66  0.32  0.00  0.00  0.96  0.00
  G00981                  1.00   0.02  0.01  0.00  0.97  0.00  0.00  0.00  0.97  0.00
  G00982                  1.00   0.02  0.00  0.00  0.98  0.00  0.00  0.00  0.04  0.00
  G00983                  1.00   0.03  0.00  0.00  0.97  0.00  0.00  0.00  0.96  0.00
  G00984                  1.00   0.03  0.00  0.00  0.97  0.00  0.00  0.00  0.96  0.00
  G00985                  1.00   0.03  0.00  0.00  0.54  0.43  0.00  0.00  0.00  0.00
  G00986                  1.00   0.03  0.00  0.00  0.97  0.00  0.00  0.00  0.96  0.00
  G00987                  1.00   0.03  0.00  0.00  0.06  0.91  0.00  0.00  0.00  0.00
  G00988                  1.00   0.03  0.00  0.00  0.04  0.93  0.00  0.00  0.88  0.00
  G00989                  1.00   0.03  0.00  0.00  0.97  0.00  0.00  0.00  0.96  0.00
  G00990                  1.00   0.03  0.00  0.00  0.97  0.00  0.00  0.00  0.00  0.00
  G00991                  1.00   0.03  0.00  0.00  0.97  0.00  0.00  0.00  0.96  0.00
  G00992                  1.00   0.02  0.02  0.00  0.26  0.70  0.00  0.00  0.97  0.00
  G00993                  1.00   0.03  0.00  0.00  0.35  0.62  0.00  0.00  0.00  0.00
  G00994                  1.00   0.03  0.00  0.00  0.73  0.24  0.00  0.00  0.96  0.00
  G00995                  1.00   0.03  0.00  0.00  0.97  0.00  0.00  0.00  0.08  0.00
  G00996                  1.00   0.03  0.00  0.00  0.97  0.00  0.00  0.00  0.96  0.00
  G00997                  1.00   0.03  0.00  0.00  0.94  0.02  0.00  0.00  0.93  0.00
  G00998                  1.00   0.03  0.00  0.00  0.97  0.00  0.00  0.00  0.84  0.00
  G00999                  1.00   0.03  0.00  0.00  0.97  0.00  0.00  0.00  0.96  0.00
  G01000                  1.00   0.03  0.00  0.00  0.97  0.00  0.00  0.00  0.00  0.00
  G01001                  1.00   0.03  0.00  0.00  0.97  0.00  0.00  0.00  0.00  0.00
  G01002                  1.00   0.03  0.00  0.00  0.97  0.00  0.00  0.00  0.96  0.00
  G01003                  1.00   0.03  0.00  0.00  0.97  0.00  0.00  0.00  0.12  0.00
  G01004                  1.00   0.03  0.00  0.00  0.97  0.00  0.00  0.00  0.96  0.00
  G01005                  1.00   0.03  0.00  0.00  0.97  0.00  0.00  0.00  0.96  0.00
  G01006                  1.00   0.03  0.00  0.00  0.97  0.00  0.00  0.00  0.03  0.00
  G01007                  1.00   0.03  0.00  0.00  0.97  0.00  0.00  0.00  0.96  0.00
  G01008                  1.00   0.03  0.00  0.00  0.97  0.00  0.00  0.00  0.96  0.00
  G01009                  1.00   0.03  0.00  0.00  0.97  0.00  0.00  0.00  0.96  0.00
  G01010                  1.00   0.03  0.00  0.00  0.97  0.00  0.00  0.00  0.96  0.00
  G01011                  1.00   0.03  0.00  0.00  0.97  0.00  0.00  0.00  0.96  0.00
  G01012                  1.00   0.02  0.00  0.00  0.98  0.00  0.00  0.00  0.00  0.00
  G01013                  1.00   0.03  0.00  0.00  0.97  0.00  0.00  0.00  0.96  0.00
  G01014                  1.00   0.03  0.00  0.00  0.97  0.00  0.00  0.00  0.96  0.00
  G01015                  1.00   0.03  0.00  0.00  0.97  0.00  0.00  0.00  0.01  0.00
  G01016                  1.00   0.03  0.00  0.00  0.97  0.00  0.00  0.00  0.00  0.00
  G01017                  1.00   0.03  0.00  0.00  0.97  0.00  0.00  0.00  0.96  0.00
  G01018                  1.00   0.03  0.00  0.00  0.85  0.12  0.00  0.00  0.96  0.00
  G01019                  1.00   0.03  0.00  0.00  0.97  0.00  0.00  0.00  0.96  0.00
  G01020                  1.00   0.03  0.00  0.00  0.97  0.00  0.00  0.00  0.34  0.00
  G01021                  1.00   0.03  0.00  0.00  0.97  0.00  0.00  0.00  0.94  0.00
  G01022                  1.00   0.03  0.00  0.00  0.97  0.00  0.00  0.00  0.25  0.00
  G01023                  1.00   0.03  0.00  0.00  0.97  0.00  0.00  0.00  0.32  0.00
  G01024                  1.00   0.03  0.00  0.00  0.97  0.00  0.00  0.00  0.30  0.00
  G01025                  1.00   0.03  0.00  0.00  0.97  0.00  0.00  0.00  0.40  0.00
  G01026                  1.00   0.03  0.00  0.00  0.97  0.00  0.00  0.00  0.00  0.00
  G01027                  1.00   0.02  0.00  0.00  0.98  0.00  0.00  0.00  0.00  0.00
  G01028                  1.00   0.03  0.00  0.00  0.97  0.00  0.00  0.00  0.90  0.00
  G01029                  1.00   0.03  0.00  0.00  0.97  0.00  0.00  0.00  0.00  0.00
  G01030                  1.00   0.03  0.00  0.00  0.97  0.00  0.00  0.00  0.90  0.00
  G01031                  1.00   0.03  0.00  0.00  0.95  0.01  0.00  0.00  0.30  0.00
  G01032                  1.00   0.03  0.00  0.00  0.97  0.00  0.00  0.00  0.00  0.00
  G01033                  1.00   0.03  0.00  0.00  0.13  0.84  0.00  0.00  0.10  0.00
  G01034                  1.00   0.03  0.00  0.00  0.97  0.00  0.00  0.00  0.18  0.00
  G01035                  1.00   0.03  0.00  0.00  0.97  0.00  0.00  0.00  0.32  0.00
  G01036                  1.00   0.03  0.00  0.00  0.97  0.00  0.00  0.00  0.27  0.00
  G01037                  1.00   0.03  0.00  0.00  0.97  0.00  0.00  0.00  0.96  0.00
  G01038                  1.00   0.03  0.00  0.00  0.97  0.00  0.00  0.00  0.21  0.00
  G01039                  1.00   0.03  0.00  0.00  0.97  0.00  0.00  0.00  0.54  0.00
  G01040                  1.00   0.03  0.00  0.00  0.97  0.00  0.00  0.00  0.08  0.00
  G01041                  1.00   0.03  0.00  0.00  0.97  0.00  0.00  0.00  0.00  0.00
  G01042                  1.00   0.03  0.00  0.00  0.97  0.00  0.00  0.00  0.96  0.00
  G01043                  1.00   0.03  0.00  0.00  0.93  0.04  0.00  0.00  0.90  0.00
  G01044                  1.00   0.03  0.00  0.00  0.97  0.00  0.00  0.00  0.28  0.00
  G01045                  1.00   0.03  0.00  0.00  0.97  0.00  0.00  0.00  0.96  0.00
  G01046                  1.00   0.03  0.00  0.00  0.97  0.00  0.00  0.00  0.71  0.00
  G01047                  1.00   0.03  0.00  0.00  0.97  0.00  0.00  0.00  0.29  0.00
  G01048                  1.00   0.03  0.00  0.00  0.97  0.00  0.00  0.00  0.29  0.00
  G01049                  1.00   0.03  0.00  0.00  0.94  0.03  0.00  0.00  0.96  0.00
  G01050                  1.00   0.03  0.00  0.00  0.97  0.00  0.00  0.00  0.20  0.00
  G01051                  1.00   0.03  0.00  0.00  0.97  0.00  0.00  0.00  0.38  0.00
  G01052                  1.00   0.02  0.01  0.00  0.97  0.00  0.00  0.00  0.26  0.00
  G01053                  1.00   0.02  0.00  0.00  0.98  0.00  0.00  0.00  0.00  0.00
  G01054                  1.00   0.03  0.00  0.00  0.97  0.00  0.00  0.00  0.00  0.00
  G01055                  1.00   0.03  0.00  0.00  0.97  0.00  0.00  0.00  0.96  0.00
  G01056                  1.00   0.03  0.00  0.00  0.97  0.00  0.00  0.00  0.96  0.00
  G01057                  1.00   0.02  0.00  0.00  0.98  0.00  0.00  0.00  0.02  0.00
  G01058                  1.00   0.02  0.00  0.00  0.98  0.00  0.00  0.00  0.37  0.00
  G01059                  1.00   0.03  0.00  0.00  0.97  0.00  0.00  0.00  0.00  0.00
  G01060                  1.00   0.02  0.01  0.00  0.97  0.00  0.00  0.00  0.97  0.00
  G01061                  1.00   0.02  0.01  0.00  0.97  0.00  0.00  0.00  0.97  0.00
  G01062                  1.00   0.03  0.00  0.00  0.97  0.00  0.00  0.00  0.63  0.00
  G01063                  1.00   0.03  0.00  0.00  0.97  0.00  0.00  0.00  0.96  0.00
  G01064                  1.00   0.03  0.00  0.00  0.87  0.10  0.00  0.00  0.96  0.00
  G01065                  1.00   0.03  0.00  0.00  0.97  0.00  0.00  0.00  0.84  0.00
  G01066                  1.00   0.02  0.01  0.00  0.94  0.03  0.00  0.00  0.96  0.00
  G01067                  1.00   0.02  0.00  0.00  0.98  0.00  0.00  0.00  0.97  0.00
  G01068                  1.00   0.03  0.00  0.00  0.81  0.16  0.00  0.00  0.96  0.00
  G01069                  1.00   0.03  0.00  0.00  0.97  0.00  0.00  0.00  0.96  0.00
  G01070                  1.00   0.03  0.00  0.00  0.97  0.00  0.00  0.00  0.96  0.00
  G01071                  1.00   0.03  0.00  0.00  0.96  0.00  0.00  0.00  0.96  0.00
  G01072                  1.00   0.03  0.00  0.00  0.97  0.00  0.00  0.00  0.06  0.00
  G01073                  1.00   0.03  0.00  0.00  0.97  0.00  0.00  0.00  0.96  0.00
  G01074                  1.00   0.03  0.00  0.00  0.97  0.00  0.00  0.00  0.96  0.00
  G01075                  1.00   0.03  0.00  0.00  0.97  0.00  0.00  0.00  0.96  0.00
  G01076                  1.00   0.03  0.00  0.00  0.97  0.00  0.00  0.00  0.96  0.00
  G01077                  1.00   0.03  0.00  0.00  0.97  0.00  0.00  0.00  0.11  0.00
  G01078                  1.00   0.03  0.00  0.00  0.97  0.00  0.00  0.00  0.46  0.00
  G01079                  1.00   0.03  0.00  0.00  0.97  0.00  0.00  0.00  0.96  0.00
  G01080                  1.00   0.03  0.00  0.00  0.97  0.00  0.00  0.00  0.01  0.00
  G01081                  1.00   0.03  0.00  0.00  0.97  0.00  0.00  0.00  0.29  0.00
  G01082                  1.00   0.03  0.00  0.00  0.97  0.00  0.00  0.00  0.96  0.00
  G01083                  1.00   0.03  0.00  0.00  0.94  0.03  0.00  0.00  0.96  0.00
  G01084                  1.00   0.03  0.00  0.00  0.97  0.00  0.00  0.00  0.96  0.00
  G01085                  1.00   0.03  0.00  0.00  0.97  0.00  0.00  0.00  0.96  0.00
  G01086                  1.00   0.02  0.00  0.00  0.98  0.00  0.00  0.00  0.26  0.00
  G01087                  1.00   0.03  0.00  0.00  0.97  0.00  0.00  0.00  0.25  0.00
  G01088                  1.00   0.03  0.00  0.00  0.75  0.22  0.00  0.00  0.71  0.00
  G01089                  1.00   0.03  0.00  0.00  0.97  0.00  0.00  0.00  0.96  0.00
  G01090                  1.00   0.03  0.00  0.00  0.97  0.00  0.00  0.00  0.18  0.00
  G01091                  1.00   0.03  0.00  0.00  0.97  0.00  0.00  0.00  0.14  0.00
  G01092                  1.00   0.03  0.00  0.00  0.97  0.00  0.00  0.00  0.96  0.00
  G01093                  1.00   0.03  0.00  0.00  0.97  0.00  0.00  0.00  0.64  0.00
  G01094                  1.00   0.03  0.00  0.00  0.97  0.00  0.00  0.00  0.96  0.00
  G01095                  1.00   0.03  0.00  0.00  0.18  0.79  0.00  0.00  0.96  0.00
  G01096                  1.00   0.03  0.00  0.00  0.97  0.00  0.00  0.00  0.96  0.00
  G01097                  1.00   0.03  0.00  0.00  0.97  0.00  0.00  0.00  0.26  0.00
  G01098                  1.00   0.03  0.00  0.00  0.97  0.00  0.00  0.00  0.96  0.00
  G01099                  1.00   0.03  0.00  0.00  0.97  0.00  0.00  0.00  0.01  0.00
  G01100                  1.00   0.03  0.00  0.00  0.97  0.00  0.00  0.00  0.29  0.00
  G01101                  1.00   0.03  0.00  0.00  0.97  0.00  0.00  0.00  0.12  0.00
  G01102                  1.00   0.03  0.00  0.00  0.97  0.00  0.00  0.00  0.96  0.00
  G01103                  1.00   0.03  0.00  0.00  0.97  0.00  0.00  0.00  0.55  0.00
  G01104                  1.00   0.03  0.00  0.00  0.97  0.00  0.00  0.00  0.01  0.00
  G01105                  1.00   0.03  0.00  0.00  0.97  0.00  0.00  0.00  0.36  0.00
  G01106                  1.00   0.03  0.00  0.00  0.97  0.00  0.00  0.00  0.08  0.00
  G01107                  1.00   0.03  0.00  0.00  0.97  0.00  0.00  0.00  0.36  0.00
  G01108                  1.00   0.03  0.00  0.00  0.97  0.00  0.00  0.00  0.48  0.00
  G01109                  1.00   0.03  0.00  0.00  0.97  0.00  0.00  0.00  0.96  0.00
  G01110                  1.00   0.03  0.00  0.00  0.97  0.00  0.00  0.00  0.96  0.00
  G01111                  1.00   0.03  0.00  0.00  0.65  0.31  0.00  0.00  0.37  0.00
  G01112                  1.00   0.03  0.00  0.00  0.97  0.00  0.00  0.00  0.00  0.00
  G01113                  1.00   0.03  0.00  0.00  0.97  0.00  0.00  0.00  0.01  0.00
  G01114                  1.00   0.02  0.00  0.00  0.94  0.04  0.00  0.00  0.93  0.00
  G01115                  1.00   0.03  0.00  0.00  0.97  0.00  0.00  0.00  0.25  0.00
  G01116                  1.00   0.03  0.00  0.00  0.91  0.06  0.00  0.00  0.96  0.00
  G01117                  1.00   0.03  0.00  0.00  0.97  0.00  0.00  0.00  0.96  0.00
  G01118                  1.00   0.03  0.00  0.00  0.97  0.00  0.00  0.00  0.96  0.00
  G01119                  1.00   0.03  0.00  0.00  0.94  0.03  0.00  0.00  0.96  0.00
  G01120                  1.00   0.03  0.00  0.00  0.97  0.00  0.00  0.00  0.16  0.00
  G01121                  1.00   0.03  0.00  0.00  0.97  0.00  0.00  0.00  0.31  0.00
  G01122                  1.00   0.02  0.00  0.00  0.98  0.00  0.00  0.00  0.09  0.00
  G01123                  1.00   0.03  0.00  0.00  0.97  0.00  0.00  0.00  0.00  0.00
  G01124                  1.00   0.03  0.00  0.00  0.97  0.00  0.00  0.00  0.96  0.00
  G01125                  1.00   0.03  0.00  0.00  0.97  0.00  0.00  0.00  0.96  0.00
  G01126                  1.00   0.03  0.00  0.00  0.97  0.00  0.00  0.00  0.96  0.00
  G01127                  1.00   0.03  0.00  0.00  0.97  0.00  0.00  0.00  0.96  0.00
  G01128                  1.00   0.03  0.00  0.00  0.04  0.92  0.00  0.00  0.00  0.00
  G01129                  1.00   0.03  0.00  0.00  0.97  0.00  0.00  0.00  0.32  0.00
  G01130                  1.00   0.03  0.00  0.00  0.97  0.00  0.00  0.00  0.97  0.00
  G01131                  1.00   0.03  0.00  0.00  0.35  0.62  0.00  0.00  0.00  0.00
  G01132                  1.00   0.02  0.02  0.00  0.97  0.00  0.00  0.00  0.97  0.00
  G01133                  1.00   0.02  0.00  0.00  0.98  0.00  0.00  0.00  0.00  0.00
  G01134                  1.00   0.02  0.00  0.00  0.75  0.23  0.00  0.00  0.86  0.00
  G01135                  1.00   0.03  0.00  0.00  0.97  0.00  0.00  0.00  0.96  0.00
  G01136                  1.00   0.03  0.00  0.00  0.97  0.00  0.00  0.00  0.41  0.00
  G01137                  1.00   0.03  0.00  0.00  0.97  0.00  0.00  0.00  0.96  0.00
  G01138                  1.00   0.03  0.00  0.00  0.41  0.56  0.00  0.00  0.08  0.00
  G01139                  1.00   0.03  0.00  0.00  0.97  0.00  0.00  0.00  0.82  0.00
  G01140                  1.00   0.03  0.00  0.00  0.09  0.88  0.00  0.00  0.03  0.00
  G01141                  1.00   0.03  0.00  0.00  0.97  0.00  0.00  0.00  0.96  0.00
  G01142                  1.00   0.03  0.00  0.00  0.97  0.00  0.00  0.00  0.86  0.00
  G01143                  1.00   0.03  0.00  0.00  0.97  0.00  0.00  0.00  0.96  0.00
  G01144                  1.00   0.03  0.00  0.00  0.97  0.00  0.00  0.00  0.96  0.00
  G01145                  1.00   0.03  0.00  0.00  0.97  0.00  0.00  0.00  0.96  0.00
  G01146                  1.00   0.03  0.00  0.00  0.97  0.00  0.00  0.00  0.06  0.00
  G01147                  1.00   0.03  0.00  0.00  0.97  0.00  0.00  0.00  0.96  0.00
  G01148                  1.00   0.02  0.00  0.00  0.98  0.00  0.00  0.00  0.00  0.00
  G01149                  1.00   0.03  0.00  0.00  0.97  0.00  0.00  0.00  0.08  0.00
  G01150                  1.00   0.03  0.00  0.00  0.97  0.00  0.00  0.00  0.00  0.00
  G01151                  1.00   0.03  0.00  0.00  0.97  0.00  0.00  0.00  0.96  0.00
  G01152                  1.00   0.03  0.00  0.00  0.97  0.00  0.00  0.00  0.96  0.00
  G01153                  1.00   0.03  0.00  0.00  0.97  0.00  0.00  0.00  0.31  0.00
  G01154                  1.00   0.03  0.00  0.00  0.97  0.00  0.00  0.00  0.96  0.00
  G01155                  1.00   0.03  0.00  0.00  0.92  0.05  0.00  0.00  0.94  0.00
  G01156                  1.00   0.03  0.00  0.00  0.97  0.00  0.00  0.00  0.31  0.00
  G01157                  1.00   0.03  0.00  0.00  0.97  0.00  0.00  0.00  0.34  0.00
  G01158                  1.00   0.03  0.00  0.00  0.97  0.00  0.00  0.00  0.65  0.00
  G01159                  1.00   0.03  0.00  0.00  0.97  0.00  0.00  0.00  0.00  0.00
  G01160                  1.00   0.03  0.00  0.00  0.97  0.00  0.00  0.00  0.65  0.00
  G01161                  1.00   0.03  0.00  0.00  0.97  0.00  0.00  0.00  0.96  0.00
  G01162                  1.00   0.03  0.00  0.00  0.97  0.00  0.00  0.00  0.96  0.00
  G01163                  1.00   0.03  0.00  0.00  0.97  0.00  0.00  0.00  0.96  0.00
  G01164                  1.00   0.03  0.00  0.00  0.97  0.00  0.00  0.00  0.30  0.00
  G01165                  1.00   0.02  0.00  0.00  0.98  0.00  0.00  0.00  0.04  0.00
  G01166                  1.00   0.03  0.00  0.00  0.97  0.00  0.00  0.00  0.25  0.00
  G01167                  1.00   0.03  0.00  0.00  0.97  0.00  0.00  0.00  0.58  0.00
  G01168                  1.00   0.03  0.00  0.00  0.97  0.00  0.00  0.00  0.96  0.00
  G01169                  1.00   0.02  0.01  0.00  0.97  0.00  0.00  0.00  0.20  0.00
  G01170                  1.00   0.03  0.00  0.00  0.97  0.00  0.00  0.00  0.31  0.00
  G01171                  1.00   0.03  0.00  0.00  0.97  0.00  0.00  0.00  0.13  0.00
  G01172                  1.00   0.03  0.00  0.00  0.97  0.00  0.00  0.00  0.31  0.00
  G01173                  1.00   0.02  0.02  0.00  0.97  0.00  0.00  0.00  0.97  0.00
  G01174                  1.00   0.03  0.00  0.00  0.97  0.00  0.00  0.00  0.00  0.00
  G01175                  1.00   0.03  0.00  0.00  0.97  0.00  0.00  0.00  0.96  0.00
  G01176                  1.00   0.03  0.00  0.00  0.97  0.00  0.00  0.00  0.30  0.00
  G01177                  1.00   0.03  0.00  0.00  0.97  0.00  0.00  0.00  0.96  0.00
  G01178                  1.00   0.03  0.00  0.00  0.06  0.91  0.00  0.00  0.00  0.00
  G01179                  1.00   0.03  0.00  0.00  0.97  0.00  0.00  0.00  0.26  0.00
  G01180                  1.00   0.03  0.00  0.00  0.97  0.00  0.00  0.00  0.56  0.00
  G01181                  1.00   0.03  0.00  0.00  0.97  0.00  0.00  0.00  0.36  0.00
  G01182                  1.00   0.03  0.00  0.00  0.97  0.00  0.00  0.00  0.96  0.00
  G01183                  1.00   0.03  0.00  0.00  0.97  0.00  0.00  0.00  0.95  0.00
  G01184                  1.00   0.03  0.00  0.00  0.97  0.00  0.00  0.00  0.31  0.00
  G01185                  1.00   0.02  0.01  0.00  0.97  0.00  0.00  0.00  0.03  0.00
  G01186                  1.00   0.03  0.00  0.00  0.97  0.00  0.00  0.00  0.09  0.00
  G01187                  1.00   0.03  0.00  0.00  0.97  0.00  0.00  0.00  0.00  0.00
  G01188                  1.00   0.03  0.00  0.00  0.97  0.00  0.00  0.00  0.28  0.00
  G01189                  1.00   0.03  0.00  0.00  0.97  0.00  0.00  0.00  0.26  0.00
  G01190                  1.00   0.02  0.01  0.00  0.97  0.00  0.00  0.00  0.38  0.00
  G01191                  1.00   0.03  0.00  0.00  0.97  0.00  0.00  0.00  0.35  0.00
  G01192                  1.00   0.03  0.00  0.00  0.77  0.19  0.00  0.00  0.96  0.00
  G01193                  1.00   0.03  0.00  0.00  0.97  0.00  0.00  0.00  0.33  0.00
  G01194                  1.00   0.03  0.00  0.00  0.97  0.00  0.00  0.00  0.45  0.00
  G01195                  1.00   0.03  0.00  0.00  0.97  0.00  0.00  0.00  0.34  0.00
  G01196                  1.00   0.03  0.00  0.00  0.97  0.00  0.00  0.00  0.36  0.00
  G01197                  1.00   0.03  0.00  0.00  0.97  0.00  0.00  0.00  0.43  0.00
  G01198                  1.00   0.03  0.00  0.00  0.97  0.00  0.00  0.00  0.45  0.00
  G01199                  1.00   0.03  0.00  0.00  0.97  0.00  0.00  0.00  0.57  0.00
  G01200                  1.00   0.03  0.00  0.00  0.97  0.00  0.00  0.00  0.00  0.00
  G01201                  1.00   0.03  0.00  0.00  0.97  0.00  0.00  0.00  0.17  0.00
  G01202                  1.00   0.03  0.00  0.00  0.97  0.00  0.00  0.00  0.67  0.00
  G01203                  1.00   0.03  0.00  0.00  0.97  0.00  0.00  0.00  0.81  0.00
  G01204                  1.00   0.03  0.00  0.00  0.97  0.00  0.00  0.00  0.96  0.00
  G01205                  1.00   0.03  0.00  0.00  0.97  0.00  0.00  0.00  0.88  0.00
  G01206                  1.00   0.03  0.00  0.00  0.97  0.00  0.00  0.00  0.89  0.00
  G01207                  1.00   0.03  0.00  0.00  0.97  0.00  0.00  0.00  0.33  0.00
  G01208                  1.00   0.03  0.00  0.00  0.97  0.00  0.00  0.00  0.96  0.00
  G01209                  1.00   0.03  0.00  0.00  0.97  0.00  0.00  0.00  0.00  0.00
  G01210                  1.00   0.02  0.01  0.00  0.97  0.00  0.00  0.00  0.55  0.00
  G01211                  1.00   0.02  0.00  0.00  0.98  0.00  0.00  0.00  0.09  0.00
  G01212                  1.00   0.03  0.00  0.00  0.97  0.00  0.00  0.00  0.80  0.00
  G01213                  1.00   0.03  0.00  0.00  0.97  0.00  0.00  0.00  0.96  0.00
  G01214                  1.00   0.03  0.00  0.00  0.97  0.00  0.00  0.00  0.00  0.00
  G01215                  1.00   0.03  0.00  0.00  0.97  0.00  0.00  0.00  0.27  0.00
  G01216                  1.00   0.03  0.00  0.00  0.97  0.00  0.00  0.00  0.96  0.00
  G01217                  1.00   0.03  0.00  0.00  0.97  0.00  0.00  0.00  0.96  0.00
  G01218                  1.00   0.02  0.01  0.00  0.97  0.00  0.00  0.00  0.35  0.00
  G01219                  1.00   0.03  0.00  0.00  0.97  0.00  0.00  0.00  0.28  0.00
  G01220                  1.00   0.03  0.00  0.00  0.97  0.00  0.00  0.00  0.62  0.00
  G01221                  1.00   0.02  0.01  0.00  0.97  0.00  0.00  0.00  0.09  0.00
  G01222                  1.00   0.03  0.00  0.00  0.97  0.00  0.00  0.00  0.51  0.00
  G01223                  1.00   0.03  0.00  0.00  0.97  0.00  0.00  0.00  0.00  0.00
  G01224                  1.00   0.03  0.00  0.00  0.97  0.00  0.00  0.00  0.25  0.00
  G01225                  1.00   0.02  0.01  0.00  0.97  0.00  0.00  0.00  0.49  0.00
  G01226                  1.00   0.03  0.00  0.00  0.97  0.00  0.00  0.00  0.31  0.00
  G01227                  1.00   0.02  0.00  0.00  0.98  0.00  0.00  0.00  0.21  0.00
  G01228                  1.00   0.03  0.00  0.00  0.97  0.00  0.00  0.00  0.18  0.00
  G01229                  1.00   0.03  0.00  0.00  0.97  0.00  0.00  0.00  0.31  0.00
  G01230                  1.00   0.03  0.00  0.00  0.97  0.00  0.00  0.00  0.95  0.00
  G01231                  1.00   0.02  0.01  0.00  0.97  0.00  0.00  0.00  0.97  0.00
  G01232                  1.00   0.03  0.00  0.00  0.97  0.00  0.00  0.00  0.03  0.00
  G01233                  1.00   0.03  0.00  0.00  0.97  0.00  0.00  0.00  0.90  0.00
  G01234                  1.00   0.03  0.00  0.00  0.97  0.00  0.00  0.00  0.96  0.00
  G01235                  1.00   0.03  0.00  0.00  0.97  0.00  0.00  0.00  0.96  0.00
  G01236                  1.00   0.03  0.00  0.00  0.97  0.00  0.00  0.00  0.96  0.00
  G01237                  1.00   0.03  0.00  0.00  0.97  0.00  0.00  0.00  0.28  0.00
  G01238                  1.00   0.03  0.00  0.00  0.96  0.00  0.00  0.00  0.96  0.00
  G01239                  1.00   0.03  0.00  0.00  0.97  0.00  0.00  0.00  0.33  0.00
  G01240                  1.00   0.03  0.00  0.00  0.97  0.00  0.00  0.00  0.21  0.00
  G01241                  1.00   0.03  0.00  0.00  0.97  0.00  0.00  0.00  0.25  0.00
  G01242                  1.00   0.03  0.00  0.00  0.97  0.00  0.00  0.00  0.42  0.00
  G01243                  1.00   0.03  0.00  0.00  0.97  0.00  0.00  0.00  0.03  0.00
  G01244                  1.00   0.03  0.00  0.00  0.97  0.00  0.00  0.00  0.44  0.00
  G01245                  1.00   0.03  0.00  0.00  0.97  0.00  0.00  0.00  0.11  0.00
  G01246                  1.00   0.03  0.00  0.00  0.97  0.00  0.00  0.00  0.55  0.00
  G01247                  1.00   0.03  0.00  0.00  0.97  0.00  0.00  0.00  0.01  0.00
  G01248                  1.00   0.02  0.00  0.00  0.96  0.02  0.00  0.00  0.89  0.00
  G01249                  1.00   0.03  0.00  0.00  0.97  0.00  0.00  0.00  0.96  0.00
  G01250                  1.00   0.02  0.00  0.00  0.90  0.08  0.00  0.00  0.00  0.00
  G01251                  1.00   0.03  0.00  0.00  0.97  0.00  0.00  0.00  0.91  0.00
  G01252                  1.00   0.03  0.00  0.00  0.97  0.00  0.00  0.00  0.24  0.00
  G01253                  1.00   0.03  0.00  0.00  0.97  0.00  0.00  0.00  0.39  0.00
  G01254                  1.00   0.03  0.00  0.00  0.97  0.00  0.00  0.00  0.36  0.00
  G01255                  1.00   0.03  0.00  0.00  0.97  0.00  0.00  0.00  0.03  0.00
  G01256                  1.00   0.02  0.01  0.00  0.97  0.00  0.00  0.00  0.97  0.00
  G01257                  1.00   0.02  0.00  0.00  0.98  0.00  0.00  0.00  0.21  0.00
  G01258                  1.00   0.03  0.00  0.00  0.97  0.00  0.00  0.00  0.86  0.00
  G01259                  1.00   0.03  0.00  0.00  0.97  0.00  0.00  0.00  0.31  0.00
  G01260                  1.00   0.02  0.00  0.00  0.98  0.00  0.00  0.00  0.96  0.00
  G01261                  1.00   0.02  0.01  0.00  0.97  0.00  0.00  0.00  0.37  0.00
  G01262                  1.00   0.03  0.00  0.00  0.97  0.00  0.00  0.00  0.96  0.00
  G01263                  1.00   0.03  0.00  0.00  0.97  0.00  0.00  0.00  0.10  0.00
  G01264                  1.00   0.03  0.00  0.00  0.97  0.00  0.00  0.00  0.96  0.00
  G01265                  1.00   0.03  0.00  0.00  0.97  0.00  0.00  0.00  0.24  0.00
  G01266                  1.00   0.03  0.00  0.00  0.97  0.00  0.00  0.00  0.00  0.00
  G01267                  1.00   0.03  0.00  0.00  0.97  0.00  0.00  0.00  0.14  0.00
  G01268                  1.00   0.03  0.00  0.00  0.97  0.00  0.00  0.00  0.18  0.00
  G01269                  1.00   0.03  0.00  0.00  0.97  0.00  0.00  0.00  0.32  0.00
  G01270                  1.00   0.03  0.00  0.00  0.97  0.00  0.00  0.00  0.96  0.00
  G01271                  1.00   0.03  0.00  0.00  0.97  0.00  0.00  0.00  0.53  0.00
  G01272                  1.00   0.02  0.00  0.00  0.98  0.00  0.00  0.00  0.00  0.00
  G01273                  1.00   0.03  0.00  0.00  0.97  0.00  0.00  0.00  0.28  0.00
  G01274                  1.00   0.03  0.00  0.00  0.97  0.00  0.00  0.00  0.71  0.00
  G01275                  1.00   0.03  0.00  0.00  0.97  0.00  0.00  0.00  0.19  0.00
  G01276                  1.00   0.03  0.00  0.00  0.97  0.00  0.00  0.00  0.39  0.00
  G01277                  1.00   0.03  0.00  0.00  0.97  0.00  0.00  0.00  0.06  0.00
  G01278                  1.00   0.03  0.00  0.00  0.97  0.00  0.00  0.00  0.18  0.00
  G01279                  1.00   0.03  0.00  0.00  0.97  0.00  0.00  0.00  0.33  0.00
  G01280                  1.00   0.03  0.00  0.00  0.97  0.00  0.00  0.00  0.16  0.00
  G01281                  1.00   0.03  0.00  0.00  0.97  0.00  0.00  0.00  0.25  0.00
  G01282                  1.00   0.03  0.00  0.00  0.97  0.00  0.00  0.00  0.96  0.00
  G01283                  1.00   0.03  0.00  0.00  0.97  0.00  0.00  0.00  0.33  0.00
  G01284                  1.00   0.03  0.00  0.00  0.97  0.00  0.00  0.00  0.37  0.00
  G01285                  1.00   0.03  0.00  0.00  0.97  0.00  0.00  0.00  0.43  0.00
  G01286                  1.00   0.03  0.00  0.00  0.97  0.00  0.00  0.00  0.32  0.00
  G01287                  1.00   0.03  0.00  0.00  0.97  0.00  0.00  0.00  0.35  0.00
  G01288                  1.00   0.03  0.00  0.00  0.97  0.00  0.00  0.00  0.77  0.00
  G01289                  1.00   0.03  0.00  0.00  0.97  0.00  0.00  0.00  0.01  0.00
  G01290                  1.00   0.03  0.00  0.00  0.97  0.00  0.00  0.00  0.81  0.00
  G01291                  1.00   0.03  0.00  0.00  0.97  0.00  0.00  0.00  0.82  0.00
  G01292                  1.00   0.03  0.00  0.00  0.97  0.00  0.00  0.00  0.11  0.00
  G01293                  1.00   0.03  0.00  0.00  0.97  0.00  0.00  0.00  0.96  0.00
  G01294                  1.00   0.03  0.00  0.00  0.97  0.00  0.00  0.00  0.68  0.00
  G01295                  1.00   0.03  0.00  0.00  0.65  0.32  0.00  0.00  0.00  0.00
  G01296                  1.00   0.03  0.00  0.00  0.97  0.00  0.00  0.00  0.12  0.00
  G01297                  1.00   0.03  0.00  0.00  0.97  0.00  0.00  0.00  0.29  0.00
  G01298                  1.00   0.03  0.00  0.00  0.97  0.00  0.00  0.00  0.96  0.00
  G01299                  1.00   0.03  0.00  0.00  0.97  0.00  0.00  0.00  0.32  0.00
  G01300                  1.00   0.03  0.00  0.00  0.19  0.78  0.00  0.00  0.13  0.00
  G01301                  1.00   0.03  0.00  0.00  0.97  0.00  0.00  0.00  0.96  0.00
  G01302                  1.00   0.03  0.00  0.00  0.97  0.00  0.00  0.00  0.00  0.00
  G01303                  1.00   0.03  0.00  0.00  0.97  0.00  0.00  0.00  0.96  0.00
  G01304                  1.00   0.03  0.00  0.00  0.97  0.00  0.00  0.00  0.00  0.00
  G01305                  1.00   0.03  0.00  0.00  0.89  0.08  0.00  0.00  0.88  0.00
  G01306                  1.00   0.03  0.00  0.00  0.97  0.00  0.00  0.00  0.83  0.00
  G01307                  1.00   0.03  0.00  0.00  0.97  0.00  0.00  0.00  0.96  0.00
  G01308                  1.00   0.03  0.00  0.00  0.97  0.00  0.00  0.00  0.15  0.00
  G01309                  1.00   0.03  0.00  0.00  0.97  0.00  0.00  0.00  0.61  0.00
  G01310                  1.00   0.03  0.00  0.00  0.97  0.00  0.00  0.00  0.00  0.00
  G01311                  1.00   0.03  0.00  0.00  0.97  0.00  0.00  0.00  0.96  0.00
  G01312                  1.00   0.03  0.00  0.00  0.97  0.00  0.00  0.00  0.76  0.00
  G01313                  1.00   0.03  0.00  0.00  0.97  0.00  0.00  0.00  0.96  0.00
  G01314                  1.00   0.03  0.00  0.00  0.97  0.00  0.00  0.00  0.96  0.00
  G01315                  1.00   0.03  0.00  0.00  0.97  0.00  0.00  0.00  0.96  0.00
  G01316                  1.00   0.02  0.01  0.00  0.97  0.00  0.00  0.00  0.87  0.00
  G01317                  1.00   0.03  0.00  0.00  0.97  0.00  0.00  0.00  0.96  0.00
  G01318                  1.00   0.03  0.00  0.00  0.91  0.06  0.00  0.00  0.96  0.00
  G01319                  1.00   0.03  0.00  0.00  0.97  0.00  0.00  0.00  0.96  0.00
  G01320                  1.00   0.03  0.00  0.00  0.94  0.03  0.00  0.00  0.96  0.00
  G01321                  1.00   0.03  0.00  0.00  0.11  0.86  0.00  0.00  0.64  0.00
  G01322                  1.00   0.03  0.00  0.00  0.97  0.00  0.00  0.00  0.00  0.00
  G01323                  1.00   0.03  0.00  0.00  0.97  0.00  0.00  0.00  0.24  0.00
  G01324                  1.00   0.03  0.00  0.00  0.92  0.05  0.00  0.00  0.88  0.00
  G01325                  1.00   0.02  0.00  0.00  0.98  0.00  0.00  0.00  0.00  0.00
  G01326                  1.00   0.03  0.00  0.00  0.97  0.00  0.00  0.00  0.10  0.00
  G01327                  1.00   0.03  0.00  0.00  0.97  0.00  0.00  0.00  0.96  0.00
  G01328                  1.00   0.03  0.00  0.00  0.24  0.72  0.00  0.00  0.96  0.00
  G01329                  1.00   0.03  0.00  0.00  0.95  0.02  0.00  0.00  0.63  0.00
  G01330                  1.00   0.03  0.00  0.00  0.97  0.00  0.00  0.00  0.00  0.00
  G01331                  1.00   0.03  0.00  0.00  0.97  0.00  0.00  0.00  0.96  0.00
  G01332                  1.00   0.03  0.00  0.00  0.97  0.00  0.00  0.00  0.60  0.00
  G01333                  1.00   0.03  0.00  0.00  0.97  0.00  0.00  0.00  0.96  0.00
  G01334                  1.00   0.03  0.00  0.00  0.89  0.08  0.00  0.00  0.34  0.00
  G01335                  1.00   0.03  0.00  0.00  0.06  0.90  0.00  0.00  0.96  0.00
  G01336                  1.00   0.03  0.00  0.00  0.97  0.00  0.00  0.00  0.96  0.00
  G01337                  1.00   0.03  0.00  0.00  0.97  0.00  0.00  0.00  0.96  0.00
  G01338                  1.00   0.03  0.00  0.00  0.97  0.00  0.00  0.00  0.43  0.00
  G01339                  1.00   0.03  0.00  0.00  0.97  0.00  0.00  0.00  0.70  0.00
  G01340                  1.00   0.02  0.01  0.00  0.94  0.02  0.00  0.00  0.19  0.00
  G01341                  1.00   0.03  0.00  0.00  0.97  0.00  0.00  0.00  0.96  0.00
  G01342                  1.00   0.03  0.00  0.00  0.97  0.00  0.00  0.00  0.32  0.00
  G01343                  1.00   0.02  0.01  0.00  0.97  0.00  0.00  0.00  0.97  0.00
  G01344                  1.00   0.03  0.00  0.00  0.97  0.00  0.00  0.00  0.90  0.00
  G01345                  1.00   0.03  0.00  0.00  0.97  0.00  0.00  0.00  0.18  0.00
  G01346                  1.00   0.03  0.00  0.00  0.97  0.00  0.00  0.00  0.70  0.00
  G01347                  1.00   0.03  0.00  0.00  0.97  0.00  0.00  0.00  0.96  0.00
  G01348                  1.00   0.02  0.00  0.00  0.98  0.00  0.00  0.00  0.23  0.00
  G01349                  1.00   0.03  0.00  0.00  0.97  0.00  0.00  0.00  0.00  0.00
  G01350                  1.00   0.03  0.00  0.00  0.96  0.00  0.00  0.00  0.96  0.00
  G01351                  1.00   0.03  0.00  0.00  0.97  0.00  0.00  0.00  0.85  0.00
  G01352                  1.00   0.03  0.00  0.00  0.97  0.00  0.00  0.00  0.33  0.00
  G01353                  1.00   0.03  0.00  0.00  0.97  0.00  0.00  0.00  0.01  0.00
  G01354                  1.00   0.03  0.00  0.00  0.97  0.00  0.00  0.00  0.21  0.00
  G01355                  1.00   0.03  0.00  0.00  0.97  0.00  0.00  0.00  0.48  0.00
  G01356                  1.00   0.03  0.00  0.00  0.97  0.00  0.00  0.00  0.00  0.00
  G01357                  1.00   0.03  0.00  0.00  0.97  0.00  0.00  0.00  0.65  0.00
  G01358                  1.00   0.03  0.00  0.00  0.97  0.00  0.00  0.00  0.00  0.00
  G01359                  1.00   0.03  0.00  0.00  0.97  0.00  0.00  0.00  0.00  0.00
  G01360                  1.00   0.03  0.00  0.00  0.97  0.00  0.00  0.00  0.42  0.00
  G01361                  1.00   0.03  0.00  0.00  0.97  0.00  0.00  0.00  0.96  0.00
  G01362                  1.00   0.03  0.00  0.00  0.97  0.00  0.00  0.00  0.28  0.00
  G01363                  1.00   0.03  0.00  0.00  0.77  0.20  0.00  0.00  0.96  0.00
  G01364                  1.00   0.03  0.00  0.00  0.87  0.10  0.00  0.00  0.96  0.00
  G01365                  1.00   0.03  0.00  0.00  0.89  0.08  0.00  0.00  0.96  0.00
  G01366                  1.00   0.03  0.00  0.00  0.39  0.58  0.00  0.00  0.73  0.00
  G01367                  1.00   0.03  0.00  0.00  0.97  0.00  0.00  0.00  0.00  0.00
  G01368                  1.00   0.03  0.00  0.00  0.97  0.00  0.00  0.00  0.96  0.00
  G01369                  1.00   0.03  0.00  0.00  0.71  0.26  0.00  0.00  0.89  0.00
  G01370                  1.00   0.03  0.00  0.00  0.97  0.00  0.00  0.00  0.09  0.00
  G01371                  1.00   0.03  0.00  0.00  0.97  0.00  0.00  0.00  0.96  0.00
  G01372                  1.00   0.03  0.00  0.00  0.97  0.00  0.00  0.00  0.27  0.00
  G01373                  1.00   0.03  0.00  0.00  0.46  0.50  0.00  0.00  0.35  0.00
  G01374                  1.00   0.03  0.00  0.00  0.97  0.00  0.00  0.00  0.60  0.00
  G01375                  1.00   0.03  0.00  0.00  0.97  0.00  0.00  0.00  0.73  0.00
  G01376                  1.00   0.02  0.01  0.00  0.97  0.00  0.00  0.00  0.96  0.00
  G01377                  1.00   0.02  0.00  0.00  0.29  0.69  0.00  0.00  0.00  0.00
  G01378                  1.00   0.02  0.01  0.00  0.97  0.00  0.00  0.00  0.17  0.00
  G01379                  1.00   0.03  0.00  0.00  0.97  0.00  0.00  0.00  0.96  0.00
  G01380                  1.00   0.03  0.00  0.00  0.97  0.00  0.00  0.00  0.96  0.00
  G01381                  1.00   0.03  0.00  0.00  0.97  0.00  0.00  0.00  0.96  0.00
  G01382                  1.00   0.03  0.00  0.00  0.63  0.33  0.00  0.00  0.91  0.00
  G01383                  1.00   0.03  0.00  0.00  0.07  0.90  0.00  0.00  0.96  0.00
  G01384                  1.00   0.03  0.00  0.00  0.97  0.00  0.00  0.00  0.96  0.00
  G01385                  1.00   0.03  0.00  0.00  0.97  0.00  0.00  0.00  0.96  0.00
  G01386                  1.00   0.02  0.02  0.00  0.36  0.60  0.00  0.00  0.97  0.00
  G01387                  1.00   0.02  0.00  0.00  0.13  0.86  0.00  0.00  0.74  0.00
  G01388                  1.00   0.02  0.02  0.00  0.97  0.00  0.00  0.00  0.97  0.00
  G01389                  1.00   0.03  0.00  0.00  0.05  0.92  0.00  0.00  0.36  0.00
  G01390                  1.00   0.03  0.00  0.00  0.97  0.00  0.00  0.00  0.96  0.00
  G01391                  1.00   0.03  0.00  0.00  0.25  0.71  0.00  0.00  0.95  0.00
  G01392                  1.00   0.03  0.00  0.00  0.78  0.18  0.00  0.00  0.00  0.00
  G01393                  1.00   0.02  0.02  0.00  0.66  0.31  0.00  0.00  0.97  0.00
  G01394                  1.00   0.03  0.00  0.00  0.97  0.00  0.00  0.00  0.18  0.00
  G01395                  1.00   0.02  0.00  0.00  0.98  0.00  0.00  0.00  0.00  0.00
  G01396                  1.00   0.03  0.00  0.00  0.97  0.00  0.00  0.00  0.96  0.00
  G01397                  1.00   0.03  0.00  0.00  0.97  0.00  0.00  0.00  0.96  0.00
  G01398                  1.00   0.03  0.00  0.00  0.97  0.00  0.00  0.00  0.51  0.00
  G01399                  1.00   0.03  0.00  0.00  0.97  0.00  0.00  0.00  0.96  0.00
  G01400                  1.00   0.03  0.00  0.00  0.97  0.00  0.00  0.00  0.96  0.00
  G01401                  1.00   0.03  0.00  0.00  0.97  0.00  0.00  0.00  0.37  0.00
  G01402                  1.00   0.03  0.00  0.00  0.97  0.00  0.00  0.00  0.96  0.00
  G01403                  1.00   0.03  0.00  0.00  0.97  0.00  0.00  0.00  0.96  0.00
  G01404                  1.00   0.03  0.00  0.00  0.03  0.94  0.00  0.00  0.91  0.00
  G01405                  1.00   0.03  0.00  0.00  0.97  0.00  0.00  0.00  0.96  0.00
  G01406                  1.00   0.03  0.00  0.00  0.90  0.06  0.00  0.00  0.96  0.00
  G01407                  1.00   0.03  0.00  0.00  0.97  0.00  0.00  0.00  0.96  0.00
  G01408                  1.00   0.03  0.00  0.00  0.20  0.76  0.00  0.00  0.00  0.00
  G01409                  1.00   0.03  0.00  0.00  0.14  0.83  0.00  0.00  0.00  0.00
  G01410                  1.00   0.03  0.00  0.00  0.06  0.90  0.00  0.00  0.00  0.00
  G01411                  1.00   0.03  0.00  0.00  0.97  0.00  0.00  0.00  0.96  0.00
  G01412                  1.00   0.03  0.00  0.00  0.97  0.00  0.00  0.00  0.96  0.00
  G01413                  1.00   0.03  0.00  0.00  0.97  0.00  0.00  0.00  0.00  0.00
  G01414                  1.00   0.03  0.00  0.00  0.97  0.00  0.00  0.00  0.21  0.00
  G01415                  1.00   0.03  0.00  0.00  0.97  0.00  0.00  0.00  0.41  0.00
  G01416                  1.00   0.03  0.00  0.00  0.97  0.00  0.00  0.00  0.84  0.00
  G01417                  1.00   0.03  0.00  0.00  0.97  0.00  0.00  0.00  0.96  0.00
  G01418                  1.00   0.02  0.00  0.00  0.98  0.00  0.00  0.00  0.00  0.00
  G01419                  1.00   0.02  0.01  0.00  0.97  0.00  0.00  0.00  0.97  0.00
  G01420                  1.00   0.03  0.00  0.00  0.97  0.00  0.00  0.00  0.96  0.00
  G01421                  1.00   0.03  0.00  0.00  0.02  0.94  0.00  0.00  0.50  0.00
  G01422                  1.00   0.03  0.00  0.00  0.49  0.48  0.00  0.00  0.96  0.00
  G01423                  1.00   0.02  0.00  0.00  0.98  0.00  0.00  0.00  0.45  0.00
  G01424                  1.00   0.03  0.00  0.00  0.97  0.00  0.00  0.00  0.47  0.00
  G01425                  1.00   0.02  0.00  0.00  0.98  0.00  0.00  0.00  0.53  0.00
  G01426                  1.00   0.02  0.01  0.00  0.92  0.04  0.00  0.00  0.97  0.00
  G01427                  1.00   0.03  0.00  0.00  0.97  0.00  0.00  0.00  0.96  0.00
  G01428                  1.00   0.03  0.00  0.00  0.97  0.00  0.00  0.00  0.96  0.00
  G01429                  1.00   0.03  0.00  0.00  0.97  0.00  0.00  0.00  0.57  0.00
  G01430                  1.00   0.03  0.00  0.00  0.97  0.00  0.00  0.00  0.96  0.00
  G01431                  1.00   0.02  0.02  0.00  0.97  0.00  0.00  0.00  0.85  0.00
  G01432                  1.00   0.03  0.00  0.00  0.97  0.00  0.00  0.00  0.45  0.00
  G01433                  1.00   0.03  0.00  0.00  0.97  0.00  0.00  0.00  0.00  0.00
  G01434                  1.00   0.03  0.00  0.00  0.97  0.00  0.00  0.00  0.28  0.00
  G01435                  1.00   0.03  0.00  0.00  0.97  0.00  0.00  0.00  0.02  0.00
  G01436                  1.00   0.03  0.00  0.00  0.97  0.00  0.00  0.00  0.02  0.00
  G01437                  1.00   0.03  0.00  0.00  0.97  0.00  0.00  0.00  0.03  0.00
  G01438                  1.00   0.03  0.00  0.00  0.97  0.00  0.00  0.00  0.96  0.00
  G01439                  1.00   0.03  0.00  0.00  0.30  0.67  0.00  0.00  0.94  0.00
  G01440                  1.00   0.03  0.00  0.00  0.97  0.00  0.00  0.00  0.91  0.00
  G01441                  1.00   0.03  0.00  0.00  0.97  0.00  0.00  0.00  0.96  0.00
  G01442                  1.00   0.03  0.00  0.00  0.96  0.01  0.00  0.00  0.96  0.00
  G01443                  1.00   0.02  0.02  0.00  0.97  0.00  0.00  0.00  0.12  0.00
  G01444                  1.00   0.03  0.00  0.00  0.97  0.00  0.00  0.00  0.96  0.00
  G01445                  1.00   0.03  0.00  0.00  0.97  0.00  0.00  0.00  0.57  0.00
  G01446                  1.00   0.03  0.00  0.00  0.97  0.00  0.00  0.00  0.96  0.00
  G01447                  1.00   0.03  0.00  0.00  0.97  0.00  0.00  0.00  0.00  0.00
  G01448                  1.00   0.03  0.00  0.00  0.97  0.00  0.00  0.00  0.64  0.00
  G01449                  1.00   0.03  0.00  0.00  0.96  0.00  0.00  0.00  0.96  0.00
  G01450                  1.00   0.03  0.00  0.00  0.97  0.00  0.00  0.00  0.96  0.00
  G01451                  1.00   0.03  0.00  0.00  0.97  0.00  0.00  0.00  0.47  0.00
  G01452                  1.00   0.03  0.00  0.00  0.97  0.00  0.00  0.00  0.96  0.00
  G01453                  1.00   0.03  0.00  0.00  0.08  0.89  0.00  0.00  0.54  0.00
  G01454                  1.00   0.02  0.00  0.00  0.98  0.00  0.00  0.00  0.89  0.00
  G01455                  1.00   0.03  0.00  0.00  0.39  0.58  0.00  0.00  0.00  0.00
  G01456                  1.00   0.03  0.00  0.00  0.81  0.16  0.00  0.00  0.94  0.00
  G01457                  1.00   0.03  0.00  0.00  0.89  0.08  0.00  0.00  0.86  0.00
  G01458                  1.00   0.03  0.00  0.00  0.96  0.01  0.00  0.00  0.96  0.00
  G01459                  1.00   0.03  0.00  0.00  0.97  0.00  0.00  0.00  0.31  0.00
  G01460                  1.00   0.03  0.00  0.00  0.97  0.00  0.00  0.00  0.96  0.00
  G01461                  1.00   0.03  0.00  0.00  0.03  0.94  0.00  0.00  0.80  0.00
  G01462                  1.00   0.03  0.00  0.00  0.94  0.03  0.00  0.00  0.96  0.00
  G01463                  1.00   0.03  0.00  0.00  0.97  0.00  0.00  0.00  0.66  0.00
  G01464                  1.00   0.03  0.00  0.00  0.97  0.00  0.00  0.00  0.45  0.00
  G01465                  1.00   0.03  0.00  0.00  0.97  0.00  0.00  0.00  0.96  0.00
  G01466                  1.00   0.03  0.00  0.00  0.97  0.00  0.00  0.00  0.51  0.00
  G01467                  1.00   0.03  0.00  0.00  0.93  0.03  0.00  0.00  0.91  0.00
  G01468                  1.00   0.03  0.00  0.00  0.72  0.25  0.00  0.00  0.79  0.00
  G01469                  1.00   0.03  0.00  0.00  0.97  0.00  0.00  0.00  0.96  0.00
  G01470                  1.00   0.03  0.00  0.00  0.97  0.00  0.00  0.00  0.00  0.00
  G01471                  1.00   0.03  0.00  0.00  0.97  0.00  0.00  0.00  0.00  0.00
  G01472                  1.00   0.03  0.00  0.00  0.97  0.00  0.00  0.00  0.08  0.00
  G01473                  1.00   0.03  0.00  0.00  0.97  0.00  0.00  0.00  0.00  0.00
  G01474                  1.00   0.03  0.00  0.00  0.97  0.00  0.00  0.00  0.96  0.00
  G01475                  1.00   0.03  0.00  0.00  0.97  0.00  0.00  0.00  0.96  0.00
  G01476                  1.00   0.03  0.00  0.00  0.08  0.89  0.00  0.00  0.00  0.00
  G01477                  1.00   0.03  0.00  0.00  0.97  0.00  0.00  0.00  0.96  0.00
  G01478                  1.00   0.03  0.00  0.00  0.97  0.00  0.00  0.00  0.96  0.00
  G01479                  1.00   0.03  0.00  0.00  0.64  0.33  0.00  0.00  0.96  0.00
  G01480                  1.00   0.03  0.00  0.00  0.97  0.00  0.00  0.00  0.96  0.00
  G01481                  1.00   0.03  0.00  0.00  0.10  0.87  0.00  0.00  0.00  0.00
  G01482                  1.00   0.03  0.00  0.00  0.58  0.38  0.00  0.00  0.88  0.00
  G01483                  1.00   0.03  0.00  0.00  0.97  0.00  0.00  0.00  0.96  0.00
  G01484                  1.00   0.03  0.00  0.00  0.97  0.00  0.00  0.00  0.96  0.00
  G01485                  1.00   0.03  0.00  0.00  0.97  0.00  0.00  0.00  0.96  0.00
  G01486                  1.00   0.03  0.00  0.00  0.12  0.85  0.00  0.00  0.06  0.00
  G01487                  1.00   0.03  0.00  0.00  0.97  0.00  0.00  0.00  0.00  0.00
  G01488                  1.00   0.03  0.00  0.00  0.24  0.72  0.00  0.00  0.90  0.00
  G01489                  1.00   0.03  0.00  0.00  0.29  0.68  0.00  0.00  0.00  0.00
  G01490                  1.00   0.03  0.00  0.00  0.34  0.62  0.00  0.00  0.96  0.00
  G01491                  1.00   0.03  0.00  0.00  0.97  0.00  0.00  0.00  0.05  0.00
  G01492                  1.00   0.03  0.00  0.00  0.97  0.00  0.00  0.00  0.96  0.00
  G01493                  1.00   0.03  0.00  0.00  0.97  0.00  0.00  0.00  0.96  0.00
  G01494                  1.00   0.03  0.00  0.00  0.97  0.00  0.00  0.00  0.96  0.00
  G01495                  1.00   0.03  0.00  0.00  0.97  0.00  0.00  0.00  0.96  0.00
  G01496                  1.00   0.03  0.00  0.00  0.97  0.00  0.00  0.00  0.96  0.00
  G01497                  1.00   0.03  0.00  0.00  0.07  0.89  0.00  0.00  0.76  0.00
  G01498                  1.00   0.03  0.00  0.00  0.97  0.00  0.00  0.00  0.00  0.00
  G01499                  1.00   0.03  0.00  0.00  0.97  0.00  0.00  0.00  0.96  0.00
  G01500                  1.00   0.03  0.00  0.00  0.09  0.88  0.00  0.00  0.00  0.00
  G01501                  1.00   0.03  0.00  0.00  0.34  0.62  0.00  0.00  0.82  0.00
  G01502                  1.00   0.03  0.00  0.00  0.19  0.77  0.00  0.00  0.78  0.00
  G01503                  1.00   0.02  0.00  0.00  0.98  0.00  0.00  0.00  0.21  0.00
  G01504                  1.00   0.03  0.00  0.00  0.97  0.00  0.00  0.00  0.02  0.00
  G01505                  1.00   0.03  0.00  0.00  0.97  0.00  0.00  0.00  0.96  0.00
  G01506                  1.00   0.03  0.00  0.00  0.97  0.00  0.00  0.00  0.89  0.00
  G01507                  1.00   0.03  0.00  0.00  0.97  0.00  0.00  0.00  0.34  0.00
  G01508                  1.00   0.03  0.00  0.00  0.97  0.00  0.00  0.00  0.00  0.00
  G01509                  1.00   0.03  0.00  0.00  0.97  0.00  0.00  0.00  0.96  0.00
  G01510                  1.00   0.03  0.00  0.00  0.26  0.71  0.00  0.00  0.96  0.00
  G01511                  1.00   0.03  0.00  0.00  0.08  0.89  0.00  0.00  0.88  0.00
  G01512                  1.00   0.03  0.00  0.00  0.24  0.73  0.00  0.00  0.96  0.00
  G01513                  1.00   0.03  0.00  0.00  0.90  0.07  0.00  0.00  0.96  0.00
  G01514                  1.00   0.03  0.00  0.00  0.97  0.00  0.00  0.00  0.96  0.00
  G01515                  1.00   0.03  0.00  0.00  0.97  0.00  0.00  0.00  0.96  0.00
  G01516                  1.00   0.03  0.00  0.00  0.97  0.00  0.00  0.00  0.00  0.00
  G01517                  1.00   0.03  0.00  0.00  0.97  0.00  0.00  0.00  0.96  0.00
  G01518                  1.00   0.03  0.00  0.00  0.82  0.15  0.00  0.00  0.96  0.00
  G01519                  1.00   0.03  0.00  0.00  0.97  0.00  0.00  0.00  0.63  0.00
  G01520                  1.00   0.03  0.00  0.00  0.97  0.00  0.00  0.00  0.89  0.00
  G01521                  1.00   0.03  0.00  0.00  0.33  0.64  0.00  0.00  0.09  0.00
  G01522                  1.00   0.03  0.00  0.00  0.97  0.00  0.00  0.00  0.96  0.00
  G01523                  1.00   0.03  0.00  0.00  0.97  0.00  0.00  0.00  0.32  0.00
  G01524                  1.00   0.03  0.00  0.00  0.97  0.00  0.00  0.00  0.96  0.00
  G01525                  1.00   0.03  0.00  0.00  0.97  0.00  0.00  0.00  0.90  0.00
  G01526                  1.00   0.03  0.00  0.00  0.29  0.68  0.00  0.00  0.78  0.00
  G01527                  1.00   0.03  0.00  0.00  0.04  0.93  0.00  0.00  0.88  0.00
  G01528                  1.00   0.03  0.00  0.00  0.06  0.90  0.00  0.00  0.89  0.00
  G01529                  1.00   0.03  0.00  0.00  0.97  0.00  0.00  0.00  0.96  0.00
  G01530                  1.00   0.03  0.00  0.00  0.97  0.00  0.00  0.00  0.48  0.00
  G01531                  1.00   0.03  0.00  0.00  0.97  0.00  0.00  0.00  0.27  0.00
  G01532                  1.00   0.03  0.00  0.00  0.97  0.00  0.00  0.00  0.17  0.00
  G01533                  1.00   0.03  0.00  0.00  0.97  0.00  0.00  0.00  0.36  0.00
  G01534                  1.00   0.03  0.00  0.00  0.97  0.00  0.00  0.00  0.04  0.00
  G01535                  1.00   0.03  0.00  0.00  0.97  0.00  0.00  0.00  0.35  0.00
  G01536                  1.00   0.03  0.00  0.00  0.97  0.00  0.00  0.00  0.14  0.00
  G01537                  1.00   0.03  0.00  0.00  0.97  0.00  0.00  0.00  0.96  0.00
  G01538                  1.00   0.03  0.00  0.00  0.97  0.00  0.00  0.00  0.00  0.00
  G01539                  1.00   0.03  0.00  0.00  0.97  0.00  0.00  0.00  0.28  0.00
  G01540                  1.00   0.03  0.00  0.00  0.97  0.00  0.00  0.00  0.27  0.00
  G01541                  1.00   0.03  0.00  0.00  0.90  0.07  0.00  0.00  0.96  0.00
  G01542                  1.00   0.03  0.00  0.00  0.09  0.87  0.00  0.00  0.76  0.00
  G01543                  1.00   0.03  0.00  0.00  0.05  0.92  0.00  0.00  0.00  0.00
  G01544                  1.00   0.03  0.00  0.00  0.95  0.02  0.00  0.00  0.94  0.00
  G01545                  1.00   0.02  0.00  0.00  0.98  0.00  0.00  0.00  0.00  0.00
  G01546                  1.00   0.03  0.00  0.00  0.88  0.09  0.00  0.00  0.96  0.00
  G01547                  1.00   0.03  0.00  0.00  0.97  0.00  0.00  0.00  0.96  0.00
  G01548                  1.00   0.03  0.00  0.00  0.42  0.55  0.00  0.00  0.96  0.00
  G01549                  1.00   0.03  0.00  0.00  0.28  0.69  0.00  0.00  0.96  0.00
  G01550                  1.00   0.03  0.00  0.00  0.06  0.90  0.00  0.00  0.96  0.00
  G01551                  1.00   0.03  0.00  0.00  0.97  0.00  0.00  0.00  0.96  0.00
  G01552                  1.00   0.03  0.00  0.00  0.97  0.00  0.00  0.00  0.96  0.00
  G01553                  1.00   0.03  0.00  0.00  0.77  0.20  0.00  0.00  0.96  0.00
  G01554                  1.00   0.03  0.00  0.00  0.10  0.86  0.00  0.00  0.11  0.00
  G01555                  1.00   0.03  0.00  0.00  0.90  0.06  0.00  0.00  0.96  0.00
  G01556                  1.00   0.03  0.00  0.00  0.97  0.00  0.00  0.00  0.28  0.00
  G01557                  1.00   0.03  0.00  0.00  0.97  0.00  0.00  0.00  0.12  0.00
  G01558                  1.00   0.03  0.00  0.00  0.97  0.00  0.00  0.00  0.01  0.00
  G01559                  1.00   0.03  0.00  0.00  0.97  0.00  0.00  0.00  0.96  0.00
  G01560                  1.00   0.03  0.00  0.00  0.09  0.87  0.00  0.00  0.00  0.00
  G01561                  1.00   0.03  0.00  0.00  0.97  0.00  0.00  0.00  0.91  0.00
  G01562                  1.00   0.03  0.00  0.00  0.97  0.00  0.00  0.00  0.76  0.00
  G01563                  1.00   0.03  0.00  0.00  0.97  0.00  0.00  0.00  0.96  0.00
  G01564                  1.00   0.03  0.00  0.00  0.97  0.00  0.00  0.00  0.96  0.00
  G01565                  1.00   0.03  0.00  0.00  0.97  0.00  0.00  0.00  0.04  0.00
  G01566                  1.00   0.03  0.00  0.00  0.97  0.00  0.00  0.00  0.96  0.00
  G01567                  1.00   0.03  0.00  0.00  0.97  0.00  0.00  0.00  0.96  0.00
  G01568                  1.00   0.03  0.00  0.00  0.53  0.44  0.00  0.00  0.96  0.00
  G01569                  1.00   0.03  0.00  0.00  0.97  0.00  0.00  0.00  0.96  0.00
  G01570                  1.00   0.03  0.00  0.00  0.97  0.00  0.00  0.00  0.53  0.00
  G01571                  1.00   0.03  0.00  0.00  0.97  0.00  0.00  0.00  0.17  0.00
  G01572                  1.00   0.03  0.00  0.00  0.97  0.00  0.00  0.00  0.00  0.00
  G01573                  1.00   0.03  0.00  0.00  0.97  0.00  0.00  0.00  0.96  0.00
  G01574                  1.00   0.03  0.00  0.00  0.97  0.00  0.00  0.00  0.15  0.00
  G01575                  1.00   0.03  0.00  0.00  0.97  0.00  0.00  0.00  0.14  0.00
  G01576                  1.00   0.03  0.00  0.00  0.95  0.02  0.00  0.00  0.96  0.00
  G01577                  1.00   0.03  0.00  0.00  0.97  0.00  0.00  0.00  0.96  0.00
  G01578                  1.00   0.03  0.00  0.00  0.97  0.00  0.00  0.00  0.96  0.00
  G01579                  1.00   0.03  0.00  0.00  0.56  0.41  0.00  0.00  0.96  0.00
  G01580                  1.00   0.03  0.00  0.00  0.96  0.01  0.00  0.00  0.82  0.00
  G01581                  1.00   0.03  0.00  0.00  0.97  0.00  0.00  0.00  0.96  0.00
  G01582                  1.00   0.03  0.00  0.00  0.97  0.00  0.00  0.00  0.24  0.00
  G01583                  1.00   0.02  0.00  0.00  0.98  0.00  0.00  0.00  0.88  0.00
  G01584                  1.00   0.03  0.00  0.00  0.97  0.00  0.00  0.00  0.50  0.00
  G01585                  1.00   0.03  0.00  0.00  0.97  0.00  0.00  0.00  0.23  0.00
  G01586                  1.00   0.03  0.00  0.00  0.97  0.00  0.00  0.00  0.96  0.00
  G01587                  1.00   0.03  0.00  0.00  0.97  0.00  0.00  0.00  0.14  0.00
  G01588                  1.00   0.03  0.00  0.00  0.93  0.04  0.00  0.00  0.39  0.00
  G01589                  1.00   0.03  0.00  0.00  0.97  0.00  0.00  0.00  0.96  0.00
  G01590                  1.00   0.03  0.00  0.00  0.97  0.00  0.00  0.00  0.03  0.00
  G01591                  1.00   0.03  0.00  0.00  0.11  0.86  0.00  0.00  0.00  0.00
  G01592                  1.00   0.03  0.00  0.00  0.97  0.00  0.00  0.00  0.48  0.00
  G01593                  1.00   0.03  0.00  0.00  0.97  0.00  0.00  0.00  0.96  0.00
  G01594                  1.00   0.03  0.00  0.00  0.97  0.00  0.00  0.00  0.96  0.00
  G01595                  1.00   0.03  0.00  0.00  0.10  0.86  0.00  0.00  0.93  0.00
  G01596                  1.00   0.03  0.00  0.00  0.97  0.00  0.00  0.00  0.96  0.00
  G01597                  1.00   0.03  0.00  0.00  0.97  0.00  0.00  0.00  0.02  0.00
  G01598                  1.00   0.03  0.00  0.00  0.90  0.07  0.00  0.00  0.96  0.00
  G01599                  1.00   0.03  0.00  0.00  0.97  0.00  0.00  0.00  0.96  0.00
  G01600                  1.00   0.03  0.00  0.00  0.94  0.03  0.00  0.00  0.96  0.00
  G01601                  1.00   0.03  0.00  0.00  0.53  0.44  0.00  0.00  0.82  0.00
  G01602                  1.00   0.03  0.00  0.00  0.97  0.00  0.00  0.00  0.96  0.00
  G01603                  1.00   0.03  0.00  0.00  0.97  0.00  0.00  0.00  0.96  0.00
  G01604                  1.00   0.03  0.00  0.00  0.97  0.00  0.00  0.00  0.96  0.00
  G01605                  1.00   0.03  0.00  0.00  0.97  0.00  0.00  0.00  0.96  0.00
  G01606                  1.00   0.03  0.00  0.00  0.97  0.00  0.00  0.00  0.00  0.00
  G01607                  1.00   0.03  0.00  0.00  0.97  0.00  0.00  0.00  0.37  0.00
  G01608                  1.00   0.02  0.00  0.00  0.98  0.00  0.00  0.00  0.23  0.00
  G01609                  1.00   0.03  0.00  0.00  0.97  0.00  0.00  0.00  0.21  0.00
  G01610                  1.00   0.03  0.00  0.00  0.97  0.00  0.00  0.00  0.22  0.00
  G01611                  1.00   0.03  0.00  0.00  0.97  0.00  0.00  0.00  0.96  0.00
  G01612                  1.00   0.03  0.00  0.00  0.97  0.00  0.00  0.00  0.47  0.00
  G01613                  1.00   0.03  0.00  0.00  0.97  0.00  0.00  0.00  0.61  0.00
  G01614                  1.00   0.03  0.00  0.00  0.97  0.00  0.00  0.00  0.39  0.00
  G01615                  1.00   0.03  0.00  0.00  0.97  0.00  0.00  0.00  0.00  0.00
  G01616                  1.00   0.03  0.00  0.00  0.97  0.00  0.00  0.00  0.03  0.00
  G01617                  1.00   0.03  0.00  0.00  0.97  0.00  0.00  0.00  0.96  0.00
  G01618                  1.00   0.03  0.00  0.00  0.97  0.00  0.00  0.00  0.96  0.00
  G01619                  1.00   0.03  0.00  0.00  0.97  0.00  0.00  0.00  0.96  0.00
  G01620                  1.00   0.03  0.00  0.00  0.97  0.00  0.00  0.00  0.27  0.00
  G01621                  1.00   0.03  0.00  0.00  0.97  0.00  0.00  0.00  0.77  0.00
  G01622                  1.00   0.03  0.00  0.00  0.97  0.00  0.00  0.00  0.64  0.00
  G01623                  1.00   0.03  0.00  0.00  0.97  0.00  0.00  0.00  0.44  0.00
  G01624                  1.00   0.03  0.00  0.00  0.91  0.06  0.00  0.00  0.96  0.00
  G01625                  1.00   0.03  0.00  0.00  0.53  0.43  0.00  0.00  0.96  0.00
  G01626                  1.00   0.03  0.00  0.00  0.97  0.00  0.00  0.00  0.96  0.00
  G01627                  1.00   0.03  0.00  0.00  0.97  0.00  0.00  0.00  0.96  0.00
  G01628                  1.00   0.03  0.00  0.00  0.97  0.00  0.00  0.00  0.96  0.00
  G01629                  1.00   0.03  0.00  0.00  0.97  0.00  0.00  0.00  0.96  0.00
  G01630                  1.00   0.03  0.00  0.00  0.95  0.01  0.00  0.00  0.96  0.00
  G01631                  1.00   0.03  0.00  0.00  0.19  0.78  0.00  0.00  0.00  0.00
  G01632                  1.00   0.03  0.00  0.00  0.09  0.88  0.00  0.00  0.96  0.00
  G01633                  1.00   0.03  0.00  0.00  0.05  0.92  0.00  0.00  0.96  0.00
  G01634                  1.00   0.02  0.00  0.00  0.95  0.03  0.00  0.00  0.57  0.00
  G01635                  1.00   0.02  0.01  0.00  0.72  0.24  0.00  0.00  0.97  0.00
  G01636                  1.00   0.03  0.00  0.00  0.97  0.00  0.00  0.00  0.94  0.00
  G01637                  1.00   0.03  0.00  0.00  0.97  0.00  0.00  0.00  0.00  0.00
  G01638                  1.00   0.03  0.00  0.00  0.97  0.00  0.00  0.00  0.96  0.00
  G01639                  1.00   0.03  0.00  0.00  0.97  0.00  0.00  0.00  0.96  0.00
  G01640                  1.00   0.03  0.00  0.00  0.05  0.92  0.00  0.00  0.44  0.00
  G01641                  1.00   0.03  0.00  0.00  0.97  0.00  0.00  0.00  0.96  0.00
  G01642                  1.00   0.02  0.01  0.00  0.97  0.00  0.00  0.00  0.09  0.00
  G01643                  1.00   0.02  0.00  0.00  0.39  0.59  0.00  0.00  0.91  0.00
  G01644                  1.00   0.03  0.00  0.00  0.97  0.00  0.00  0.00  0.13  0.00
  G01645                  1.00   0.02  0.01  0.00  0.97  0.00  0.00  0.00  0.96  0.00
  G01646                  1.00   0.02  0.01  0.00  0.88  0.08  0.00  0.00  0.97  0.00
  G01647                  1.00   0.03  0.00  0.00  0.97  0.00  0.00  0.00  0.96  0.00
  G01648                  1.00   0.03  0.00  0.00  0.22  0.75  0.00  0.00  0.90  0.00
  G01649                  1.00   0.03  0.00  0.00  0.73  0.24  0.00  0.00  0.96  0.00
  G01650                  1.00   0.03  0.00  0.00  0.18  0.78  0.00  0.00  0.39  0.00
  G01651                  1.00   0.03  0.00  0.00  0.97  0.00  0.00  0.00  0.00  0.00
  G01652                  1.00   0.03  0.00  0.00  0.97  0.00  0.00  0.00  0.96  0.00
  G01653                  1.00   0.02  0.00  0.00  0.98  0.00  0.00  0.00  0.12  0.00
  G01654                  1.00   0.02  0.02  0.00  0.97  0.00  0.00  0.00  0.97  0.00
  G01655                  1.00   0.03  0.00  0.00  0.97  0.00  0.00  0.00  0.00  0.00
  G01656                  1.00   0.03  0.00  0.00  0.02  0.94  0.00  0.00  0.96  0.00
  G01657                  1.00   0.03  0.00  0.00  0.97  0.00  0.00  0.00  0.91  0.00
  G01658                  1.00   0.03  0.00  0.00  0.97  0.00  0.00  0.00  0.29  0.00
  G01659                  1.00   0.03  0.00  0.00  0.97  0.00  0.00  0.00  0.96  0.00
  G01660                  1.00   0.03  0.00  0.00  0.97  0.00  0.00  0.00  0.02  0.00
  G01661                  1.00   0.03  0.00  0.00  0.97  0.00  0.00  0.00  0.96  0.00
  G01662                  1.00   0.03  0.00  0.00  0.97  0.00  0.00  0.00  0.90  0.00
  G01663                  1.00   0.03  0.00  0.00  0.97  0.00  0.00  0.00  0.01  0.00
  G01664                  1.00   0.03  0.00  0.00  0.05  0.91  0.00  0.00  0.96  0.00
  G01665                  1.00   0.03  0.00  0.00  0.97  0.00  0.00  0.00  0.96  0.00
  G01666                  1.00   0.02  0.01  0.00  0.07  0.89  0.00  0.00  0.18  0.00
  G01667                  1.00   0.03  0.00  0.00  0.85  0.11  0.00  0.00  0.86  0.00
  G01668                  1.00   0.03  0.00  0.00  0.97  0.00  0.00  0.00  0.96  0.00
  G01669                  1.00   0.03  0.00  0.00  0.97  0.00  0.00  0.00  0.27  0.00
  G01670                  1.00   0.03  0.00  0.00  0.97  0.00  0.00  0.00  0.96  0.00
  G01671                  1.00   0.03  0.00  0.00  0.97  0.00  0.00  0.00  0.96  0.00
  G01672                  1.00   0.03  0.00  0.00  0.00  0.96  0.00  0.00  0.89  0.00
  G01673                  1.00   0.03  0.00  0.00  0.97  0.00  0.00  0.00  0.96  0.00
  G01674                  1.00   0.03  0.00  0.00  0.97  0.00  0.00  0.00  0.96  0.00
  G01675                  1.00   0.03  0.00  0.00  0.91  0.05  0.00  0.00  0.96  0.00
  G01676                  1.00   0.03  0.00  0.00  0.00  0.96  0.00  0.00  0.36  0.00
  G01677                  1.00   0.03  0.00  0.00  0.01  0.96  0.00  0.00  0.08  0.00
  G01678                  1.00   0.03  0.00  0.00  0.00  0.96  0.00  0.00  0.96  0.00
  G01679                  1.00   0.03  0.00  0.00  0.36  0.61  0.00  0.00  0.29  0.00
  G01680                  1.00   0.03  0.00  0.00  0.97  0.00  0.00  0.00  0.65  0.00
  G01681                  1.00   0.03  0.00  0.00  0.72  0.24  0.00  0.00  0.96  0.00
  G01682                  1.00   0.03  0.00  0.00  0.97  0.00  0.00  0.00  0.96  0.00
  G01683                  1.00   0.03  0.00  0.00  0.88  0.09  0.00  0.00  0.96  0.00
  G01684                  1.00   0.03  0.00  0.00  0.01  0.96  0.00  0.00  0.00  0.00
  G01685                  1.00   0.03  0.00  0.00  0.68  0.29  0.00  0.00  0.96  0.00
  G01686                  1.00   0.03  0.00  0.00  0.07  0.89  0.00  0.00  0.00  0.00
  G01687                  1.00   0.03  0.00  0.00  0.00  0.96  0.00  0.00  0.96  0.00
  G01688                  1.00   0.02  0.00  0.00  0.77  0.21  0.00  0.00  0.90  0.00
  G01689                  1.00   0.03  0.00  0.00  0.02  0.95  0.00  0.00  0.63  0.00
  G01690                  1.00   0.03  0.00  0.00  0.97  0.00  0.00  0.00  0.06  0.00
  G01691                  1.00   0.02  0.01  0.00  0.97  0.00  0.00  0.00  0.12  0.00
  G01692                  1.00   0.03  0.00  0.00  0.97  0.00  0.00  0.00  0.96  0.00
  G01693                  1.00   0.03  0.00  0.00  0.83  0.14  0.00  0.00  0.96  0.00
  G01694                  1.00   0.02  0.01  0.00  0.97  0.00  0.00  0.00  0.97  0.00
  G01695                  1.00   0.03  0.00  0.00  0.97  0.00  0.00  0.00  0.96  0.00
  G01696                  1.00   0.03  0.00  0.00  0.97  0.00  0.00  0.00  0.29  0.00
  G01697                  1.00   0.03  0.00  0.00  0.97  0.00  0.00  0.00  0.96  0.00
  G01698                  1.00   0.03  0.00  0.00  0.97  0.00  0.00  0.00  0.93  0.00
  G01699                  1.00   0.03  0.00  0.00  0.97  0.00  0.00  0.00  0.12  0.00
  G01700                  1.00   0.03  0.00  0.00  0.97  0.00  0.00  0.00  0.96  0.00
  G01701                  1.00   0.03  0.00  0.00  0.97  0.00  0.00  0.00  0.96  0.00
  G01702                  1.00   0.03  0.00  0.00  0.97  0.00  0.00  0.00  0.25  0.00
  G01703                  1.00   0.02  0.01  0.00  0.65  0.32  0.00  0.00  0.97  0.00
  G01704                  1.00   0.03  0.00  0.00  0.97  0.00  0.00  0.00  0.96  0.00
  G01705                  1.00   0.03  0.00  0.00  0.97  0.00  0.00  0.00  0.26  0.00
  G01706                  1.00   0.03  0.00  0.00  0.97  0.00  0.00  0.00  0.02  0.00
  G01707                  1.00   0.03  0.00  0.00  0.97  0.00  0.00  0.00  0.02  0.00
  G01708                  1.00   0.03  0.00  0.00  0.97  0.00  0.00  0.00  0.44  0.00
  G01709                  1.00   0.03  0.00  0.00  0.97  0.00  0.00  0.00  0.96  0.00
  G01710                  1.00   0.03  0.00  0.00  0.97  0.00  0.00  0.00  0.00  0.00
  G01711                  1.00   0.03  0.00  0.00  0.97  0.00  0.00  0.00  0.96  0.00
  G01712                  1.00   0.03  0.00  0.00  0.97  0.00  0.00  0.00  0.27  0.00
  G01713                  1.00   0.03  0.00  0.00  0.97  0.00  0.00  0.00  0.10  0.00
  G01714                  1.00   0.03  0.00  0.00  0.97  0.00  0.00  0.00  0.31  0.00
  G01715                  1.00   0.03  0.00  0.00  0.97  0.00  0.00  0.00  0.45  0.00
  G01716                  1.00   0.03  0.00  0.00  0.97  0.00  0.00  0.00  0.01  0.00
  G01717                  1.00   0.03  0.00  0.00  0.97  0.00  0.00  0.00  0.96  0.00
  G01718                  1.00   0.03  0.00  0.00  0.97  0.00  0.00  0.00  0.96  0.00
  G01719                  1.00   0.03  0.00  0.00  0.97  0.00  0.00  0.00  0.52  0.00
  G01720                  1.00   0.03  0.00  0.00  0.97  0.00  0.00  0.00  0.96  0.00
  G01721                  1.00   0.03  0.00  0.00  0.97  0.00  0.00  0.00  0.52  0.00
  G01722                  1.00   0.03  0.00  0.00  0.97  0.00  0.00  0.00  0.96  0.00
  G01723                  1.00   0.03  0.00  0.00  0.97  0.00  0.00  0.00  0.02  0.00
  G01724                  1.00   0.03  0.00  0.00  0.97  0.00  0.00  0.00  0.54  0.00
  G01725                  1.00   0.03  0.00  0.00  0.97  0.00  0.00  0.00  0.50  0.00
  G01726                  1.00   0.03  0.00  0.00  0.97  0.00  0.00  0.00  0.50  0.00
  G01727                  1.00   0.03  0.00  0.00  0.97  0.00  0.00  0.00  0.00  0.00
  G01728                  1.00   0.03  0.00  0.00  0.97  0.00  0.00  0.00  0.96  0.00
  G01729                  1.00   0.03  0.00  0.00  0.97  0.00  0.00  0.00  0.32  0.00
  G01730                  1.00   0.03  0.00  0.00  0.97  0.00  0.00  0.00  0.96  0.00
  G01731                  1.00   0.03  0.00  0.00  0.97  0.00  0.00  0.00  0.01  0.00
  G01732                  1.00   0.03  0.00  0.00  0.97  0.00  0.00  0.00  0.96  0.00
  G01733                  1.00   0.03  0.00  0.00  0.89  0.08  0.00  0.00  0.96  0.00
  G01734                  1.00   0.03  0.00  0.00  0.97  0.00  0.00  0.00  0.92  0.00
  G01735                  1.00   0.03  0.00  0.00  0.62  0.35  0.00  0.00  0.96  0.00
  G01736                  1.00   0.03  0.00  0.00  0.97  0.00  0.00  0.00  0.88  0.00
  G01737                  1.00   0.03  0.00  0.00  0.97  0.00  0.00  0.00  0.96  0.00
  G01738                  1.00   0.02  0.01  0.00  0.97  0.00  0.00  0.00  0.97  0.00
  G01739                  1.00   0.02  0.00  0.00  0.02  0.97  0.00  0.00  0.86  0.00
  G01740                  1.00   0.03  0.00  0.00  0.97  0.00  0.00  0.00  0.96  0.00
  G01741                  1.00   0.03  0.00  0.00  0.97  0.00  0.00  0.00  0.96  0.00
  G01742                  1.00   0.02  0.00  0.00  0.98  0.00  0.00  0.00  0.00  0.00
  G01743                  1.00   0.03  0.00  0.00  0.97  0.00  0.00  0.00  0.96  0.00
  G01744                  1.00   0.03  0.00  0.00  0.97  0.00  0.00  0.00  0.96  0.00
  G01745                  1.00   0.02  0.01  0.00  0.97  0.00  0.00  0.00  0.97  0.00
  G01746                  1.00   0.03  0.00  0.00  0.97  0.00  0.00  0.00  0.96  0.00
  G01747                  1.00   0.03  0.00  0.00  0.24  0.73  0.00  0.00  0.00  0.00
  G01748                  1.00   0.03  0.00  0.00  0.97  0.00  0.00  0.00  0.53  0.00
  G01749                  1.00   0.03  0.00  0.00  0.82  0.14  0.00  0.00  0.96  0.00
  G01750                  1.00   0.03  0.00  0.00  0.97  0.00  0.00  0.00  0.03  0.00
  G01751                  1.00   0.02  0.01  0.00  0.97  0.00  0.00  0.00  0.97  0.00
  G01752                  1.00   0.03  0.00  0.00  0.97  0.00  0.00  0.00  0.00  0.00
  G01753                  1.00   0.02  0.02  0.00  0.97  0.00  0.00  0.00  0.97  0.00
  G01754                  1.00   0.03  0.00  0.00  0.22  0.74  0.00  0.00  0.00  0.00
  G01755                  1.00   0.02  0.02  0.00  0.97  0.00  0.00  0.00  0.97  0.00
  G01756                  1.00   0.02  0.00  0.00  0.98  0.00  0.00  0.00  0.84  0.00
  G01757                  1.00   0.03  0.00  0.00  0.97  0.00  0.00  0.00  0.05  0.00
  G01758                  1.00   0.03  0.00  0.00  0.94  0.03  0.00  0.00  0.83  0.00
  G01759                  1.00   0.03  0.00  0.00  0.97  0.00  0.00  0.00  0.96  0.00
  G01760                  1.00   0.02  0.01  0.00  0.97  0.00  0.00  0.00  0.13  0.00
  G01761                  1.00   0.03  0.00  0.00  0.97  0.00  0.00  0.00  0.16  0.00
  G01762                  1.00   0.02  0.00  0.00  0.98  0.00  0.00  0.00  0.58  0.00
  G01763                  1.00   0.02  0.00  0.00  0.98  0.00  0.00  0.00  0.00  0.00
  G01764                  1.00   0.03  0.00  0.00  0.49  0.48  0.00  0.00  0.96  0.00
  G01765                  1.00   0.03  0.00  0.00  0.85  0.12  0.00  0.00  0.19  0.00
  G01766                  1.00   0.02  0.01  0.00  0.97  0.00  0.00  0.00  0.97  0.00
  G01767                  1.00   0.03  0.00  0.00  0.97  0.00  0.00  0.00  0.96  0.00
  G01768                  1.00   0.03  0.00  0.00  0.97  0.00  0.00  0.00  0.36  0.00
  G01769                  1.00   0.03  0.00  0.00  0.93  0.03  0.00  0.00  0.96  0.00
  G01770                  1.00   0.03  0.00  0.00  0.97  0.00  0.00  0.00  0.96  0.00
  G01771                  1.00   0.03  0.00  0.00  0.97  0.00  0.00  0.00  0.15  0.00
  G01772                  1.00   0.03  0.00  0.00  0.37  0.59  0.00  0.00  0.96  0.00
  G01773                  1.00   0.03  0.00  0.00  0.97  0.00  0.00  0.00  0.96  0.00
  G01774                  1.00   0.03  0.00  0.00  0.97  0.00  0.00  0.00  0.96  0.00
  G01775                  1.00   0.03  0.00  0.00  0.97  0.00  0.00  0.00  0.53  0.00
  G01776                  1.00   0.03  0.00  0.00  0.97  0.00  0.00  0.00  0.81  0.00
  G01777                  1.00   0.03  0.00  0.00  0.97  0.00  0.00  0.00  0.96  0.00
  G01778                  1.00   0.03  0.00  0.00  0.97  0.00  0.00  0.00  0.26  0.00
  G01779                  1.00   0.03  0.00  0.00  0.97  0.00  0.00  0.00  0.96  0.00
  G01780                  1.00   0.03  0.00  0.00  0.97  0.00  0.00  0.00  0.43  0.00
  G01781                  1.00   0.03  0.00  0.00  0.97  0.00  0.00  0.00  0.06  0.00
  G01782                  1.00   0.03  0.00  0.00  0.97  0.00  0.00  0.00  0.39  0.00
  G01783                  1.00   0.02  0.01  0.00  0.97  0.00  0.00  0.00  0.96  0.00
  G01784                  1.00   0.03  0.00  0.00  0.97  0.00  0.00  0.00  0.96  0.00
  G01785                  1.00   0.03  0.00  0.00  0.97  0.00  0.00  0.00  0.28  0.00
  G01786                  1.00   0.02  0.00  0.00  0.98  0.00  0.00  0.00  0.11  0.00
  G01787                  1.00   0.02  0.01  0.00  0.97  0.00  0.00  0.00  0.56  0.00
  G01788                  1.00   0.03  0.00  0.00  0.97  0.00  0.00  0.00  0.26  0.00
  G01789                  1.00   0.03  0.00  0.00  0.97  0.00  0.00  0.00  0.92  0.00
  G01790                  1.00   0.03  0.00  0.00  0.97  0.00  0.00  0.00  0.05  0.00
  G01791                  1.00   0.03  0.00  0.00  0.97  0.00  0.00  0.00  0.96  0.00
  G01792                  1.00   0.03  0.00  0.00  0.97  0.00  0.00  0.00  0.96  0.00
  G01793                  1.00   0.03  0.00  0.00  0.97  0.00  0.00  0.00  0.69  0.00
  G01794                  1.00   0.03  0.00  0.00  0.97  0.00  0.00  0.00  0.00  0.00
  G01795                  1.00   0.02  0.02  0.00  0.97  0.00  0.00  0.00  0.97  0.00
  G01796                  1.00   0.03  0.00  0.00  0.97  0.00  0.00  0.00  0.29  0.00
  G01797                  1.00   0.03  0.00  0.00  0.97  0.00  0.00  0.00  0.09  0.00
  G01798                  1.00   0.03  0.00  0.00  0.88  0.09  0.00  0.00  0.96  0.00
  G01799                  1.00   0.03  0.00  0.00  0.97  0.00  0.00  0.00  0.12  0.00
  G01800                  1.00   0.03  0.00  0.00  0.94  0.03  0.00  0.00  0.75  0.00
  G01801                  1.00   0.02  0.00  0.00  0.92  0.06  0.00  0.00  0.88  0.00
  G01802                  1.00   0.03  0.00  0.00  0.97  0.00  0.00  0.00  0.00  0.00
  G01803                  1.00   0.03  0.00  0.00  0.97  0.00  0.00  0.00  0.96  0.00
  G01804                  1.00   0.03  0.00  0.00  0.00  0.96  0.00  0.00  0.63  0.00
  G01805                  1.00   0.03  0.00  0.00  0.97  0.00  0.00  0.00  0.96  0.00
  G01806                  1.00   0.03  0.00  0.00  0.97  0.00  0.00  0.00  0.96  0.00
  G01807                  1.00   0.02  0.01  0.00  0.97  0.00  0.00  0.00  0.65  0.00
  G01808                  1.00   0.03  0.00  0.00  0.97  0.00  0.00  0.00  0.96  0.00
  G01809                  1.00   0.03  0.00  0.00  0.97  0.00  0.00  0.00  0.96  0.00
  G01810                  1.00   0.03  0.00  0.00  0.97  0.00  0.00  0.00  0.09  0.00
  G01811                  1.00   0.03  0.00  0.00  0.97  0.00  0.00  0.00  0.00  0.00
  G01812                  1.00   0.03  0.00  0.00  0.97  0.00  0.00  0.00  0.52  0.00
  G01813                  1.00   0.03  0.00  0.00  0.32  0.65  0.00  0.00  0.00  0.00
  G01814                  1.00   0.03  0.00  0.00  0.97  0.00  0.00  0.00  0.96  0.00
  G01815                  1.00   0.03  0.00  0.00  0.70  0.27  0.00  0.00  0.87  0.00
  G01816                  1.00   0.03  0.00  0.00  0.97  0.00  0.00  0.00  0.96  0.00
  G01817                  1.00   0.03  0.00  0.00  0.03  0.94  0.00  0.00  0.87  0.00
  G01818                  1.00   0.03  0.00  0.00  0.97  0.00  0.00  0.00  0.12  0.00
  G01819                  1.00   0.03  0.00  0.00  0.08  0.88  0.00  0.00  0.77  0.00
  G01820                  1.00   0.03  0.00  0.00  0.97  0.00  0.00  0.00  0.96  0.00
  G01821                  1.00   0.03  0.00  0.00  0.02  0.95  0.00  0.00  0.86  0.00
  G01822                  1.00   0.03  0.00  0.00  0.02  0.95  0.00  0.00  0.96  0.00
  G01823                  1.00   0.03  0.00  0.00  0.97  0.00  0.00  0.00  0.96  0.00
  G01824                  1.00   0.03  0.00  0.00  0.97  0.00  0.00  0.00  0.96  0.00
  G01825                  1.00   0.03  0.00  0.00  0.97  0.00  0.00  0.00  0.96  0.00
  G01826                  1.00   0.03  0.00  0.00  0.97  0.00  0.00  0.00  0.96  0.00
  G01827                  1.00   0.03  0.00  0.00  0.03  0.94  0.00  0.00  0.00  0.00
  G01828                  1.00   0.03  0.00  0.00  0.97  0.00  0.00  0.00  0.96  0.00
  G01829                  1.00   0.03  0.00  0.00  0.47  0.49  0.00  0.00  0.88  0.00
  G01830                  1.00   0.03  0.00  0.00  0.97  0.00  0.00  0.00  0.96  0.00
  G01831                  1.00   0.03  0.00  0.00  0.97  0.00  0.00  0.00  0.00  0.00
  G01832                  1.00   0.03  0.00  0.00  0.97  0.00  0.00  0.00  0.96  0.00
  G01833                  1.00   0.03  0.00  0.00  0.97  0.00  0.00  0.00  0.96  0.00
  G01834                  1.00   0.03  0.00  0.00  0.97  0.00  0.00  0.00  0.00  0.00
  G01835                  1.00   0.03  0.00  0.00  0.97  0.00  0.00  0.00  0.96  0.00
  G01836                  1.00   0.03  0.00  0.00  0.97  0.00  0.00  0.00  0.00  0.00
  G01837                  1.00   0.03  0.00  0.00  0.97  0.00  0.00  0.00  0.16  0.00
  G01838                  1.00   0.03  0.00  0.00  0.59  0.38  0.00  0.00  0.69  0.00
  G01839                  1.00   0.03  0.00  0.00  0.97  0.00  0.00  0.00  0.01  0.00
  G01840                  1.00   0.03  0.00  0.00  0.97  0.00  0.00  0.00  0.96  0.00
  G01841                  1.00   0.03  0.00  0.00  0.97  0.00  0.00  0.00  0.96  0.00
  G01842                  1.00   0.03  0.00  0.00  0.92  0.05  0.00  0.00  0.96  0.00
  G01843                  1.00   0.03  0.00  0.00  0.88  0.09  0.00  0.00  0.96  0.00
  G01844                  1.00   0.03  0.00  0.00  0.97  0.00  0.00  0.00  0.00  0.00
  G01845                  1.00   0.03  0.00  0.00  0.92  0.05  0.00  0.00  0.96  0.00
  G01846                  1.00   0.03  0.00  0.00  0.17  0.80  0.00  0.00  0.96  0.00
  G01847                  1.00   0.03  0.00  0.00  0.97  0.00  0.00  0.00  0.96  0.00
  G01848                  1.00   0.03  0.00  0.00  0.32  0.65  0.00  0.00  0.13  0.00
  G01849                  1.00   0.03  0.00  0.00  0.49  0.47  0.00  0.00  0.96  0.00
  G01850                  1.00   0.03  0.00  0.00  0.97  0.00  0.00  0.00  0.29  0.00
  G01851                  1.00   0.03  0.00  0.00  0.97  0.00  0.00  0.00  0.96  0.00
  G01852                  1.00   0.03  0.00  0.00  0.97  0.00  0.00  0.00  0.42  0.00
  G01853                  1.00   0.03  0.00  0.00  0.97  0.00  0.00  0.00  0.38  0.00
  G01854                  1.00   0.03  0.00  0.00  0.97  0.00  0.00  0.00  0.96  0.00
  G01855                  1.00   0.03  0.00  0.00  0.97  0.00  0.00  0.00  0.96  0.00
  G01856                  1.00   0.03  0.00  0.00  0.97  0.00  0.00  0.00  0.96  0.00
  G01857                  1.00   0.03  0.00  0.00  0.97  0.00  0.00  0.00  0.25  0.00
  G01858                  1.00   0.02  0.01  0.00  0.97  0.00  0.00  0.00  0.97  0.00
  G01859                  1.00   0.02  0.01  0.00  0.97  0.00  0.00  0.00  0.97  0.00
  G01860                  1.00   0.02  0.00  0.00  0.90  0.08  0.00  0.00  0.82  0.00
  G01861                  1.00   0.03  0.00  0.00  0.97  0.00  0.00  0.00  0.61  0.00
  G01862                  1.00   0.03  0.00  0.00  0.97  0.00  0.00  0.00  0.96  0.00
  G01863                  1.00   0.02  0.00  0.00  0.98  0.00  0.00  0.00  0.01  0.00
  G01864                  1.00   0.02  0.01  0.00  0.97  0.00  0.00  0.00  0.97  0.00
  G01865                  1.00   0.03  0.00  0.00  0.97  0.00  0.00  0.00  0.28  0.00
  G01866                  1.00   0.03  0.00  0.00  0.97  0.00  0.00  0.00  0.96  0.00
  G01867                  1.00   0.03  0.00  0.00  0.97  0.00  0.00  0.00  0.96  0.00
  G01868                  1.00   0.03  0.00  0.00  0.97  0.00  0.00  0.00  0.96  0.00
  G01869                  1.00   0.03  0.00  0.00  0.97  0.00  0.00  0.00  0.96  0.00
  G01870                  1.00   0.03  0.00  0.00  0.97  0.00  0.00  0.00  0.28  0.00
  G01871                  1.00   0.03  0.00  0.00  0.97  0.00  0.00  0.00  0.96  0.00
  G01872                  1.00   0.03  0.00  0.00  0.97  0.00  0.00  0.00  0.96  0.00
  G01873                  1.00   0.03  0.00  0.00  0.97  0.00  0.00  0.00  0.96  0.00
  G01874                  1.00   0.03  0.00  0.00  0.86  0.11  0.00  0.00  0.83  0.00
  G01875                  1.00   0.03  0.00  0.00  0.97  0.00  0.00  0.00  0.08  0.00
  G01876                  1.00   0.03  0.00  0.00  0.97  0.00  0.00  0.00  0.01  0.00
  G01877                  1.00   0.03  0.00  0.00  0.97  0.00  0.00  0.00  0.40  0.00
  G01878                  1.00   0.03  0.00  0.00  0.97  0.00  0.00  0.00  0.96  0.00
  G01879                  1.00   0.03  0.00  0.00  0.97  0.00  0.00  0.00  0.29  0.00
  G01880                  1.00   0.03  0.00  0.00  0.97  0.00  0.00  0.00  0.31  0.00
  G01881                  1.00   0.03  0.00  0.00  0.97  0.00  0.00  0.00  0.25  0.00
  G01882                  1.00   0.02  0.00  0.00  0.98  0.00  0.00  0.00  0.00  0.00
  G01883                  1.00   0.03  0.00  0.00  0.97  0.00  0.00  0.00  0.96  0.00
  G01884                  1.00   0.03  0.00  0.00  0.54  0.43  0.00  0.00  0.00  0.00
  G01885                  1.00   0.03  0.00  0.00  0.97  0.00  0.00  0.00  0.96  0.00
  G01886                  1.00   0.03  0.00  0.00  0.06  0.91  0.00  0.00  0.03  0.00
  G01887                  1.00   0.03  0.00  0.00  0.93  0.04  0.00  0.00  0.96  0.00
  G01888                  1.00   0.03  0.00  0.00  0.97  0.00  0.00  0.00  0.00  0.00
  G01889                  1.00   0.03  0.00  0.00  0.97  0.00  0.00  0.00  0.96  0.00
  G01890                  1.00   0.03  0.00  0.00  0.13  0.84  0.00  0.00  0.26  0.00
  G01891                  1.00   0.03  0.00  0.00  0.97  0.00  0.00  0.00  0.00  0.00
  G01892                  1.00   0.03  0.00  0.00  0.97  0.00  0.00  0.00  0.96  0.00
  G01893                  1.00   0.02  0.00  0.00  0.98  0.00  0.00  0.00  0.76  0.00
  G01894                  1.00   0.03  0.00  0.00  0.96  0.01  0.00  0.00  0.95  0.00
  G01895                  1.00   0.03  0.00  0.00  0.97  0.00  0.00  0.00  0.96  0.00
  G01896                  1.00   0.03  0.00  0.00  0.11  0.85  0.00  0.00  0.00  0.00
  G01897                  1.00   0.03  0.00  0.00  0.97  0.00  0.00  0.00  0.64  0.00
  G01898                  1.00   0.03  0.00  0.00  0.97  0.00  0.00  0.00  0.33  0.00
  G01899                  1.00   0.03  0.00  0.00  0.12  0.85  0.00  0.00  0.00  0.00
  G01900                  1.00   0.02  0.00  0.00  0.98  0.00  0.00  0.00  0.00  0.00
  G01901                  1.00   0.03  0.00  0.00  0.97  0.00  0.00  0.00  0.96  0.00
  G01902                  1.00   0.03  0.00  0.00  0.97  0.00  0.00  0.00  0.21  0.00
  G01903                  1.00   0.03  0.00  0.00  0.97  0.00  0.00  0.00  0.96  0.00
  G01904                  1.00   0.03  0.00  0.00  0.97  0.00  0.00  0.00  0.96  0.00
  G01905                  1.00   0.03  0.00  0.00  0.97  0.00  0.00  0.00  0.00  0.00
  G01906                  1.00   0.03  0.00  0.00  0.97  0.00  0.00  0.00  0.96  0.00
  G01907                  1.00   0.03  0.00  0.00  0.78  0.19  0.00  0.00  0.96  0.00
  G01908                  1.00   0.03  0.00  0.00  0.97  0.00  0.00  0.00  0.96  0.00
  G01909                  1.00   0.03  0.00  0.00  0.97  0.00  0.00  0.00  0.49  0.00
  G01910                  1.00   0.03  0.00  0.00  0.13  0.84  0.00  0.00  0.00  0.00
  G01911                  1.00   0.03  0.00  0.00  0.97  0.00  0.00  0.00  0.24  0.00
  G01912                  1.00   0.03  0.00  0.00  0.97  0.00  0.00  0.00  0.90  0.00
  G01913                  1.00   0.03  0.00  0.00  0.97  0.00  0.00  0.00  0.92  0.00
  G01914                  1.00   0.03  0.00  0.00  0.19  0.77  0.00  0.00  0.83  0.00
  G01915                  1.00   0.03  0.00  0.00  0.33  0.63  0.00  0.00  0.85  0.00
  G01916                  1.00   0.03  0.00  0.00  0.23  0.73  0.00  0.00  0.00  0.00
  G01917                  1.00   0.03  0.00  0.00  0.05  0.91  0.00  0.00  0.51  0.00
  G01918                  1.00   0.03  0.00  0.00  0.92  0.05  0.00  0.00  0.96  0.00
  G01919                  1.00   0.03  0.00  0.00  0.26  0.71  0.00  0.00  0.36  0.00
  G01920                  1.00   0.03  0.00  0.00  0.97  0.00  0.00  0.00  0.96  0.00
  G01921                  1.00   0.03  0.00  0.00  0.97  0.00  0.00  0.00  0.05  0.00
  G01922                  1.00   0.03  0.00  0.00  0.97  0.00  0.00  0.00  0.96  0.00
  G01923                  1.00   0.03  0.00  0.00  0.97  0.00  0.00  0.00  0.69  0.00
  G01924                  1.00   0.03  0.00  0.00  0.97  0.00  0.00  0.00  0.00  0.00
  G01925                  1.00   0.02  0.01  0.00  0.93  0.04  0.00  0.00  0.93  0.00
  G01926                  1.00   0.03  0.00  0.00  0.97  0.00  0.00  0.00  0.00  0.00
  G01927                  1.00   0.03  0.00  0.00  0.97  0.00  0.00  0.00  0.23  0.00
  G01928                  1.00   0.03  0.00  0.00  0.97  0.00  0.00  0.00  0.47  0.00
  G01929                  1.00   0.02  0.00  0.00  0.98  0.00  0.00  0.00  0.88  0.00
  G01930                  1.00   0.03  0.00  0.00  0.06  0.91  0.00  0.00  0.80  0.00
  G01931                  1.00   0.03  0.00  0.00  0.97  0.00  0.00  0.00  0.00  0.00
  G01932                  1.00   0.03  0.00  0.00  0.97  0.00  0.00  0.00  0.09  0.00
  G01933                  1.00   0.03  0.00  0.00  0.19  0.78  0.00  0.00  0.74  0.00
  G01934                  1.00   0.03  0.00  0.00  0.97  0.00  0.00  0.00  0.96  0.00
  G01935                  1.00   0.03  0.00  0.00  0.97  0.00  0.00  0.00  0.95  0.00
  G01936                  1.00   0.02  0.00  0.00  0.93  0.05  0.00  0.00  0.96  0.00
  G01937                  1.00   0.03  0.00  0.00  0.88  0.09  0.00  0.00  0.96  0.00
  G01938                  1.00   0.03  0.00  0.00  0.14  0.83  0.00  0.00  0.61  0.00
  G01939                  1.00   0.02  0.01  0.00  0.07  0.90  0.00  0.00  0.07  0.00
  G01940                  1.00   0.02  0.00  0.00  0.15  0.83  0.00  0.00  0.96  0.00
  G01941                  1.00   0.03  0.00  0.00  0.97  0.00  0.00  0.00  0.04  0.00
  G01942                  1.00   0.03  0.00  0.00  0.97  0.00  0.00  0.00  0.96  0.00
  G01943                  1.00   0.03  0.00  0.00  0.85  0.12  0.00  0.00  0.96  0.00
  G01944                  1.00   0.03  0.00  0.00  0.97  0.00  0.00  0.00  0.96  0.00
  G01945                  1.00   0.03  0.00  0.00  0.97  0.00  0.00  0.00  0.28  0.00
  G01946                  1.00   0.03  0.00  0.00  0.78  0.19  0.00  0.00  0.96  0.00
  G01947                  1.00   0.03  0.00  0.00  0.18  0.78  0.00  0.00  0.20  0.00
  G01948                  1.00   0.03  0.00  0.00  0.97  0.00  0.00  0.00  0.30  0.00
  G01949                  1.00   0.03  0.00  0.00  0.97  0.00  0.00  0.00  0.28  0.00
  G01950                  1.00   0.03  0.00  0.00  0.97  0.00  0.00  0.00  0.29  0.00
  G01951                  1.00   0.03  0.00  0.00  0.97  0.00  0.00  0.00  0.00  0.00
  G01952                  1.00   0.03  0.00  0.00  0.97  0.00  0.00  0.00  0.96  0.00
  G01953                  1.00   0.03  0.00  0.00  0.97  0.00  0.00  0.00  0.62  0.00
  G01954                  1.00   0.03  0.00  0.00  0.97  0.00  0.00  0.00  0.33  0.00
  G01955                  1.00   0.03  0.00  0.00  0.97  0.00  0.00  0.00  0.96  0.00
  G01956                  1.00   0.03  0.00  0.00  0.97  0.00  0.00  0.00  0.00  0.00
  G01957                  1.00   0.03  0.00  0.00  0.97  0.00  0.00  0.00  0.00  0.00
  G01958                  1.00   0.02  0.01  0.00  0.97  0.00  0.00  0.00  0.44  0.00
  G01959                  1.00   0.03  0.00  0.00  0.97  0.00  0.00  0.00  0.00  0.00
  G01960                  1.00   0.03  0.00  0.00  0.97  0.00  0.00  0.00  0.96  0.00
  G01961                  1.00   0.03  0.00  0.00  0.97  0.00  0.00  0.00  0.96  0.00
  G01962                  1.00   0.03  0.00  0.00  0.97  0.00  0.00  0.00  0.24  0.00
  G01963                  1.00   0.02  0.00  0.00  0.98  0.00  0.00  0.00  0.02  0.00
  G01964                  1.00   0.03  0.00  0.00  0.97  0.00  0.00  0.00  0.10  0.00
  G01965                  1.00   0.03  0.00  0.00  0.97  0.00  0.00  0.00  0.32  0.00
  G01966                  1.00   0.03  0.00  0.00  0.97  0.00  0.00  0.00  0.53  0.00
  G01967                  1.00   0.03  0.00  0.00  0.97  0.00  0.00  0.00  0.43  0.00
  G01968                  1.00   0.02  0.00  0.00  0.98  0.00  0.00  0.00  0.02  0.00
  G01969                  1.00   0.03  0.00  0.00  0.97  0.00  0.00  0.00  0.96  0.00
  G01970                  1.00   0.03  0.00  0.00  0.31  0.66  0.00  0.00  0.91  0.00
  G01971                  1.00   0.03  0.00  0.00  0.97  0.00  0.00  0.00  0.91  0.00
  G01972                  1.00   0.03  0.00  0.00  0.97  0.00  0.00  0.00  0.09  0.00
  G01973                  1.00   0.03  0.00  0.00  0.97  0.00  0.00  0.00  0.96  0.00
  G01974                  1.00   0.03  0.00  0.00  0.97  0.00  0.00  0.00  0.38  0.00
  G01975                  1.00   0.03  0.00  0.00  0.97  0.00  0.00  0.00  0.00  0.00
  G01976                  1.00   0.03  0.00  0.00  0.97  0.00  0.00  0.00  0.96  0.00
  G01977                  1.00   0.03  0.00  0.00  0.97  0.00  0.00  0.00  0.41  0.00
  G01978                  1.00   0.03  0.00  0.00  0.97  0.00  0.00  0.00  0.96  0.00
  G01979                  1.00   0.03  0.00  0.00  0.97  0.00  0.00  0.00  0.96  0.00
  G01980                  1.00   0.03  0.00  0.00  0.97  0.00  0.00  0.00  0.96  0.00
  G01981                  1.00   0.03  0.00  0.00  0.97  0.00  0.00  0.00  0.96  0.00
  G01982                  1.00   0.03  0.00  0.00  0.97  0.00  0.00  0.00  0.96  0.00
  G01983                  1.00   0.03  0.00  0.00  0.97  0.00  0.00  0.00  0.36  0.00
  G01984                  1.00   0.03  0.00  0.00  0.92  0.04  0.00  0.00  0.96  0.00
  G01985                  1.00   0.03  0.00  0.00  0.97  0.00  0.00  0.00  0.96  0.00
  G01986                  1.00   0.03  0.00  0.00  0.97  0.00  0.00  0.00  0.96  0.00
  G01987                  1.00   0.02  0.01  0.00  0.97  0.00  0.00  0.00  0.96  0.00
  G01988                  1.00   0.03  0.00  0.00  0.97  0.00  0.00  0.00  0.89  0.00
  G01989                  1.00   0.03  0.00  0.00  0.97  0.00  0.00  0.00  0.96  0.00
  G01990                  1.00   0.03  0.00  0.00  0.97  0.00  0.00  0.00  0.06  0.00
  G01991                  1.00   0.03  0.00  0.00  0.97  0.00  0.00  0.00  0.87  0.00
  G01992                  1.00   0.03  0.00  0.00  0.97  0.00  0.00  0.00  0.96  0.00
  G01993                  1.00   0.03  0.00  0.00  0.00  0.96  0.00  0.00  0.96  0.00
  G01994                  1.00   0.03  0.00  0.00  0.97  0.00  0.00  0.00  0.96  0.00
  G01995                  1.00   0.03  0.00  0.00  0.96  0.00  0.00  0.00  0.96  0.00
  G01996                  1.00   0.03  0.00  0.00  0.97  0.00  0.00  0.00  0.00  0.00
  G01997                  1.00   0.03  0.00  0.00  0.97  0.00  0.00  0.00  0.60  0.00
  G01998                  1.00   0.03  0.00  0.00  0.94  0.03  0.00  0.00  0.96  0.00
  G01999                  1.00   0.03  0.00  0.00  0.97  0.00  0.00  0.00  0.27  0.00
  G02000                  1.00   0.03  0.00  0.00  0.97  0.00  0.00  0.00  0.70  0.00
  G02001                  1.00   0.03  0.00  0.00  0.97  0.00  0.00  0.00  0.00  0.00
  G02002                  1.00   0.03  0.00  0.00  0.97  0.00  0.00  0.00  0.38  0.00
  G02003                  1.00   0.03  0.00  0.00  0.97  0.00  0.00  0.00  0.41  0.00
  G02004                  1.00   0.03  0.00  0.00  0.97  0.00  0.00  0.00  0.67  0.00
  G02005                  1.00   0.03  0.00  0.00  0.97  0.00  0.00  0.00  0.96  0.00
  G02006                  1.00   0.03  0.00  0.00  0.20  0.77  0.00  0.00  0.19  0.00
  G02007                  1.00   0.03  0.00  0.00  0.97  0.00  0.00  0.00  0.91  0.00
  G02008                  1.00   0.03  0.00  0.00  0.97  0.00  0.00  0.00  0.96  0.00
  G02009                  1.00   0.02  0.01  0.00  0.97  0.00  0.00  0.00  0.51  0.00
  G02010                  1.00   0.03  0.00  0.00  0.16  0.81  0.00  0.00  0.96  0.00
  G02011                  1.00   0.03  0.00  0.00  0.97  0.00  0.00  0.00  0.00  0.00
  G02012                  1.00   0.03  0.00  0.00  0.97  0.00  0.00  0.00  0.00  0.00
  G02013                  1.00   0.03  0.00  0.00  0.97  0.00  0.00  0.00  0.00  0.00
  G02014                  1.00   0.03  0.00  0.00  0.97  0.00  0.00  0.00  0.00  0.00
  G02015                  1.00   0.03  0.00  0.00  0.97  0.00  0.00  0.00  0.23  0.00
  G02016                  1.00   0.03  0.00  0.00  0.97  0.00  0.00  0.00  0.96  0.00
  G02017                  1.00   0.03  0.00  0.00  0.97  0.00  0.00  0.00  0.07  0.00
  G02018                  1.00   0.03  0.00  0.00  0.93  0.04  0.00  0.00  0.96  0.00
  G02019                  1.00   0.03  0.00  0.00  0.97  0.00  0.00  0.00  0.31  0.00
  G02020                  1.00   0.03  0.00  0.00  0.97  0.00  0.00  0.00  0.86  0.00
  G02021                  1.00   0.03  0.00  0.00  0.97  0.00  0.00  0.00  0.00  0.00
  G02022                  1.00   0.03  0.00  0.00  0.97  0.00  0.00  0.00  0.54  0.00
  G02023                  1.00   0.03  0.00  0.00  0.97  0.00  0.00  0.00  0.00  0.00
  G02024                  1.00   0.03  0.00  0.00  0.97  0.00  0.00  0.00  0.96  0.00
  G02025                  1.00   0.03  0.00  0.00  0.97  0.00  0.00  0.00  0.96  0.00
  G02026                  1.00   0.02  0.01  0.00  0.97  0.00  0.00  0.00  0.97  0.00
  G02027                  1.00   0.02  0.01  0.00  0.97  0.00  0.00  0.00  0.96  0.00
  G02028                  1.00   0.02  0.01  0.00  0.97  0.00  0.00  0.00  0.97  0.00
  G02029                  1.00   0.03  0.00  0.00  0.97  0.00  0.00  0.00  0.38  0.00
  G02030                  1.00   0.02  0.00  0.00  0.98  0.00  0.00  0.00  0.00  0.00
  G02031                  1.00   0.03  0.00  0.00  0.97  0.00  0.00  0.00  0.96  0.00
  G02032                  1.00   0.02  0.01  0.00  0.97  0.00  0.00  0.00  0.96  0.00
  G02033                  1.00   0.03  0.00  0.00  0.97  0.00  0.00  0.00  0.41  0.00
  G02034                  1.00   0.03  0.00  0.00  0.97  0.00  0.00  0.00  0.96  0.00
  G02035                  1.00   0.03  0.00  0.00  0.97  0.00  0.00  0.00  0.89  0.00
  G02036                  1.00   0.03  0.00  0.00  0.97  0.00  0.00  0.00  0.92  0.00
  G02037                  1.00   0.03  0.00  0.00  0.97  0.00  0.00  0.00  0.00  0.00
  G02038                  1.00   0.03  0.00  0.00  0.97  0.00  0.00  0.00  0.96  0.00
  G02039                  1.00   0.02  0.02  0.00  0.97  0.00  0.00  0.00  0.97  0.00
  G02040                  1.00   0.03  0.00  0.00  0.20  0.77  0.00  0.00  0.83  0.00
  G02041                  1.00   0.03  0.00  0.00  0.03  0.94  0.00  0.00  0.80  0.00
  G02042                  1.00   0.02  0.01  0.00  0.97  0.00  0.00  0.00  0.97  0.00
  G02043                  1.00   0.02  0.00  0.00  0.98  0.00  0.00  0.00  0.00  0.00
  G02044                  1.00   0.03  0.00  0.00  0.13  0.84  0.00  0.00  0.54  0.00
  G02045                  1.00   0.03  0.00  0.00  0.97  0.00  0.00  0.00  0.96  0.00
  G02046                  1.00   0.03  0.00  0.00  0.97  0.00  0.00  0.00  0.96  0.00
  G02047                  1.00   0.03  0.00  0.00  0.97  0.00  0.00  0.00  0.96  0.00
  G02048                  1.00   0.03  0.00  0.00  0.97  0.00  0.00  0.00  0.22  0.00
  G02049                  1.00   0.03  0.00  0.00  0.97  0.00  0.00  0.00  0.14  0.00
  G02050                  1.00   0.03  0.00  0.00  0.97  0.00  0.00  0.00  0.96  0.00
  G02051                  1.00   0.02  0.01  0.00  0.97  0.00  0.00  0.00  0.97  0.00
  G02052                  1.00   0.03  0.00  0.00  0.97  0.00  0.00  0.00  0.32  0.00
  G02053                  1.00   0.03  0.00  0.00  0.65  0.31  0.00  0.00  0.96  0.00
  G02054                  1.00   0.03  0.00  0.00  0.97  0.00  0.00  0.00  0.96  0.00
  G02055                  1.00   0.03  0.00  0.00  0.97  0.00  0.00  0.00  0.33  0.00
  O00001                  1.00   0.03  0.00  0.00  0.97  0.00  0.00  0.00  0.00  0.00
  O00002                  1.00   0.03  0.00  0.00  0.97  0.00  0.00  0.00  0.00  0.00
  O00003                  1.00   0.03  0.00  0.00  0.97  0.00  0.00  0.00  0.00  0.00
  O00004                  1.00   0.03  0.00  0.00  0.97  0.00  0.00  0.00  0.00  0.00
  O00005                  1.00   0.03  0.00  0.00  0.97  0.00  0.00  0.00  0.00  0.00
  O00006                  1.00   0.03  0.00  0.00  0.97  0.00  0.00  0.00  0.00  0.00
  O00007                  1.00   0.03  0.00  0.00  0.97  0.00  0.00  0.00  0.00  0.00
  O00008                  1.00   0.03  0.00  0.00  0.97  0.00  0.00  0.00  0.00  0.00
  O00009                  1.00   0.03  0.00  0.00  0.97  0.00  0.00  0.00  0.00  0.00
  O00010                  1.00   0.02  0.00  0.00  0.98  0.00  0.00  0.00  0.00  0.00
  O00011                  1.00   0.03  0.00  0.00  0.97  0.00  0.00  0.00  0.00  0.00
  O00012                  1.00   0.03  0.00  0.00  0.97  0.00  0.00  0.00  0.00  0.00
  O00013                  1.00   0.03  0.00  0.00  0.97  0.00  0.00  0.00  0.00  0.00
  O00014                  1.00   0.03  0.00  0.00  0.97  0.00  0.00  0.00  0.00  0.00
  O00015                  1.00   0.03  0.00  0.00  0.97  0.00  0.00  0.00  0.00  0.00
  O00016                  1.00   0.03  0.00  0.00  0.97  0.00  0.00  0.00  0.00  0.00
  O00017                  1.00   0.03  0.00  0.00  0.97  0.00  0.00  0.00  0.00  0.00
  O00018                  1.00   0.02  0.00  0.00  0.98  0.00  0.00  0.00  0.00  0.00
  O00019                  1.00   0.03  0.00  0.00  0.97  0.00  0.00  0.00  0.00  0.00
  O00020                  1.00   0.03  0.00  0.00  0.97  0.00  0.00  0.00  0.00  0.00
  O00021                  1.00   0.03  0.00  0.00  0.97  0.00  0.00  0.00  0.00  0.00
  O00022                  1.00   0.03  0.00  0.00  0.97  0.00  0.00  0.00  0.00  0.00
  O00023                  1.00   0.03  0.00  0.00  0.97  0.00  0.00  0.00  0.00  0.00
  O00024                  1.00   0.03  0.00  0.00  0.97  0.00  0.00  0.00  0.00  0.00
  O00025                  1.00   0.02  0.00  0.00  0.98  0.00  0.00  0.00  0.00  0.00
  O00026                  1.00   0.03  0.00  0.00  0.97  0.00  0.00  0.00  0.00  0.00
  O00027                  1.00   0.03  0.00  0.00  0.97  0.00  0.00  0.00  0.00  0.00
  O00028                  1.00   0.03  0.00  0.00  0.97  0.00  0.00  0.00  0.00  0.00
  O00029                  1.00   0.03  0.00  0.00  0.97  0.00  0.00  0.00  0.00  0.00
  O00030                  1.00   0.03  0.00  0.00  0.97  0.00  0.00  0.00  0.00  0.00
  O00031                  1.00   0.03  0.00  0.00  0.97  0.00  0.00  0.00  0.00  0.00
  O00032                  1.00   0.03  0.00  0.00  0.97  0.00  0.00  0.00  0.00  0.00
  O00033                  1.00   0.03  0.00  0.00  0.97  0.00  0.00  0.00  0.00  0.00
  O00034                  1.00   0.03  0.00  0.00  0.97  0.00  0.00  0.00  0.00  0.00
  O00035                  1.00   0.03  0.00  0.00  0.97  0.00  0.00  0.00  0.00  0.00
  O00036                  1.00   0.03  0.00  0.00  0.97  0.00  0.00  0.00  0.00  0.00
  O00037                  1.00   0.03  0.00  0.00  0.97  0.00  0.00  0.00  0.00  0.00
  O00038                  1.00   0.03  0.00  0.00  0.97  0.00  0.00  0.00  0.00  0.00
  O00039                  1.00   0.03  0.00  0.00  0.97  0.00  0.00  0.00  0.00  0.00
  O00040                  1.00   0.03  0.00  0.00  0.97  0.00  0.00  0.00  0.00  0.00
  O00041                  1.00   0.03  0.00  0.00  0.97  0.00  0.00  0.00  0.00  0.00
  O00042                  1.00   0.03  0.00  0.00  0.97  0.00  0.00  0.00  0.00  0.00
  O00043                  1.00   0.03  0.00  0.00  0.97  0.00  0.00  0.00  0.00  0.00
  O00044                  1.00   0.03  0.00  0.00  0.97  0.00  0.00  0.00  0.00  0.00
  O00045                  1.00   0.03  0.00  0.00  0.97  0.00  0.00  0.00  0.00  0.00
  O00046                  1.00   0.03  0.00  0.00  0.97  0.00  0.00  0.00  0.00  0.00
  O00047                  1.00   0.03  0.00  0.00  0.97  0.00  0.00  0.00  0.00  0.00
  O00048                  1.00   0.03  0.00  0.00  0.97  0.00  0.00  0.00  0.00  0.00
  O00049                  1.00   0.03  0.00  0.00  0.97  0.00  0.00  0.00  0.00  0.00
  O00050                  1.00   0.03  0.00  0.00  0.97  0.00  0.00  0.00  0.00  0.00
  O00051                  1.00   0.03  0.00  0.00  0.97  0.00  0.00  0.00  0.00  0.00
  O00052                  1.00   0.03  0.00  0.00  0.97  0.00  0.00  0.00  0.00  0.00
  O00053                  1.00   0.03  0.00  0.00  0.97  0.00  0.00  0.00  0.00  0.00
  O00054                  1.00   0.03  0.00  0.00  0.97  0.00  0.00  0.00  0.00  0.00
  O00055                  1.00   0.03  0.00  0.00  0.97  0.00  0.00  0.00  0.00  0.00
  O00056                  1.00   0.03  0.00  0.00  0.97  0.00  0.00  0.00  0.00  0.00
  O00057                  1.00   0.03  0.00  0.00  0.97  0.00  0.00  0.00  0.00  0.00
  O00058                  1.00   0.03  0.00  0.00  0.97  0.00  0.00  0.00  0.00  0.00
  O00059                  1.00   0.03  0.00  0.00  0.97  0.00  0.00  0.00  0.00  0.00
  O00060                  1.00   0.03  0.00  0.00  0.97  0.00  0.00  0.00  0.00  0.00
  O00061                  1.00   0.03  0.00  0.00  0.97  0.00  0.00  0.00  0.00  0.00
  O00062                  1.00   0.03  0.00  0.00  0.97  0.00  0.00  0.00  0.00  0.00
  O00063                  1.00   0.03  0.00  0.00  0.97  0.00  0.00  0.00  0.00  0.00
  O00064                  1.00   0.03  0.00  0.00  0.97  0.00  0.00  0.00  0.00  0.00
  O00065                  1.00   0.03  0.00  0.00  0.97  0.00  0.00  0.00  0.00  0.00
  O00066                  1.00   0.03  0.00  0.00  0.97  0.00  0.00  0.00  0.00  0.00
  O00067                  1.00   0.03  0.00  0.00  0.97  0.00  0.00  0.00  0.00  0.00
  O00068                  1.00   0.03  0.00  0.00  0.97  0.00  0.00  0.00  0.00  0.00
  O00069                  1.00   0.03  0.00  0.00  0.97  0.00  0.00  0.00  0.00  0.00
  O00070                  1.00   0.03  0.00  0.00  0.97  0.00  0.00  0.00  0.00  0.00
  O00071                  1.00   0.03  0.00  0.00  0.97  0.00  0.00  0.00  0.00  0.00
  O00072                  1.00   0.03  0.00  0.00  0.97  0.00  0.00  0.00  0.00  0.00
  O00073                  1.00   0.03  0.00  0.00  0.97  0.00  0.00  0.00  0.00  0.00
  O00074                  1.00   0.03  0.00  0.00  0.97  0.00  0.00  0.00  0.00  0.00
  O00075                  1.00   0.03  0.00  0.00  0.97  0.00  0.00  0.00  0.00  0.00
  O00076                  1.00   0.03  0.00  0.00  0.97  0.00  0.00  0.00  0.00  0.00
  O00077                  1.00   0.03  0.00  0.00  0.97  0.00  0.00  0.00  0.00  0.00
  O00078                  1.00   0.03  0.00  0.00  0.97  0.00  0.00  0.00  0.00  0.00
  O00079                  1.00   0.03  0.00  0.00  0.97  0.00  0.00  0.00  0.00  0.00
  O00080                  1.00   0.03  0.00  0.00  0.97  0.00  0.00  0.00  0.00  0.00
  O00081                  1.00   0.03  0.00  0.00  0.97  0.00  0.00  0.00  0.00  0.00
  O00082                  1.00   0.03  0.00  0.00  0.97  0.00  0.00  0.00  0.00  0.00
  O00083                  1.00   0.03  0.00  0.00  0.97  0.00  0.00  0.00  0.00  0.00
  O00084                  1.00   0.03  0.00  0.00  0.97  0.00  0.00  0.00  0.00  0.00
  O00085                  1.00   0.03  0.00  0.00  0.97  0.00  0.00  0.00  0.00  0.00
  O00086                  1.00   0.03  0.00  0.00  0.97  0.00  0.00  0.00  0.00  0.00
  O00087                  1.00   0.03  0.00  0.00  0.97  0.00  0.00  0.00  0.00  0.00
  O00088                  1.00   0.03  0.00  0.00  0.97  0.00  0.00  0.00  0.00  0.00
  O00089                  1.00   0.03  0.00  0.00  0.97  0.00  0.00  0.00  0.00  0.00
  O00090                  1.00   0.03  0.00  0.00  0.97  0.00  0.00  0.00  0.00  0.00
  O00091                  1.00   0.03  0.00  0.00  0.97  0.00  0.00  0.00  0.00  0.00
  O00092                  1.00   0.03  0.00  0.00  0.97  0.00  0.00  0.00  0.00  0.00
  O00093                  1.00   0.03  0.00  0.00  0.97  0.00  0.00  0.00  0.00  0.00
  O00094                  1.00   0.03  0.00  0.00  0.97  0.00  0.00  0.00  0.00  0.00
  O00095                  1.00   0.03  0.00  0.00  0.97  0.00  0.00  0.00  0.00  0.00
  O00096                  1.00   0.03  0.00  0.00  0.97  0.00  0.00  0.00  0.00  0.00
  O00097                  1.00   0.02  0.00  0.00  0.98  0.00  0.00  0.00  0.00  0.00
  O00098                  1.00   0.03  0.00  0.00  0.97  0.00  0.00  0.00  0.00  0.00
  O00099                  1.00   0.03  0.00  0.00  0.97  0.00  0.00  0.00  0.00  0.00
  O00100                  1.00   0.03  0.00  0.00  0.97  0.00  0.00  0.00  0.00  0.00
  O00101                  1.00   0.03  0.00  0.00  0.97  0.00  0.00  0.00  0.00  0.00
  O00102                  1.00   0.03  0.00  0.00  0.97  0.00  0.00  0.00  0.00  0.00
  O00103                  1.00   0.03  0.00  0.00  0.97  0.00  0.00  0.00  0.00  0.00
  O00104                  1.00   0.03  0.00  0.00  0.97  0.00  0.00  0.00  0.00  0.00
  O00105                  1.00   0.03  0.00  0.00  0.97  0.00  0.00  0.00  0.00  0.00
  O00106                  1.00   0.03  0.00  0.00  0.97  0.00  0.00  0.00  0.00  0.00
  O00107                  1.00   0.03  0.00  0.00  0.97  0.00  0.00  0.00  0.00  0.00
  O00108                  1.00   0.03  0.00  0.00  0.97  0.00  0.00  0.00  0.00  0.00
  O00109                  1.00   0.03  0.00  0.00  0.97  0.00  0.00  0.00  0.00  0.00
  O00110                  1.00   0.03  0.00  0.00  0.97  0.00  0.00  0.00  0.00  0.00
  O00111                  1.00   0.03  0.00  0.00  0.97  0.00  0.00  0.00  0.00  0.00
  O00112                  1.00   0.02  0.00  0.00  0.98  0.00  0.00  0.00  0.00  0.00
  O00113                  1.00   0.03  0.00  0.00  0.97  0.00  0.00  0.00  0.00  0.00
  O00114                  1.00   0.03  0.00  0.00  0.97  0.00  0.00  0.00  0.00  0.00
  O00115                  1.00   0.03  0.00  0.00  0.97  0.00  0.00  0.00  0.00  0.00
  O00116                  1.00   0.03  0.00  0.00  0.97  0.00  0.00  0.00  0.00  0.00
  O00117                  1.00   0.03  0.00  0.00  0.97  0.00  0.00  0.00  0.00  0.00
  O00118                  1.00   0.03  0.00  0.00  0.97  0.00  0.00  0.00  0.00  0.00
  O00119                  1.00   0.03  0.00  0.00  0.97  0.00  0.00  0.00  0.00  0.00
  O00120                  1.00   0.03  0.00  0.00  0.97  0.00  0.00  0.00  0.00  0.00
  O00121                  1.00   0.03  0.00  0.00  0.97  0.00  0.00  0.00  0.00  0.00
  O00122                  1.00   0.03  0.00  0.00  0.97  0.00  0.00  0.00  0.00  0.00
  O00123                  1.00   0.03  0.00  0.00  0.97  0.00  0.00  0.00  0.00  0.00
  O00124                  1.00   0.03  0.00  0.00  0.97  0.00  0.00  0.00  0.00  0.00
  O00125                  1.00   0.03  0.00  0.00  0.97  0.00  0.00  0.00  0.00  0.00
  O00126                  1.00   0.03  0.00  0.00  0.97  0.00  0.00  0.00  0.00  0.00
  O00127                  1.00   0.03  0.00  0.00  0.97  0.00  0.00  0.00  0.00  0.00
  O00128                  1.00   0.03  0.00  0.00  0.97  0.00  0.00  0.00  0.00  0.00
  O00129                  1.00   0.03  0.00  0.00  0.97  0.00  0.00  0.00  0.00  0.00
  O00130                  1.00   0.03  0.00  0.00  0.97  0.00  0.00  0.00  0.00  0.00
  O00131                  1.00   0.03  0.00  0.00  0.97  0.00  0.00  0.00  0.00  0.00
  O00132                  1.00   0.03  0.00  0.00  0.97  0.00  0.00  0.00  0.00  0.00
  O00133                  1.00   0.03  0.00  0.00  0.97  0.00  0.00  0.00  0.00  0.00
  O00134                  1.00   0.03  0.00  0.00  0.97  0.00  0.00  0.00  0.00  0.00
  O00135                  1.00   0.03  0.00  0.00  0.97  0.00  0.00  0.00  0.00  0.00
  O00136                  1.00   0.03  0.00  0.00  0.97  0.00  0.00  0.00  0.00  0.00
  O00137                  1.00   0.03  0.00  0.00  0.97  0.00  0.00  0.00  0.00  0.00
  O00138                  1.00   0.03  0.00  0.00  0.97  0.00  0.00  0.00  0.00  0.00
  O00139                  1.00   0.03  0.00  0.00  0.97  0.00  0.00  0.00  0.00  0.00
  O00140                  1.00   0.03  0.00  0.00  0.97  0.00  0.00  0.00  0.00  0.00
  O00141                  1.00   0.03  0.00  0.00  0.97  0.00  0.00  0.00  0.00  0.00
  O00142                  1.00   0.03  0.00  0.00  0.97  0.00  0.00  0.00  0.00  0.00
  O00143                  1.00   0.03  0.00  0.00  0.97  0.00  0.00  0.00  0.00  0.00
  O00144                  1.00   0.03  0.00  0.00  0.97  0.00  0.00  0.00  0.00  0.00
  O00145                  1.00   0.03  0.00  0.00  0.97  0.00  0.00  0.00  0.00  0.00
  O00146                  1.00   0.03  0.00  0.00  0.97  0.00  0.00  0.00  0.00  0.00
  O00147                  1.00   0.03  0.00  0.00  0.97  0.00  0.00  0.00  0.00  0.00
  O00148                  1.00   0.03  0.00  0.00  0.97  0.00  0.00  0.00  0.00  0.00
  O00149                  1.00   0.03  0.00  0.00  0.97  0.00  0.00  0.00  0.00  0.00
  O00150                  1.00   0.03  0.00  0.00  0.97  0.00  0.00  0.00  0.00  0.00
  O00151                  1.00   0.03  0.00  0.00  0.97  0.00  0.00  0.00  0.00  0.00
  O00152                  1.00   0.03  0.00  0.00  0.97  0.00  0.00  0.00  0.00  0.00
  O00153                  1.00   0.03  0.00  0.00  0.97  0.00  0.00  0.00  0.00  0.00
  O00154                  1.00   0.03  0.00  0.00  0.97  0.00  0.00  0.00  0.00  0.00
  O00155                  1.00   0.03  0.00  0.00  0.97  0.00  0.00  0.00  0.00  0.00
  O00156                  1.00   0.03  0.00  0.00  0.97  0.00  0.00  0.00  0.00  0.00
  O00157                  1.00   0.03  0.00  0.00  0.97  0.00  0.00  0.00  0.00  0.00
  O00158                  1.00   0.03  0.00  0.00  0.97  0.00  0.00  0.00  0.00  0.00
  O00159                  1.00   0.03  0.00  0.00  0.97  0.00  0.00  0.00  0.00  0.00
  O00160                  1.00   0.03  0.00  0.00  0.97  0.00  0.00  0.00  0.00  0.00
  O00161                  1.00   0.03  0.00  0.00  0.97  0.00  0.00  0.00  0.00  0.00
  O00162                  1.00   0.03  0.00  0.00  0.97  0.00  0.00  0.00  0.00  0.00
  O00163                  1.00   0.03  0.00  0.00  0.97  0.00  0.00  0.00  0.00  0.00
  O00164                  1.00   0.03  0.00  0.00  0.97  0.00  0.00  0.00  0.00  0.00
  O00165                  1.00   0.03  0.00  0.00  0.97  0.00  0.00  0.00  0.00  0.00
  O00166                  1.00   0.03  0.00  0.00  0.97  0.00  0.00  0.00  0.00  0.00
  O00167                  1.00   0.03  0.00  0.00  0.97  0.00  0.00  0.00  0.00  0.00
  O00168                  1.00   0.03  0.00  0.00  0.97  0.00  0.00  0.00  0.00  0.00
  O00169                  1.00   0.03  0.00  0.00  0.97  0.00  0.00  0.00  0.00  0.00
  O00170                  1.00   0.03  0.00  0.00  0.97  0.00  0.00  0.00  0.00  0.00
  O00171                  1.00   0.03  0.00  0.00  0.97  0.00  0.00  0.00  0.00  0.00
  O00172                  1.00   0.03  0.00  0.00  0.97  0.00  0.00  0.00  0.00  0.00
  O00173                  1.00   0.03  0.00  0.00  0.97  0.00  0.00  0.00  0.00  0.00
  O00174                  1.00   0.03  0.00  0.00  0.97  0.00  0.00  0.00  0.00  0.00
  O00175                  1.00   0.03  0.00  0.00  0.97  0.00  0.00  0.00  0.00  0.00
  O00176                  1.00   0.03  0.00  0.00  0.97  0.00  0.00  0.00  0.00  0.00
  O00177                  1.00   0.03  0.00  0.00  0.97  0.00  0.00  0.00  0.00  0.00
  O00178                  1.00   0.03  0.00  0.00  0.97  0.00  0.00  0.00  0.00  0.00
  O00179                  1.00   0.03  0.00  0.00  0.97  0.00  0.00  0.00  0.00  0.00
  O00180                  1.00   0.03  0.00  0.00  0.97  0.00  0.00  0.00  0.00  0.00
  O00181                  1.00   0.03  0.00  0.00  0.97  0.00  0.00  0.00  0.00  0.00
  O00182                  1.00   0.03  0.00  0.00  0.97  0.00  0.00  0.00  0.00  0.00
  O00183                  1.00   0.03  0.00  0.00  0.97  0.00  0.00  0.00  0.00  0.00
  O00184                  1.00   0.03  0.00  0.00  0.97  0.00  0.00  0.00  0.00  0.00
  O00185                  1.00   0.02  0.00  0.00  0.98  0.00  0.00  0.00  0.00  0.00
  O00186                  1.00   0.03  0.00  0.00  0.97  0.00  0.00  0.00  0.00  0.00
  O00187                  1.00   0.03  0.00  0.00  0.97  0.00  0.00  0.00  0.00  0.00
  O00188                  1.00   0.03  0.00  0.00  0.97  0.00  0.00  0.00  0.00  0.00
  O00189                  1.00   0.03  0.00  0.00  0.97  0.00  0.00  0.00  0.00  0.00
  O00190                  1.00   0.03  0.00  0.00  0.97  0.00  0.00  0.00  0.00  0.00
  O00191                  1.00   0.03  0.00  0.00  0.97  0.00  0.00  0.00  0.00  0.00
  O00192                  1.00   0.03  0.00  0.00  0.97  0.00  0.00  0.00  0.00  0.00
  O00193                  1.00   0.03  0.00  0.00  0.97  0.00  0.00  0.00  0.00  0.00
  O00194                  1.00   0.03  0.00  0.00  0.97  0.00  0.00  0.00  0.00  0.00
  O00195                  1.00   0.03  0.00  0.00  0.97  0.00  0.00  0.00  0.00  0.00
  O00196                  1.00   0.03  0.00  0.00  0.97  0.00  0.00  0.00  0.00  0.00
  O00197                  1.00   0.03  0.00  0.00  0.97  0.00  0.00  0.00  0.00  0.00
  O00198                  1.00   0.03  0.00  0.00  0.97  0.00  0.00  0.00  0.00  0.00
  O00199                  1.00   0.03  0.00  0.00  0.97  0.00  0.00  0.00  0.00  0.00
  O00200                  1.00   0.03  0.00  0.00  0.97  0.00  0.00  0.00  0.00  0.00
  O00201                  1.00   0.03  0.00  0.00  0.97  0.00  0.00  0.00  0.00  0.00
  O00202                  1.00   0.03  0.00  0.00  0.97  0.00  0.00  0.00  0.00  0.00
  O00203                  1.00   0.03  0.00  0.00  0.97  0.00  0.00  0.00  0.00  0.00
  O00204                  1.00   0.03  0.00  0.00  0.97  0.00  0.00  0.00  0.00  0.00
  O00205                  1.00   0.03  0.00  0.00  0.97  0.00  0.00  0.00  0.00  0.00
  O00206                  1.00   0.03  0.00  0.00  0.97  0.00  0.00  0.00  0.00  0.00
  O00207                  1.00   0.03  0.00  0.00  0.97  0.00  0.00  0.00  0.00  0.00
  O00208                  1.00   0.03  0.00  0.00  0.97  0.00  0.00  0.00  0.00  0.00
  O00209                  1.00   0.03  0.00  0.00  0.97  0.00  0.00  0.00  0.00  0.00
  O00210                  1.00   0.03  0.00  0.00  0.97  0.00  0.00  0.00  0.00  0.00
  O00211                  1.00   0.03  0.00  0.00  0.97  0.00  0.00  0.00  0.00  0.00
  O00212                  1.00   0.03  0.00  0.00  0.97  0.00  0.00  0.00  0.00  0.00
  O00213                  1.00   0.03  0.00  0.00  0.97  0.00  0.00  0.00  0.00  0.00
  O00214                  1.00   0.03  0.00  0.00  0.97  0.00  0.00  0.00  0.00  0.00
  O00215                  1.00   0.03  0.00  0.00  0.97  0.00  0.00  0.00  0.00  0.00
  O00216                  1.00   0.03  0.00  0.00  0.97  0.00  0.00  0.00  0.00  0.00
  O00217                  1.00   0.02  0.00  0.00  0.98  0.00  0.00  0.00  0.00  0.00
  O00218                  1.00   0.03  0.00  0.00  0.97  0.00  0.00  0.00  0.00  0.00
  O00219                  1.00   0.03  0.00  0.00  0.97  0.00  0.00  0.00  0.00  0.00
  O00220                  1.00   0.02  0.00  0.00  0.98  0.00  0.00  0.00  0.00  0.00
  O00221                  1.00   0.03  0.00  0.00  0.97  0.00  0.00  0.00  0.00  0.00
  
  
  *************************
  Conduit Surcharge Summary
  *************************
  
  ----------------------------------------------------------------------------
                                                           Hours        Hours 
                         --------- Hours Full --------   Above Full   Capacity
  Conduit                Both Ends  Upstream  Dnstream   Normal Flow   Limited
  ----------------------------------------------------------------------------
  G00003                      0.01      0.01      0.16      0.01         0.01
  G00004                      1.28      1.28      1.31      0.01         0.01
  G00005                      0.01      0.01      1.28      0.01         0.01
  G00032                      0.01      0.01      0.50      0.01         0.01
  G00060                      0.16      0.16      0.19      0.01         0.01
  G00063                      0.01      0.01      0.16      0.01         0.01
  G00067                      0.01      0.01      0.56      0.01         0.01
  G00068                      0.01      0.01      0.73      0.01         0.01
  G00070                      0.73      0.92      0.73      1.32         0.83
  G00072                      0.01      0.01      0.54      0.01         0.01
  G00073                      1.25      1.32      1.25      1.55         1.28
  G00074                      0.01      0.01      0.58      0.01         0.01
  G00075                      1.23      1.37      1.23      1.65         1.29
  G00076                      0.56      0.56      1.32      0.01         0.01
  G00086                      0.66      0.73      0.66      0.87         0.72
  G00087                      0.01      0.01      0.66      0.01         0.01
  G00106                      0.01      0.01      1.38      0.01         0.01
  G00107                      1.26      1.26      1.43      0.01         0.01
  G00118                      0.58      0.58      1.37      0.01         0.01
  G00119                      0.32      0.32      0.92      0.01         0.01
  G00124                      1.13      1.13      1.36      0.01         0.01
  G00125                      1.31      1.31      1.33      0.01         0.01
  G00126                      0.01      0.01      1.31      0.01         0.01
  G00128                      1.30      1.30      1.32      0.01         0.01
  G00129                      1.27      1.27      1.34      0.01         0.01
  G00130                      1.28      1.28      1.37      0.01         0.01
  G00131                      1.17      1.17      1.31      0.01         0.01
  G00132                      0.01      0.01      0.24      0.01         0.01
  G00133                      0.01      0.01      0.73      0.01         0.01
  G00134                      1.30      1.30      1.33      0.01         0.01
  G00135                      1.33      1.36      1.33      1.41         1.35
  G00136                      1.31      1.31      1.33      0.01         0.01
  G00137                      0.01      0.01      1.31      0.01         0.01
  G00138                      0.01      0.01      0.53      0.01         0.01
  G00139                      0.53      0.53      0.66      0.01         0.01
  G00140                      0.01      0.01      0.66      0.01         0.01
  G00141                      0.01      0.01      0.68      0.01         0.01
  G00142                      0.01      0.01      1.30      0.01         0.01
  G00143                      0.01      0.01      1.31      0.01         0.01
  G00144                      1.31      1.31      1.33      0.01         0.01
  G00145                      1.33      1.33      1.36      0.01         0.05
  G00146                      1.32      1.32      1.34      0.01         0.01
  G00147                      1.34      1.34      1.37      0.28         0.27
  G00148                      0.01      0.01      1.31      0.01         0.01
  G00150                      0.01      0.01      1.14      0.01         0.01
  G00151                      1.21      1.21      1.25      0.01         0.01
  G00152                      0.01      0.01      1.21      0.01         0.01
  G00153                      1.65      1.65      1.73      0.01         0.01
  G00154                      1.49      1.49      1.82      0.01         0.01
  G00155                      1.31      1.31      1.71      0.01         0.01
  G00157                      1.30      1.30      1.31      0.01         0.01
  G00162                      1.16      1.16      1.78      0.01         0.01
  G00163                      0.01      0.01      1.78      0.01         0.01
  G00164                      0.01      0.01      1.30      0.01         0.01
  G00173                      0.82      0.82      0.98      0.59         0.48
  G00174                      0.79      0.98      0.79      1.29         0.93
  G00175                      0.01      0.01      1.17      0.01         0.01
  G00201                      0.01      0.01      1.26      0.01         0.01
  G00218                      0.01      0.01      1.00      0.01         0.01
  G00221                      0.01      0.01      1.55      0.01         0.01
  G00224                      0.01      0.01      0.48      0.01         0.01
  G00225                      0.01      0.02      0.01      0.37         0.01
  G00226                      1.56      1.56      1.58      0.01         0.01
  G00227                      1.58      1.58      1.60      0.01         0.01
  G00228                      1.14      1.14      1.50      0.01         0.01
  G00229                      1.50      1.50      1.50      1.32         1.34
  G00243                      1.52      1.52      1.53      0.01         0.01
  G00244                      1.53      1.53      1.56      0.01         0.01
  G00245                      1.56      1.56      1.60      0.01         0.01
  G00246                      1.55      1.55      1.56      0.01         0.01
  G00248                      1.55      1.55      1.56      0.01         0.01
  G00251                      1.55      1.55      1.60      0.01         0.01
  G00253                      1.55      1.55      1.60      0.01         0.01
  G00254                      0.01      0.01      1.53      0.01         0.01
  G00255                      0.01      0.01      1.50      0.01         0.01
  G00267                      0.01      0.01      0.78      0.01         0.01
  G00268                      0.01      0.01      1.64      0.01         0.01
  G00273                      1.31      1.31      1.32      0.01         0.01
  G00274                      0.01      0.01      1.32      0.01         0.01
  G00275                      0.77      0.77      1.17      0.01         0.01
  G00276                      1.02      1.03      1.02      1.21         0.92
  G00277                      1.02      1.02      1.34      0.01         0.01
  G00280                      0.63      0.63      1.02      0.01         0.01
  G00281                      0.79      0.79      1.17      0.01         0.01
  G00284                      0.01      0.01      0.26      0.01         0.01
  G00285                      0.25      0.26      0.25      0.37         0.26
  G00286                      0.01      0.01      0.26      0.01         0.01
  G00287                      0.01      0.01      1.03      0.01         0.01
  G00296                      0.01      0.01      1.28      0.01         0.01
  G00300                      0.01      0.01      1.31      0.01         0.01
  G00302                      0.01      0.01      0.25      0.01         0.01
  G00307                      0.01      0.01      0.09      0.01         0.01
  G00308                      0.01      0.25      0.01      0.44         0.11
  G00325                      0.01      0.01      0.81      0.01         0.01
  G00341                      0.01      0.01      0.63      0.01         0.01
  G00342                      0.01      0.01      0.63      0.01         0.01
  G00345                      0.52      0.52      0.63      0.01         0.01
  G00346                      0.01      0.01      0.37      0.01         0.01
  G00354                      0.01      0.01      1.89      0.01         0.01
  G00394                      1.19      1.19      1.20      1.10         1.08
  G00398                      0.01      0.01      1.22      0.01         0.01
  G00399                      1.10      1.22      1.10      1.40         1.18
  G00400                      1.13      1.16      1.13      1.28         1.15
  G00402                      0.01      0.01      1.10      0.01         0.01
  G00405                      1.21      1.21      1.23      1.10         1.08
  G00406                      0.01      0.01      1.10      0.01         0.01
  G00409                      1.17      1.17      1.20      0.02         0.19
  G00410                      0.01      0.01      1.04      0.01         0.01
  G00411                      1.04      1.04      1.10      0.01         0.01
  G00414                      0.01      0.01      1.22      0.01         0.01
  G00415                      0.01      0.01      1.10      0.01         0.01
  G00417                      1.22      1.22      1.23      0.01         0.03
  G00418                      0.01      0.01      1.22      0.01         0.01
  G00419                      0.01      0.01      1.22      0.01         0.01
  G00431                      0.01      0.01      1.56      0.01         0.01
  G00462                      0.01      0.01      0.01      1.49         0.01
  G00533                      0.99      1.00      0.99      1.20         1.00
  G00539                      0.01      0.01      0.01      0.01         0.01
  G00541                      0.01      0.01      0.01      0.01         0.01
  G00543                      0.01      0.01      0.96      0.01         0.01
  G00546                      1.32      1.32      1.70      0.01         0.01
  G00547                      1.33      1.33      1.48      0.01         0.01
  G00548                      0.01      0.01      1.33      0.01         0.01
  G00550                      0.01      0.01      0.48      0.01         0.01
  G00551                      0.01      0.01      1.63      0.01         0.01
  G00561                      1.17      1.17      1.20      0.01         0.24
  G00586                      1.13      1.13      1.20      0.01         0.01
  G00591                      0.37      0.37      0.68      0.01         0.01
  G00592                      0.01      0.01      0.30      0.01         0.01
  G00593                      0.30      0.30      0.94      0.01         0.01
  G00594                      0.36      0.36      0.46      0.01         0.01
  G00595                      0.64      0.64      0.99      0.01         0.04
  G00596                      0.99      0.99      1.07      0.01         0.01
  G00597                      0.04      0.04      0.90      0.01         0.01
  G00608                      0.01      0.01      1.15      0.01         0.01
  G00610                      1.13      1.13      1.14      0.01         0.01
  G00611                      0.82      0.82      0.82      0.03         0.05
  G00617                      0.01      0.01      1.30      0.01         0.01
  G00620                      0.01      0.01      1.30      0.01         0.01
  G00621                      0.01      0.01      0.90      0.01         0.01
  G00633                      1.45      1.56      1.45      1.70         1.52
  G00636                      0.01      0.01      1.45      0.01         0.01
  G00637                      0.01      0.01      1.36      0.01         0.01
  G00638                      0.50      0.50      1.36      0.01         0.01
  G00646                      0.01      0.67      0.01      1.44         0.48
  G00647                      0.01      0.01      0.99      0.01         0.01
  G00650                      1.20      1.20      1.20      0.70         0.60
  G00651                      0.01      0.01      0.01      0.27         0.01
  G00655                      0.01      0.01      1.42      0.01         0.01
  G00657                      0.99      0.99      1.05      0.01         0.01
  G00658                      1.18      1.18      1.19      0.48         0.39
  G00659                      0.01      0.01      1.18      0.01         0.01
  G00662                      0.01      0.01      0.56      0.01         0.01
  G00663                      0.56      0.56      0.64      0.01         0.01
  G00697                      0.56      0.56      0.77      0.01         0.01
  G00700                      0.90      0.90      1.31      0.01         0.01
  G00701                      1.35      1.35      1.36      0.01         0.09
  G00702                      1.30      1.30      1.32      0.01         0.01
  G00703                      0.01      0.01      1.30      0.01         0.01
  G00705                      0.01      0.01      1.17      0.01         0.01
  G00718                      0.01      0.01      1.36      0.01         0.01
  G00741                      0.01      0.01      0.01      1.80         0.01
  G00745                      1.06      1.10      1.06      1.40         1.08
  G00751                      1.47      1.47      1.49      0.01         0.01
  G00752                      1.49      1.49      1.50      0.01         0.01
  G00753                      1.55      1.55      1.56      0.01         0.01
  G00781                      0.01      0.01      1.06      0.01         0.01
  G00782                      1.06      1.06      1.23      0.01         0.01
  G00801                      0.01      0.01      0.57      0.01         0.01
  G00802                      0.57      0.57      0.80      0.01         0.01
  G00803                      0.80      0.80      0.83      0.60         0.60
  G00810                      0.48      0.48      0.50      0.01         0.01
  G00811                      0.50      0.50      0.52      0.01         0.01
  G00834                      0.01      0.01      0.01      0.61         0.01
  G00836                      0.01      0.01      0.01      0.11         0.01
  G00869                      0.95      0.95      1.17      0.01         0.01
  G00870                      0.90      0.90      0.95      0.01         0.01
  G00871                      1.04      1.04      1.06      0.01         0.01
  G00875                      1.22      1.28      1.32      1.03         0.73
  G00886                      1.52      1.56      1.52      1.71         1.22
  G00887                      1.50      1.52      1.50      1.69         1.26
  G00888                      1.46      1.46      1.63      0.01         0.01
  G00918                      1.16      1.16      1.23      0.01         0.01
  G00926                      1.28      1.28      1.36      0.01         0.01
  G00927                      0.01      0.01      1.28      0.01         0.01
  G00934                      1.28      1.28      1.37      0.01         0.01
  G00935                      0.68      0.68      0.94      0.01         0.01
  G00936                      0.01      0.01      0.24      0.01         0.01
  G00937                      0.01      0.01      0.68      0.01         0.01
  G00938                      0.46      0.46      0.68      0.01         0.01
  G00939                      0.01      0.01      0.94      0.01         0.01
  G00945                      0.01      0.01      0.01      0.44         0.01
  G00947                      1.10      1.10      1.23      0.01         0.01
  G00955                      0.01      0.80      0.01      1.81         0.57
  G00956                      0.01      0.01      0.80      0.01         0.01
  G00975                      0.01      0.01      0.01      0.66         0.01
  G00995                      1.80      1.80      1.82      1.63         1.31
  G01002                      0.01      0.01      1.53      0.01         0.01
  G01003                      1.53      1.53      1.53      0.01         0.01
  G01004                      0.01      0.01      1.55      0.01         0.01
  G01015                      0.01      0.01      0.01      0.91         0.01
  G01022                      1.42      1.42      1.48      0.01         0.01
  G01023                      0.96      0.96      1.06      0.01         0.01
  G01024                      1.06      1.06      1.12      0.01         0.01
  G01025                      0.01      0.01      1.30      0.01         0.01
  G01034                      0.44      0.44      0.55      0.01         0.01
  G01035                      0.01      0.01      0.30      0.01         0.01
  G01036                      1.47      1.47      1.52      0.01         0.01
  G01039                      0.01      0.01      0.36      0.01         0.01
  G01040                      1.25      1.25      1.26      1.05         1.00
  G01047                      1.29      1.29      1.34      0.01         0.01
  G01048                      1.02      1.02      1.15      0.01         0.01
  G01049                      0.01      0.01      1.02      0.01         0.01
  G01051                      0.01      0.01      1.17      0.01         0.01
  G01080                      1.28      1.28      1.31      0.01         0.01
  G01081                      0.74      0.74      1.32      0.01         0.01
  G01082                      0.01      0.01      0.74      0.01         0.01
  G01086                      1.54      1.54      1.64      0.01         0.01
  G01107                      1.48      1.48      1.55      0.01         0.01
  G01108                      1.08      1.08      1.20      0.01         0.01
  G01109                      0.01      0.01      1.08      0.01         0.01
  G01110                      0.01      0.01      1.49      0.01         0.01
  G01111                      0.95      0.95      1.14      0.01         0.01
  G01113                      0.01      0.14      0.01      0.29         0.07
  G01129                      1.28      1.28      1.37      0.01         0.01
  G01131                      0.01      0.01      0.01      0.33         0.01
  G01133                      0.01      0.01      0.01      0.25         0.01
  G01153                      0.37      0.37      0.63      0.01         0.01
  G01155                      0.01      0.01      0.64      0.01         0.01
  G01156                      0.09      0.09      0.67      0.01         0.01
  G01163                      0.01      0.01      1.16      0.01         0.01
  G01164                      1.16      1.16      1.26      0.01         0.01
  G01171                      0.01      0.01      0.01      0.96         0.01
  G01177                      0.01      0.01      0.16      0.01         0.01
  G01184                      1.28      1.28      1.37      0.01         0.01
  G01186                      1.81      1.81      1.82      0.01         0.01
  G01187                      1.67      1.70      1.67      1.84         1.69
  G01192                      0.01      0.01      1.13      0.01         0.01
  G01194                      0.01      0.01      1.61      0.01         0.01
  G01195                      1.50      1.50      1.52      0.02         0.01
  G01196                      1.46      1.46      1.63      0.01         0.01
  G01197                      0.01      0.01      1.46      0.01         0.01
  G01198                      0.01      0.01      1.01      0.01         0.01
  G01199                      0.01      0.01      1.20      0.01         0.01
  G01201                      1.55      1.55      1.56      0.01         0.01
  G01210                      0.52      0.52      0.79      0.01         0.01
  G01211                      0.79      0.79      0.89      0.45         0.46
  G01212                      0.01      0.01      0.52      0.01         0.01
  G01218                      0.54      0.54      0.86      0.01         0.01
  G01219                      0.72      0.72      0.80      0.01         0.01
  G01220                      0.14      0.14      0.72      0.01         0.01
  G01221                      0.52      0.61      0.52      0.92         0.57
  G01222                      0.47      0.47      0.87      0.01         0.01
  G01223                      0.47      0.51      0.47      0.66         0.49
  G01224                      0.80      0.80      0.89      0.01         0.01
  G01241                      0.01      0.01      0.10      0.01         0.01
  G01243                      0.01      0.01      0.10      0.01         0.01
  G01252                      0.01      0.01      0.10      0.01         0.01
  G01262                      0.01      0.01      0.12      0.01         0.01
  G01265                      0.01      0.01      0.10      0.01         0.01
  G01268                      0.69      0.69      0.87      0.01         0.01
  G01270                      0.01      0.01      0.12      0.01         0.01
  G01271                      0.01      0.01      0.12      0.01         0.01
  G01275                      0.01      0.01      0.10      0.01         0.01
  G01288                      0.01      0.01      0.69      0.01         0.01
  G01291                      0.01      0.01      0.69      0.01         0.01
  G01292                      0.60      0.60      0.61      0.41         0.42
  G01296                      1.07      1.07      1.13      0.23         0.15
  G01297                      0.01      0.01      1.07      0.01         0.01
  G01299                      1.50      1.50      1.55      0.01         0.01
  G01309                      0.01      0.01      0.03      0.01         0.01
  G01310                      0.01      0.01      0.01      0.02         0.01
  G01316                      0.01      0.01      1.89      0.01         0.01
  G01325                      1.82      1.89      1.82      1.98         1.85
  G01326                      1.76      1.82      1.76      1.91         1.80
  G01340                      1.52      1.76      1.52      1.90         1.72
  G01342                      0.01      0.01      1.85      0.01         0.01
  G01343                      0.01      0.01      1.89      0.01         0.01
  G01348                      0.02      0.02      1.42      0.01         0.01
  G01349                      0.01      0.01      0.01      1.00         0.01
  G01350                      0.01      0.01      1.23      0.01         0.01
  G01352                      0.97      0.97      1.23      0.01         0.01
  G01353                      0.96      0.96      1.12      0.01         0.01
  G01354                      1.12      1.12      1.17      0.01         0.01
  G01355                      0.01      0.01      1.40      0.01         0.01
  G01358                      0.72      0.99      0.72      1.51         0.88
  G01359                      1.03      1.03      1.03      0.77         0.70
  G01360                      0.92      0.92      1.03      0.01         0.01
  G01361                      0.01      0.01      1.31      0.01         0.01
  G01362                      1.06      1.06      1.15      0.01         0.01
  G01370                      0.01      0.01      0.01      1.37         0.01
  G01371                      0.01      0.01      1.30      0.01         0.01
  G01374                      0.01      0.01      1.20      0.01         0.01
  G01397                      0.01      0.01      1.50      0.01         0.01
  G01398                      0.01      0.01      1.50      0.01         0.01
  G01414                      0.97      0.97      1.31      0.01         0.01
  G01415                      0.80      0.80      1.49      0.01         0.01
  G01417                      0.01      0.01      0.04      0.01         0.01
  G01423                      0.58      0.58      0.92      0.01         0.01
  G01424                      0.93      0.93      1.13      0.01         0.01
  G01425                      0.60      0.60      0.90      0.01         0.01
  G01426                      0.01      0.01      0.60      0.01         0.01
  G01427                      0.01      0.01      0.44      0.01         0.01
  G01428                      0.01      0.01      1.08      0.01         0.01
  G01429                      0.01      0.01      1.07      0.01         0.01
  G01430                      0.01      0.01      0.44      0.01         0.01
  G01431                      0.01      0.01      0.90      0.01         0.01
  G01432                      0.83      0.83      1.07      0.01         0.01
  G01433                      0.93      0.99      0.93      1.29         0.97
  G01434                      0.93      0.93      0.96      0.01         0.01
  G01435                      1.11      1.11      1.17      0.80         0.36
  G01436                      0.54      0.55      0.54      0.64         0.51
  G01447                      0.99      1.00      0.99      1.20         1.00
  G01448                      0.01      0.01      1.00      0.01         0.01
  G01451                      0.96      0.96      0.99      0.01         0.01
  G01467                      0.01      0.01      0.87      0.01         0.01
  G01470                      0.01      0.01      0.01      0.06         0.01
  G01487                      1.20      1.20      1.21      1.10         1.08
  G01498                      0.01      0.01      0.01      0.24         0.01
  G01504                      0.01      0.01      0.14      0.01         0.01
  G01523                      0.80      0.80      1.63      0.01         0.01
  G01530                      0.36      0.36      1.44      0.01         0.01
  G01531                      1.41      1.44      1.41      1.57         1.43
  G01532                      1.37      1.41      1.37      1.61         1.40
  G01533                      1.31      1.31      1.48      0.01         0.01
  G01534                      1.47      1.47      1.48      0.66         0.57
  G01535                      1.32      1.32      1.48      0.01         0.01
  G01536                      1.17      1.20      1.17      1.26         1.19
  G01545                      0.01      0.01      0.01      1.56         0.01
  G01556                      1.59      1.59      1.63      0.01         0.01
  G01557                      1.63      1.63      1.63      1.44         1.46
  G01558                      1.48      1.48      1.59      0.01         0.01
  G01559                      0.01      0.01      1.57      0.01         0.01
  G01571                      1.64      1.64      1.64      0.08         0.45
  G01574                      1.62      1.62      1.64      0.01         0.07
  G01582                      1.60      1.60      1.64      0.01         0.01
  G01585                      1.68      1.68      1.71      0.01         0.01
  G01587                      1.77      1.77      1.78      0.01         0.01
  G01588                      1.30      1.30      1.71      0.01         0.01
  G01589                      0.01      0.01      0.04      0.01         0.01
  G01607                      0.01      0.01      0.56      0.01         0.01
  G01622                      0.01      0.01      1.34      0.01         0.01
  G01623                      0.90      0.90      1.03      0.01         0.01
  G01637                      1.19      1.81      1.19      1.89         1.37
  G01638                      0.01      0.01      1.81      0.01         0.01
  G01641                      0.01      0.01      0.50      0.01         0.01
  G01691                      0.81      0.81      1.03      0.01         0.01
  G01701                      0.01      0.01      0.54      0.01         0.01
  G01702                      0.54      0.54      0.63      0.01         0.01
  G01706                      0.64      0.64      0.74      0.31         0.11
  G01707                      0.01      0.01      0.01      0.32         0.01
  G01708                      0.01      0.01      0.74      0.01         0.01
  G01748                      0.01      0.01      1.32      0.01         0.01
  G01760                      0.78      0.78      1.03      0.01         0.01
  G01768                      0.50      0.50      0.51      0.01         0.12
  G01771                      1.39      1.39      1.39      1.23         0.87
  G01775                      0.01      0.01      1.39      0.01         0.01
  G01781                      1.57      1.57      1.57      0.01         0.01
  G01784                      0.01      0.01      0.96      0.01         0.01
  G01788                      1.13      1.13      1.29      0.01         0.01
  G01793                      0.01      0.01      1.19      0.01         0.01
  G01794                      0.84      0.84      0.99      0.01         0.01
  G01796                      1.15      1.16      1.17      1.13         1.05
  G01797                      1.16      1.23      1.16      1.49         1.20
  G01798                      0.01      0.01      1.16      0.01         0.01
  G01810                      1.23      1.23      1.23      0.06         0.12
  G01811                      1.23      1.23      1.23      0.17         0.19
  G01812                      0.01      0.01      1.23      0.01         0.01
  G01839                      0.01      0.01      0.01      0.36         0.01
  G01852                      0.31      0.31      1.26      0.01         0.01
  G01853                      0.37      0.37      1.26      0.01         0.01
  G01863                      0.75      1.03      0.75      1.35         0.89
  G01865                      1.24      1.24      1.26      0.64         0.55
  G01869                      0.01      0.01      1.21      0.01         0.01
  G01870                      1.21      1.21      1.24      0.01         0.01
  G01879                      0.01      0.01      0.75      0.01         0.01
  G01880                      1.28      1.28      1.37      0.01         0.01
  G01881                      1.34      1.34      1.37      0.01         0.01
  G01887                      0.01      0.01      1.13      0.01         0.01
  G01897                      0.01      0.01      1.64      0.01         0.01
  G01898                      0.78      0.78      1.28      0.01         0.01
  G01905                      0.01      0.01      0.01      0.64         0.01
  G01909                      0.01      0.01      1.48      0.01         0.01
  G01920                      0.01      0.01      1.64      0.01         0.01
  G01937                      0.01      0.01      0.80      0.01         0.01
  G01941                      0.01      0.01      0.01      0.58         0.01
  G01945                      1.32      1.32      1.33      0.01         0.01
  G01948                      0.36      0.36      1.26      0.01         0.01
  G01949                      1.26      1.26      1.33      0.01         0.01
  G01950                      0.01      0.01      1.26      0.01         0.01
  G01952                      0.01      0.01      1.33      0.01         0.01
  G01954                      0.97      0.97      1.11      0.01         0.01
  G01956                      0.92      0.92      0.97      0.01         0.01
  G01959                      1.47      1.47      1.48      0.01         0.01
  G01960                      0.01      0.01      1.47      0.01         0.01
  G01961                      0.01      0.01      1.47      0.01         0.01
  G01962                      1.26      1.26      1.33      0.01         0.01
  G01964                      1.31      1.31      1.34      0.01         0.01
  G01966                      0.01      0.01      1.31      0.01         0.01
  G01967                      0.59      0.59      1.30      0.01         0.01
  G01968                      1.25      1.25      1.49      0.01         0.01
  G01972                      0.01      0.01      0.01      0.51         0.01
  G01989                      0.01      0.01      1.68      0.01         0.01
  G01990                      1.30      1.32      1.30      1.38         1.31
  G01996                      0.67      0.75      0.67      1.47         0.72
  G01997                      0.01      0.01      1.17      0.01         0.01
  G02002                      0.01      0.01      0.75      0.01         0.01
  G02016                      0.01      0.01      1.56      0.01         0.01
  G02017                      1.56      1.56      1.56      0.17         0.13
  G02018                      0.01      0.01      1.67      0.01         0.01
  G02019                      1.28      1.28      1.37      0.01         0.01
  G02022                      0.01      0.01      1.34      0.01         0.01
  G02023                      0.36      0.67      0.36      1.55         0.55
  G02029                      0.88      0.88      1.26      0.01         0.01
  G02033                      0.01      0.01      0.75      0.01         0.01
  O00003                      0.01      0.01      0.01      0.81         0.01
  O00004                      0.01      0.01      0.01      0.66         0.01
  O00005                      0.01      0.01      0.01      1.05         0.01
  O00008                      0.01      0.96      0.01      1.39         0.01
  O00009                      0.01      1.21      0.01      1.41         0.01
  O00017                      0.01      1.49      0.01      1.60         1.42
  O00026                      0.01      0.01      0.01      1.18         0.01
  O00027                      0.01      1.13      0.01      1.27         1.05
  O00028                      0.01      0.01      0.01      1.13         0.01
  O00029                      0.01      0.01      0.01      1.41         0.01
  O00030                      0.01      1.39      0.01      1.50         1.29
  O00035                      0.01      0.87      0.01      1.42         0.01
  O00041                      0.01      0.01      0.01      0.68         0.01
  O00047                      0.01      0.01      0.01      1.06         0.01
  O00050                      0.01      1.45      0.01      1.62         0.01
  O00051                      0.01      1.05      0.01      1.48         0.01
  O00054                      0.01      1.42      0.01      1.88         0.01
  O00057                      0.01      0.01      0.01      0.57         0.01
  O00066                      0.01      0.01      0.01      1.02         0.01
  O00069                      0.01      0.01      0.01      1.15         0.01
  O00082                      0.01      0.01      0.01      0.16         0.01
  O00084                      0.01      0.01      0.01      1.20         0.01
  O00085                      0.01      0.01      0.01      1.02         0.01
  O00093                      0.01      0.01      0.01      0.58         0.01
  O00094                      0.01      1.25      0.01      1.54         0.01
  O00098                      0.01      0.01      0.01      1.00         0.01
  O00099                      0.01      0.01      0.01      1.06         0.01
  O00104                      0.01      0.01      0.01      1.11         0.01
  O00106                      0.01      1.67      0.01      1.79         1.52
  O00107                      0.01      1.52      0.01      1.70         1.42
  O00110                      0.01      0.01      0.01      0.35         0.01
  O00112                      0.01      0.52      0.01      1.27         0.36
  O00124                      0.01      0.03      0.01      1.80         0.01
  O00125                      0.01      0.71      0.01      1.52         0.01
  O00132                      0.01      0.72      0.01      1.49         0.01
  O00133                      0.01      0.01      0.01      1.31         0.01
  O00134                      0.01      1.12      0.01      1.40         0.54
  O00136                      0.01      0.01      0.01      1.34         0.01
  O00141                      0.01      0.01      0.01      1.35         0.01
  O00149                      0.01      0.69      0.01      1.49         0.01
  O00150                      0.01      0.83      0.01      1.30         0.01
  O00152                      0.01      0.01      0.01      1.20         0.01
  O00163                      0.01      1.19      0.01      1.85         0.67
  O00164                      0.01      0.01      0.01      0.59         0.01
  O00174                      0.01      0.01      0.01      1.04         0.01
  O00178                      0.01      1.05      0.01      1.37         0.01
  O00181                      0.01      0.01      0.01      1.42         0.01
  O00182                      0.01      1.57      0.01      1.69         1.48
  O00183                      0.01      0.01      0.01      0.94         0.01
  O00194                      0.01      0.01      0.01      1.26         0.01
  O00195                      0.01      0.01      0.01      0.28         0.01
  O00202                      0.01      0.01      0.01      0.59         0.01
  O00204                      0.01      0.01      0.01      0.65         0.01
  O00205                      0.01      0.48      0.01      1.65         0.01
  O00207                      0.01      0.01      0.01      0.90         0.01
  O00214                      0.01      1.06      0.01      1.44         0.74
  O00215                      0.01      1.50      0.01      1.67         1.11
  

  Analysis begun on:  Wed Sep  2 12:57:35 2026
  Analysis ended on:  Wed Sep  2 13:23:29 2026
  Total elapsed time: 00:25:54