event,model,condition,n_cell_times,proportion_active_pct,mae_mm,rmse_mm,bias_mm,residual_mae_mm,csi_0p03,csi_0p15
event1,surface_matched,all_active,7597944,100.0,7.200066566467285,35.67648696899414,5.952179908752441,7.200066566467285,0.8949593182256619,0.6296337701146955
event1,surface_matched,target_wet_0p03m,1291340,16.995913631371856,31.371585845947266,73.90265655517578,25.471155166625977,31.371585845947266,0.9771740982235507,0.6737561078852684
event1,surface_matched,target_wet_0p15m,304579,4.008702880674035,38.14386749267578,89.59262084960938,28.070396423339844,38.14386749267578,1.0,0.9615600550267747
event1,surface_matched,wet_either_0p03m,1409968,18.557230745580647,37.4095573425293,82.7625961303711,32.00556182861328,37.4095573425293,0.8949593182256619,0.6296337701146955
event1,surface_matched,effect_abs_over_1mm,1570071,20.66441921656701,34.52512741088867,78.48108673095703,28.840312957763672,34.52512741088867,0.8741663630050809,0.598011947945103
event1,surface_matched,net_drainage_over_1mm,963819,12.685260644195324,51.61147689819336,99.65213012695312,51.61147689819336,51.61147689819336,0.849543660992157,0.4997521596403665
event1,surface_matched,positive_residual_over_1mm,606252,7.979158572371683,7.361265182495117,12.795480728149414,-7.361265182495117,7.361265182495117,0.9246465101892094,0.8923472008217771
event1,surface_matched,effect_abs_over_5mm,896049,11.793308821439062,58.67995071411133,103.86078643798828,50.68492889404297,58.67995071411133,0.8334814316805228,0.5098206438025951
event1,surface_matched,net_drainage_over_5mm,654260,8.61101371634221,74.89093017578125,120.93705749511719,74.89093017578125,74.89093017578125,0.8127297698946144,0.429648331571035
event1,surface_matched,positive_residual_over_5mm,241789,3.1822951050968524,14.814416885375977,19.996339797973633,-14.814416885375977,14.814416885375977,0.8944170388316453,0.8440925517717096
event1,surface_matched,effect_abs_over_10mm,661920,8.71183046360963,76.9307632446289,120.76466369628906,68.65802764892578,76.9307632446289,0.8090957357714199,0.4561867346455788
event1,surface_matched,net_drainage_over_10mm,539221,7.096933065050229,89.35865020751953,133.17257690429688,89.35865020751953,89.35865020751953,0.7906633535464653,0.396278614954705
event1,surface_matched,positive_residual_over_10mm,122699,1.6148973985593997,22.314329147338867,27.152494430541992,-22.314329147338867,22.314329147338867,0.8907780114148393,0.7971270218301097
event1,surface_matched,near_inlet_0_20m,163872,2.1567939958494033,28.259952545166016,84.58262634277344,28.211591720581055,28.259952545166016,0.41989214089096116,0.07338444687842278
event1,surface_matched,near_inlet_20_60m,1650312,21.72050754783136,14.632615089416504,54.52964782714844,13.900825500488281,14.632615089416504,0.8280937930718292,0.42189591370758206
event1,surface_matched,near_inlet_60_100m,1296936,17.06956513498915,8.89285659790039,40.776397705078125,7.742227554321289,8.89285659790039,0.8946796738971247,0.5699588980770172
event1,surface_matched,near_inlet_100_infm,4486824,59.05313332133009,3.207801342010498,17.882211685180664,1.6981650590896606,3.207801342010498,0.9466759366986799,0.7898406210340678
event1,surface_matched,near_pipe_0_20m,589536,7.759151686298293,20.489347457885742,69.79441833496094,20.015642166137695,20.489347457885742,0.6954002850001169,0.26848457387650865
event1,surface_matched,near_pipe_20_60m,1712232,22.53546485733509,12.280056953430176,48.161399841308594,11.416481018066406,12.280056953430176,0.8501937621551537,0.47574416170009315
event1,surface_matched,near_pipe_60_100m,1041552,13.708340045675515,7.925264358520508,38.33140563964844,6.666468143463135,7.925264358520508,0.9055140354932326,0.6065972168475148
event1,surface_matched,near_pipe_100_infm,4254624,55.997043410691106,3.136730670928955,17.46022605895996,1.6295804977416992,3.136730670928955,0.9478255227518191,0.7930309480355648
event1,prior_only,all_active,7597944,100.0,2.49819016456604,9.8872709274292,-1.0816142559051514,2.49819016456604,0.886074684499662,0.8941266949499789
event1,prior_only,target_wet_0p03m,1291340,16.995913631371856,11.298659324645996,22.934133529663086,-5.673064708709717,11.298659324645996,0.9064243344123158,0.8942704474882965
event1,prior_only,target_wet_0p15m,304579,4.008702880674035,13.346029281616211,29.197729110717773,-2.4997715950012207,13.346029281616211,0.9955512362966586,0.9313708430325137
event1,prior_only,wet_either_0p03m,1409968,18.557230745580647,11.228035926818848,22.547107696533203,-5.133359909057617,11.228035926818848,0.8947834329658905,0.8941266949499789
event1,prior_only,effect_abs_over_1mm,1570071,20.66441921656701,10.338798522949219,21.131654739379883,-4.694118499755859,10.338798522949219,0.8753263964151144,0.8834404311087749
event1,prior_only,net_drainage_over_1mm,963819,12.685260644195324,13.983274459838867,25.71443748474121,-6.016036033630371,13.983274459838867,0.8334651342612118,0.8451846132247648
event1,prior_only,positive_residual_over_1mm,606252,7.979158572371683,4.544813632965088,10.258662223815918,-2.592536687850952,4.544813632965088,0.949450002333795,0.9436057369433022
event1,prior_only,effect_abs_over_5mm,896049,11.793308821439062,14.995063781738281,26.40472412109375,-6.846332550048828,14.995063781738281,0.8476402745944003,0.8534781040255669
event1,prior_only,net_drainage_over_5mm,654260,8.61101371634221,17.940889358520508,29.84837532043457,-7.565418720245361,17.940889358520508,0.8052466444843804,0.8126669712480351
event1,prior_only,positive_residual_over_5mm,241789,3.1822951050968524,7.023910999298096,13.154108047485352,-4.900547504425049,7.023910999298096,0.9516203333284842,0.9313513992730281
event1,prior_only,effect_abs_over_10mm,661920,8.71183046360963,17.87405776977539,29.580400466918945,-8.120685577392578,17.87405776977539,0.8252762918057251,0.8340218854998758
event1,prior_only,net_drainage_over_10mm,539221,7.096933065050229,19.78513526916504,31.880817413330078,-8.299970626831055,19.78513526916504,0.7891106493186455,0.797637737103596
event1,prior_only,positive_residual_over_10mm,122699,1.6148973985593997,9.475506782531738,15.926521301269531,-7.332790374755859,9.475506782531738,0.9560467806194577,0.9221784659446881
event1,prior_only,near_inlet_0_20m,163872,2.1567939958494033,3.809927463531494,11.425899505615234,-2.0376639366149902,3.809927463531494,0.5653703816052903,0.6272430668841762
event1,prior_only,near_inlet_20_60m,1650312,21.72050754783136,3.8818740844726562,12.974114418029785,-2.239764451980591,3.8818740844726562,0.7956985320966917,0.8292258974976766
event1,prior_only,near_inlet_60_100m,1296936,17.06956513498915,3.0513172149658203,11.65896224975586,-1.453727126121521,3.0513172149658203,0.8651932407997607,0.8541288387147706
event1,prior_only,near_inlet_100_infm,4486824,59.05313332133009,1.781461238861084,7.718153476715088,-0.5131528973579407,1.781461238861084,0.9343854712812675,0.9236777860334063
event1,prior_only,near_pipe_0_20m,589536,7.759151686298293,4.145360469818115,13.157992362976074,-2.342428207397461,4.145360469818115,0.7328525200397623,0.7934904601571269
event1,prior_only,near_pipe_20_60m,1712232,22.53546485733509,3.5391101837158203,12.306490898132324,-1.9739766120910645,3.5391101837158203,0.8204101109188705,0.8341583367930253
event1,prior_only,near_pipe_60_100m,1041552,13.708340045675515,2.860997438430786,11.403593063354492,-1.2608306407928467,2.860997438430786,0.8780252742373873,0.8761763946584055
event1,prior_only,near_pipe_100_infm,4254624,55.997043410691106,1.7622277736663818,7.6028313636779785,-0.5039156675338745,1.7622277736663818,0.9354212610981929,0.9242371381620529
event1,dynamic_no_prior,all_active,7597944,100.0,4.214704990386963,17.205461502075195,-0.1092337965965271,4.214704990386963,0.9019987954122043,0.7323672157636171
event1,dynamic_no_prior,target_wet_0p03m,1291340,16.995913631371856,18.37248992919922,34.08108901977539,-5.487429618835449,18.37248992919922,0.9706940077748695,0.7466923065275654
event1,dynamic_no_prior,target_wet_0p15m,304579,4.008702880674035,33.6599006652832,52.00634002685547,-25.00852394104004,33.6599006652832,0.9999047866070871,0.8095403819698666
event1,dynamic_no_prior,wet_either_0p03m,1409968,18.557230745580647,21.058156967163086,39.83987045288086,-0.8096010684967041,21.058156967163086,0.9025482398633105,0.7323672157636171
event1,dynamic_no_prior,effect_abs_over_1mm,1570071,20.66441921656701,18.794464111328125,37.48472213745117,0.3354831039905548,18.794464111328125,0.8850735484503041,0.719725528824482
event1,dynamic_no_prior,net_drainage_over_1mm,963819,12.685260644195324,22.000736236572266,43.46333312988281,9.158349990844727,22.000736236572266,0.8688168824365786,0.6945945945945946
event1,dynamic_no_prior,positive_residual_over_1mm,606252,7.979158572371683,13.697132110595703,25.213281631469727,-13.691104888916016,13.697132110595703,0.9175310156460926,0.7648783676518653
event1,dynamic_no_prior,effect_abs_over_5mm,896049,11.793308821439062,28.298492431640625,48.273521423339844,4.390888690948486,28.298492431640625,0.850174467664566,0.6675656585115264
event1,dynamic_no_prior,net_drainage_over_5mm,654260,8.61101371634221,29.560514450073242,51.95679473876953,15.209039688110352,29.560514450073242,0.8370995374336132,0.6468166650147025
event1,dynamic_no_prior,positive_residual_over_5mm,241789,3.1822951050968524,24.883573532104492,36.48802185058594,-24.88208770751953,24.883573532104492,0.8873018807343913,0.7146520311305052
event1,dynamic_no_prior,effect_abs_over_10mm,661920,8.71183046360963,34.1868896484375,55.01973342895508,8.989205360412598,34.1868896484375,0.8301805317694525,0.6351065054691998
event1,dynamic_no_prior,net_drainage_over_10mm,539221,7.096933065050229,33.911048889160156,56.76360321044922,19.089672088623047,33.911048889160156,0.8177491894153331,0.626024170817406
event1,dynamic_no_prior,positive_residual_over_10mm,122699,1.6148973985593997,35.39908981323242,46.58853530883789,-35.39896011352539,35.39908981323242,0.8832253357936747,0.6617124759642574
event1,dynamic_no_prior,near_inlet_0_20m,163872,2.1567939958494033,16.38178825378418,52.55834197998047,15.73242473602295,16.38178825378418,0.43095265655747195,0.1182896379525593
event1,dynamic_no_prior,near_inlet_20_60m,1650312,21.72050754783136,6.12885856628418,22.14319610595703,2.7967114448547363,6.12885856628418,0.8443240634756228,0.637551819438047
event1,dynamic_no_prior,near_inlet_60_100m,1296936,17.06956513498915,4.171544075012207,15.98478889465332,0.132352814078331,4.171544075012207,0.909121152390695,0.6953754773016546
event1,dynamic_no_prior,near_inlet_100_infm,4486824,59.05313332133009,3.0787534713745117,12.091190338134766,-1.826493501663208,3.0787532329559326,0.946093881080523,0.7930081371652072
event1,dynamic_no_prior,near_pipe_0_20m,589536,7.759151686298293,9.775873184204102,36.24144744873047,7.600259780883789,9.775873184204102,0.7117202268431002,0.4527830687830688
event1,dynamic_no_prior,near_pipe_20_60m,1712232,22.53546485733509,5.285069942474365,18.730295181274414,1.7563732862472534,5.285069942474365,0.8660431165684058,0.6722487704975131
event1,dynamic_no_prior,near_pipe_60_100m,1041552,13.708340045675515,3.9920084476470947,15.706244468688965,-0.3440572917461395,3.9920084476470947,0.9166561950238753,0.7010615329255128
event1,dynamic_no_prior,near_pipe_100_infm,4254624,55.997043410691106,3.067889451980591,12.044846534729004,-1.8707984685897827,3.067889451980591,0.9470349411121656,0.7949270354863623
event1,hybrid_dynamic,all_active,7597944,100.0,2.3074543476104736,9.576993942260742,-0.668440043926239,2.3074543476104736,0.9072234791455033,0.8818491515170811
event1,hybrid_dynamic,target_wet_0p03m,1291340,16.995913631371856,10.344841957092285,21.405895233154297,-5.3572516441345215,10.344841957092285,0.9467816376786904,0.8822929806454901
event1,hybrid_dynamic,target_wet_0p15m,304579,4.008702880674035,15.51567268371582,33.156944274902344,-7.436325550079346,15.51567268371582,0.9982073616368824,0.9093863989309834
event1,hybrid_dynamic,wet_either_0p03m,1409968,18.557230745580647,11.036839485168457,22.10787010192871,-3.487466812133789,11.036839485168457,0.9111394301172631,0.8818491515170811
event1,hybrid_dynamic,effect_abs_over_1mm,1570071,20.66441921656701,10.090083122253418,20.79728889465332,-2.937464475631714,10.090083122253418,0.8960240892612656,0.8693652486757182
event1,hybrid_dynamic,net_drainage_over_1mm,963819,12.685260644195324,13.731879234313965,25.340818405151367,-2.857142925262451,13.731879234313965,0.864061788445259,0.8227242430013331
event1,hybrid_dynamic,positive_residual_over_1mm,606252,7.979158572371683,4.300358295440674,9.96282958984375,-3.065159559249878,4.300358772277832,0.9557048695429896,0.9415753733887389
event1,hybrid_dynamic,effect_abs_over_5mm,896049,11.793308821439062,15.354450225830078,26.54046058654785,-4.130194664001465,15.354450225830078,0.8701870585426441,0.8324709059610568
event1,hybrid_dynamic,net_drainage_over_5mm,654260,8.61101371634221,18.360828399658203,29.937768936157227,-3.5629870891571045,18.360828399658203,0.8393902260420123,0.7820379938127527
event1,hybrid_dynamic,positive_residual_over_5mm,241789,3.1822951050968524,7.219453811645508,13.60888385772705,-5.665009498596191,7.219453811645508,0.9507783960529571,0.9267117110457294
event1,hybrid_dynamic,effect_abs_over_10mm,661920,8.71183046360963,18.727031707763672,30.144601821899414,-4.7138495445251465,18.727031707763672,0.8517328384862431,0.8070267645082528
event1,hybrid_dynamic,net_drainage_over_10mm,539221,7.096933065050229,20.693450927734375,32.379337310791016,-3.878135919570923,20.693450927734375,0.8253974177177401,0.7613359729471162
event1,hybrid_dynamic,positive_residual_over_10mm,122699,1.6148973985593997,10.08529281616211,17.1655216217041,-8.386531829833984,10.08529281616211,0.9545111880204229,0.9148413053196245
event1,hybrid_dynamic,near_inlet_0_20m,163872,2.1567939958494033,5.284698009490967,18.013591766357422,2.7741692066192627,5.284698009490967,0.5131220309944708,0.4805194805194805
event1,hybrid_dynamic,near_inlet_20_60m,1650312,21.72050754783136,3.5524654388427734,12.551545143127441,-0.9896988272666931,3.5524654388427734,0.8444006920828113,0.8098703220804849
event1,hybrid_dynamic,near_inlet_60_100m,1296936,17.06956513498915,2.7237865924835205,10.502744674682617,-1.1020255088806152,2.7237865924835205,0.9034805649165231,0.8302178496134927
event1,hybrid_dynamic,near_inlet_100_infm,4486824,59.05313332133009,1.6204423904418945,7.32351016998291,-0.5506814122200012,1.6204423904418945,0.9474702311403304,0.9165135702409632
event1,hybrid_dynamic,near_pipe_0_20m,589536,7.759151686298293,4.342963218688965,15.269694328308105,0.14481566846370697,4.342963218688965,0.7490549498712541,0.7484601060020054
event1,hybrid_dynamic,near_pipe_20_60m,1712232,22.53546485733509,3.2141637802124023,11.555689811706543,-1.016953468322754,3.2141637802124023,0.8649719080991303,0.816820050910515
event1,hybrid_dynamic,near_pipe_60_100m,1041552,13.708340045675515,2.534196138381958,10.210443496704102,-1.0305631160736084,2.534196138381958,0.9135710134946086,0.8558590770404272
event1,hybrid_dynamic,near_pipe_100_infm,4254624,55.997043410691106,1.6050026416778564,7.226558685302734,-0.552222490310669,1.6050026416778564,0.9478345999130394,0.9170865245921622
event1,hybrid_mask,all_active,7597944,100.0,2.2324814796447754,9.218221664428711,-0.6953922510147095,2.2324814796447754,0.915996451362796,0.881946455910953
event1,hybrid_mask,target_wet_0p03m,1291340,16.995913631371856,10.091841697692871,20.78483772277832,-5.275299072265625,10.091841697692871,0.9514775349636811,0.882362119972104
event1,hybrid_mask,target_wet_0p15m,304579,4.008702880674035,15.399319648742676,32.52133560180664,-7.129247665405273,15.399319648742676,0.9984306206271608,0.909721287416401
event1,hybrid_mask,wet_either_0p03m,1409968,18.557230745580647,10.62391471862793,21.276756286621094,-3.619875907897949,10.62391471862793,0.9198793439834454,0.881946455910953
event1,hybrid_mask,effect_abs_over_1mm,1570071,20.66441921656701,9.728671073913574,20.038326263427734,-3.095844268798828,9.728671073913574,0.9058015899955991,0.8694454585874213
event1,hybrid_mask,net_drainage_over_1mm,963819,12.685260644195324,13.170478820800781,24.38547134399414,-3.1347854137420654,13.170478820800781,0.8781096139808977,0.8231617012924446
event1,hybrid_mask,positive_residual_over_1mm,606252,7.979158572371683,4.256887435913086,9.722027778625488,-3.033936023712158,4.256887435913086,0.9570707400112182,0.9411585815393689
event1,hybrid_mask,effect_abs_over_5mm,896049,11.793308821439062,14.795363426208496,25.62518882751465,-4.46713399887085,14.795363426208496,0.8824103093369188,0.8323090158825014
event1,hybrid_mask,net_drainage_over_5mm,654260,8.61101371634221,17.605470657348633,28.8583927154541,-4.034252643585205,17.605470657348633,0.8558096266954748,0.7819459707321701
event1,hybrid_mask,positive_residual_over_5mm,241789,3.1822951050968524,7.191457748413086,13.415877342224121,-5.6384711265563965,7.191457748413086,0.951224364043919,0.9265075562653418
event1,hybrid_mask,effect_abs_over_10mm,661920,8.71183046360963,18.02354621887207,29.13547134399414,-5.20950174331665,18.02354621887207,0.8659590743590242,0.8065457591511654
event1,hybrid_mask,net_drainage_over_10mm,539221,7.096933065050229,19.833620071411133,31.242204666137695,-4.488431453704834,19.833620071411133,0.8428444891527868,0.7609905187259893
event1,hybrid_mask,positive_residual_over_10mm,122699,1.6148973985593997,10.068880081176758,17.025718688964844,-8.37836742401123,10.068880081176758,0.9549430683950342,0.9141630901287554
event1,hybrid_mask,near_inlet_0_20m,163872,2.1567939958494033,4.273504734039307,15.951603889465332,-0.07930082827806473,4.273504734039307,0.5529277527099217,0.44152542372881354
event1,hybrid_mask,near_inlet_20_60m,1650312,21.72050754783136,3.493420362472534,12.408514976501465,-1.2726112604141235,3.493420362472534,0.8502391346925366,0.8065989308599143
event1,hybrid_mask,near_inlet_60_100m,1296936,17.06956513498915,2.6636626720428467,10.235625267028809,-1.0060003995895386,2.6636626720428467,0.9109976766375855,0.8297009019143081
event1,hybrid_mask,near_inlet_100_infm,4486824,59.05313332133009,1.569512963294983,6.905591011047363,-0.4158022999763489,1.569512963294983,0.953550623989386,0.9176349932757336
event1,hybrid_mask,near_pipe_0_20m,589536,7.759151686298293,4.035899639129639,14.757306098937988,-0.9981077313423157,4.035899639129639,0.7752239740229255,0.7387772862426571
event1,hybrid_mask,near_pipe_20_60m,1712232,22.53546485733509,3.159457206726074,11.319087028503418,-1.1901640892028809,3.159457206726074,0.8704827280087274,0.8148911798396334
event1,hybrid_mask,near_pipe_60_100m,1041552,13.708340045675515,2.4654998779296875,9.858981132507324,-0.8391224145889282,2.4654998779296875,0.9218910916580845,0.8558807420284333
event1,hybrid_mask,near_pipe_100_infm,4254624,55.997043410691106,1.5524970293045044,6.798367500305176,-0.41914480924606323,1.5524970293045044,0.9540089495655544,0.9182731056017113
event1,hybrid_hydraulic,all_active,7597944,100.0,2.272002935409546,9.400166511535645,-0.6793385148048401,2.272002935409546,0.9124198079926962,0.8806565370439919
event1,hybrid_hydraulic,target_wet_0p03m,1291340,16.995913631371856,10.222447395324707,21.191390991210938,-5.29149055480957,10.222447395324707,0.9503717069091022,0.8811164538419897
event1,hybrid_hydraulic,target_wet_0p15m,304579,4.008702880674035,15.694160461425781,33.382659912109375,-7.359102249145508,15.694160461425781,0.9982861589275689,0.9084572475449719
event1,hybrid_hydraulic,wet_either_0p03m,1409968,18.557230745580647,10.814129829406738,21.694904327392578,-3.5504465103149414,10.814129829406738,0.9167025827457911,0.8806565370439919
event1,hybrid_hydraulic,effect_abs_over_1mm,1570071,20.66441921656701,9.902494430541992,20.430923461914062,-3.031798839569092,9.902494430541992,0.9020511445214938,0.8680389640901451
event1,hybrid_hydraulic,net_drainage_over_1mm,963819,12.685260644195324,13.463800430297852,24.921354293823242,-3.063493251800537,13.463800430297852,0.8724849256876384,0.8204829308909243
event1,hybrid_hydraulic,positive_residual_over_1mm,606252,7.979158572371683,4.240734100341797,9.677699089050293,-2.9814116954803467,4.240734100341797,0.9570103060521978,0.9417184980419259
event1,hybrid_hydraulic,effect_abs_over_5mm,896049,11.793308821439062,15.045818328857422,26.131301879882812,-4.360962390899658,15.045818328857422,0.8781854576902249,0.8305306543019062
event1,hybrid_hydraulic,net_drainage_over_5mm,654260,8.61101371634221,17.972972869873047,29.47960662841797,-3.918745994567871,17.972972869873047,0.8499179471878263,0.7787880704639616
event1,hybrid_hydraulic,positive_residual_over_5mm,241789,3.1822951050968524,7.125191688537598,13.3790283203125,-5.55756139755249,7.125191688537598,0.951726680833309,0.9273039157695493
event1,hybrid_hydraulic,effect_abs_over_10mm,661920,8.71183046360963,18.333341598510742,29.713674545288086,-5.051275730133057,18.333341598510742,0.8614552035563052,0.8045071284179168
event1,hybrid_hydraulic,net_drainage_over_10mm,539221,7.096933065050229,20.243600845336914,31.91570281982422,-4.330198764801025,20.243600845336914,0.8371979416263627,0.7575674396592522
event1,hybrid_hydraulic,positive_residual_over_10mm,122699,1.6148973985593997,9.938397407531738,16.92643165588379,-8.220168113708496,9.938397407531738,0.9554628471567838,0.9153663879822953
event1,hybrid_hydraulic,near_inlet_0_20m,163872,2.1567939958494033,4.658621788024902,16.587173461914062,1.4379026889801025,4.658621788024902,0.5396024397735749,0.4459016393442623
event1,hybrid_hydraulic,near_inlet_20_60m,1650312,21.72050754783136,3.5472519397735596,12.534576416015625,-1.279942512512207,3.5472519397735596,0.8466200318969193,0.8035171438670908
event1,hybrid_hydraulic,near_inlet_60_100m,1296936,17.06956513498915,2.727792978286743,10.510796546936035,-1.086954116821289,2.727792978286743,0.9074819089728924,0.8275204687750842
event1,hybrid_hydraulic,near_inlet_100_infm,4486824,59.05313332133009,1.5840352773666382,7.06127405166626,-0.4179333746433258,1.5840352773666382,0.951895583619091,0.9171725680425248
event1,hybrid_hydraulic,near_pipe_0_20m,589536,7.759151686298293,4.229143142700195,15.06373405456543,-0.8908063769340515,4.229143142700195,0.7580173534133476,0.7299877069925519
event1,hybrid_hydraulic,near_pipe_20_60m,1712232,22.53546485733509,3.201573610305786,11.48348617553711,-1.1197903156280518,3.2015738487243652,0.8677590145185868,0.812318248652181
event1,hybrid_hydraulic,near_pipe_60_100m,1041552,13.708340045675515,2.517414093017578,10.09476375579834,-0.907468855381012,2.517414093017578,0.91883723427099,0.8557591623036649
event1,hybrid_hydraulic,near_pipe_100_infm,4254624,55.997043410691106,1.56663978099823,6.952750205993652,-0.4169338345527649,1.56663978099823,0.95237211991937,0.9177517944555761
event1,hybrid_all,all_active,7597944,100.0,2.245790958404541,9.2376070022583,-0.6995419263839722,2.245790958404541,0.9155576698241512,0.8817502491395531
event1,hybrid_all,target_wet_0p03m,1291340,16.995913631371856,10.129962921142578,20.906946182250977,-5.299986839294434,10.129962921142578,0.950874285625784,0.882070408673523
event1,hybrid_all,target_wet_0p15m,304579,4.008702880674035,15.476371765136719,32.86130905151367,-7.2954630851745605,15.476371765136719,0.9982598931640068,0.9092583533336179
event1,hybrid_all,wet_either_0p03m,1409968,18.557230745580647,10.653377532958984,21.31564712524414,-3.656594753265381,10.653377532958984,0.919697554143276,0.8817502491395531
event1,hybrid_all,effect_abs_over_1mm,1570071,20.66441921656701,9.755302429199219,20.075027465820312,-3.1335253715515137,9.755302429199219,0.9056762995410854,0.8692727976192629
event1,hybrid_all,net_drainage_over_1mm,963819,12.685260644195324,13.203367233276367,24.4339542388916,-3.199474811553955,13.203367233276367,0.8780211970285805,0.8226651114628833
event1,hybrid_all,positive_residual_over_1mm,606252,7.979158572371683,4.273573398590088,9.724587440490723,-3.0286786556243896,4.273573398590088,0.9568256385914214,0.9414458830576418
event1,hybrid_all,effect_abs_over_5mm,896049,11.793308821439062,14.818618774414062,25.66946029663086,-4.526442527770996,14.818618774414062,0.8826262738372872,0.832107571548583
event1,hybrid_all,net_drainage_over_5mm,654260,8.61101371634221,17.63309097290039,28.90873908996582,-4.115084171295166,17.63309097290039,0.8560443789481589,0.7814215864677121
event1,hybrid_all,positive_residual_over_5mm,241789,3.1822951050968524,7.202901363372803,13.436224937438965,-5.6395416259765625,7.202901363372803,0.9513210366474875,0.9268278258298218
event1,hybrid_all,effect_abs_over_10mm,661920,8.71183046360963,18.044424057006836,29.184171676635742,-5.266880035400391,18.044424057006836,0.8666258827190398,0.8062844637785272
event1,hybrid_all,net_drainage_over_10mm,539221,7.096933065050229,19.863191604614258,31.297147750854492,-4.568160533905029,19.863191604614258,0.8435836710504916,0.760284870065914
event1,hybrid_all,positive_residual_over_10mm,122699,1.6148973985593997,10.051538467407227,17.032217025756836,-8.33752155303955,10.051538467407227,0.9552233691694865,0.9148322792589447
event1,hybrid_all,near_inlet_0_20m,163872,2.1567939958494033,4.218630313873291,15.480728149414062,-0.12199535220861435,4.218630313873291,0.5546459484826364,0.4388551604509974
event1,hybrid_all,near_inlet_20_60m,1650312,21.72050754783136,3.5119645595550537,12.41130542755127,-1.271282434463501,3.5119645595550537,0.8506977566917047,0.8038466977796634
event1,hybrid_all,near_inlet_60_100m,1296936,17.06956513498915,2.6845054626464844,10.30183219909668,-0.9887614250183105,2.6845054626464844,0.9106776839699948,0.8306357685047592
event1,hybrid_all,near_inlet_100_infm,4486824,59.05313332133009,1.5812097787857056,6.958097457885742,-0.4267418682575226,1.5812097787857056,0.9526134029636061,0.9178793776202786
event1,hybrid_all,near_pipe_0_20m,589536,7.759151686298293,4.043787479400635,14.61672306060791,-1.0613641738891602,4.043787479400635,0.7773354382593177,0.7355030443606843
event1,hybrid_all,near_pipe_20_60m,1712232,22.53546485733509,3.1739261150360107,11.340200424194336,-1.1649563312530518,3.1739261150360107,0.870329011279405,0.8139542489003712
event1,hybrid_all,near_pipe_60_100m,1041552,13.708340045675515,2.487098217010498,9.927084922790527,-0.8253143429756165,2.487098217010498,0.9215288619914479,0.855531226199543
event1,hybrid_all,near_pipe_100_infm,4254624,55.997043410691106,1.5640619993209839,6.8488335609436035,-0.4313153624534607,1.5640619993209839,0.9530424860197559,0.9186097244206339
event20,surface_matched,all_active,7597944,100.0,3.321641206741333,20.103843688964844,2.672625780105591,3.321641206741333,0.8832780881201381,0.6902998956490177
event20,surface_matched,target_wet_0p03m,1099047,14.465057915667712,16.259658813476562,46.124656677246094,12.983726501464844,16.259658813476562,0.9821945740264065,0.7154027722921251
event20,surface_matched,target_wet_0p15m,157302,2.070323234811944,23.490015029907227,71.14946746826172,16.10284423828125,23.490015029907227,1.0,0.9672413573889715
event20,surface_matched,wet_either_0p03m,1222127,16.08496982867997,19.118396759033203,50.03377914428711,16.172382354736328,19.118396759033203,0.8832780881201381,0.6902998956490177
event20,surface_matched,effect_abs_over_1mm,1298061,17.084371772153098,19.047029495239258,48.63642883300781,15.649877548217773,19.047029495239258,0.844012606221795,0.6494046669171887
event20,surface_matched,net_drainage_over_1mm,868164,11.426301641601992,25.939054489135742,59.14517593383789,25.939054489135742,25.939054489135742,0.8104689118357867,0.5548776181800206
event20,surface_matched,positive_residual_over_1mm,429897,5.658070130551107,5.128798961639404,8.840290069580078,-5.128798961639404,5.128798961639404,0.928452914266752,0.9036178900389327
event20,surface_matched,effect_abs_over_5mm,626392,8.244230281244505,36.94651412963867,69.96258544921875,32.21110153198242,36.94651412963867,0.7787404895040791,0.5309402625234396
event20,surface_matched,net_drainage_over_5mm,506889,6.671396893685976,42.73102569580078,77.37239837646484,42.73102569580078,42.73102569580078,0.7509451272560465,0.4507762411911196
event20,surface_matched,positive_residual_over_5mm,119503,1.572833387558529,12.410661697387695,16.2496337890625,-12.410661697387695,12.410661697387695,0.8982578194078724,0.8481618674867207
event20,surface_matched,effect_abs_over_10mm,424374,5.585379413167562,51.15021514892578,84.85172271728516,46.40974807739258,51.15021514892578,0.7475366613097629,0.44089708620167123
event20,surface_matched,net_drainage_over_10mm,373891,4.920949667436348,55.36627960205078,89.98184204101562,55.36627960205078,55.36627960205078,0.7249658889050982,0.37719718841496386
event20,surface_matched,positive_residual_over_10mm,50483,0.6644297457312136,19.92481231689453,23.600997924804688,-19.92481231689453,19.92481231689453,0.909737496659609,0.7984766922460199
event20,surface_matched,near_inlet_0_20m,163872,2.1567939958494033,16.553241729736328,53.983863830566406,16.53696632385254,16.553241729736328,0.30396518689312507,0.0462766824181196
event20,surface_matched,near_inlet_20_60m,1650312,21.72050754783136,7.005112171173096,31.844179153442383,6.610524654388428,7.005112171173096,0.7872896197571908,0.49282096069868997
event20,surface_matched,near_inlet_60_100m,1296936,17.06956513498915,3.876429557800293,21.724082946777344,3.26446533203125,3.876429557800293,0.8914975895107479,0.6420137045184455
event20,surface_matched,near_inlet_100_infm,4486824,59.05313332133009,1.323191523551941,8.280970573425293,0.5467756390571594,1.323191523551941,0.9502903855394527,0.8364404038340398
event20,surface_matched,near_pipe_0_20m,589536,7.759151686298293,10.743306159973145,42.511409759521484,10.482096672058105,10.743306159973145,0.6226721225250283,0.31070152341545987
event20,surface_matched,near_pipe_20_60m,1712232,22.53546485733509,5.764492034912109,27.730459213256836,5.299722194671631,5.764492034912109,0.8239930907339434,0.5482227215626604
event20,surface_matched,near_pipe_60_100m,1041552,13.708340045675515,3.442858934402466,19.924640655517578,2.773125410079956,3.442858934402466,0.9022166649055452,0.6771690206425578
event20,surface_matched,near_pipe_100_infm,4254624,55.997043410691106,1.2804921865463257,8.043149948120117,0.5086653828620911,1.2804921865463257,0.9519546231147122,0.8399844214187377
event20,prior_only,all_active,7597944,100.0,3.3645923137664795,12.901728630065918,-1.84169602394104,3.3645923137664795,0.7619607532279942,0.8279411851510805
event20,prior_only,target_wet_0p03m,1099047,14.465057915667712,17.304672241210938,32.579322814941406,-10.391510963439941,17.304672241210938,0.7871501400759021,0.8282932071973119
event20,prior_only,target_wet_0p15m,157302,2.070323234811944,22.500547409057617,49.237552642822266,-5.524379730224609,22.500547409057617,0.9834712845354795,0.8916860561213462
event20,prior_only,wet_either_0p03m,1222127,16.08496982867997,17.125072479248047,31.49730682373047,-10.564282417297363,17.125072479248047,0.7812466135429385,0.8279558467622926
event20,prior_only,effect_abs_over_1mm,1298061,17.084371772153098,16.3134765625,30.005842208862305,-9.876566886901855,16.3134765625,0.7136493619379952,0.8080919417571154
event20,prior_only,net_drainage_over_1mm,868164,11.426301641601992,20.68018913269043,34.66392135620117,-14.141951560974121,20.68018913269043,0.6289388957716336,0.7533975670890151
event20,prior_only,positive_residual_over_1mm,429897,5.658070130551107,7.495037078857422,17.088342666625977,-1.2627508640289307,7.495037078857422,0.881046913135903,0.8938590797634501
event20,prior_only,effect_abs_over_5mm,626392,8.244230281244505,25.85879135131836,40.09600830078125,-17.268999099731445,25.85879135131836,0.6170949028442693,0.7423246234454038
event20,prior_only,net_drainage_over_5mm,506889,6.671396893685976,29.072011947631836,43.032249450683594,-20.539873123168945,29.072011947631836,0.5258239781019745,0.6760264397770223
event20,prior_only,positive_residual_over_5mm,119503,1.572833387558529,12.229461669921875,23.924245834350586,-3.39511775970459,12.229461669921875,0.9122166162767409,0.8685905863791743
event20,prior_only,effect_abs_over_10mm,424374,5.585379413167562,30.872724533081055,45.58810806274414,-21.877378463745117,30.872724533081055,0.5571163245356794,0.7033467555614232
event20,prior_only,net_drainage_over_10mm,373891,4.920949667436348,32.964237213134766,47.39753341674805,-23.8519344329834,32.964237213134766,0.4864831363616996,0.6317615406400453
event20,prior_only,positive_residual_over_10mm,50483,0.6644297457312136,15.382431030273438,28.847307205200195,-7.253279209136963,15.382431030273438,0.9312283293325947,0.8697870939420544
event20,prior_only,near_inlet_0_20m,163872,2.1567939958494033,4.15772008895874,11.832406997680664,-3.5050010681152344,4.15772008895874,0.3398441453294201,0.281437125748503
event20,prior_only,near_inlet_20_60m,1650312,21.72050754783136,5.221208572387695,17.207761764526367,-3.952160358428955,5.221208095550537,0.6176408814786093,0.735563403309136
event20,prior_only,near_inlet_60_100m,1296936,17.06956513498915,4.158820152282715,15.397921562194824,-2.5843279361724854,4.158820152282715,0.7065172830988591,0.7956873315363882
event20,prior_only,near_inlet_100_infm,4486824,59.05313332133009,2.4231626987457275,9.965618133544922,-0.7900300621986389,2.4231626987457275,0.8371822691781742,0.8632264710134452
event20,prior_only,near_pipe_0_20m,589536,7.759151686298293,5.236345291137695,16.120683670043945,-4.2223429679870605,5.236345291137695,0.5489194606914353,0.6477272727272727
event20,prior_only,near_pipe_20_60m,1712232,22.53546485733509,4.824326038360596,16.7408390045166,-3.4463601112365723,4.824326038360596,0.6484730771760536,0.7572855829948711
event20,prior_only,near_pipe_60_100m,1041552,13.708340045675515,3.8514244556427,14.556352615356445,-2.21266508102417,3.8514244556427,0.734344480340301,0.8236714975845411
event20,prior_only,near_pipe_100_infm,4254624,55.997043410691106,2.3986010551452637,9.827991485595703,-0.7752286791801453,2.3986010551452637,0.8386583408004779,0.8640068106598305
event20,dynamic_no_prior,all_active,7597944,100.0,2.5938963890075684,11.926347732543945,0.3626951277256012,2.5938963890075684,0.8837147611750943,0.7149868270732788
event20,dynamic_no_prior,target_wet_0p03m,1099047,14.465057915667712,11.991491317749023,25.256671905517578,-2.192782402038574,11.991491317749023,0.9760328721155692,0.7285069485687137
event20,dynamic_no_prior,target_wet_0p15m,157302,2.070323234811944,27.76403045654297,45.36179733276367,-19.005176544189453,27.76403045654297,0.9998982848279107,0.7798120812195649
event20,dynamic_no_prior,wet_either_0p03m,1222127,16.08496982867997,14.039398193359375,29.586139678955078,1.2752816677093506,14.039398193359375,0.8850242231433324,0.7149868270732788
event20,dynamic_no_prior,effect_abs_over_1mm,1298061,17.084371772153098,13.474749565124512,28.606544494628906,2.4184677600860596,13.474749565124512,0.8483674661554778,0.6926476551814201
event20,dynamic_no_prior,net_drainage_over_1mm,868164,11.426301641601992,15.527963638305664,32.56081008911133,8.23351001739502,15.527963638305664,0.8186347283284086,0.6656254039381274
event20,dynamic_no_prior,positive_residual_over_1mm,429897,5.658070130551107,9.32834529876709,18.162641525268555,-9.324834823608398,9.32834529876709,0.9221826312296558,0.7402905706960402
event20,dynamic_no_prior,effect_abs_over_5mm,626392,8.244230281244505,23.264312744140625,40.16408920288086,7.883922100067139,23.264312744140625,0.7871840203583198,0.6205828178401457
event20,dynamic_no_prior,net_drainage_over_5mm,506889,6.671396893685976,23.789304733276367,42.06776428222656,14.701700210571289,23.789304733276367,0.7624573882298166,0.5972407245777634
event20,dynamic_no_prior,positive_residual_over_5mm,119503,1.572833387558529,21.037485122680664,30.80840492248535,-21.034652709960938,21.037485122680664,0.8914150246784035,0.6738537880905787
event20,dynamic_no_prior,effect_abs_over_10mm,424374,5.585379413167562,29.75469970703125,47.622413635253906,13.449856758117676,29.75469970703125,0.7590251227437194,0.5709872945564751
event20,dynamic_no_prior,net_drainage_over_10mm,373891,4.920949667436348,29.36037254333496,48.32876205444336,19.677160263061523,29.36037254333496,0.7386854647009918,0.5577486808676959
event20,dynamic_no_prior,positive_residual_over_10mm,50483,0.6644297457312136,32.67518997192383,42.02301788330078,-32.671268463134766,32.67518997192383,0.9018459135010689,0.6097812392623984
event20,dynamic_no_prior,near_inlet_0_20m,163872,2.1567939958494033,12.402246475219727,40.17744827270508,12.139867782592773,12.402246475219727,0.30742773992988953,0.06891621389762653
event20,dynamic_no_prior,near_inlet_20_60m,1650312,21.72050754783136,4.015783309936523,15.795137405395508,2.4271254539489746,4.015783309936523,0.7945289997216886,0.6663380281690141
event20,dynamic_no_prior,near_inlet_60_100m,1296936,17.06956513498915,2.5517971515655518,10.677522659301758,0.48467016220092773,2.5517971515655518,0.895062136123876,0.7083260481868727
event20,dynamic_no_prior,near_inlet_100_infm,4486824,59.05313332133009,1.724846601486206,7.5623040199279785,-0.8620234131813049,1.724846601486206,0.9455141578846551,0.7551601423487544
event20,dynamic_no_prior,near_pipe_0_20m,589536,7.759151686298293,6.9051289558410645,26.983829498291016,5.869104862213135,6.905128479003906,0.6309564964247375,0.4559409226684368
event20,dynamic_no_prior,near_pipe_20_60m,1712232,22.53546485733509,3.3909668922424316,13.188631057739258,1.6756043434143066,3.3909668922424316,0.8298257135640313,0.6982223058924777
event20,dynamic_no_prior,near_pipe_60_100m,1041552,13.708340045675515,2.450037956237793,10.40676498413086,0.1780250519514084,2.450037956237793,0.9047489486540998,0.7034511092851273
event20,dynamic_no_prior,near_pipe_100_infm,4254624,55.997043410691106,1.7109603881835938,7.523597240447998,-0.8834522366523743,1.7109603881835938,0.946774325019124,0.7560746614415904
event20,hybrid_dynamic,all_active,7597944,100.0,2.2269885540008545,9.12326717376709,-0.7429721355438232,2.2269885540008545,0.8554062755912677,0.8367780463869408
event20,hybrid_dynamic,target_wet_0p03m,1099047,14.465057915667712,11.377355575561523,22.878087997436523,-5.621729850769043,11.377355575561523,0.8895907090415606,0.8373392254077746
event20,hybrid_dynamic,target_wet_0p15m,157302,2.070323234811944,19.74591064453125,42.33528518676758,-6.331383228302002,19.74591064453125,0.9990019198738732,0.8889842468627227
event20,hybrid_dynamic,wet_either_0p03m,1222127,16.08496982867997,11.433305740356445,22.434146881103516,-4.6581196784973145,11.433305740356445,0.8693072141592668,0.8367780463869408
event20,hybrid_dynamic,effect_abs_over_1mm,1298061,17.084371772153098,10.72236442565918,21.284517288208008,-3.9180874824523926,10.72236442565918,0.8364516317226091,0.8165627782724845
event20,hybrid_dynamic,net_drainage_over_1mm,868164,11.426301641601992,13.187064170837402,24.256181716918945,-4.72282075881958,13.187064170837402,0.8039382664049984,0.7584456522998829
event20,hybrid_dynamic,positive_residual_over_1mm,429897,5.658070130551107,5.7449822425842285,13.406427383422852,-2.292954683303833,5.7449822425842285,0.9039399839651815,0.9092774737464872
event20,hybrid_dynamic,effect_abs_over_5mm,626392,8.244230281244505,16.749507904052734,28.49793815612793,-6.235555648803711,16.749507904052734,0.8087921301334307,0.7476326192884067
event20,hybrid_dynamic,net_drainage_over_5mm,506889,6.671396893685976,18.32329559326172,30.17316246032715,-6.272209167480469,18.32329559326172,0.7766273227910843,0.6776866682881068
event20,hybrid_dynamic,positive_residual_over_5mm,119503,1.572833387558529,10.074060440063477,19.88047218322754,-6.080082416534424,10.074060440063477,0.9186082187577902,0.8843281048414476
event20,hybrid_dynamic,effect_abs_over_10mm,424374,5.585379413167562,19.81540298461914,32.44355773925781,-7.213474750518799,19.81540298461914,0.7997783102174907,0.7019140833778728
event20,hybrid_dynamic,net_drainage_over_10mm,373891,4.920949667436348,20.6359920501709,33.256187438964844,-6.703744411468506,20.6359920501709,0.7760993353658758,0.6287496146641056
event20,hybrid_dynamic,positive_residual_over_10mm,50483,0.6644297457312136,13.737885475158691,25.635238647460938,-10.988676071166992,13.737885475158691,0.9336167765522624,0.8762216823908254
event20,hybrid_dynamic,near_inlet_0_20m,163872,2.1567939958494033,3.6665937900543213,11.235932350158691,1.8196040391921997,3.6665937900543213,0.4797091541855696,0.22691292875989447
event20,hybrid_dynamic,near_inlet_20_60m,1650312,21.72050754783136,3.1411750316619873,11.839162826538086,-1.4392794370651245,3.1411750316619873,0.7949092393693864,0.7279307735333794
event20,hybrid_dynamic,near_inlet_60_100m,1296936,17.06956513498915,2.655569314956665,10.629046440124512,-1.1933854818344116,2.655569314956665,0.8376692195404827,0.8056891025641025
event20,hybrid_dynamic,near_inlet_100_infm,4486824,59.05313332133009,1.7142772674560547,7.219806671142578,-0.4502602815628052,1.7142772674560547,0.8926090417419897,0.8771214458893541
event20,hybrid_dynamic,near_pipe_0_20m,589536,7.759151686298293,3.4432458877563477,11.848108291625977,-0.5467497706413269,3.4432458877563477,0.7181924968798179,0.6363636363636364
event20,hybrid_dynamic,near_pipe_20_60m,1712232,22.53546485733509,2.9570200443267822,11.465503692626953,-1.3636155128479004,2.9570200443267822,0.8103325718152133,0.7539082349424601
event20,hybrid_dynamic,near_pipe_60_100m,1041552,13.708340045675515,2.5056569576263428,10.240760803222656,-1.0464314222335815,2.5056569576263428,0.8500183328879581,0.8366958507803578
event20,hybrid_dynamic,near_pipe_100_infm,4254624,55.997043410691106,1.696446418762207,7.114171981811523,-0.44610121846199036,1.696446418762207,0.8929711357095557,0.8776523877564907
event20,hybrid_mask,all_active,7597944,100.0,2.1278631687164307,8.641315460205078,-0.6733081936836243,2.1278631687164307,0.8672740704260035,0.8388417613380894
event20,hybrid_mask,target_wet_0p03m,1099047,14.465057915667712,10.7763671875,21.699464797973633,-5.084868907928467,10.7763671875,0.9004910618017246,0.8392795019134107
event20,hybrid_mask,target_wet_0p15m,157302,2.070323234811944,19.252424240112305,41.065547943115234,-5.896310806274414,19.252424240112305,0.9991417782354961,0.8895182515161918
event20,hybrid_mask,wet_either_0p03m,1222127,16.08496982867997,10.79715347290039,21.2288818359375,-4.300771236419678,10.79715347290039,0.8813931555196948,0.8388417613380894
event20,hybrid_mask,effect_abs_over_1mm,1298061,17.084371772153098,10.193469047546387,20.20842170715332,-3.67325496673584,10.193470001220703,0.8498731218739383,0.8188400105674281
event20,hybrid_mask,net_drainage_over_1mm,868164,11.426301641601992,12.518465042114258,23.021337509155273,-4.407403945922852,12.518465042114258,0.8207759186957068,0.7599744542498839
event20,hybrid_mask,positive_residual_over_1mm,429897,5.658070130551107,5.498213768005371,12.759681701660156,-2.190662384033203,5.498213768005371,0.9101631346941272,0.9128362968868782
event20,hybrid_mask,effect_abs_over_5mm,626392,8.244230281244505,15.879271507263184,27.16824722290039,-5.940626621246338,15.87926959991455,0.825499254745948,0.7497493228836513
event20,hybrid_mask,net_drainage_over_5mm,506889,6.671396893685976,17.328916549682617,28.7308406829834,-5.920264720916748,17.328916549682617,0.7970101948288574,0.6787294068475497
event20,hybrid_mask,positive_residual_over_5mm,119503,1.572833387558529,9.730390548706055,19.1733341217041,-6.026993751525879,9.730390548706055,0.9222584668521538,0.8887298503902124
event20,hybrid_mask,effect_abs_over_10mm,424374,5.585379413167562,18.843338012695312,31.148523330688477,-6.997450828552246,18.843338012695312,0.815358984480631,0.7029348244630091
event20,hybrid_mask,net_drainage_over_10mm,373891,4.920949667436348,19.570188522338867,31.893218994140625,-6.4741740226745605,19.570188522338867,0.7938134513118765,0.6294163831457733
event20,hybrid_mask,positive_residual_over_10mm,50483,0.6644297457312136,13.4600830078125,24.95053482055664,-10.872977256774902,13.4600830078125,0.9361994946901382,0.8775141242937853
event20,hybrid_mask,near_inlet_0_20m,163872,2.1567939958494033,3.2401845455169678,9.716642379760742,-0.637450635433197,3.240184783935547,0.4473483887338239,0.19877675840978593
event20,hybrid_mask,near_inlet_20_60m,1650312,21.72050754783136,3.168114185333252,11.804377555847168,-1.504110336303711,3.168114185333252,0.7906031571507107,0.7250478895567739
event20,hybrid_mask,near_inlet_60_100m,1296936,17.06956513498915,2.521904468536377,10.139057159423828,-0.9570904970169067,2.521904468536377,0.8553732559526176,0.806653791495099
event20,hybrid_mask,near_inlet_100_infm,4486824,59.05313332133009,1.5907210111618042,6.483358860015869,-0.28700941801071167,1.5907210111618042,0.9071980778197867,0.8805686070781651
event20,hybrid_mask,near_pipe_0_20m,589536,7.759151686298293,3.4474799633026123,11.744894981384277,-1.4763479232788086,3.4474799633026123,0.7103224714566545,0.6308411214953271
event20,hybrid_mask,near_pipe_20_60m,1712232,22.53546485733509,2.929084062576294,11.276627540588379,-1.3174782991409302,2.929084062576294,0.8133367701241794,0.7526604514523817
event20,hybrid_mask,near_pipe_60_100m,1041552,13.708340045675515,2.3317928314208984,9.601531982421875,-0.7459226250648499,2.3317928314208984,0.8717330141415138,0.8385295486272685
event20,hybrid_mask,near_pipe_100_infm,4254624,55.997043410691106,1.572646141052246,6.363412380218506,-0.28501981496810913,1.572646141052246,0.9073131382745442,0.8811912988466593
event20,hybrid_hydraulic,all_active,7597944,100.0,2.130767583847046,8.699201583862305,-0.6830892562866211,2.130767583847046,0.867344720905163,0.838805666319407
event20,hybrid_hydraulic,target_wet_0p03m,1099047,14.465057915667712,10.84434986114502,21.874841690063477,-5.128539085388184,10.84434986114502,0.9004610357882784,0.8392478464542873
event20,hybrid_hydraulic,target_wet_0p15m,157302,2.070323234811944,19.240724563598633,41.032413482666016,-5.809183597564697,19.240724563598633,0.9990464202616622,0.8906371184091747
event20,hybrid_hydraulic,wet_either_0p03m,1222127,16.08496982867997,10.880860328674316,21.389280319213867,-4.336223125457764,10.880860328674316,0.8812468277219259,0.838805666319407
event20,hybrid_hydraulic,effect_abs_over_1mm,1298061,17.084371772153098,10.234349250793457,20.358461380004883,-3.6753346920013428,10.234349250793457,0.8500393788469027,0.8188168708879527
event20,hybrid_hydraulic,net_drainage_over_1mm,868164,11.426301641601992,12.567573547363281,23.200950622558594,-4.425676345825195,12.567573547363281,0.8208649944669864,0.7618821072174519
event20,hybrid_hydraulic,positive_residual_over_1mm,429897,5.658070130551107,5.5224738121032715,12.82270622253418,-2.160041332244873,5.5224738121032715,0.9105230355101307,0.9094974957955239
event20,hybrid_hydraulic,effect_abs_over_5mm,626392,8.244230281244505,16.082382202148438,27.402381896972656,-5.996702671051025,16.082382202148438,0.8226553828776278,0.7499396406029042
event20,hybrid_hydraulic,net_drainage_over_5mm,506889,6.671396893685976,17.554311752319336,28.981142044067383,-6.0059404373168945,17.554311752319336,0.7934629862690543,0.6814228561488954
event20,hybrid_hydraulic,positive_residual_over_5mm,119503,1.572833387558529,9.838983535766602,19.321388244628906,-5.957516670227051,9.838983535766602,0.9219276276016927,0.8835158872800027
event20,hybrid_hydraulic,effect_abs_over_10mm,424374,5.585379413167562,19.171449661254883,31.422983169555664,-7.13905668258667,19.171449661254883,0.8094166506297839,0.7045393769220484
event20,hybrid_hydraulic,net_drainage_over_10mm,373891,4.920949667436348,19.926166534423828,32.187171936035156,-6.634920120239258,19.926166534423828,0.7870008117179902,0.632550853290926
event20,hybrid_hydraulic,positive_residual_over_10mm,50483,0.6644297457312136,13.581809997558594,25.047636032104492,-10.872830390930176,13.581809997558594,0.935353327855382,0.8758827184904807
event20,hybrid_hydraulic,near_inlet_0_20m,163872,2.1567939958494033,3.2074356079101562,9.60354995727539,0.2762196362018585,3.2074356079101562,0.4802547770700637,0.24929178470254956
event20,hybrid_hydraulic,near_inlet_20_60m,1650312,21.72050754783136,3.1909568309783936,11.851550102233887,-1.5828378200531006,3.1909570693969727,0.7871382484667289,0.7301299386583998
event20,hybrid_hydraulic,near_inlet_60_100m,1296936,17.06956513498915,2.5766761302948,10.39291763305664,-1.0660635232925415,2.5766761302948,0.8481105375401112,0.8046977421704297
event20,hybrid_hydraulic,near_inlet_100_infm,4486824,59.05313332133009,1.572601079940796,6.472747325897217,-0.2764863669872284,1.572601079940796,0.9110048372911169,0.879581584578508
event20,hybrid_hydraulic,near_pipe_0_20m,589536,7.759151686298293,3.6119420528411865,12.262995719909668,-1.6034852266311646,3.6119420528411865,0.6867256637168142,0.6405321256722333
event20,hybrid_hydraulic,near_pipe_20_60m,1712232,22.53546485733509,2.9099369049072266,11.199458122253418,-1.2996731996536255,2.9099369049072266,0.8143569050129325,0.7550995992103846
event20,hybrid_hydraulic,near_pipe_60_100m,1041552,13.708340045675515,2.375985860824585,9.831320762634277,-0.8377078175544739,2.375985860824585,0.8657896201733064,0.8364066993740484
event20,hybrid_hydraulic,near_pipe_100_infm,4254624,55.997043410691106,1.5519307851791382,6.3377366065979,-0.26956626772880554,1.5519307851791382,0.9115343878868403,0.8801784638115049
event20,hybrid_all,all_active,7597944,100.0,2.1207780838012695,8.569108963012695,-0.6834193468093872,2.1207780838012695,0.8684220911276115,0.8396320759801427
event20,hybrid_all,target_wet_0p03m,1099047,14.465057915667712,10.777276992797852,21.53488540649414,-5.032808303833008,10.777276992797852,0.9010288004061701,0.8400647074683203
event20,hybrid_all,target_wet_0p15m,157302,2.070323234811944,19.107192993164062,40.3776969909668,-5.700231075286865,19.107192993164062,0.9995295673290867,0.8913491246138002
event20,hybrid_all,wet_either_0p03m,1222127,16.08496982867997,10.792914390563965,21.050987243652344,-4.289531707763672,10.792914390563965,0.8824955798269003,0.8396320759801427
event20,hybrid_all,effect_abs_over_1mm,1298061,17.084371772153098,10.179698944091797,20.035783767700195,-3.685236692428589,10.179698944091797,0.8514610167211751,0.8197907827463509
event20,hybrid_all,net_drainage_over_1mm,868164,11.426301641601992,12.469077110290527,22.79485321044922,-4.4317474365234375,12.469077110290527,0.823609299300446,0.7624984054458374
event20,hybrid_all,positive_residual_over_1mm,429897,5.658070130551107,5.556365013122559,12.758783340454102,-2.1776812076568604,5.556365013122559,0.9090520073968793,0.9112691182461208
event20,hybrid_all,effect_abs_over_5mm,626392,8.244230281244505,15.8721284866333,26.91529655456543,-5.998324871063232,15.8721284866333,0.8272484124868345,0.7517952494936476
event20,hybrid_all,net_drainage_over_5mm,506889,6.671396893685976,17.295278549194336,28.426706314086914,-6.001902103424072,17.295278549194336,0.7995511748408878,0.6829153768564572
event20,hybrid_all,positive_residual_over_5mm,119503,1.572833387558529,9.835639953613281,19.226123809814453,-5.983149528503418,9.835639953613281,0.921115981087017,0.8865414710485133
event20,hybrid_all,effect_abs_over_10mm,424374,5.585379413167562,18.81374740600586,30.792991638183594,-7.117504596710205,18.81374740600586,0.8160277313201342,0.7070641173617036
event20,hybrid_all,net_drainage_over_10mm,373891,4.920949667436348,19.534961700439453,31.501562118530273,-6.614195823669434,19.534961700439453,0.7946196176903564,0.6356077164306757
event20,hybrid_all,positive_residual_over_10mm,50483,0.6644297457312136,13.472233772277832,24.925806045532227,-10.845149040222168,13.472233772277832,0.9358105332347383,0.8770987619424501
event20,hybrid_all,near_inlet_0_20m,163872,2.1567939958494033,3.256046772003174,9.673550605773926,-0.8239303827285767,3.256046772003174,0.44081172491544535,0.2018348623853211
event20,hybrid_all,near_inlet_20_60m,1650312,21.72050754783136,3.1542341709136963,11.617643356323242,-1.5306944847106934,3.1542341709136963,0.7898462107121651,0.732053312219583
event20,hybrid_all,near_inlet_60_100m,1296936,17.06956513498915,2.5145928859710693,10.066990852355957,-0.9683118462562561,2.5145928859710693,0.8561899175870604,0.8073715263867137
event20,hybrid_all,near_inlet_100_infm,4486824,59.05313332133009,1.585362434387207,6.479944705963135,-0.28429919481277466,1.585362434387207,0.9090794322217288,0.8796271637816245
event20,hybrid_all,near_pipe_0_20m,589536,7.759151686298293,3.407017469406128,11.649989128112793,-1.4993407726287842,3.407017469406128,0.714155167687106,0.6358749469514783
event20,hybrid_all,near_pipe_20_60m,1712232,22.53546485733509,2.931978702545166,11.109564781188965,-1.3594716787338257,2.931978702545166,0.8114442824158464,0.7586403114705002
event20,hybrid_all,near_pipe_60_100m,1041552,13.708340045675515,2.3243672847747803,9.535283088684082,-0.7544010281562805,2.3243672847747803,0.8729567122273302,0.8384982877436266
event20,hybrid_all,near_pipe_100_infm,4254624,55.997043410691106,1.5662530660629272,6.355856418609619,-0.28091493248939514,1.5662530660629272,0.9092881570475413,0.8801796284956114
event65,surface_matched,all_active,7597944,100.0,7.6959919929504395,36.39392852783203,6.4028000831604,7.6959919929504395,0.8962788365673319,0.6223158303968767
event65,surface_matched,target_wet_0p03m,1588505,20.907037482771656,27.35051727294922,69.75250244140625,22.4703426361084,27.35051727294922,0.9790538902930743,0.6605811697149029
event65,surface_matched,target_wet_0p15m,313220,4.1224310155484165,30.663223266601562,87.5146484375,21.608963012695312,30.663223266601562,0.9999936147117042,0.9607847519315497
event65,surface_matched,wet_either_0p03m,1735210,22.837888776226833,32.41278076171875,76.0990982055664,27.94520378112793,32.41278076171875,0.8962788365673319,0.6223158303968767
event65,surface_matched,effect_abs_over_1mm,1880287,24.747313220523868,30.81084442138672,73.15753936767578,25.89567756652832,30.81084442138672,0.8731181663469803,0.5841522963273814
event65,surface_matched,net_drainage_over_1mm,1169781,15.396020291805257,45.57456970214844,92.35054779052734,45.57456970214844,45.57456970214844,0.8476555769397449,0.47284927000176574
event65,surface_matched,positive_residual_over_1mm,710506,9.35129292871861,6.503764629364014,11.047820091247559,-6.503764629364014,6.503764629364014,0.9275535740995823,0.8948223982291703
event65,surface_matched,effect_abs_over_5mm,1044522,13.74742956778834,53.513450622558594,98.125732421875,46.77259063720703,53.513450622558594,0.8260489751434926,0.47533267750163466
event65,surface_matched,net_drainage_over_5mm,782047,10.292876599248428,66.97229766845703,112.93165588378906,66.97229766845703,66.97229766845703,0.8047735915282901,0.3831247878886249
event65,surface_matched,positive_residual_over_5mm,262475,3.45455296853991,13.412664413452148,17.83250617980957,-13.412664413452148,13.412664413452148,0.8949855026859365,0.8405909343308882
event65,surface_matched,effect_abs_over_10mm,768200,10.11062992830692,70.2176284790039,114.33882141113281,63.644954681396484,70.2176284790039,0.8010770166177217,0.4000449321697053
event65,surface_matched,net_drainage_over_10mm,648117,8.530162896699423,79.33230590820312,124.0080337524414,79.33230590820312,79.33230590820312,0.7828722372106666,0.3346904911265354
event65,surface_matched,positive_residual_over_10mm,120083,1.580467031607498,21.02347183227539,25.19430923461914,-21.02347183227539,21.02347183227539,0.8995562375219048,0.7823390151515152
event65,surface_matched,near_inlet_0_20m,163872,2.1567939958494033,31.398530960083008,85.53323364257812,31.358394622802734,31.398530960083008,0.3434377838328792,0.036217442100199296
event65,surface_matched,near_inlet_20_60m,1650312,21.72050754783136,16.013269424438477,56.833431243896484,15.250288963317871,16.013269424438477,0.8212005316660188,0.40047068052559326
event65,surface_matched,near_inlet_60_100m,1296936,17.06956513498915,9.667490005493164,42.41312026977539,8.46934700012207,9.667490005493164,0.9049234197154975,0.534702347696202
event65,surface_matched,near_inlet_100_infm,4486824,59.05313332133009,3.2012336254119873,16.361663818359375,1.6397826671600342,3.2012336254119873,0.9525672412426858,0.8057270812227636
event65,surface_matched,near_pipe_0_20m,589536,7.759151686298293,22.554283142089844,71.32127380371094,22.063976287841797,22.554283142089844,0.6604225067555622,0.2500246494843328
event65,surface_matched,near_pipe_20_60m,1712232,22.53546485733509,13.38548755645752,50.35708236694336,12.488354682922363,13.38548755645752,0.8499191061640868,0.4477093231682021
event65,surface_matched,near_pipe_60_100m,1041552,13.708340045675515,8.61120891571045,39.76515579223633,7.289443492889404,8.61120891571045,0.9164301994658133,0.5770157473539282
event65,surface_matched,near_pipe_100_infm,4254624,55.997043410691106,3.123443126678467,15.902092933654785,1.5666043758392334,3.123443126678467,0.9537916827887016,0.810711949087016
event65,prior_only,all_active,7597944,100.0,2.7016448974609375,11.461181640625,-0.5592882037162781,2.7016448974609375,0.9020886981049724,0.893264583440252
event65,prior_only,target_wet_0p03m,1588505,20.907037482771656,10.550722122192383,24.051664352416992,-2.596113681793213,10.550722122192383,0.922478053263918,0.8944310600724872
event65,prior_only,target_wet_0p15m,313220,4.1224310155484165,14.325902938842773,36.657806396484375,1.5598520040512085,14.325902938842773,0.9983557882638401,0.9446810548496265
event65,prior_only,wet_either_0p03m,1735210,22.837888776226833,10.719746589660645,23.848133087158203,-2.4513208866119385,10.719746589660645,0.9078575070612674,0.893264583440252
event65,prior_only,effect_abs_over_1mm,1880287,24.747313220523868,10.12013053894043,22.721826553344727,-2.091059923171997,10.12013053894043,0.8821623794833732,0.881560206749091
event65,prior_only,net_drainage_over_1mm,1169781,15.396020291805257,13.663934707641602,27.96853256225586,-2.4956130981445312,13.663934707641602,0.8439075101182442,0.8445356072277358
event65,prior_only,positive_residual_over_1mm,710506,9.35129292871861,4.285593032836914,8.854804992675781,-1.4250013828277588,4.285593032836914,0.9525208156348303,0.9339763802825236
event65,prior_only,effect_abs_over_5mm,1044522,13.74742956778834,16.00196075439453,29.681888580322266,-3.2645885944366455,16.00196075439453,0.8367173189235079,0.8406875756481855
event65,prior_only,net_drainage_over_5mm,782047,10.292876599248428,18.92082977294922,33.546817779541016,-3.412950038909912,18.92082977294922,0.7952516395401322,0.7991899671401764
event65,prior_only,positive_residual_over_5mm,262475,3.45455296853991,7.305160045623779,12.365218162536621,-2.8225460052490234,7.305160045623779,0.9469689950185536,0.9099137381549314
event65,prior_only,effect_abs_over_10mm,768200,10.11062992830692,19.928176879882812,34.15714645385742,-4.15449857711792,19.928176879882812,0.80217857636756,0.8058507599131528
event65,prior_only,net_drainage_over_10mm,648117,8.530162896699423,21.693445205688477,36.52772521972656,-4.068526744842529,21.693445205688477,0.7657818636801189,0.7696979799347828
event65,prior_only,positive_residual_over_10mm,120083,1.580467031607498,10.400586128234863,16.19646453857422,-4.61850118637085,10.400586128234863,0.9609696363432534,0.8846669240727703
event65,prior_only,near_inlet_0_20m,163872,2.1567939958494033,5.140087127685547,16.419429779052734,0.6434646844863892,5.140087127685547,0.559100761127073,0.32748948106591863
event65,prior_only,near_inlet_20_60m,1650312,21.72050754783136,4.514322280883789,16.243558883666992,-0.6990801692008972,4.514321804046631,0.8211787752274836,0.8260028759855209
event65,prior_only,near_inlet_60_100m,1296936,17.06956513498915,3.3336079120635986,13.675298690795898,-0.6472513675689697,3.3336079120635986,0.879572823561976,0.8598663596209748
event65,prior_only,near_inlet_100_infm,4486824,59.05313332133009,1.7631875276565552,7.841507911682129,-0.5263728499412537,1.7631875276565552,0.9475133059666756,0.9239821765336687
event65,prior_only,near_pipe_0_20m,589536,7.759151686298293,5.014044284820557,16.848026275634766,-0.28227144479751587,5.014044284820557,0.7540330299497068,0.7588953450414572
event65,prior_only,near_pipe_20_60m,1712232,22.53546485733509,4.041104793548584,15.270207405090332,-0.708245575428009,4.041104793548584,0.8424347211862597,0.842940813810111
event65,prior_only,near_pipe_60_100m,1041552,13.708340045675515,3.113462209701538,12.919325828552246,-0.638041615486145,3.113462448120117,0.8923368113686732,0.8705272025894559
event65,prior_only,near_pipe_100_infm,4254624,55.997043410691106,1.741362452507019,7.781294822692871,-0.5184471011161804,1.741362452507019,0.9485544816781926,0.9240917522068892
event65,dynamic_no_prior,all_active,7597944,100.0,4.892030715942383,18.457666397094727,0.7461045384407043,4.892030715942383,0.9006977510954425,0.713209584460443
event65,dynamic_no_prior,target_wet_0p03m,1588505,20.907037482771656,17.092615127563477,33.29339599609375,-1.3308721780776978,17.092615127563477,0.9733617457924275,0.7303948103526633
event65,dynamic_no_prior,target_wet_0p15m,313220,4.1224310155484165,31.49713134765625,51.820186614990234,-19.393640518188477,31.49713134765625,0.9998691015899368,0.8055679713939085
event65,dynamic_no_prior,wet_either_0p03m,1735210,22.837888776226833,19.865446090698242,38.52377700805664,2.9897892475128174,19.865446090698242,0.9014103064126937,0.713209584460443
event65,dynamic_no_prior,effect_abs_over_1mm,1880287,24.747313220523868,18.304481506347656,36.82209014892578,3.747305393218994,18.304481506347656,0.8812729365738817,0.6972313689684089
event65,dynamic_no_prior,net_drainage_over_1mm,1169781,15.396020291805257,22.27471923828125,43.482261657714844,13.167106628417969,22.27471923828125,0.8622580813586124,0.660840264801942
event65,dynamic_no_prior,positive_residual_over_1mm,710506,9.35129292871861,11.76785659790039,21.801424026489258,-11.761505126953125,11.76785659790039,0.9211108506624697,0.7580240722166499
event65,dynamic_no_prior,effect_abs_over_5mm,1044522,13.74742956778834,28.573837280273438,48.311851501464844,10.236520767211914,28.573837280273438,0.8390280875854321,0.6348389036616648
event65,dynamic_no_prior,net_drainage_over_5mm,782047,10.292876599248428,30.794775009155273,52.65148162841797,21.040790557861328,30.794776916503906,0.8230806137252473,0.5988574989613626
event65,dynamic_no_prior,positive_residual_over_5mm,262475,3.45455296853991,21.956525802612305,32.07150650024414,-21.95491600036621,21.956525802612305,0.8893813663702811,0.7107724230645586
event65,dynamic_no_prior,effect_abs_over_10mm,768200,10.11062992830692,35.00830078125,55.385780334472656,16.48578453063965,35.00830078125,0.8175472092537105,0.5793811565370405
event65,dynamic_no_prior,net_drainage_over_10mm,648117,8.530162896699423,35.423580169677734,57.478519439697266,25.611303329467773,35.423580169677734,0.8030153487855167,0.5545061031567492
event65,dynamic_no_prior,positive_residual_over_10mm,120083,1.580467031607498,32.766910552978516,42.34123611450195,-32.766845703125,32.766910552978516,0.8939242029276118,0.6518939393939394
event65,dynamic_no_prior,near_inlet_0_20m,163872,2.1567939958494033,20.38584327697754,56.38613510131836,20.129051208496094,20.385845184326172,0.3505685773961476,0.06306181717604757
event65,dynamic_no_prior,near_inlet_20_60m,1650312,21.72050754783136,7.700023651123047,24.97817039489746,5.034491539001465,7.700023651123047,0.8323165086434056,0.6199693111152986
event65,dynamic_no_prior,near_inlet_60_100m,1296936,17.06956513498915,4.968170166015625,18.010231018066406,1.4023544788360596,4.968170166015625,0.9156374448390916,0.6850074048262044
event65,dynamic_no_prior,near_inlet_100_infm,4486824,59.05313332133009,3.2713263034820557,11.72819709777832,-1.7288339138031006,3.2713263034820557,0.9510308792578088,0.7748637491215251
event65,dynamic_no_prior,near_pipe_0_20m,589536,7.759151686298293,12.347597122192383,39.38487243652344,10.770654678344727,12.347597122192383,0.6718985969305435,0.4295804383708879
event65,dynamic_no_prior,near_pipe_20_60m,1712232,22.53546485733509,6.554502487182617,21.52751350402832,3.6222951412200928,6.554502487182617,0.8606442226276937,0.6549847912733375
event65,dynamic_no_prior,near_pipe_60_100m,1041552,13.708340045675515,4.625500679016113,17.073545455932617,0.6989230513572693,4.625500679016113,0.9245867943360796,0.6987228445349627
event65,dynamic_no_prior,near_pipe_100_infm,4254624,55.997043410691106,3.2551629543304443,11.64461612701416,-1.7888777256011963,3.2551629543304443,0.9521281938360028,0.77444915378667
event65,hybrid_dynamic,all_active,7597944,100.0,2.299100875854492,9.370774269104004,0.11372136324644089,2.299100875854492,0.9251260310617682,0.8979962164814512
event65,hybrid_dynamic,target_wet_0p03m,1588505,20.907037482771656,7.961003303527832,18.405439376831055,-1.5363932847976685,7.961003303527832,0.9783784124066339,0.898931109051591
event65,hybrid_dynamic,target_wet_0p15m,313220,4.1224310155484165,13.639851570129395,31.169282913208008,-4.149672508239746,13.639851570129395,0.9995179107336696,0.9290083647276675
event65,hybrid_dynamic,wet_either_0p03m,1735210,22.837888776226833,9.04835319519043,19.490440368652344,0.2897111773490906,9.04835319519043,0.929171937812831,0.8979962164814512
event65,hybrid_dynamic,effect_abs_over_1mm,1880287,24.747313220523868,8.578230857849121,18.59783172607422,0.5996549725532532,8.578230857849121,0.9110487619970787,0.887032457440661
event65,hybrid_dynamic,net_drainage_over_1mm,1169781,15.396020291805257,11.204244613647461,22.47001838684082,2.385624885559082,11.204244613647461,0.8888469964617012,0.856013649759578
event65,hybrid_dynamic,positive_residual_over_1mm,710506,9.35129292871861,4.254746437072754,9.168646812438965,-2.340775966644287,4.254746437072754,0.9549937626265415,0.929604209952655
event65,hybrid_dynamic,effect_abs_over_5mm,1044522,13.74742956778834,13.448948860168457,24.265287399291992,1.5703736543655396,13.448948860168457,0.8805931424252509,0.8477040155618866
event65,hybrid_dynamic,net_drainage_over_5mm,782047,10.292876599248428,15.419659614562988,26.936805725097656,3.6842377185821533,15.419659614562988,0.8573782585822182,0.8135170979998566
event65,hybrid_dynamic,positive_residual_over_5mm,262475,3.45455296853991,7.5771918296813965,13.462715148925781,-4.727905750274658,7.5771918296813965,0.9488490139167307,0.9022997552842853
event65,hybrid_dynamic,effect_abs_over_10mm,768200,10.11062992830692,16.555200576782227,27.79869842529297,2.46423602104187,16.555200576782227,0.8600972663681243,0.8151764405685724
event65,hybrid_dynamic,net_drainage_over_10mm,648117,8.530162896699423,17.548540115356445,29.246835708618164,4.347328186035156,17.548540115356445,0.8397560535067309,0.7873102772955891
event65,hybrid_dynamic,positive_residual_over_10mm,120083,1.580467031607498,11.193903923034668,18.080461502075195,-7.699268341064453,11.193903923034668,0.9595687564946311,0.8729079256766102
event65,hybrid_dynamic,near_inlet_0_20m,163872,2.1567939958494033,7.364997863769531,19.93042755126953,6.556522846221924,7.364997863769531,0.41957146515664573,0.3680926916221034
event65,hybrid_dynamic,near_inlet_20_60m,1650312,21.72050754783136,3.584402322769165,12.389887809753418,1.1104999780654907,3.584402561187744,0.8668789872210187,0.8491204330175913
event65,hybrid_dynamic,near_inlet_60_100m,1296936,17.06956513498915,2.542489528656006,10.30270004272461,0.09084166586399078,2.542489528656006,0.9351107814453098,0.8761653750835923
event65,hybrid_dynamic,near_inlet_100_infm,4486824,59.05313332133009,1.5709763765335083,6.859057903289795,-0.4816032946109772,1.5709763765335083,0.9654028137026055,0.9190835280346592
event65,hybrid_dynamic,near_pipe_0_20m,589536,7.759151686298293,4.979545593261719,15.520752906799316,3.0283217430114746,4.979545593261719,0.7315557691899878,0.7750086535133264
event65,hybrid_dynamic,near_pipe_20_60m,1712232,22.53546485733509,3.158024549484253,11.422937393188477,0.7362797260284424,3.158024549484253,0.8908004323853672,0.8674133006277535
event65,hybrid_dynamic,near_pipe_60_100m,1041552,13.708340045675515,2.4046268463134766,10.023675918579102,-0.08682060241699219,2.4046268463134766,0.9440507562981717,0.884081689101973
event65,hybrid_dynamic,near_pipe_100_infm,4254624,55.997043410691106,1.5561901330947876,6.806386947631836,-0.4915851056575775,1.5561901330947876,0.9659889577704537,0.9189291082593602
event65,hybrid_mask,all_active,7597944,100.0,2.208616018295288,9.069534301757812,0.12228351086378098,2.208616018295288,0.9321599894530888,0.8989353827934173
event65,hybrid_mask,target_wet_0p03m,1588505,20.907037482771656,7.76130485534668,17.996417999267578,-1.2476115226745605,7.76130485534668,0.9792402290203682,0.8997511992443371
event65,hybrid_mask,target_wet_0p15m,313220,4.1224310155484165,13.408329010009766,30.424087524414062,-3.746424674987793,13.408329010009766,0.9996583870761765,0.9305855309367218
event65,hybrid_mask,wet_either_0p03m,1735210,22.837888776226833,8.644063949584961,18.85975456237793,0.3092230260372162,8.644063949584961,0.9362072462520786,0.8989353827934173
event65,hybrid_mask,effect_abs_over_1mm,1880287,24.747313220523868,8.2216215133667,18.01508331298828,0.5899869203567505,8.2216215133667,0.9193662284946096,0.8877663733063643
event65,hybrid_mask,net_drainage_over_1mm,1169781,15.396020291805257,10.660489082336426,21.74483299255371,2.359879493713379,10.660489082336426,0.900852146292644,0.8570172287798655
event65,hybrid_mask,positive_residual_over_1mm,710506,9.35129292871861,4.206256866455078,8.966063499450684,-2.3239734172821045,4.206256866455078,0.955554770520868,0.9300722538427456
event65,hybrid_mask,effect_abs_over_5mm,1044522,13.74742956778834,12.843321800231934,23.551620483398438,1.4996178150177002,12.843321800231934,0.8927165894194115,0.848570909631293
event65,hybrid_mask,net_drainage_over_5mm,782047,10.292876599248428,14.637649536132812,26.109893798828125,3.6040358543395996,14.637649536132812,0.8730488065594244,0.8146870335445697
event65,hybrid_mask,positive_residual_over_5mm,262475,3.45455296853991,7.497101783752441,13.271728515625,-4.770517349243164,7.497101783752441,0.9495672044564382,0.9028764611505845
event65,hybrid_mask,effect_abs_over_10mm,768200,10.11062992830692,15.771733283996582,26.985309600830078,2.365755558013916,15.771733283996582,0.8750848283552417,0.8160662910573004
event65,hybrid_mask,net_drainage_over_10mm,648117,8.530162896699423,16.63204002380371,28.35518455505371,4.248677730560303,16.63204002380371,0.8574171928208185,0.788397759414342
event65,hybrid_mask,positive_residual_over_10mm,120083,1.580467031607498,11.128451347351074,17.861801147460938,-7.796830654144287,11.128451347351074,0.959793162585641,0.8736523766650507
event65,hybrid_mask,near_inlet_0_20m,163872,2.1567939958494033,4.8386735916137695,15.852371215820312,2.926217794418335,4.838673114776611,0.53107506231357,0.3463917525773196
event65,hybrid_mask,near_inlet_20_60m,1650312,21.72050754783136,3.5521585941314697,12.428585052490234,0.830173134803772,3.5521585941314697,0.8685712568341594,0.8452625352308709
event65,hybrid_mask,near_inlet_60_100m,1296936,17.06956513498915,2.589451551437378,10.405815124511719,0.27790969610214233,2.589451551437378,0.9355933829146555,0.8747547673232363
event65,hybrid_mask,near_inlet_100_infm,4486824,59.05313332133009,1.5083039999008179,6.4806671142578125,-0.28547975420951843,1.5083039999008179,0.9680474676571501,0.9215279200104269
event65,hybrid_mask,near_pipe_0_20m,589536,7.759151686298293,4.211933135986328,14.216400146484375,1.6551704406738281,4.211933135986328,0.7795498998832615,0.7714225411566061
event65,hybrid_mask,near_pipe_20_60m,1712232,22.53546485733509,3.161125421524048,11.477753639221191,0.5875537991523743,3.161125421524048,0.8915427063637786,0.864217484766692
event65,hybrid_mask,near_pipe_60_100m,1041552,13.708340045675515,2.449755907058716,10.075901985168457,0.2060876488685608,2.449755907058716,0.9448335123523094,0.8845438471606696
event65,hybrid_mask,near_pipe_100_infm,4254624,55.997043410691106,1.4886689186096191,6.404623031616211,-0.2978779375553131,1.4886689186096191,0.9688106574647046,0.9213543550294702
event65,hybrid_hydraulic,all_active,7597944,100.0,2.2252097129821777,9.07929801940918,0.13770721852779388,2.2252097129821777,0.9289788487486892,0.8985919139859191
event65,hybrid_hydraulic,target_wet_0p03m,1588505,20.907037482771656,7.744359016418457,17.907564163208008,-1.2607758045196533,7.744359016418457,0.9803821832477707,0.899456957729096
event65,hybrid_hydraulic,target_wet_0p15m,313220,4.1224310155484165,13.41395092010498,30.44355010986328,-3.729968547821045,13.41395092010498,0.9996615797203243,0.9307004661260456
event65,hybrid_hydraulic,wet_either_0p03m,1735210,22.837888776226833,8.732991218566895,18.87913703918457,0.4106431007385254,8.732991218566895,0.9330396032367028,0.8985919139859191
event65,hybrid_hydraulic,effect_abs_over_1mm,1880287,24.747313220523868,8.302495956420898,18.03537368774414,0.6722810864448547,8.302495956420898,0.9153586819021683,0.8875458387551216
event65,hybrid_hydraulic,net_drainage_over_1mm,1169781,15.396020291805257,10.795090675354004,21.772947311401367,2.5075278282165527,10.795090675354004,0.8947693272769025,0.8566752266328393
event65,hybrid_hydraulic,positive_residual_over_1mm,710506,9.35129292871861,4.198673248291016,8.961678504943848,-2.3492791652679443,4.198673248291016,0.9559569641669925,0.9300540208926228
event65,hybrid_hydraulic,effect_abs_over_5mm,1044522,13.74742956778834,12.983506202697754,23.569917678833008,1.6620604991912842,12.983506202697754,0.886834671660266,0.8484995159728945
event65,hybrid_hydraulic,net_drainage_over_5mm,782047,10.292876599248428,14.815194129943848,26.134540557861328,3.8298583030700684,14.815194129943848,0.8654740172812462,0.8147585923617499
event65,hybrid_hydraulic,positive_residual_over_5mm,262475,3.45455296853991,7.525972366333008,13.256420135498047,-4.796915531158447,7.525972366333008,0.9492874806525645,0.9026196307595353
event65,hybrid_hydraulic,effect_abs_over_10mm,768200,10.11062992830692,15.940902709960938,27.006072998046875,2.594508409500122,15.940902709960938,0.8678541630916525,0.8159594613812771
event65,hybrid_hydraulic,net_drainage_over_10mm,648117,8.530162896699423,16.834245681762695,28.3820858001709,4.518892765045166,16.834245681762695,0.8489049115759355,0.7882849452241435
event65,hybrid_hydraulic,positive_residual_over_10mm,120083,1.580467031607498,11.11929702758789,17.831941604614258,-7.791855812072754,11.11929702758789,0.9599112605508086,0.8736266272735667
event65,hybrid_hydraulic,near_inlet_0_20m,163872,2.1567939958494033,6.1026411056518555,17.728408813476562,4.886256217956543,6.1026411056518555,0.4573119732355401,0.368220742150333
event65,hybrid_hydraulic,near_inlet_20_60m,1650312,21.72050754783136,3.528006076812744,12.21202564239502,0.8175681233406067,3.528006076812744,0.8693412293118195,0.842760200628265
event65,hybrid_hydraulic,near_inlet_60_100m,1296936,17.06956513498915,2.570540189743042,10.418296813964844,0.13266701996326447,2.570540189743042,0.9347890172419703,0.8724732111316089
event65,hybrid_hydraulic,near_inlet_100_infm,4486824,59.05313332133009,1.5045899152755737,6.471925735473633,-0.28432849049568176,1.5045899152755737,0.9675795831061528,0.9223606532953423
event65,hybrid_hydraulic,near_pipe_0_20m,589536,7.759151686298293,4.435874938964844,14.393832206726074,1.7425013780593872,4.435874938964844,0.7541412185312081,0.764759693195412
event65,hybrid_hydraulic,near_pipe_20_60m,1712232,22.53546485733509,3.1724908351898193,11.420266151428223,0.6798437833786011,3.1724908351898193,0.8906993874736129,0.8624728151429722
event65,hybrid_hydraulic,near_pipe_60_100m,1041552,13.708340045675515,2.438671112060547,10.127033233642578,0.0818408653140068,2.438671112060547,0.9435930933124769,0.8817179604960955
event65,hybrid_hydraulic,near_pipe_100_infm,4254624,55.997043410691106,1.4854117631912231,6.39602518081665,-0.2891601324081421,1.4854117631912231,0.9682755617834733,0.9224384855268689
event65,hybrid_all,all_active,7597944,100.0,2.217952013015747,9.073199272155762,0.12171538919210434,2.217952013015747,0.9314620636321084,0.8986080617707279
event65,hybrid_all,target_wet_0p03m,1588505,20.907037482771656,7.78990364074707,17.998294830322266,-1.2617344856262207,7.78990364074707,0.9796393464295045,0.8994651019948331
event65,hybrid_all,target_wet_0p15m,313220,4.1224310155484165,13.411247253417969,30.43532943725586,-3.817887306213379,13.411247253417969,0.9997286252474299,0.9303843943554051
event65,hybrid_all,wet_either_0p03m,1735210,22.837888776226833,8.691130638122559,18.864887237548828,0.3190332353115082,8.691130638122559,0.9355257786870217,0.8986080617707279
event65,hybrid_all,effect_abs_over_1mm,1880287,24.747313220523868,8.272703170776367,18.023550033569336,0.5983465313911438,8.27270221710205,0.9183733478614554,0.8876366218193293
event65,hybrid_all,net_drainage_over_1mm,1169781,15.396020291805257,10.730280876159668,21.74370765686035,2.369917869567871,10.730280876159668,0.8993601363599469,0.8573632269215758
event65,hybrid_all,positive_residual_over_1mm,710506,9.35129292871861,4.226531028747559,9.015460968017578,-2.318377733230591,4.226531028747559,0.9556160100338732,0.9292409859094972
event65,hybrid_all,effect_abs_over_5mm,1044522,13.74742956778834,12.930004119873047,23.56084632873535,1.5156075954437256,12.930004119873047,0.8912396596185365,0.8485288695929698
event65,hybrid_all,net_drainage_over_5mm,782047,10.292876599248428,14.730008125305176,26.10706329345703,3.6041409969329834,14.730008125305176,0.8712263239125032,0.8152828079588643
event65,hybrid_all,positive_residual_over_5mm,262475,3.45455296853991,7.566878795623779,13.353227615356445,-4.707199573516846,7.566878795623779,0.9492272062516948,0.9017108688810689
event65,hybrid_all,effect_abs_over_10mm,768200,10.11062992830692,15.872427940368652,26.988037109375,2.370473623275757,15.872427940368652,0.873402430840355,0.8161127005287518
event65,hybrid_all,net_drainage_over_10mm,648117,8.530162896699423,16.735530853271484,28.346023559570312,4.228823661804199,16.735530853271484,0.8554542883239623,0.7890391806571165
event65,hybrid_all,positive_residual_over_10mm,120083,1.580467031607498,11.214061737060547,17.96634292602539,-7.659492015838623,11.214061737060547,0.9596788859733444,0.8723301306421511
event65,hybrid_all,near_inlet_0_20m,163872,2.1567939958494033,4.857062339782715,15.52306079864502,2.916337490081787,4.857062339782715,0.5271499615897789,0.33993743482794575
event65,hybrid_all,near_inlet_20_60m,1650312,21.72050754783136,3.5494747161865234,12.317594528198242,0.8348522186279297,3.5494747161865234,0.8675962453748004,0.8453416365154467
event65,hybrid_all,near_inlet_60_100m,1296936,17.06956513498915,2.602726936340332,10.566177368164062,0.2852836549282074,2.602726936340332,0.9350479541611616,0.8716397454723446
event65,hybrid_all,near_inlet_100_infm,4486824,59.05313332133009,1.5205916166305542,6.521287441253662,-0.28993353247642517,1.5205916166305542,0.9676589836040129,0.9217735852570609
event65,hybrid_all,near_pipe_0_20m,589536,7.759151686298293,4.210177898406982,14.019368171691895,1.623922348022461,4.210177898406982,0.7778316516974133,0.7715975498134197
event65,hybrid_all,near_pipe_20_60m,1712232,22.53546485733509,3.161874294281006,11.448864936828613,0.5982663035392761,3.161874294281006,0.8909994568573618,0.8637994569433669
event65,hybrid_all,near_pipe_60_100m,1041552,13.708340045675515,2.4683852195739746,10.201577186584473,0.21767298877239227,2.4683852195739746,0.9436686227961347,0.881072909269991
event65,hybrid_all,near_pipe_100_infm,4254624,55.997043410691106,1.5007226467132568,6.446049690246582,-0.30171000957489014,1.5007226467132568,0.9684218439255302,0.9216968772609061
event66,surface_matched,all_active,7597944,100.0,8.430886268615723,38.45692825317383,7.0861592292785645,8.430886268615723,0.8998404734466291,0.6172547927401012
event66,surface_matched,target_wet_0p03m,1642467,21.617255931341425,29.542631149291992,72.83413696289062,24.563854217529297,29.542631149291992,0.9798005074074547,0.6535037281232001
event66,surface_matched,target_wet_0p15m,345695,4.549849275014399,30.70693016052246,85.49617767333984,21.813302993774414,30.70693016052246,0.9999971072766456,0.9616511664906927
event66,surface_matched,wet_either_0p03m,1788417,23.538170326077687,34.5655517578125,79.21317291259766,29.993091583251953,34.5655517578125,0.8998404734466291,0.6172547927401012
event66,surface_matched,effect_abs_over_1mm,1938104,25.508269079108768,32.77438735961914,76.14281463623047,27.79993438720703,32.77438735961914,0.8786616339343185,0.580565968543721
event66,surface_matched,net_drainage_over_1mm,1206081,15.873781117628663,48.66975021362305,96.13944244384766,48.66975021362305,48.66975021362305,0.8533077156967623,0.46932318528900724
event66,surface_matched,positive_residual_over_1mm,732023,9.634487961480106,6.5851850509643555,11.02908992767334,-6.5851850509643555,6.5851850509643555,0.9316640727452418,0.896963573850865
event66,surface_matched,effect_abs_over_5mm,1093122,14.387076293270917,56.21125793457031,101.35948181152344,49.454368591308594,56.21125793457031,0.8349908060222069,0.46866437862313615
event66,surface_matched,net_drainage_over_5mm,817217,10.755764980631602,70.66997528076172,116.77953338623047,70.66997528076172,70.66997528076172,0.8140073147808151,0.3777558965263151
event66,surface_matched,positive_residual_over_5mm,275905,3.631311312639314,13.385234832763672,17.623289108276367,-13.385234832763672,13.385234832763672,0.9019209058658876,0.841934749722211
event66,surface_matched,effect_abs_over_10mm,810077,10.661792190097742,73.3768081665039,117.66565704345703,66.8168716430664,73.3768081665039,0.8116561146112912,0.3928376153486653
event66,surface_matched,net_drainage_over_10mm,682107,8.977520760879521,83.24769592285156,127.78160095214844,83.24769592285156,83.24769592285156,0.7942401938290413,0.32833754985998287
event66,surface_matched,positive_residual_over_10mm,127970,1.6842714292182202,20.76288414001465,24.71182632446289,-20.76288414001465,20.76288414001465,0.9044549129555975,0.7840094950366854
event66,surface_matched,near_inlet_0_20m,163872,2.1567939958494033,33.97354507446289,90.62519836425781,33.93634033203125,33.97354507446289,0.37305722262525004,0.03575809617271835
event66,surface_matched,near_inlet_20_60m,1650312,21.72050754783136,17.646305084228516,59.978824615478516,16.87400245666504,17.646305084228516,0.8326057582371895,0.38607215230375425
event66,surface_matched,near_inlet_60_100m,1296936,17.06956513498915,10.573792457580566,44.52110290527344,9.34421443939209,10.573792457580566,0.9046958130927597,0.5323006749086706
event66,surface_matched,near_inlet_100_infm,4486824,59.05313332133009,3.4890260696411133,17.559022903442383,1.8527151346206665,3.4890260696411133,0.9526228735848332,0.8075343286617542
event66,surface_matched,near_pipe_0_20m,589536,7.759151686298293,24.70983123779297,75.56966400146484,24.215560913085938,24.70983123779297,0.6798476895908957,0.23765223567728636
event66,surface_matched,near_pipe_20_60m,1712232,22.53546485733509,14.749185562133789,53.06660461425781,13.837259292602539,14.749185562133789,0.85736881935717,0.43457212713936433
event66,surface_matched,near_pipe_60_100m,1041552,13.708340045675515,9.384425163269043,41.669105529785156,8.023011207580566,9.384425163269043,0.9153922542204568,0.5812953192816488
event66,surface_matched,near_pipe_100_infm,4254624,55.997043410691106,3.3990488052368164,17.07144546508789,1.7663875818252563,3.3990488052368164,0.9538893937828085,0.812194149140166
event66,prior_only,all_active,7597944,100.0,2.5373194217681885,11.021523475646973,-0.132404625415802,2.5373194217681885,0.9206986657532227,0.8961981174483388
event66,prior_only,target_wet_0p03m,1642467,21.617255931341425,9.545226097106934,22.605093002319336,-0.9078354835510254,9.545226097106934,0.9426058483975629,0.8974426129326196
event66,prior_only,target_wet_0p15m,345695,4.549849275014399,12.90860366821289,33.7939567565918,1.5845072269439697,12.90860366821289,0.9986924890438102,0.9515729183239561
event66,prior_only,wet_either_0p03m,1788417,23.538170326077687,9.760005950927734,22.59507942199707,-0.6278272271156311,9.760005950927734,0.9259685235092806,0.8961981174483388
event66,prior_only,effect_abs_over_1mm,1938104,25.508269079108768,9.28602409362793,21.575653076171875,-0.4129507839679718,9.28602409362793,0.9055412755233033,0.885869872080403
event66,prior_only,net_drainage_over_1mm,1206081,15.873781117628663,12.47951602935791,26.583295822143555,0.22058628499507904,12.47951602935791,0.8768994562856398,0.8466961753558271
event66,prior_only,positive_residual_over_1mm,732023,9.634487961480106,4.0244293212890625,8.25645637512207,-1.4567657709121704,4.0244293212890625,0.9576600153108774,0.94265034691008
event66,prior_only,effect_abs_over_5mm,1093122,14.387076293270917,14.548378944396973,28.060279846191406,-0.36169785261154175,14.548378944396973,0.8715980207078727,0.8430908554179006
event66,prior_only,net_drainage_over_5mm,817217,10.755764980631602,17.126432418823242,31.737688064575195,0.4811238944530487,17.126432418823242,0.8415505052397547,0.798338855489423
event66,prior_only,positive_residual_over_5mm,275905,3.631311312639314,6.912315368652344,11.66368579864502,-2.8580949306488037,6.912315368652344,0.9516414136162673,0.9210038630194195
event66,prior_only,effect_abs_over_10mm,810077,10.661792190097742,17.975156784057617,32.214698791503906,-0.3217238485813141,17.975156784057617,0.8475327046485797,0.8104231001878323
event66,prior_only,net_drainage_over_10mm,682107,8.977520760879521,19.511817932128906,34.47978973388672,0.4613884687423706,19.511817932128906,0.820946791747051,0.7710639155610935
event66,prior_only,positive_residual_over_10mm,127970,1.6842714292182202,9.784427642822266,15.249820709228516,-4.49587869644165,9.784427642822266,0.9641112985639676,0.9000855753376051
event66,prior_only,near_inlet_0_20m,163872,2.1567939958494033,5.35874605178833,17.555692672729492,1.759475827217102,5.35874605178833,0.6142275148856158,0.3128621089223638
event66,prior_only,near_inlet_20_60m,1650312,21.72050754783136,4.212272644042969,15.722567558288574,0.2957632839679718,4.212272644042969,0.8600129617627997,0.8257255838245169
event66,prior_only,near_inlet_60_100m,1296936,17.06956513498915,3.0966708660125732,13.006424903869629,-0.044096287339925766,3.0966708660125732,0.9069740528066061,0.8622811980318538
event66,prior_only,near_inlet_100_infm,4486824,59.05313332133009,1.656520128250122,7.390864372253418,-0.38451331853866577,1.656520128250122,0.9558483594699677,0.9283163531054024
event66,prior_only,near_pipe_0_20m,589536,7.759151686298293,4.907018184661865,17.04976463317871,0.8660613894462585,4.907018184661865,0.7950326776054373,0.7466831043794764
event66,prior_only,near_pipe_20_60m,1712232,22.53546485733509,3.7428553104400635,14.605648040771484,0.14360004663467407,3.7428553104400635,0.8770049416640732,0.845951025216684
event66,prior_only,near_pipe_60_100m,1041552,13.708340045675515,2.889423131942749,12.299182891845703,-0.11315716058015823,2.889423370361328,0.9182718287146364,0.8736688868503968
event66,prior_only,near_pipe_100_infm,4254624,55.997043410691106,1.6376127004623413,7.332630634307861,-0.386542946100235,1.6376127004623413,0.9564889696184024,0.9279573702930792
event66,dynamic_no_prior,all_active,7597944,100.0,5.193994045257568,18.897769927978516,0.7137967348098755,5.193994045257568,0.9046500433560587,0.718757764611558
event66,dynamic_no_prior,target_wet_0p03m,1642467,21.617255931341425,17.87442398071289,33.44320297241211,-1.4733831882476807,17.87442398071289,0.9737474177563384,0.7349075727972258
event66,dynamic_no_prior,target_wet_0p15m,345695,4.549849275014399,30.671415328979492,48.71062469482422,-19.508209228515625,30.671415328979492,0.9999190037460768,0.8116923877984928
event66,dynamic_no_prior,wet_either_0p03m,1788417,23.538170326077687,20.596118927001953,38.8564567565918,2.8174498081207275,20.596118927001953,0.905124128958066,0.718757764611558
event66,dynamic_no_prior,effect_abs_over_1mm,1938104,25.508269079108768,18.86681365966797,37.107887268066406,3.6874756813049316,18.86681365966797,0.8876939635903943,0.7034732614003308
event66,dynamic_no_prior,net_drainage_over_1mm,1206081,15.873781117628663,22.872060775756836,43.87337112426758,13.36702823638916,22.872060775756836,0.8687154843615078,0.6661228246318608
event66,dynamic_no_prior,positive_residual_over_1mm,732023,9.634487961480106,12.267767906188965,21.778728485107422,-12.260554313659668,12.267767906188965,0.9265405846007002,0.7664058645238598
event66,dynamic_no_prior,effect_abs_over_5mm,1093122,14.387076293270917,28.778812408447266,48.19013214111328,10.391684532165527,28.778812408447266,0.8489414062459761,0.644692879914984
event66,dynamic_no_prior,net_drainage_over_5mm,817217,10.755764980631602,30.983055114746094,52.629066467285156,21.410043716430664,30.983055114746094,0.833429347715062,0.608453283339458
event66,dynamic_no_prior,positive_residual_over_5mm,275905,3.631311312639314,22.24995994567871,31.571008682250977,-22.244152069091797,22.24995994567871,0.8971011061123702,0.72258591375825
event66,dynamic_no_prior,effect_abs_over_10mm,810077,10.661792190097742,34.924278259277344,54.986473083496094,16.781248092651367,34.924278259277344,0.8294691313009612,0.5969463231962617
event66,dynamic_no_prior,net_drainage_over_10mm,682107,8.977520760879521,35.3828125,57.22494125366211,26.022802352905273,35.3828125,0.8157656578142441,0.5735811003368676
event66,dynamic_no_prior,positive_residual_over_10mm,127970,1.6842714292182202,32.48021697998047,41.04461669921875,-32.478172302246094,32.48021697998047,0.9003064484579775,0.6659473457056538
event66,dynamic_no_prior,near_inlet_0_20m,163872,2.1567939958494033,21.488662719726562,58.489620208740234,21.22273063659668,21.488662719726562,0.38058811618331945,0.06676763852076234
event66,dynamic_no_prior,near_inlet_20_60m,1650312,21.72050754783136,8.173510551452637,25.64301300048828,5.336432933807373,8.173510551452637,0.8450882541498129,0.6243945235270858
event66,dynamic_no_prior,near_inlet_60_100m,1296936,17.06956513498915,5.202575206756592,18.08296012878418,1.3627245426177979,5.202575206756592,0.9160950782888001,0.6844989437234938
event66,dynamic_no_prior,near_inlet_100_infm,4486824,59.05313332133009,3.5004796981811523,11.976119995117188,-1.9230904579162598,3.5004796981811523,0.951008575252182,0.7814573422469979
event66,dynamic_no_prior,near_pipe_0_20m,589536,7.759151686298293,13.113021850585938,41.074886322021484,11.431644439697266,13.113021850585938,0.6924553512618327,0.4297830235352322
event66,dynamic_no_prior,near_pipe_20_60m,1712232,22.53546485733509,6.902608871459961,21.649389266967773,3.785050630569458,6.902608394622803,0.8693330058529397,0.6583613592256415
event66,dynamic_no_prior,near_pipe_60_100m,1041552,13.708340045675515,4.87852144241333,17.406436920166016,0.6214169859886169,4.87852144241333,0.9245808905869178,0.6952727272727273
event66,dynamic_no_prior,near_pipe_100_infm,4254624,55.997043410691106,3.486318588256836,11.88221263885498,-1.9846880435943604,3.486318588256836,0.9520006766348976,0.7822915472968803
event66,hybrid_dynamic,all_active,7597944,100.0,2.3666470050811768,9.22507381439209,0.20995941758155823,2.3666470050811768,0.9300448939502043,0.8985512506596012
event66,hybrid_dynamic,target_wet_0p03m,1642467,21.617255931341425,8.025774955749512,17.71198081970215,-1.0635117292404175,8.025774955749512,0.9777621102889739,0.8993673256093403
event66,hybrid_dynamic,target_wet_0p15m,345695,4.549849275014399,12.360313415527344,27.52533721923828,-4.2451863288879395,12.360313415527344,0.9991755738439955,0.9309796207639682
event66,hybrid_dynamic,wet_either_0p03m,1788417,23.538170326077687,9.07650375366211,18.902280807495117,0.6362654566764832,9.076504707336426,0.9337556123297405,0.8985512506596012
event66,hybrid_dynamic,effect_abs_over_1mm,1938104,25.508269079108768,8.624995231628418,18.05311393737793,0.9233414530754089,8.624995231628418,0.9175144920863679,0.888858418614255
event66,hybrid_dynamic,net_drainage_over_1mm,1206081,15.873781117628663,11.354907989501953,21.83666229248047,2.8291797637939453,11.354907989501953,0.8954470319807931,0.8557448672384829
event66,hybrid_dynamic,positive_residual_over_1mm,732023,9.634487961480106,4.127190113067627,8.78926944732666,-2.2167179584503174,4.127190113067627,0.9600754256279894,0.9349434777576295
event66,hybrid_dynamic,effect_abs_over_5mm,1093122,14.387076293270917,13.445752143859863,23.378381729125977,2.07830548286438,13.445752143859863,0.8899702762283165,0.8488828854777595
event66,hybrid_dynamic,net_drainage_over_5mm,817217,10.755764980631602,15.506187438964844,25.982383728027344,4.274913787841797,15.506186485290527,0.8678135369631037,0.8122463976484872
event66,hybrid_dynamic,positive_residual_over_5mm,275905,3.631311312639314,7.342838764190674,12.877609252929688,-4.427939414978027,7.342838764190674,0.9538083517513897,0.909099263499232
event66,hybrid_dynamic,effect_abs_over_10mm,810077,10.661792190097742,16.52540397644043,26.702709197998047,3.0675048828125,16.52540397644043,0.8715778423207474,0.8182570659488559
event66,hybrid_dynamic,net_drainage_over_10mm,682107,8.977520760879521,17.597238540649414,28.13489532470703,4.975479602813721,17.597238540649414,0.8524479488329202,0.7883877349159248
event66,hybrid_dynamic,positive_residual_over_10mm,127970,1.6842714292182202,10.812302589416504,17.15843963623047,-7.102404594421387,10.812302589416504,0.9631826284232702,0.8818315789473684
event66,hybrid_dynamic,near_inlet_0_20m,163872,2.1567939958494033,7.524655342102051,20.24197006225586,6.54852819442749,7.524654865264893,0.4586957741736349,0.3682140047206924
event66,hybrid_dynamic,near_inlet_20_60m,1650312,21.72050754783136,3.7917160987854004,12.281585693359375,1.2572789192199707,3.7917160987854004,0.8763416891593939,0.8481827259902677
event66,hybrid_dynamic,near_inlet_60_100m,1296936,17.06956513498915,2.6502742767333984,9.950362205505371,0.16988667845726013,2.6502740383148193,0.9356947242455427,0.8781100328268786
event66,hybrid_dynamic,near_inlet_100_infm,4486824,59.05313332133009,1.5721185207366943,6.711702823638916,-0.39517828822135925,1.5721186399459839,0.9680810575024617,0.9195174406882183
event66,hybrid_dynamic,near_pipe_0_20m,589536,7.759151686298293,5.23421573638916,15.794612884521484,3.1987361907958984,5.234215259552002,0.7527864173841966,0.7735968982393695
event66,hybrid_dynamic,near_pipe_20_60m,1712232,22.53546485733509,3.314668893814087,11.104286193847656,0.8556066155433655,3.314668893814087,0.8972935679116881,0.8679521926511752
event66,hybrid_dynamic,near_pipe_60_100m,1041552,13.708340045675515,2.5069429874420166,9.833069801330566,-0.03670864552259445,2.5069429874420166,0.9430410385717954,0.886192712012299
event66,hybrid_dynamic,near_pipe_100_infm,4254624,55.997043410691106,1.553438663482666,6.641948223114014,-0.4036251902580261,1.553438663482666,0.9688268244101014,0.9189533607016399
event66,hybrid_mask,all_active,7597944,100.0,2.293199062347412,8.919523239135742,0.18056942522525787,2.293199062347412,0.933657883633295,0.8994930429420808
event66,hybrid_mask,target_wet_0p03m,1642467,21.617255931341425,7.84765100479126,17.2846736907959,-1.0163028240203857,7.84765100479126,0.9767508266528339,0.9002088638699013
event66,hybrid_mask,target_wet_0p15m,345695,4.549849275014399,12.125556945800781,26.780885696411133,-4.134675025939941,12.125556945800781,0.999279711884754,0.9325850822256614
event66,hybrid_mask,wet_either_0p03m,1788417,23.538170326077687,8.74259090423584,18.269529342651367,0.4863506257534027,8.74259090423584,0.937367475423246,0.8994930429420808
event66,hybrid_mask,effect_abs_over_1mm,1938104,25.508269079108768,8.336769104003906,17.470256805419922,0.7505146265029907,8.336769104003906,0.9223271271248269,0.8895976842912816
event66,hybrid_mask,net_drainage_over_1mm,1206081,15.873781117628663,10.923426628112793,21.111997604370117,2.5636038780212402,10.923426628112793,0.9024761079699897,0.8563818016861765
event66,hybrid_mask,positive_residual_over_1mm,732023,9.634487961480106,4.074993133544922,8.585525512695312,-2.2367310523986816,4.074993133544922,0.9602648175982039,0.9359749739311783
event66,hybrid_mask,effect_abs_over_5mm,1093122,14.387076293270917,12.972057342529297,22.656545639038086,1.7319759130477905,12.972057342529297,0.8966210268256933,0.8499419706182857
event66,hybrid_mask,net_drainage_over_5mm,817217,10.755764980631602,14.899653434753418,25.15213394165039,3.8487493991851807,14.899652481079102,0.8764612122584496,0.8135381332314111
event66,hybrid_mask,positive_residual_over_5mm,275905,3.631311312639314,7.262617111206055,12.646199226379395,-4.5378031730651855,7.262617111206055,0.9540057173710138,0.9100689147246042
event66,hybrid_mask,effect_abs_over_10mm,810077,10.661792190097742,15.920193672180176,25.886180877685547,2.584954023361206,15.920193672180176,0.8797388877956518,0.8187356839142613
event66,hybrid_mask,net_drainage_over_10mm,682107,8.977520760879521,16.893381118774414,27.242631912231445,4.448014259338379,16.893381118774414,0.8620655936814874,0.7888140002364905
event66,hybrid_mask,positive_residual_over_10mm,127970,1.6842714292182202,10.73289680480957,16.910490036010742,-7.3455491065979,10.73289680480957,0.9631969928953913,0.8828159621837213
event66,hybrid_mask,near_inlet_0_20m,163872,2.1567939958494033,5.273064613342285,16.506101608276367,3.1686573028564453,5.273064613342285,0.5506886848341233,0.3935483870967742
event66,hybrid_mask,near_inlet_20_60m,1650312,21.72050754783136,3.7284703254699707,12.192270278930664,0.8506130576133728,3.7284698486328125,0.8751546954327087,0.8448037172000064
event66,hybrid_mask,near_inlet_60_100m,1296936,17.06956513498915,2.7146565914154053,9.961799621582031,0.3084274232387543,2.7146568298339844,0.9358119523725088,0.8759840762625631
event66,hybrid_mask,near_inlet_100_infm,4486824,59.05313332133009,1.5346300601959229,6.4351277351379395,-0.21197301149368286,1.5346300601959229,0.9679940522263413,0.9217295402318131
event66,hybrid_mask,near_pipe_0_20m,589536,7.759151686298293,4.499698638916016,14.428786277770996,1.7750424146652222,4.499698638916016,0.7879696569333313,0.7737618000775895
event66,hybrid_mask,near_pipe_20_60m,1712232,22.53546485733509,3.3025543689727783,11.077095985412598,0.609268307685852,3.3025543689727783,0.8966872638643828,0.8648504352726571
event66,hybrid_mask,near_pipe_60_100m,1041552,13.708340045675515,2.579221248626709,9.82436752319336,0.2207992970943451,2.57922101020813,0.9428495938198548,0.8861225418226183
event66,hybrid_mask,near_pipe_100_infm,4254624,55.997043410691106,1.5112338066101074,6.341865062713623,-0.22274067997932434,1.5112338066101074,0.9687578129610653,0.9211829599531606
event66,hybrid_hydraulic,all_active,7597944,100.0,2.3145132064819336,8.983466148376465,0.1881352961063385,2.3145132064819336,0.9325409867478989,0.8981351239715551
event66,hybrid_hydraulic,target_wet_0p03m,1642467,21.617255931341425,7.895695209503174,17.35188102722168,-1.043994665145874,7.895695209503174,0.9777779401351747,0.8988651376889925
event66,hybrid_hydraulic,target_wet_0p15m,345695,4.549849275014399,12.25481128692627,26.723947525024414,-4.22318172454834,12.25481128692627,0.9995458424333589,0.9309044099567538
event66,hybrid_hydraulic,wet_either_0p03m,1788417,23.538170326077687,8.845088958740234,18.402019500732422,0.525492787361145,8.845088958740234,0.9363671611942126,0.8981351239715551
event66,hybrid_hydraulic,effect_abs_over_1mm,1938104,25.508269079108768,8.425315856933594,17.597030639648438,0.788700520992279,8.425315856933594,0.9203264632621403,0.8880888427420265
event66,hybrid_hydraulic,net_drainage_over_1mm,1206081,15.873781117628663,11.068338394165039,21.26894760131836,2.618298053741455,11.068338394165039,0.899481489310007,0.8538891656978354
event66,hybrid_hydraulic,positive_residual_over_1mm,732023,9.634487961480106,4.070671081542969,8.632619857788086,-2.2257444858551025,4.070671081542969,0.9603115719250873,0.9357947656593895
event66,hybrid_hydraulic,effect_abs_over_5mm,1093122,14.387076293270917,13.129707336425781,22.814722061157227,1.804753303527832,13.129707336425781,0.8936476902268156,0.846835537251594
event66,hybrid_hydraulic,net_drainage_over_5mm,817217,10.755764980631602,15.097848892211914,25.326019287109375,3.9367425441741943,15.097848892211914,0.8726084559119277,0.8087904730020565
event66,hybrid_hydraulic,positive_residual_over_5mm,275905,3.631311312639314,7.300166130065918,12.744595527648926,-4.510094165802002,7.300166130065918,0.9538407461805948,0.9095700634849699
event66,hybrid_hydraulic,effect_abs_over_10mm,810077,10.661792190097742,16.119808197021484,26.062458038330078,2.6907918453216553,16.119808197021484,0.8761747934955318,0.8151028364027423
event66,hybrid_hydraulic,net_drainage_over_10mm,682107,8.977520760879521,17.125764846801758,27.427473068237305,4.5658183097839355,17.125764846801758,0.8577320677443611,0.783660059787488
event66,hybrid_hydraulic,positive_residual_over_10mm,127970,1.6842714292182202,10.757835388183594,17.031414031982422,-7.303491592407227,10.757835388183594,0.9638206671906525,0.8823095253157883
event66,hybrid_hydraulic,near_inlet_0_20m,163872,2.1567939958494033,6.37494421005249,18.837892532348633,4.937741279602051,6.37494421005249,0.4958538035485183,0.3878787878787879
event66,hybrid_hydraulic,near_inlet_20_60m,1650312,21.72050754783136,3.713470458984375,11.950703620910645,0.8551297783851624,3.713470458984375,0.8773925212417543,0.8428685132123528
event66,hybrid_hydraulic,near_inlet_60_100m,1296936,17.06956513498915,2.7083282470703125,10.055871963500977,0.1613740175962448,2.7083282470703125,0.9354072356494962,0.8739363322047258
event66,hybrid_hydraulic,near_inlet_100_infm,4486824,59.05313332133009,1.537826418876648,6.476125717163086,-0.222927987575531,1.5378265380859375,0.968864687012938,0.9208257865432348
event66,hybrid_hydraulic,near_pipe_0_20m,589536,7.759151686298293,4.761209011077881,15.111424446105957,1.9615148305892944,4.761209011077881,0.7695819474336398,0.7657843770174306
event66,hybrid_hydraulic,near_pipe_20_60m,1712232,22.53546485733509,3.29906964302063,10.861656188964844,0.6679129004478455,3.29906964302063,0.8972911281606124,0.8636559331343993
event66,hybrid_hydraulic,near_pipe_60_100m,1041552,13.708340045675515,2.573997974395752,9.947957992553711,0.09090246260166168,2.573997735977173,0.9430046155719908,0.8836857379767827
event66,hybrid_hydraulic,near_pipe_100_infm,4254624,55.997043410691106,1.5157427787780762,6.385399341583252,-0.22686928510665894,1.5157427787780762,0.9696194305238447,0.9204467936220122
event66,hybrid_all,all_active,7597944,100.0,2.292654037475586,8.888381004333496,0.15787698328495026,2.292653799057007,0.9342776510504022,0.8979516140277487
event66,hybrid_all,target_wet_0p03m,1642467,21.617255931341425,7.86324405670166,17.25296401977539,-1.0855772495269775,7.86324405670166,0.9777621102889739,0.8987386291000137
event66,hybrid_all,target_wet_0p15m,345695,4.549849275014399,12.230406761169434,26.65318489074707,-4.206287384033203,12.230406761169434,0.9996846931543701,0.9314077438204197
event66,hybrid_all,wet_either_0p03m,1788417,23.538170326077687,8.747039794921875,18.20407485961914,0.4088156223297119,8.747039794921875,0.9381631200950582,0.8979516140277487
event66,hybrid_all,effect_abs_over_1mm,1938104,25.508269079108768,8.342324256896973,17.406888961791992,0.6743898391723633,8.342324256896973,0.9223478702844885,0.8878474862423157
event66,hybrid_all,net_drainage_over_1mm,1206081,15.873781117628663,10.917603492736816,20.994548797607422,2.4272499084472656,10.917603492736816,0.902292999620549,0.8537900447383993
event66,hybrid_all,positive_residual_over_1mm,732023,9.634487961480106,4.0992937088012695,8.718245506286621,-2.2136223316192627,4.0992937088012695,0.9606773157330446,0.9353882494615687
event66,hybrid_all,effect_abs_over_5mm,1093122,14.387076293270917,12.983043670654297,22.562808990478516,1.585106372833252,12.983043670654297,0.8966915216911137,0.847123371860193
event66,hybrid_all,net_drainage_over_5mm,817217,10.755764980631602,14.89147663116455,25.000730514526367,3.636434555053711,14.89147663116455,0.8764753019709902,0.8095495825340857
event66,hybrid_all,positive_residual_over_5mm,275905,3.631311312639314,7.3303608894348145,12.869497299194336,-4.490826606750488,7.3303608894348145,0.9542327200897266,0.909136288998358
event66,hybrid_all,effect_abs_over_10mm,810077,10.661792190097742,15.922419548034668,25.76097297668457,2.378253698348999,15.922419548034668,0.8799186705235869,0.8152003919910326
event66,hybrid_all,net_drainage_over_10mm,682107,8.977520760879521,16.879789352416992,27.068710327148438,4.194953918457031,16.879789352416992,0.862192971017974,0.7842627343203601
event66,hybrid_all,positive_residual_over_10mm,127970,1.6842714292182202,10.819449424743652,17.186574935913086,-7.305137634277344,10.819449424743652,0.9636279665205519,0.8813677158387055
event66,hybrid_all,near_inlet_0_20m,163872,2.1567939958494033,5.258212566375732,16.740245819091797,2.986778736114502,5.258212566375732,0.5471746732928401,0.3935483870967742
event66,hybrid_all,near_inlet_20_60m,1650312,21.72050754783136,3.6900722980499268,11.904373168945312,0.8118612170219421,3.6900722980499268,0.8765653431681033,0.8430534593692907
event66,hybrid_all,near_inlet_60_100m,1296936,17.06956513498915,2.7230303287506104,10.055899620056152,0.3004947304725647,2.7230303287506104,0.9359933416228792,0.8753061042094915
event66,hybrid_all,near_inlet_100_infm,4486824,59.05313332133009,1.5459524393081665,6.4957380294799805,-0.2272108942270279,1.5459524393081665,0.9685365997626709,0.9200377200335289
event66,hybrid_all,near_pipe_0_20m,589536,7.759151686298293,4.502488613128662,14.589414596557617,1.6955502033233643,4.502488136291504,0.7889067989868002,0.7681522927519454
event66,hybrid_all,near_pipe_20_60m,1712232,22.53546485733509,3.2666893005371094,10.749605178833008,0.5745246410369873,3.2666893005371094,0.897453404419135,0.8642497034400949
event66,hybrid_all,near_pipe_60_100m,1041552,13.708340045675515,2.584455728530884,9.915043830871582,0.21886612474918365,2.584455728530884,0.9430861941799651,0.885339240978074
event66,hybrid_all,near_pipe_100_infm,4254624,55.997043410691106,1.5230257511138916,6.404804229736328,-0.23779474198818207,1.5230257511138916,0.9693151942220183,0.9195114546806461
event67,surface_matched,all_active,7597944,100.0,12.63111686706543,52.7618408203125,10.927659034729004,12.63111686706543,0.8845356294222089,0.620360629912935
event67,surface_matched,target_wet_0p03m,1636952,21.544670505599935,43.45844268798828,96.69316101074219,36.8380126953125,43.45844268798828,0.9787519731794213,0.6709585571472269
event67,surface_matched,target_wet_0p15m,487406,6.414972260916901,45.186466217041016,97.71630096435547,34.84575271606445,45.186466217041016,1.0,0.9630821122431813
event67,surface_matched,wet_either_0p03m,1811312,23.83950184418311,51.74274444580078,108.0199203491211,45.75960922241211,51.74274444580078,0.8845356294222089,0.620360629912935
event67,surface_matched,effect_abs_over_1mm,1993035,26.23124097782242,47.892547607421875,103.01675415039062,41.70183563232422,47.892547607421875,0.8648916323999102,0.5908353204257892
event67,surface_matched,net_drainage_over_1mm,1229454,16.181403811346858,72.61953735351562,130.7192840576172,72.61953735351562,72.61953735351562,0.8313570320968691,0.4942029285124953
event67,surface_matched,positive_residual_over_1mm,763581,10.049837166475562,8.079244613647461,13.668235778808594,-8.079244613647461,8.079244613647461,0.9329080727215364,0.8948691111860118
event67,surface_matched,effect_abs_over_5mm,1229788,16.185799737402643,76.10739135742188,131.12757873535156,67.81012725830078,76.10739135742188,0.8271002734083727,0.5161350322427618
event67,surface_matched,net_drainage_over_5mm,901804,11.869052996442196,98.12998962402344,152.62156677246094,98.12998962402344,98.12998962402344,0.7989836438733801,0.44127724523267153
event67,surface_matched,positive_residual_over_5mm,327984,4.31674674096045,15.555450439453125,20.6228084564209,-15.555450439453125,15.555450439453125,0.9098584745495724,0.8509328950563099
event67,surface_matched,effect_abs_over_10mm,946161,12.452855667269988,96.78096008300781,149.44189453125,88.27755737304688,96.78096008300781,0.8029243504775068,0.4543010542909094
event67,surface_matched,net_drainage_over_10mm,770011,10.134465323777064,113.696533203125,165.13937377929688,113.696533203125,113.696533203125,0.7774693853271288,0.3929019791678577
event67,surface_matched,positive_residual_over_10mm,176150,2.318390343492924,22.837331771850586,27.324872970581055,-22.837331771850586,22.837331771850586,0.9142662842612578,0.8110327235043246
event67,surface_matched,near_inlet_0_20m,163872,2.1567939958494033,44.21251678466797,115.8575210571289,44.149906158447266,44.21251678466797,0.4503881164998162,0.08929688197980881
event67,surface_matched,near_inlet_20_60m,1650312,21.72050754783136,24.96712875366211,78.31487274169922,24.066444396972656,24.96712875366211,0.8128525991275531,0.4015982637087524
event67,surface_matched,near_inlet_60_100m,1296936,17.06956513498915,15.542102813720703,59.09547805786133,14.080072402954102,15.542102813720703,0.8751404795878424,0.5446889720249004
event67,surface_matched,near_inlet_100_infm,4486824,59.05313332133009,6.0988922119140625,30.95963478088379,3.9704506397247314,6.0988922119140625,0.939971725231774,0.7933676917231302
event67,surface_matched,near_pipe_0_20m,589536,7.759151686298293,33.39165496826172,96.91142272949219,32.801048278808594,33.39165496826172,0.6959214346506027,0.2664356842853048
event67,surface_matched,near_pipe_20_60m,1712232,22.53546485733509,21.247602462768555,70.31876373291016,20.168737411499023,21.247602462768555,0.8318287421915626,0.44952943991386357
event67,surface_matched,near_pipe_60_100m,1041552,13.708340045675515,13.807024955749512,55.10283279418945,12.209038734436035,13.807024955749512,0.8882688720407984,0.5880391219978353
event67,surface_matched,near_pipe_100_infm,4254624,55.997043410691106,5.998971939086914,30.605989456176758,3.8641340732574463,5.998971939086914,0.9414405003830107,0.7971286661880217
event67,prior_only,all_active,7597944,100.0,4.617123126983643,20.426244735717773,3.5172150135040283,4.617123603820801,0.9214269314790104,0.811834522246758
event67,prior_only,target_wet_0p03m,1636952,21.544670505599935,15.144488334655762,36.73945999145508,10.786251068115234,15.144488334655762,0.990484754592682,0.8293307922207303
event67,prior_only,target_wet_0p15m,487406,6.414972260916901,15.754058837890625,38.11705017089844,6.247165679931641,15.754058837890625,0.9999753798681181,0.9820744923123638
event67,prior_only,wet_either_0p03m,1811312,23.83950184418311,18.645116806030273,41.79387283325195,14.66357421875,18.645116806030273,0.9227452618543277,0.811834522246758
event67,prior_only,effect_abs_over_1mm,1993035,26.23124097782242,17.275741577148438,39.8595085144043,13.474834442138672,17.275741577148438,0.9085855420550041,0.7934401546136906
event67,prior_only,net_drainage_over_1mm,1229454,16.181403811346858,25.870437622070312,50.362117767333984,23.598819732666016,25.870437622070312,0.8725035992469268,0.716376444362696
event67,prior_only,positive_residual_over_1mm,763581,10.049837166475562,3.437284469604492,7.943210124969482,-2.825956106185913,3.437284469604492,0.9777583813983479,0.9588427658132752
event67,prior_only,effect_abs_over_5mm,1229788,16.185799737402643,27.11261558532715,50.662967681884766,22.024194717407227,27.11261558532715,0.8803688046538928,0.7412507034730105
event67,prior_only,net_drainage_over_5mm,901804,11.869052996442196,34.7218017578125,58.76568603515625,32.05462646484375,34.721797943115234,0.8467444293878811,0.6714149286639064
event67,prior_only,positive_residual_over_5mm,327984,4.31674674096045,6.190876483917236,11.349326133728027,-5.554843425750732,6.190876483917236,0.9731515974624942,0.9443357190785059
event67,prior_only,effect_abs_over_10mm,946161,12.452855667269988,34.2769660949707,57.663448333740234,28.756505966186523,34.2769660949707,0.8575300267884917,0.6926358633770622
event67,prior_only,net_drainage_over_10mm,770011,10.134465323777064,40.09266662597656,63.55730438232422,37.21540451049805,40.09267044067383,0.8282254324487152,0.6264423059216947
event67,prior_only,positive_residual_over_10mm,176150,2.318390343492924,8.854569435119629,14.210482597351074,-8.220187187194824,8.854569435119629,0.9772669582824186,0.9310596413031943
event67,prior_only,near_inlet_0_20m,163872,2.1567939958494033,11.687857627868652,33.51926040649414,10.71348762512207,11.687857627868652,0.5802953982754204,0.2904985603879376
event67,prior_only,near_inlet_20_60m,1650312,21.72050754783136,8.348644256591797,28.093982696533203,7.012139797210693,8.348644256591797,0.8578444217757105,0.6595391647360842
event67,prior_only,near_inlet_60_100m,1296936,17.06956513498915,5.691526889801025,22.824329376220703,4.44155216217041,5.691526889801025,0.9113162875708163,0.747304271101581
event67,prior_only,near_inlet_100_infm,4486824,59.05313332133009,2.675816535949707,14.987107276916504,1.7017230987548828,2.675816535949707,0.9641430518826313,0.8934171469458715
event67,prior_only,near_pipe_0_20m,589536,7.759151686298293,9.931435585021973,30.731718063354492,8.731934547424316,9.931435585021973,0.7767845654809066,0.5538324746986061
event67,prior_only,near_pipe_20_60m,1712232,22.53546485733509,7.379827976226807,26.33171272277832,6.052441596984863,7.379827976226807,0.8749189118554368,0.6925771272121017
event67,prior_only,near_pipe_60_100m,1041552,13.708340045675515,5.08899450302124,21.20659065246582,3.911991596221924,5.08899450302124,0.9227206922646662,0.7729722906015275
event67,prior_only,near_pipe_100_infm,4254624,55.997043410691106,2.6534130573272705,15.003390312194824,1.6777243614196777,2.6534130573272705,0.9650049932094479,0.895425334356565
event67,dynamic_no_prior,all_active,7597944,100.0,6.8253254890441895,24.104564666748047,-0.4372424781322479,6.8253254890441895,0.894253118321002,0.73964689746553
event67,dynamic_no_prior,target_wet_0p03m,1636952,21.544670505599935,24.24312973022461,43.7242431640625,-7.965665340423584,24.24312973022461,0.9697517092743099,0.7548850531050096
event67,dynamic_no_prior,target_wet_0p15m,487406,6.414972260916901,40.110984802246094,63.632362365722656,-30.383146286010742,40.110984802246094,0.9991198302852242,0.8154392847031017
event67,dynamic_no_prior,wet_either_0p03m,1811312,23.83950184418311,27.11202621459961,49.29015350341797,-2.024491786956787,27.11202621459961,0.8947738062961884,0.73964689746553
event67,dynamic_no_prior,effect_abs_over_1mm,1993035,26.23124097782242,24.001537322998047,46.4000358581543,-0.3290839195251465,24.001537322998047,0.8784155611009821,0.7308392097308579
event67,dynamic_no_prior,net_drainage_over_1mm,1229454,16.181403811346858,28.42403221130371,53.55328369140625,9.938748359680176,28.42403221130371,0.8550717919364071,0.7082806008309364
event67,dynamic_no_prior,positive_residual_over_1mm,763581,10.049837166475562,16.88080406188965,31.650360107421875,-16.86148452758789,16.88080406188965,0.9240845231476552,0.7725780986677547
event67,dynamic_no_prior,effect_abs_over_5mm,1229788,16.185799737402643,33.96165466308594,57.26698303222656,3.776876449584961,33.96165466308594,0.8466566016842804,0.6939061931623839
event67,dynamic_no_prior,net_drainage_over_5mm,901804,11.869052996442196,35.91874313354492,61.59307098388672,15.541473388671875,35.91874313354492,0.8270256038965313,0.6796561648449221
event67,dynamic_no_prior,positive_residual_over_5mm,327984,4.31674674096045,28.580554962158203,43.193729400634766,-28.570314407348633,28.580554962158203,0.9019889247484966,0.7286760174065704
event67,dynamic_no_prior,effect_abs_over_10mm,946161,12.452855667269988,39.9869270324707,63.912742614746094,8.253121376037598,39.9869270324707,0.8275088851879195,0.6544015845906642
event67,dynamic_no_prior,net_drainage_over_10mm,770011,10.134465323777064,40.14143753051758,66.05091094970703,19.13228416442871,40.14143753051758,0.8084892270133704,0.642554785371313
event67,dynamic_no_prior,positive_residual_over_10mm,176150,2.318390343492924,39.31150436401367,53.573429107666016,-39.30335235595703,39.31150436401367,0.9067502439312853,0.6892794983193166
event67,dynamic_no_prior,near_inlet_0_20m,163872,2.1567939958494033,22.732616424560547,65.76274871826172,21.321691513061523,22.732616424560547,0.46639833574529665,0.15862608865838146
event67,dynamic_no_prior,near_inlet_20_60m,1650312,21.72050754783136,9.670907020568848,30.04916000366211,4.110190391540527,9.670907020568848,0.8327929916534456,0.6398942308566028
event67,dynamic_no_prior,near_inlet_60_100m,1296936,17.06956513498915,6.758491039276123,22.2926025390625,-0.01534340437501669,6.758491039276123,0.89243926002791,0.6903320909385074
event67,dynamic_no_prior,near_inlet_100_infm,4486824,59.05313332133009,5.217021942138672,18.71343231201172,-3.0264992713928223,5.217021942138672,0.9409945144815461,0.8026795348279583
event67,dynamic_no_prior,near_pipe_0_20m,589536,7.759151686298293,14.257769584655762,45.586814880371094,10.501049041748047,14.257769584655762,0.7149067311426531,0.4763547582400085
event67,dynamic_no_prior,near_pipe_20_60m,1712232,22.53546485733509,8.46703052520752,26.459957122802734,2.4957761764526367,8.46703052520752,0.8515641412171007,0.6717999194666905
event67,dynamic_no_prior,near_pipe_60_100m,1041552,13.708340045675515,6.429217338562012,21.657608032226562,-0.5826987028121948,6.429217338562012,0.9033200072388662,0.690909878808014
event67,dynamic_no_prior,near_pipe_100_infm,4254624,55.997043410691106,5.2317399978637695,18.790029525756836,-3.0976479053497314,5.2317399978637695,0.9420804323684331,0.8051586990288215
event67,hybrid_dynamic,all_active,7597944,100.0,2.573761224746704,12.299901008605957,0.490649938583374,2.573761224746704,0.938063364673088,0.9231445326001726
event67,hybrid_dynamic,target_wet_0p03m,1636952,21.544670505599935,8.465673446655273,22.444406509399414,-0.5440335273742676,8.465673446655273,0.9863667352494148,0.9258949637180887
event67,hybrid_dynamic,target_wet_0p15m,487406,6.414972260916901,12.831933975219727,33.063316345214844,-5.602440357208252,12.831933975219727,0.9995424758825291,0.9589315683434344
event67,hybrid_dynamic,wet_either_0p03m,1811312,23.83950184418311,10.104981422424316,25.137781143188477,1.863361120223999,10.104981422424316,0.9397493241296624,0.9231445326001726
event67,hybrid_dynamic,effect_abs_over_1mm,1993035,26.23124097782242,9.433011054992676,23.962875366210938,1.9314979314804077,9.433011054992676,0.9281399349631964,0.9158203059990458
event67,hybrid_dynamic,net_drainage_over_1mm,1229454,16.181403811346858,13.170924186706543,29.679964065551758,4.555119037628174,13.170924186706543,0.9002401047574493,0.8899354451712417
event67,hybrid_dynamic,positive_residual_over_1mm,763581,10.049837166475562,3.414537191390991,8.968145370483398,-2.2928366661071777,3.414537191390991,0.9794202813196305,0.958319410492253
event67,hybrid_dynamic,effect_abs_over_5mm,1229788,16.185799737402643,14.325471878051758,30.29698944091797,3.444091796875,14.325471878051758,0.9061513162961936,0.8936806224792091
event67,hybrid_dynamic,net_drainage_over_5mm,901804,11.869052996442196,17.36783218383789,34.5537109375,6.249691009521484,17.36783218383789,0.8793434213082083,0.8696761522308101
event67,hybrid_dynamic,positive_residual_over_5mm,327984,4.31674674096045,5.960391998291016,12.605334281921387,-4.270005702972412,5.960391998291016,0.9763568835404052,0.9443308696335901
event67,hybrid_dynamic,effect_abs_over_10mm,946161,12.452855667269988,17.648683547973633,34.31140899658203,4.716137886047363,17.648681640625,0.8882349797267914,0.8714801799481967
event67,hybrid_dynamic,net_drainage_over_10mm,770011,10.134465323777064,19.777446746826172,37.2967529296875,7.204825401306152,19.777446746826172,0.8641655549708104,0.8468794390385341
event67,hybrid_dynamic,positive_residual_over_10mm,176150,2.318390343492924,8.343132972717285,15.581745147705078,-6.162755012512207,8.343132972717285,0.9810021344591328,0.9322323387594761
event67,hybrid_dynamic,near_inlet_0_20m,163872,2.1567939958494033,6.957919597625732,25.70177459716797,4.323634147644043,6.957919597625732,0.6105142574073501,0.555640243902439
event67,hybrid_dynamic,near_inlet_20_60m,1650312,21.72050754783136,4.296039581298828,16.220335006713867,1.0485094785690308,4.296039581298828,0.8869136152807405,0.8661936469817706
event67,hybrid_dynamic,near_inlet_60_100m,1296936,17.06956513498915,2.9420671463012695,12.93725872039795,0.3656209707260132,2.9420669078826904,0.9345329313808008,0.8976061954277949
event67,hybrid_dynamic,near_inlet_100_infm,4486824,59.05313332133009,1.6737020015716553,9.322627067565918,0.1816103309392929,1.6737020015716553,0.971202404993294,0.9476104096697139
event67,hybrid_dynamic,near_pipe_0_20m,589536,7.759151686298293,5.360032081604004,20.097015380859375,2.2140724658966064,5.360032081604004,0.8084329586942516,0.8127276533389156
event67,hybrid_dynamic,near_pipe_20_60m,1712232,22.53546485733509,3.7945117950439453,15.073079109191895,0.7736904621124268,3.7945117950439453,0.9028339785792924,0.8795236195095
event67,hybrid_dynamic,near_pipe_60_100m,1041552,13.708340045675515,2.6806676387786865,11.903131484985352,0.3510068655014038,2.6806676387786865,0.9425078131598953,0.904546219644688
event67,hybrid_dynamic,near_pipe_100_infm,4254624,55.997043410691106,1.6702347993850708,9.385499954223633,0.1721247434616089,1.6702347993850708,0.9718697699137042,0.9485607275278084
event67,hybrid_mask,all_active,7597944,100.0,2.5500009059906006,12.094610214233398,0.49378424882888794,2.5500009059906006,0.9399428265350086,0.9235670802142839
event67,hybrid_mask,target_wet_0p03m,1636952,21.544670505599935,8.456839561462402,22.3262996673584,-0.409625768661499,8.456840515136719,0.9862396698253828,0.9260264588604713
event67,hybrid_mask,target_wet_0p15m,487406,6.414972260916901,12.869391441345215,32.96446990966797,-5.423313617706299,12.869391441345215,0.9996060778898905,0.9596168286808123
event67,hybrid_mask,wet_either_0p03m,1811312,23.83950184418311,9.977587699890137,24.71628189086914,1.8491075038909912,9.977587699890137,0.9416077637014645,0.9235670802142839
event67,hybrid_mask,effect_abs_over_1mm,1993035,26.23124097782242,9.324070930480957,23.560943603515625,1.9078047275543213,9.324070930480957,0.930265137145762,0.9164549941766957
event67,hybrid_mask,net_drainage_over_1mm,1229454,16.181403811346858,13.011333465576172,29.175809860229492,4.501478672027588,13.011331558227539,0.9033328293502586,0.8910855756191564
event67,hybrid_mask,positive_residual_over_1mm,763581,10.049837166475562,3.3871524333953857,8.851373672485352,-2.2683115005493164,3.3871524333953857,0.9795744480349928,0.9581366714549558
event67,hybrid_mask,effect_abs_over_5mm,1229788,16.185799737402643,14.159883499145508,29.78919792175293,3.3656601905822754,14.159883499145508,0.9090438197730154,0.8945973993535553
event67,hybrid_mask,net_drainage_over_5mm,901804,11.869052996442196,17.159618377685547,33.964691162109375,6.150813102722168,17.159618377685547,0.8831240380462326,0.87114696204251
event67,hybrid_mask,positive_residual_over_5mm,327984,4.31674674096045,5.9120025634765625,12.468341827392578,-4.292220592498779,5.9120025634765625,0.9765923117400865,0.9441205862758161
event67,hybrid_mask,effect_abs_over_10mm,946161,12.452855667269988,17.4495906829834,33.73786926269531,4.600496292114258,17.4495906829834,0.8916573208190501,0.8725951439223331
event67,hybrid_mask,net_drainage_over_10mm,770011,10.134465323777064,19.53749656677246,36.65744400024414,7.085721969604492,19.53749656677246,0.8683665885488395,0.8486182206700793
event67,hybrid_mask,positive_residual_over_10mm,176150,2.318390343492924,8.322660446166992,15.486328125,-6.26326322555542,8.322660446166992,0.9809216578990824,0.9318856962591024
event67,hybrid_mask,near_inlet_0_20m,163872,2.1567939958494033,5.62615442276001,22.71421241760254,1.5396111011505127,5.62615442276001,0.6660461381223536,0.5579740477187107
event67,hybrid_mask,near_inlet_20_60m,1650312,21.72050754783136,4.226633548736572,15.906458854675293,0.8711491227149963,4.226633548736572,0.8886931336466506,0.8684398291968078
event67,hybrid_mask,near_inlet_60_100m,1296936,17.06956513498915,2.9803078174591064,12.925614356994629,0.539519190788269,2.9803078174591064,0.9344000053545553,0.8981494507180949
event67,hybrid_mask,near_inlet_100_infm,4486824,59.05313332133009,1.6965817213058472,9.354670524597168,0.3035680055618286,1.6965817213058472,0.9705298764221723,0.9471157580283794
event67,hybrid_mask,near_pipe_0_20m,589536,7.759151686298293,4.909408092498779,18.78702735900879,1.0949658155441284,4.909408092498779,0.8268164738271513,0.8156453269428278
event67,hybrid_mask,near_pipe_20_60m,1712232,22.53546485733509,3.760685682296753,14.929582595825195,0.718609094619751,3.760685682296753,0.9047106057326839,0.8819110176014779
event67,hybrid_mask,near_pipe_60_100m,1041552,13.708340045675515,2.7263877391815186,11.767431259155273,0.6074090003967285,2.7263877391815186,0.9419402387921414,0.9033828922739793
event67,hybrid_mask,near_pipe_100_infm,4254624,55.997043410691106,1.692664384841919,9.419203758239746,0.29218801856040955,1.692664384841919,0.971207647998596,0.9482831377084538
event67,hybrid_hydraulic,all_active,7597944,100.0,2.555575132369995,12.064631462097168,0.5333048105239868,2.555575132369995,0.9385131056264747,0.9242339282893698
event67,hybrid_hydraulic,target_wet_0p03m,1636952,21.544670505599935,8.419373512268066,22.21129035949707,-0.31406059861183167,8.419373512268066,0.9867754216372868,0.9266508168715196
event67,hybrid_hydraulic,target_wet_0p15m,487406,6.414972260916901,12.763035774230957,32.72407531738281,-5.207828044891357,12.76303482055664,0.9997045584174179,0.9604026212233744
event67,hybrid_hydraulic,wet_either_0p03m,1811312,23.83950184418311,9.997601509094238,24.653654098510742,2.0079290866851807,9.997601509094238,0.9401666022545783,0.9242339282893698
event67,hybrid_hydraulic,effect_abs_over_1mm,1993035,26.23124097782242,9.352569580078125,23.50455093383789,2.0655157566070557,9.352569580078125,0.9286347769179577,0.9171548414143722
event67,hybrid_hydraulic,net_drainage_over_1mm,1229454,16.181403811346858,13.041478157043457,29.10102081298828,4.757960319519043,13.041478157043457,0.9009912095448384,0.8921718343026367
event67,hybrid_hydraulic,positive_residual_over_1mm,763581,10.049837166475562,3.412996768951416,8.856459617614746,-2.2696316242218018,3.412996768951416,0.9794363094899223,0.9582080101313915
event67,hybrid_hydraulic,effect_abs_over_5mm,1229788,16.185799737402643,14.192233085632324,29.70855140686035,3.617161512374878,14.192233085632324,0.9068872810049937,0.8954597345764163
event67,hybrid_hydraulic,net_drainage_over_5mm,901804,11.869052996442196,17.19078254699707,33.8822021484375,6.491749286651611,17.19078254699707,0.8803008911498454,0.8724571148218885
event67,hybrid_hydraulic,positive_residual_over_5mm,327984,4.31674674096045,5.947610378265381,12.363503456115723,-4.28662109375,5.947610378265381,0.9765046534236027,0.9440435217053403
event67,hybrid_hydraulic,effect_abs_over_10mm,946161,12.452855667269988,17.481870651245117,33.640377044677734,4.92635440826416,17.481870651245117,0.8890492504312754,0.8734840601646012
event67,hybrid_hydraulic,net_drainage_over_10mm,770011,10.134465323777064,19.567472457885742,36.57050323486328,7.475369453430176,19.567472457885742,0.8652220083423356,0.8500127540175155
event67,hybrid_hydraulic,positive_residual_over_10mm,176150,2.318390343492924,8.364992141723633,15.243775367736816,-6.216248512268066,8.364992141723633,0.980861526125255,0.9315234102944848
event67,hybrid_hydraulic,near_inlet_0_20m,163872,2.1567939958494033,6.254689693450928,23.837692260742188,3.0522408485412598,6.254689693450928,0.6375962614361878,0.5514056224899598
event67,hybrid_hydraulic,near_inlet_20_60m,1650312,21.72050754783136,4.225615501403809,15.823837280273438,0.9217557311058044,4.225615501403809,0.8874496067675632,0.8692474579242637
event67,hybrid_hydraulic,near_inlet_60_100m,1296936,17.06956513498915,2.938767910003662,12.764473915100098,0.48772871494293213,2.938767910003662,0.9343697473364182,0.9005446972124319
event67,hybrid_hydraulic,near_inlet_100_infm,4486824,59.05313332133009,1.6954468488693237,9.30237102508545,0.31160253286361694,1.6954468488693237,0.9702780743226069,0.9475233118514734
event67,hybrid_hydraulic,near_pipe_0_20m,589536,7.759151686298293,5.083318710327148,19.10745620727539,1.2011080980300903,5.083318710327148,0.8187041502077669,0.8107853223593965
event67,hybrid_hydraulic,near_pipe_20_60m,1712232,22.53546485733509,3.7457306385040283,14.831467628479004,0.8606634736061096,3.7457306385040283,0.903019310786301,0.884218606079214
event67,hybrid_hydraulic,near_pipe_60_100m,1041552,13.708340045675515,2.6921591758728027,11.613375663757324,0.5445724725723267,2.6921591758728027,0.9416004279714741,0.9054885026778766
event67,hybrid_hydraulic,near_pipe_100_infm,4254624,55.997043410691106,1.692919135093689,9.370293617248535,0.30627089738845825,1.692919135093689,0.9708739941104048,0.9485691064534784
event67,hybrid_all,all_active,7597944,100.0,2.559483528137207,12.107064247131348,0.4973733425140381,2.559483528137207,0.9396539037191768,0.9246412783356026
event67,hybrid_all,target_wet_0p03m,1636952,21.544670505599935,8.47226619720459,22.358354568481445,-0.4408337473869324,8.472267150878906,0.9868187949310671,0.9270246388182243
event67,hybrid_all,target_wet_0p15m,487406,6.414972260916901,12.936527252197266,33.156951904296875,-5.50912618637085,12.936527252197266,0.9997414886152407,0.9599779239484126
event67,hybrid_all,wet_either_0p03m,1811312,23.83950184418311,10.005597114562988,24.739652633666992,1.849732756614685,10.005597114562988,0.9413239692855815,0.9246412783356026
event67,hybrid_all,effect_abs_over_1mm,1993035,26.23124097782242,9.348690032958984,23.582075119018555,1.9300435781478882,9.348690032958984,0.92994142906432,0.9177503691286344
event67,hybrid_all,net_drainage_over_1mm,1229454,16.181403811346858,13.001925468444824,29.175081253051758,4.617440700531006,13.001925468444824,0.9031813923610181,0.8934968325597847
event67,hybrid_all,positive_residual_over_1mm,763581,10.049837166475562,3.4665558338165283,9.000865936279297,-2.396977186203003,3.4665558338165283,0.9790125904824356,0.9575616107351062
event67,hybrid_all,effect_abs_over_5mm,1229788,16.185799737402643,14.193014144897461,29.813140869140625,3.4191646575927734,14.193014144897461,0.908628829287876,0.8963119304836554
event67,hybrid_all,net_drainage_over_5mm,901804,11.869052996442196,17.144872665405273,33.96659851074219,6.311272144317627,17.144872665405273,0.8829571556509402,0.8740993303669379
event67,hybrid_all,positive_residual_over_5mm,327984,4.31674674096045,6.076767444610596,12.667032241821289,-4.532792091369629,6.076767444610596,0.9756531011196019,0.9431665663905215
event67,hybrid_all,effect_abs_over_10mm,946161,12.452855667269988,17.47842025756836,33.76170349121094,4.695048809051514,17.47842025756836,0.8914295877854784,0.8744159963017836
event67,hybrid_all,net_drainage_over_10mm,770011,10.134465323777064,19.527130126953125,36.66380310058594,7.269894123077393,19.527130126953125,0.8682700472476733,0.8516172305857803
event67,hybrid_all,positive_residual_over_10mm,176150,2.318390343492924,8.522809982299805,15.6980562210083,-6.560465335845947,8.522809982299805,0.9803549319026,0.930724832038286
event67,hybrid_all,near_inlet_0_20m,163872,2.1567939958494033,5.673966407775879,22.953706741333008,1.6386829614639282,5.673966407775879,0.6674841315637623,0.5572263993316625
event67,hybrid_all,near_inlet_20_60m,1650312,21.72050754783136,4.24412727355957,16.012470245361328,0.9443688988685608,4.24412727355957,0.8884908622316988,0.8715201072680713
event67,hybrid_all,near_inlet_60_100m,1296936,17.06956513498915,2.9656763076782227,12.827715873718262,0.5676039457321167,2.9656760692596436,0.9345067430353193,0.9005737851891698
event67,hybrid_all,near_inlet_100_infm,4486824,59.05313332133009,1.7086879014968872,9.333001136779785,0.2709781527519226,1.7086879014968872,0.9701655065549869,0.9473330264754584
event67,hybrid_all,near_pipe_0_20m,589536,7.759151686298293,4.975330352783203,19.081138610839844,1.1322816610336304,4.975330352783203,0.8280580552384623,0.8169533696538115
event67,hybrid_all,near_pipe_20_60m,1712232,22.53546485733509,3.7550177574157715,14.945357322692871,0.7956379055976868,3.7550177574157715,0.9041746974206109,0.885807101589325
event67,hybrid_all,near_pipe_60_100m,1041552,13.708340045675515,2.7146687507629395,11.6317138671875,0.622404158115387,2.7146687507629395,0.9418503797766812,0.9041973580081573
event67,hybrid_all,near_pipe_100_infm,4254624,55.997043410691106,1.7056137323379517,9.397027969360352,0.2587563395500183,1.7056137323379517,0.9708380360419152,0.9485081628823419
event68,surface_matched,all_active,7597944,100.0,11.913520812988281,50.05827331542969,10.10129165649414,11.913520812988281,0.8842592644282353,0.6255457330561885
event68,surface_matched,target_wet_0p03m,1622214,21.35069697802458,41.368953704833984,92.16397094726562,34.29558181762695,41.368953704833984,0.97643467507986,0.6758033145650272
event68,surface_matched,target_wet_0p15m,467690,6.155481009072981,43.38275909423828,95.05503845214844,32.38627624511719,43.38275909423828,1.0,0.961354743526695
event68,surface_matched,wet_either_0p03m,1791314,23.57629906195676,49.23112487792969,103.04911041259766,42.82547378540039,49.23112487792969,0.8842592644282353,0.6255457330561885
event68,surface_matched,effect_abs_over_1mm,1990293,26.195152267508156,45.21965789794922,97.80530548095703,38.611087799072266,45.21965789794922,0.8644691154218348,0.594986143743599
event68,surface_matched,net_drainage_over_1mm,1214510,15.984719023988594,68.68932342529297,124.66509246826172,68.68932342529297,68.68932342529297,0.8344827721887932,0.5022114942163972
event68,surface_matched,positive_residual_over_1mm,775783,10.210433243519562,8.477238655090332,14.527700424194336,-8.477238655090332,8.477238655090332,0.9252612476068921,0.8877428399759664
event68,surface_matched,effect_abs_over_5mm,1230065,16.18944546050879,71.66905975341797,124.39277648925781,62.6946907043457,71.66905975341797,0.8276577609788968,0.51919457797238
event68,surface_matched,net_drainage_over_5mm,887449,11.680120306230211,93.1186752319336,145.8301544189453,93.1186752319336,93.1186752319336,0.8018118606834216,0.4442629744832934
event68,surface_matched,positive_residual_over_5mm,342616,4.509325154278579,16.10995101928711,21.65141487121582,-16.10995101928711,16.10995101928711,0.9003849806488506,0.8414808283898915
event68,surface_matched,effect_abs_over_10mm,944501,12.431007651543629,91.18498992919922,141.90127563476562,81.80276489257812,91.18498992919922,0.8036334473342347,0.4582159351671653
event68,surface_matched,net_drainage_over_10mm,754442,9.929554626883272,108.28340148925781,158.13424682617188,108.28340148925781,108.28340148925781,0.7800283041662353,0.39514336873604944
event68,surface_matched,positive_residual_over_10mm,190059,2.5014530246603557,23.312559127807617,28.329500198364258,-23.312559127807617,23.312559127807617,0.8980998005315475,0.8043560198147749
event68,surface_matched,near_inlet_0_20m,163872,2.1567939958494033,42.45037841796875,112.32813262939453,42.37663650512695,42.45037841796875,0.4442643773816302,0.07575898677593593
event68,surface_matched,near_inlet_20_60m,1650312,21.72050754783136,23.791162490844727,75.30287170410156,22.802465438842773,23.791162490844727,0.8131582792846465,0.39239459219725625
event68,surface_matched,near_inlet_60_100m,1296936,17.06956513498915,14.694499015808105,56.54844284057617,13.099430084228516,14.694499015808105,0.8751709680305761,0.541002892805054
event68,surface_matched,near_inlet_100_infm,4486824,59.05313332133009,5.625622272491455,27.794031143188477,3.384218692779541,5.625622272491455,0.939488598692395,0.8110080857323869
event68,surface_matched,near_pipe_0_20m,589536,7.759151686298293,32.0062141418457,94.0035400390625,31.357250213623047,32.0062141418457,0.6941443064725967,0.2549384483252219
event68,surface_matched,near_pipe_20_60m,1712232,22.53546485733509,20.209352493286133,67.27495574951172,19.033411026000977,20.209352493286133,0.8320356604131477,0.4421667418133775
event68,surface_matched,near_pipe_60_100m,1041552,13.708340045675515,13.011480331420898,52.729339599609375,11.261555671691895,13.011480331420898,0.8880108660395718,0.5872690151208946
event68,surface_matched,near_pipe_100_infm,4254624,55.997043410691106,5.522043228149414,27.35744285583496,3.277306079864502,5.522043228149414,0.9411049249074468,0.8148695321200502
event68,prior_only,all_active,7597944,100.0,3.637369394302368,15.214895248413086,2.583423137664795,3.637369394302368,0.9262993604900962,0.8677670325099496
event68,prior_only,target_wet_0p03m,1622214,21.35069697802458,12.174426078796387,27.490217208862305,8.180898666381836,12.174426078796387,0.9874424705988236,0.8739484437538797
event68,prior_only,target_wet_0p15m,467690,6.155481009072981,12.990812301635742,28.991479873657227,5.951434135437012,12.990812301635742,0.9999893091577754,0.9813658620026086
event68,prior_only,wet_either_0p03m,1791314,23.57629906195676,14.676959037780762,31.288124084472656,11.0060396194458,14.676959037780762,0.9277086593469728,0.8677670325099496
event68,prior_only,effect_abs_over_1mm,1990293,26.195152267508156,13.552391052246094,29.70621109008789,9.943860054016113,13.552391052246094,0.9144298183546817,0.8533340927356837
event68,prior_only,net_drainage_over_1mm,1214510,15.984719023988594,19.759592056274414,37.56109619140625,18.36577796936035,19.759592056274414,0.8850491580257851,0.8028574797704072
event68,prior_only,positive_residual_over_1mm,775783,10.210433243519562,3.8348441123962402,7.434385299682617,-3.240891695022583,3.8348441123962402,0.970068700651225,0.9521474382970228
event68,prior_only,effect_abs_over_5mm,1230065,16.18944546050879,21.04943084716797,37.70503234863281,16.31197738647461,21.04943084716797,0.8894122218470656,0.8135526626698685
event68,prior_only,net_drainage_over_5mm,887449,11.680120306230211,26.521560668945312,43.9042854309082,25.035043716430664,26.521560668945312,0.8613520551415759,0.7644432621242438
event68,prior_only,positive_residual_over_5mm,342616,4.509325154278579,6.875445365905762,10.546854019165039,-6.282632350921631,6.875445365905762,0.9623574144486692,0.9353515456918561
event68,prior_only,effect_abs_over_10mm,944501,12.431007651543629,26.4440975189209,42.93038558959961,21.474550247192383,26.4440975189209,0.8702265582144311,0.7763903459186756
event68,prior_only,net_drainage_over_10mm,754442,9.929554626883272,30.65214729309082,47.568511962890625,29.197437286376953,30.652151107788086,0.8443824490739212,0.7274048769851365
event68,prior_only,positive_residual_over_10mm,190059,2.5014530246603557,9.740180015563965,13.297901153564453,-9.181559562683105,9.740180015563965,0.9652009904757703,0.9213040732130139
event68,prior_only,near_inlet_0_20m,163872,2.1567939958494033,9.535455703735352,28.532793045043945,8.706403732299805,9.535455703735352,0.5949939686369119,0.40669734151329245
event68,prior_only,near_inlet_20_60m,1650312,21.72050754783136,6.571619033813477,21.763246536254883,5.5837321281433105,6.571619033813477,0.8658412832135866,0.7408876882960962
event68,prior_only,near_inlet_60_100m,1296936,17.06956513498915,4.444072246551514,16.985748291015625,3.3333420753479004,4.444072246551514,0.9173618663625029,0.8090202029782795
event68,prior_only,near_inlet_100_infm,4486824,59.05313332133009,2.10951828956604,10.230676651000977,1.039474368095398,2.10951828956604,0.9661702748498795,0.9284946638925893
event68,prior_only,near_pipe_0_20m,589536,7.759151686298293,8.068246841430664,26.121644973754883,7.099459648132324,8.068246841430664,0.7882491893100749,0.6593209437730612
event68,prior_only,near_pipe_20_60m,1712232,22.53546485733509,5.77094841003418,19.548824310302734,4.76939058303833,5.77094841003418,0.8816832166616251,0.7675999747185178
event68,prior_only,near_pipe_60_100m,1041552,13.708340045675515,3.9757611751556396,15.883408546447754,2.8413336277008057,3.9757611751556396,0.9289383561643836,0.8259487326364027
event68,prior_only,near_pipe_100_infm,4254624,55.997043410691106,2.0819334983825684,10.1636381149292,1.0148061513900757,2.0819334983825684,0.9670884630220645,0.9310425953053881
event68,dynamic_no_prior,all_active,7597944,100.0,6.330007076263428,22.73891258239746,-0.45946428179740906,6.330007076263428,0.8949288622404945,0.7386174536923371
event68,dynamic_no_prior,target_wet_0p03m,1622214,21.35069697802458,22.66092872619629,40.9000358581543,-7.533993244171143,22.66092872619629,0.9677428502034874,0.7523211273196387
event68,dynamic_no_prior,target_wet_0p15m,467690,6.155481009072981,37.627315521240234,59.22200012207031,-26.953271865844727,37.627315521240234,0.9994633197203275,0.810487716222284
event68,dynamic_no_prior,wet_either_0p03m,1791314,23.57629906195676,25.315114974975586,46.744544982910156,-2.0617456436157227,25.315114974975586,0.8953402425920899,0.7386174536923371
event68,dynamic_no_prior,effect_abs_over_1mm,1990293,26.195152267508156,22.22840118408203,43.755863189697266,-0.4384218752384186,22.22840118408203,0.8794439353967882,0.7291833427482765
event68,dynamic_no_prior,net_drainage_over_1mm,1214510,15.984719023988594,25.998727798461914,50.6450080871582,9.694991111755371,25.998727798461914,0.8608911477391532,0.7161541937967628
event68,dynamic_no_prior,positive_residual_over_1mm,775783,10.210433243519562,16.325849533081055,29.940750122070312,-16.302562713623047,16.325849533081055,0.9156768483200173,0.7535424594432205
event68,dynamic_no_prior,effect_abs_over_5mm,1230065,16.18944546050879,31.285707473754883,53.89390182495117,3.349518060684204,31.285707473754883,0.8493344170371525,0.6973304814181692
event68,dynamic_no_prior,net_drainage_over_5mm,887449,11.680120306230211,32.6925163269043,58.21411895751953,15.30758285522461,32.6925163269043,0.8334949060305006,0.6928972771670777
event68,dynamic_no_prior,positive_residual_over_5mm,342616,4.509325154278579,27.641756057739258,40.620567321777344,-27.624433517456055,27.641756057739258,0.8919353136796386,0.7077347695669257
event68,dynamic_no_prior,effect_abs_over_10mm,944501,12.431007651543629,36.731781005859375,60.1533088684082,7.5286688804626465,36.731781005859375,0.8308345068153997,0.6632568712543914
event68,dynamic_no_prior,net_drainage_over_10mm,754442,9.929554626883272,36.44711685180664,62.45070266723633,18.9606990814209,36.447113037109375,0.8153545269220766,0.6577863490555981
event68,dynamic_no_prior,positive_residual_over_10mm,190059,2.5014530246603557,37.86176300048828,50.00328063964844,-37.85094451904297,37.86176300048828,0.8897011288477796,0.6784541244884773
event68,dynamic_no_prior,near_inlet_0_20m,163872,2.1567939958494033,22.04904556274414,67.0619888305664,21.225618362426758,22.04904556274414,0.46277546158427635,0.14202476329206118
event68,dynamic_no_prior,near_inlet_20_60m,1650312,21.72050754783136,8.596480369567871,27.642271041870117,3.9863336086273193,8.596480369567871,0.8364074150907773,0.6579858056190979
event68,dynamic_no_prior,near_inlet_60_100m,1296936,17.06956513498915,6.06914758682251,20.245790481567383,0.02572118677198887,6.06914758682251,0.8947358000574168,0.7089067474581493
event68,dynamic_no_prior,near_inlet_100_infm,4486824,59.05313332133009,4.997665882110596,17.65789031982422,-3.0269341468811035,4.997665882110596,0.9399274796521967,0.7890085560472113
event68,dynamic_no_prior,near_pipe_0_20m,589536,7.759151686298293,13.360648155212402,46.11702346801758,10.398725509643555,13.360648155212402,0.7170959919763352,0.4852016912352874
event68,dynamic_no_prior,near_pipe_20_60m,1712232,22.53546485733509,7.474340438842773,23.193626403808594,2.449418067932129,7.474340438842773,0.8547007747295932,0.690633251716357
event68,dynamic_no_prior,near_pipe_60_100m,1041552,13.708340045675515,5.870003700256348,20.071603775024414,-0.6417061686515808,5.870003700256348,0.904337336322009,0.7046771013063841
event68,dynamic_no_prior,near_pipe_100_infm,4254624,55.997043410691106,5.007901668548584,17.707565307617188,-3.0900516510009766,5.007901668548584,0.9411409079027058,0.7906041657905718
event68,hybrid_dynamic,all_active,7597944,100.0,2.0478949546813965,9.771089553833008,-0.27078190445899963,2.0478949546813965,0.9472567751302367,0.9342868470902657
event68,hybrid_dynamic,target_wet_0p03m,1622214,21.35069697802458,7.082379341125488,17.54767417907715,-2.9370219707489014,7.082379341125488,0.981347097238712,0.9352658790324951
event68,hybrid_dynamic,target_wet_0p15m,467690,6.155481009072981,10.70286750793457,26.05723762512207,-6.049030780792236,10.70286750793457,0.9993906219932006,0.9522718039727169
event68,hybrid_dynamic,wet_either_0p03m,1791314,23.57629906195676,7.9688849449157715,20.067867279052734,-1.2292652130126953,7.9688849449157715,0.9486210640349236,0.9342868470902657
event68,hybrid_dynamic,effect_abs_over_1mm,1990293,26.195152267508156,7.409708023071289,19.04566192626953,-0.9360855221748352,7.4097089767456055,0.9391474936460985,0.9275088531024969
event68,hybrid_dynamic,net_drainage_over_1mm,1214510,15.984719023988594,9.784774780273438,23.521259307861328,0.33629193902015686,9.784774780273438,0.920385250850989,0.9112801692962953
event68,hybrid_dynamic,positive_residual_over_1mm,775783,10.210433243519562,3.691476821899414,8.030243873596191,-2.928028106689453,3.691476821899414,0.9728655440306383,0.9539201215676749
event68,hybrid_dynamic,effect_abs_over_5mm,1230065,16.18944546050879,11.048456192016602,24.031431198120117,-1.1575431823730469,11.048456192016602,0.9220902894398894,0.9107620042422573
event68,hybrid_dynamic,net_drainage_over_5mm,887449,11.680120306230211,12.853899955749512,27.441688537597656,0.4961535334587097,12.853899955749512,0.903408631669895,0.8962158093574644
event68,hybrid_dynamic,positive_residual_over_5mm,342616,4.509325154278579,6.3719706535339355,11.082980155944824,-5.440971851348877,6.3719706535339355,0.9675782973092192,0.9395179366850755
event68,hybrid_dynamic,effect_abs_over_10mm,944501,12.431007651543629,13.443873405456543,27.20639991760254,-1.1556833982467651,13.443873405456543,0.9091422806256462,0.8938311100876688
event68,hybrid_dynamic,net_drainage_over_10mm,754442,9.929554626883272,14.580845832824707,29.650131225585938,0.5366401076316833,14.580845832824707,0.8911533828629635,0.8789732574629301
event68,hybrid_dynamic,positive_residual_over_10mm,190059,2.5014530246603557,8.930641174316406,13.735193252563477,-7.873386383056641,8.930641174316406,0.9704783011378671,0.9273725805371374
event68,hybrid_dynamic,near_inlet_0_20m,163872,2.1567939958494033,5.99422550201416,28.735666275024414,3.669689893722534,5.99422550201416,0.6333865283595984,0.5647887323943662
event68,hybrid_dynamic,near_inlet_20_60m,1650312,21.72050754783136,3.25952410697937,13.449760437011719,-0.13449864089488983,3.25952410697937,0.902895071102784,0.8859467047404226
event68,hybrid_dynamic,near_inlet_60_100m,1296936,17.06956513498915,2.316157817840576,9.07033920288086,-0.5127569437026978,2.316157817840576,0.9458137762404168,0.9127513004358218
event68,hybrid_dynamic,near_inlet_100_infm,4486824,59.05313332133009,1.3805681467056274,6.418720722198486,-0.39488235116004944,1.3805681467056274,0.9755725190839695,0.9541185806314553
event68,hybrid_dynamic,near_pipe_0_20m,589536,7.759151686298293,4.3887858390808105,21.938751220703125,1.1924558877944946,4.3887858390808105,0.8278154620187772,0.8314633006077606
event68,hybrid_dynamic,near_pipe_20_60m,1712232,22.53546485733509,2.8715391159057617,10.503215789794922,-0.29338666796684265,2.8715391159057617,0.9164839080402085,0.9009050536848614
event68,hybrid_dynamic,near_pipe_60_100m,1041552,13.708340045675515,2.146536111831665,8.660889625549316,-0.5407916307449341,2.146536111831665,0.9540355237317297,0.9164239226326215
event68,hybrid_dynamic,near_pipe_100_infm,4254624,55.997043410691106,1.3679176568984985,6.406834125518799,-0.3983366787433624,1.3679176568984985,0.9762835778476857,0.9546658134197028
event68,hybrid_mask,all_active,7597944,100.0,2.0308666229248047,9.623950958251953,-0.2246769219636917,2.0308666229248047,0.9471567451914514,0.9353600938327975
event68,hybrid_mask,target_wet_0p03m,1622214,21.35069697802458,7.015675067901611,17.329524993896484,-2.682157039642334,7.015675067901611,0.9802146942388612,0.9363426314200409
event68,hybrid_mask,target_wet_0p15m,467690,6.155481009072981,10.61170768737793,25.841550827026367,-5.829535007476807,10.61170768737793,0.9995531227950137,0.9548696786332828
event68,hybrid_mask,wet_either_0p03m,1791314,23.57629906195676,7.869476318359375,19.76520347595215,-1.050252914428711,7.869475364685059,0.9485206264066441,0.9353600938327975
event68,hybrid_mask,effect_abs_over_1mm,1990293,26.195152267508156,7.340826511383057,18.761228561401367,-0.8014332056045532,7.340826511383057,0.9389399929847978,0.928571259550926
event68,hybrid_mask,net_drainage_over_1mm,1214510,15.984719023988594,9.653608322143555,23.11785888671875,0.5852997899055481,9.653608322143555,0.9201350678941134,0.9130297062954142
event68,hybrid_mask,positive_residual_over_1mm,775783,10.210433243519562,3.7201015949249268,8.145574569702148,-2.972402572631836,3.7201015949249268,0.9726646500701569,0.9539331510671292
event68,hybrid_mask,effect_abs_over_5mm,1230065,16.18944546050879,10.942831993103027,23.666004180908203,-0.9823439121246338,10.942831993103027,0.9216744633549053,0.9117024474160479
event68,hybrid_mask,net_drainage_over_5mm,887449,11.680120306230211,12.662947654724121,26.969989776611328,0.792684018611908,12.662948608398438,0.9030526467312237,0.8979129489516645
event68,hybrid_mask,positive_residual_over_5mm,342616,4.509325154278579,6.487360000610352,11.257688522338867,-5.580047130584717,6.487359523773193,0.9668866532073359,0.9390482367866306
event68,hybrid_mask,effect_abs_over_10mm,944501,12.431007651543629,13.28322982788086,26.78033447265625,-0.8954897522926331,13.28322982788086,0.9089794644435168,0.8952677066199604
event68,hybrid_mask,net_drainage_over_10mm,754442,9.929554626883272,14.347099304199219,29.133630752563477,0.9028303027153015,14.347099304199219,0.8908924547494245,0.8812758661463876
event68,hybrid_mask,positive_residual_over_10mm,190059,2.5014530246603557,9.060173988342285,13.95954704284668,-8.033947944641113,9.060173988342285,0.9704442459726771,0.9269687755348077
event68,hybrid_mask,near_inlet_0_20m,163872,2.1567939958494033,5.036449432373047,27.159664154052734,1.0289350748062134,5.036449432373047,0.6697358369184995,0.5593471810089021
event68,hybrid_mask,near_inlet_20_60m,1650312,21.72050754783136,3.263866901397705,13.202646255493164,-0.31892600655555725,3.263866901397705,0.9003936967925887,0.8824305047768601
event68,hybrid_mask,near_inlet_60_100m,1296936,17.06956513498915,2.3467211723327637,9.210259437561035,-0.31815189123153687,2.3467211723327637,0.9440283515509905,0.9118718645777865
event68,hybrid_mask,near_inlet_100_infm,4486824,59.05313332133009,1.3762810230255127,6.424009799957275,-0.20877718925476074,1.3762810230255127,0.9742542710797285,0.9567300195235748
event68,hybrid_mask,near_pipe_0_20m,589536,7.759151686298293,4.114921569824219,21.028470993041992,0.11141365766525269,4.114921569824219,0.8391696553020218,0.8266710662769869
event68,hybrid_mask,near_pipe_20_60m,1712232,22.53546485733509,2.8902428150177,10.491673469543457,-0.37149521708488464,2.8902428150177,0.915060808710735,0.898328487556269
event68,hybrid_mask,near_pipe_60_100m,1041552,13.708340045675515,2.1620733737945557,8.719110488891602,-0.22674895823001862,2.1620733737945557,0.9513667573519886,0.9168585104092483
event68,hybrid_mask,near_pipe_100_infm,4254624,55.997043410691106,1.3641246557235718,6.420323848724365,-0.21165406703948975,1.3641248941421509,0.9749869921931434,0.9572710588680156
event68,hybrid_hydraulic,all_active,7597944,100.0,2.0546326637268066,9.576756477355957,-0.26159748435020447,2.0546326637268066,0.946700856675238,0.9332767633594183
event68,hybrid_hydraulic,target_wet_0p03m,1622214,21.35069697802458,7.1314215660095215,17.467103958129883,-2.8765718936920166,7.1314215660095215,0.9802097627070164,0.934233928136981
event68,hybrid_hydraulic,target_wet_0p15m,467690,6.155481009072981,10.78745174407959,25.98414421081543,-5.976511001586914,10.78745174407959,0.9996108533430264,0.9524236139323056
event68,hybrid_hydraulic,wet_either_0p03m,1791314,23.57629906195676,7.975032329559326,19.66733741760254,-1.2215981483459473,7.975031852722168,0.9482200338473245,0.9332767633594183
event68,hybrid_hydraulic,effect_abs_over_1mm,1990293,26.195152267508156,7.4179606437683105,18.667766571044922,-0.9384755492210388,7.4179606437683105,0.9383952086268613,0.9263855815252641
event68,hybrid_hydraulic,net_drainage_over_1mm,1214510,15.984719023988594,9.84097671508789,23.054073333740234,0.26726868748664856,9.84097671508789,0.9187927967444014,0.9088752921765434
event68,hybrid_hydraulic,positive_residual_over_1mm,775783,10.210433243519562,3.6246628761291504,7.873142242431641,-2.8261020183563232,3.6246628761291504,0.973563878516652,0.9549274730747681
event68,hybrid_hydraulic,effect_abs_over_5mm,1230065,16.18944546050879,11.040152549743652,23.556337356567383,-1.1673043966293335,11.040152549743652,0.920874697989366,0.9100094676373127
event68,hybrid_hydraulic,net_drainage_over_5mm,887449,11.680120306230211,12.88796329498291,26.89482879638672,0.4177897572517395,12.88796329498291,0.9015177013953579,0.894367756343614
event68,hybrid_hydraulic,positive_residual_over_5mm,342616,4.509325154278579,6.253926753997803,10.891709327697754,-5.273038387298584,6.253926753997803,0.9679039323536098,0.940996986917884
event68,hybrid_hydraulic,effect_abs_over_10mm,944501,12.431007651543629,13.429044723510742,26.666675567626953,-1.1545354127883911,13.429044723510742,0.9075923093592677,0.8929606013606112
event68,hybrid_hydraulic,net_drainage_over_10mm,754442,9.929554626883272,14.616202354431152,29.055105209350586,0.4679120182991028,14.616202354431152,0.8889304915981437,0.8767992048889862
event68,hybrid_hydraulic,positive_residual_over_10mm,190059,2.5014530246603557,8.716599464416504,13.521042823791504,-7.594864845275879,8.716599464416504,0.9710708260279863,0.9295403114580684
event68,hybrid_hydraulic,near_inlet_0_20m,163872,2.1567939958494033,5.39100980758667,27.072486877441406,2.4348413944244385,5.39100980758667,0.6579317305266194,0.5464841906559698
event68,hybrid_hydraulic,near_inlet_20_60m,1650312,21.72050754783136,3.314945936203003,13.128355979919434,-0.4585338234901428,3.314945936203003,0.9005621352994491,0.8798524588194303
event68,hybrid_hydraulic,near_inlet_60_100m,1296936,17.06956513498915,2.384568929672241,9.236359596252441,-0.528084933757782,2.384568929672241,0.9435419422398589,0.9084155982755957
event68,hybrid_hydraulic,near_inlet_100_infm,4486824,59.05313332133009,1.3738490343093872,6.3628926277160645,-0.21061423420906067,1.3738490343093872,0.9746231928637342,0.9552166673941919
event68,hybrid_hydraulic,near_pipe_0_20m,589536,7.759151686298293,4.299548625946045,20.835702896118164,0.07407169044017792,4.299548625946045,0.8342798701449635,0.8143465909090909
event68,hybrid_hydraulic,near_pipe_20_60m,1712232,22.53546485733509,2.921680450439453,10.526017189025879,-0.4154817461967468,2.921680450439453,0.9139605341037911,0.8972798131135021
event68,hybrid_hydraulic,near_pipe_60_100m,1041552,13.708340045675515,2.1912851333618164,8.703858375549316,-0.4214497208595276,2.1912851333618164,0.9518839776373739,0.9137284196547145
event68,hybrid_hydraulic,near_pipe_100_infm,4254624,55.997043410691106,1.3611807823181152,6.363574981689453,-0.20704719424247742,1.3611807823181152,0.975332303205161,0.9557426674965053
event68,hybrid_all,all_active,7597944,100.0,2.047645330429077,9.583806037902832,-0.19097669422626495,2.047645330429077,0.9471562157623208,0.9345512411143333
event68,hybrid_all,target_wet_0p03m,1622214,21.35069697802458,7.058807849884033,17.366592407226562,-2.574143648147583,7.058807849884033,0.9810992877635133,0.9355385031367182
event68,hybrid_all,target_wet_0p15m,467690,6.155481009072981,10.6428861618042,25.851381301879883,-5.7999114990234375,10.6428861618042,0.9996065770061365,0.9543436891958349
event68,hybrid_all,wet_either_0p03m,1791314,23.57629906195676,7.936159133911133,19.679899215698242,-0.9230100512504578,7.936159133911133,0.9485748309131524,0.9345512411143333
event68,hybrid_all,effect_abs_over_1mm,1990293,26.195152267508156,7.400717258453369,18.683372497558594,-0.6741930246353149,7.400716781616211,0.9388828984563639,0.9277336127516953
event68,hybrid_all,net_drainage_over_1mm,1214510,15.984719023988594,9.78325366973877,23.052541732788086,0.7359482049942017,9.78325366973877,0.9197610714163202,0.9115294386908508
event68,hybrid_all,positive_residual_over_1mm,775783,10.210433243519562,3.670788526535034,7.974481105804443,-2.8818087577819824,3.670788526535034,0.9732258551747712,0.954179844111861
event68,hybrid_all,effect_abs_over_5mm,1230065,16.18944546050879,11.031888961791992,23.575727462768555,-0.7664881348609924,11.031888961791992,0.9216121866074262,0.9110612640075154
event68,hybrid_all,net_drainage_over_5mm,887449,11.680120306230211,12.832429885864258,26.895326614379883,1.0215444564819336,12.832429885864258,0.9027797347916768,0.8967167966778654
event68,hybrid_all,positive_residual_over_5mm,342616,4.509325154278579,6.36810302734375,11.03814697265625,-5.397876739501953,6.36810302734375,0.9674218463668571,0.9395126694503232
event68,hybrid_all,effect_abs_over_10mm,944501,12.431007651543629,13.407852172851562,26.68804359436035,-0.6353595852851868,13.407852172851562,0.9086340028784181,0.894279626290772
event68,hybrid_all,net_drainage_over_10mm,754442,9.929554626883272,14.545117378234863,29.057157516479492,1.1580222845077515,14.545117378234863,0.8904420073759637,0.8796366836159193
event68,hybrid_all,positive_residual_over_10mm,190059,2.5014530246603557,8.89346981048584,13.711687088012695,-7.754216194152832,8.89346981048584,0.9705901812888712,0.9274671735085864
event68,hybrid_all,near_inlet_0_20m,163872,2.1567939958494033,4.969078063964844,26.68705940246582,0.963618814945221,4.969078063964844,0.6777786746307208,0.5406464250734574
event68,hybrid_all,near_inlet_20_60m,1650312,21.72050754783136,3.3390626907348633,13.20634651184082,-0.24820482730865479,3.3390626907348633,0.9003223977892723,0.8812383143966633
event68,hybrid_all,near_inlet_60_100m,1296936,17.06956513498915,2.3492648601531982,9.159028053283691,-0.30080631375312805,2.3492648601531982,0.9436903069877302,0.911622428805788
event68,hybrid_all,near_inlet_100_infm,4486824,59.05313332133009,1.3787617683410645,6.413084030151367,-0.18035000562667847,1.3787617683410645,0.9741818650844835,0.956022169714275
event68,hybrid_all,near_pipe_0_20m,589536,7.759151686298293,4.178565979003906,20.7275333404541,0.08625373989343643,4.178565979003906,0.8423274797103942,0.8189985342096553
event68,hybrid_all,near_pipe_20_60m,1712232,22.53546485733509,2.933948040008545,10.584734916687012,-0.29194891452789307,2.933948040008545,0.9143662648311816,0.8982735426008969
event68,hybrid_all,near_pipe_60_100m,1041552,13.708340045675515,2.1610500812530518,8.606932640075684,-0.2105761468410492,2.1610500812530518,0.9512556348123457,0.9171102157223632
event68,hybrid_all,near_pipe_100_infm,4254624,55.997043410691106,1.367931604385376,6.424262046813965,-0.18395748734474182,1.3679314851760864,0.9749116822602393,0.9564829264637369
event69,surface_matched,all_active,7597944,100.0,10.91150951385498,47.340023040771484,9.419600486755371,10.91150951385498,0.8855943776667409,0.63276641732022
event69,surface_matched,target_wet_0p03m,1576342,20.74695470248267,38.40264129638672,87.89305877685547,32.476890563964844,38.40264129638672,0.9790908318118784,0.6866657821848993
event69,surface_matched,target_wet_0p15m,433909,5.710873889041562,41.208580017089844,93.08151245117188,31.85420036315918,41.208580017089844,1.0,0.9661657167747154
event69,surface_matched,wet_either_0p03m,1742764,22.937310409237025,46.33230209350586,98.80093383789062,40.9724235534668,46.33230209350586,0.8855943776667409,0.63276641732022
event69,surface_matched,effect_abs_over_1mm,1891308,24.892365618909537,43.56139373779297,94.8838119506836,37.88570022583008,43.56139373779297,0.8635692217642073,0.5994069879172552
event69,surface_matched,net_drainage_over_1mm,1178778,15.514433904751074,65.3395004272461,119.77733612060547,65.3395004272461,65.3395004272461,0.8314307733186191,0.5059386223434044
event69,surface_matched,positive_residual_over_1mm,712530,9.377931714158462,7.532652854919434,12.751675605773926,-7.532652854919434,7.532652854919434,0.9312419746576033,0.8990724565343982
event69,surface_matched,effect_abs_over_5mm,1137602,14.972497823095301,70.82040405273438,122.32350158691406,63.187747955322266,70.82040405273438,0.8223396540016044,0.5185624535838301
event69,surface_matched,net_drainage_over_5mm,847254,11.1510956121814,89.96590423583984,141.27127075195312,89.96590423583984,89.96590423583984,0.7957986522972668,0.4461209738467925
event69,surface_matched,positive_residual_over_5mm,290348,3.8214022109138996,14.952631950378418,19.714326858520508,-14.952631950378418,14.952631950378418,0.9051910055343239,0.853010146561443
event69,surface_matched,effect_abs_over_10mm,867455,11.41697016982489,90.66526794433594,140.0235137939453,82.9178237915039,90.66526794433594,0.7975864243880463,0.45497114988640414
event69,surface_matched,net_drainage_over_10mm,715416,9.415915674029712,105.23633575439453,153.70663452148438,105.23633575439453,105.23633575439453,0.7735734974445047,0.39492411530804383
event69,surface_matched,positive_residual_over_10mm,152039,2.001054495795178,22.101421356201172,26.355379104614258,-22.101421356201172,22.101421356201172,0.9104656498482991,0.8166720831979201
event69,surface_matched,near_inlet_0_20m,163872,2.1567939958494033,39.47930145263672,105.4790267944336,39.42729949951172,39.47930145263672,0.42412407440852445,0.07618316705039652
event69,surface_matched,near_inlet_20_60m,1650312,21.72050754783136,21.8441104888916,71.00177764892578,21.033266067504883,21.8441104888916,0.8092541091903578,0.4016542362524347
event69,surface_matched,near_inlet_60_100m,1296936,17.06956513498915,13.580303192138672,53.87297058105469,12.276066780090332,13.580303192138672,0.87891958304999,0.5480945632232878
event69,surface_matched,near_inlet_100_infm,4486824,59.05313332133009,5.0755510330200195,26.372577667236328,3.2262990474700928,5.0755510330200195,0.943362795028794,0.8154731684107611
event69,surface_matched,near_pipe_0_20m,589536,7.759151686298293,29.560029983520508,88.4786148071289,29.028886795043945,29.560029983520508,0.6839812711045278,0.2611091131410487
event69,surface_matched,near_pipe_20_60m,1712232,22.53546485733509,18.532779693603516,63.51740646362305,17.566919326782227,18.532779693603516,0.8312136256298693,0.45250131527780957
event69,surface_matched,near_pipe_60_100m,1041552,13.708340045675515,12.04794692993164,50.3125114440918,10.621983528137207,12.04794692993164,0.8918142632088687,0.5913417597360618
event69,surface_matched,near_pipe_100_infm,4254624,55.997043410691106,4.982192039489746,25.963064193725586,3.129307746887207,4.982192039489746,0.9447903985588634,0.8187260033309889
event69,prior_only,all_active,7597944,100.0,2.669278860092163,12.013266563415527,1.8347901105880737,2.669278860092163,0.9389797302388667,0.8889408177339083
event69,prior_only,target_wet_0p03m,1576342,20.74695470248267,9.18188762664795,22.46117401123047,6.08190393447876,9.18188762664795,0.9881421671185567,0.8915779868501096
event69,prior_only,target_wet_0p15m,433909,5.710873889041562,10.099549293518066,24.408737182617188,4.672089576721191,10.099549293518066,0.9999677351702776,0.9862920566293855
event69,prior_only,wet_either_0p03m,1742764,22.937310409237025,10.981319427490234,25.042850494384766,8.02968978881836,10.981319427490234,0.9410196105913263,0.8889408177339083
event69,prior_only,effect_abs_over_1mm,1891308,24.892365618909537,10.336182594299316,24.043548583984375,7.45045280456543,10.336182594299316,0.9282240823437238,0.8755666050225467
event69,prior_only,net_drainage_over_1mm,1178778,15.514433904751074,15.007964134216309,30.165145874023438,12.952589988708496,15.007964134216309,0.9014992138786158,0.8285509683487481
event69,prior_only,positive_residual_over_1mm,712530,9.377931714158462,2.6073975563049316,5.39488410949707,-1.6520390510559082,2.6073975563049316,0.9792659701295183,0.966654472414531
event69,prior_only,effect_abs_over_5mm,1137602,14.972497823095301,16.28070068359375,30.88620948791504,12.567831039428711,16.28070068359375,0.9055733438601108,0.838433866027685
event69,prior_only,net_drainage_over_5mm,847254,11.1510956121814,20.31466293334961,35.52653121948242,18.052162170410156,20.31466293334961,0.8802258715525971,0.7930460683775615
event69,prior_only,positive_residual_over_5mm,290348,3.8214022109138996,4.509343147277832,7.394504547119141,-3.4358038902282715,4.509343147277832,0.9759944129008329,0.9551447631454819
event69,prior_only,effect_abs_over_10mm,867455,11.41697016982489,20.531932830810547,35.254005432128906,16.638032913208008,20.531932830810547,0.8879853008483851,0.8045438594415989
event69,prior_only,net_drainage_over_10mm,715416,9.415915674029712,23.559162139892578,38.60517883300781,21.279495239257812,23.559158325195312,0.8654675145475682,0.7585072837672322
event69,prior_only,positive_residual_over_10mm,152039,2.001054495795178,6.287379264831543,8.84130859375,-5.202258586883545,6.287379264831543,0.9813541616882984,0.9475806451612904
event69,prior_only,near_inlet_0_20m,163872,2.1567939958494033,6.629120349884033,19.815052032470703,5.579873561859131,6.629120349884033,0.6370768252173299,0.5060574593284873
event69,prior_only,near_inlet_20_60m,1650312,21.72050754783136,4.683122634887695,16.474843978881836,3.622953176498413,4.683122634887695,0.8824539783771422,0.8037138448834127
event69,prior_only,near_inlet_60_100m,1296936,17.06956513498915,3.3540456295013428,13.983199119567871,2.424180746078491,3.3540456295013428,0.9317023656626756,0.8405468760231009
event69,prior_only,near_inlet_100_infm,4486824,59.05313332133009,1.5860012769699097,8.584678649902344,0.8699332475662231,1.5860012769699097,0.9737050438689084,0.9297132944696657
event69,prior_only,near_pipe_0_20m,589536,7.759151686298293,5.639700889587402,18.461267471313477,4.574284553527832,5.639700889587402,0.8148985745614035,0.7368100402095772
event69,prior_only,near_pipe_20_60m,1712232,22.53546485733509,4.166238784790039,15.427855491638184,3.1403844356536865,4.166238784790039,0.8985945494098215,0.8206348064652028
event69,prior_only,near_pipe_60_100m,1041552,13.708340045675515,3.0199904441833496,13.041547775268555,2.134920597076416,3.0199904441833496,0.94072906078692,0.853318821376743
event69,prior_only,near_pipe_100_infm,4254624,55.997043410691106,1.569393515586853,8.548398971557617,0.8562988638877869,1.5693936347961426,0.9744535724006155,0.9316694248370427
event69,dynamic_no_prior,all_active,7597944,100.0,5.8250298500061035,21.215534210205078,0.292153000831604,5.8250298500061035,0.894877778180462,0.747717200374124
event69,dynamic_no_prior,target_wet_0p03m,1576342,20.74695470248267,20.736530303955078,38.04311752319336,-4.5353169441223145,20.736530303955078,0.9711756712693058,0.7640100866690682
event69,dynamic_no_prior,target_wet_0p15m,433909,5.710873889041562,33.80370330810547,54.38653564453125,-22.584936141967773,33.80370330810547,0.9997372721008322,0.8309207691013554
event69,dynamic_no_prior,wet_either_0p03m,1742764,22.937310409237025,23.886184692382812,44.21344757080078,1.0082428455352783,23.886184692382812,0.895290689276255,0.747717200374124
event69,dynamic_no_prior,effect_abs_over_1mm,1891308,24.892365618909537,21.518436431884766,41.98000717163086,2.3280587196350098,21.518436431884766,0.8771830270178708,0.7369239173502953
event69,dynamic_no_prior,net_drainage_over_1mm,1178778,15.514433904751074,25.90972328186035,49.153907775878906,12.328744888305664,25.90972328186035,0.8549363033865595,0.71157858936979
event69,dynamic_no_prior,positive_residual_over_1mm,712530,9.377931714158462,14.253686904907227,26.090740203857422,-14.216632843017578,14.253686904907227,0.9224955739314206,0.7865194243407371
event69,dynamic_no_prior,effect_abs_over_5mm,1137602,14.972497823095301,31.165863037109375,52.581398010253906,7.778807163238525,31.165863037109375,0.8424623444403023,0.6964912500234626
event69,dynamic_no_prior,net_drainage_over_5mm,847254,11.1510956121814,33.35296630859375,57.14458465576172,18.920703887939453,33.35296630859375,0.8239597972941707,0.6781406143108271
event69,dynamic_no_prior,positive_residual_over_5mm,290348,3.8214022109138996,24.783740997314453,36.10719299316406,-24.733959197998047,24.783740997314453,0.897942112753668,0.7442728297632469
event69,dynamic_no_prior,effect_abs_over_10mm,867455,11.41697016982489,37.16210174560547,59.117645263671875,12.901779174804688,37.16210174560547,0.8227342385198467,0.6563189090283533
event69,dynamic_no_prior,net_drainage_over_10mm,715416,9.415915674029712,37.688289642333984,61.66535949707031,23.006319046020508,37.688289642333984,0.8047929751814135,0.6402703982865852
event69,dynamic_no_prior,positive_residual_over_10mm,152039,2.001054495795178,34.68613815307617,45.24295425415039,-34.6448860168457,34.68613815307617,0.9033360500236284,0.7069710757231069
event69,dynamic_no_prior,near_inlet_0_20m,163872,2.1567939958494033,21.46657371520996,61.575443267822266,20.712074279785156,21.46657371520996,0.43646305556853765,0.1310442247093339
event69,dynamic_no_prior,near_inlet_20_60m,1650312,21.72050754783136,8.62007999420166,27.25548553466797,4.653862476348877,8.62007999420166,0.828985058265615,0.6462813482038327
event69,dynamic_no_prior,near_inlet_60_100m,1296936,17.06956513498915,5.82732629776001,19.72584342956543,0.9821755886077881,5.82732629776001,0.8975868595376504,0.6991638261610567
event69,dynamic_no_prior,near_inlet_100_infm,4486824,59.05313332133009,4.225034236907959,15.427486419677734,-2.257390022277832,4.225034236907959,0.9436645744919879,0.8116048610371632
event69,dynamic_no_prior,near_pipe_0_20m,589536,7.759151686298293,13.236468315124512,42.9421272277832,10.729650497436523,13.236468315124512,0.7013784128505112,0.4645871999042088
event69,dynamic_no_prior,near_pipe_20_60m,1712232,22.53546485733509,7.446826934814453,23.46764373779297,3.191131591796875,7.446826934814453,0.8512778468980958,0.6812119629622191
event69,dynamic_no_prior,near_pipe_60_100m,1041552,13.708340045675515,5.496854305267334,19.019756317138672,0.35001274943351746,5.496854305267334,0.9081363149563295,0.6982920676746092
event69,dynamic_no_prior,near_pipe_100_infm,4254624,55.997043410691106,4.225735664367676,15.429875373840332,-2.3349344730377197,4.225735664367676,0.9445772586051971,0.8144709973725843
event69,hybrid_dynamic,all_active,7597944,100.0,1.960532307624817,8.92672348022461,0.008489684201776981,1.960532307624817,0.9437694380838271,0.9323021561593736
event69,hybrid_dynamic,target_wet_0p03m,1576342,20.74695470248267,6.815468788146973,16.64497184753418,-1.9294211864471436,6.815468788146973,0.9838930891900362,0.9329685517235139
event69,hybrid_dynamic,target_wet_0p15m,433909,5.710873889041562,10.208320617675781,24.731346130371094,-5.649548530578613,10.208320617675781,0.9996335637195818,0.9505610623425649
event69,hybrid_dynamic,wet_either_0p03m,1742764,22.937310409237025,7.907289981842041,18.59170150756836,-0.11995260417461395,7.907289981842041,0.9460947222018886,0.9323021561593736
event69,hybrid_dynamic,effect_abs_over_1mm,1891308,24.892365618909537,7.457306861877441,17.834514617919922,0.10176131129264832,7.457306861877441,0.9338096265182494,0.9245857961379774
event69,hybrid_dynamic,net_drainage_over_1mm,1178778,15.514433904751074,10.336721420288086,22.016746520996094,0.8943917155265808,10.336721420288086,0.9093046496530695,0.900145642549201
event69,hybrid_dynamic,positive_residual_over_1mm,712530,9.377931714158462,2.693732261657715,6.507148265838623,-1.2095311880111694,2.693732261657715,0.979708175929199,0.9650442356302891
event69,hybrid_dynamic,effect_abs_over_5mm,1137602,14.972497823095301,11.425376892089844,22.769807815551758,0.39116600155830383,11.425376892089844,0.9127944795269015,0.9029171787824604
event69,hybrid_dynamic,net_drainage_over_5mm,847254,11.1510956121814,13.780957221984863,25.885683059692383,1.3225301504135132,13.780957221984863,0.8888622517845649,0.8785518526928338
event69,hybrid_dynamic,positive_residual_over_5mm,290348,3.8214022109138996,4.551639556884766,8.72196102142334,-2.3266141414642334,4.551639556884766,0.9776129387690855,0.954357956699146
event69,hybrid_dynamic,effect_abs_over_10mm,867455,11.41697016982489,14.118232727050781,25.83759307861328,0.7517400979995728,14.118232727050781,0.8960898606152863,0.883457178197104
event69,hybrid_dynamic,net_drainage_over_10mm,715416,9.415915674029712,15.793416976928711,28.06521224975586,1.6304104328155518,15.793416976928711,0.8742179075922539,0.8576770441775484
event69,hybrid_dynamic,positive_residual_over_10mm,152039,2.001054495795178,6.23569393157959,10.127753257751465,-3.3828227519989014,6.235694408416748,0.9843019372077488,0.9465935334872979
event69,hybrid_dynamic,near_inlet_0_20m,163872,2.1567939958494033,6.194502830505371,21.675743103027344,4.129269123077393,6.194502830505371,0.5671512467507461,0.5724867724867725
event69,hybrid_dynamic,near_inlet_20_60m,1650312,21.72050754783136,3.4249556064605713,12.517162322998047,0.4636743366718292,3.4249556064605713,0.8899053749597683,0.8786101839083422
event69,hybrid_dynamic,near_inlet_60_100m,1296936,17.06956513498915,2.264133930206299,9.293132781982422,-0.06756958365440369,2.264133930206299,0.9463195488456462,0.909868608326966
event69,hybrid_dynamic,near_inlet_100_infm,4486824,59.05313332133009,1.1795036792755127,5.9319634437561035,-0.2874508202075958,1.1795036792755127,0.9777236908282215,0.9537202416122792
event69,hybrid_dynamic,near_pipe_0_20m,589536,7.759151686298293,4.543431282043457,16.80417823791504,1.718874454498291,4.543431282043457,0.7981038456052906,0.8249367728882144
event69,hybrid_dynamic,near_pipe_20_60m,1712232,22.53546485733509,2.981431484222412,11.076892852783203,0.2442406564950943,2.981431484222412,0.9085229191612171,0.8957611207394569
event69,hybrid_dynamic,near_pipe_60_100m,1041552,13.708340045675515,2.0637714862823486,8.75415325164795,-0.06999555230140686,2.0637714862823486,0.9540725636649748,0.9113415976982915
event69,hybrid_dynamic,near_pipe_100_infm,4254624,55.997043410691106,1.1665117740631104,5.91928243637085,-0.3041694760322571,1.1665117740631104,0.9782968462394889,0.9546820221505915
event69,hybrid_mask,all_active,7597944,100.0,1.9197437763214111,8.66638469696045,0.055749304592609406,1.9197437763214111,0.9457567211606679,0.9327844199998647
event69,hybrid_mask,target_wet_0p03m,1576342,20.74695470248267,6.700214862823486,16.381004333496094,-1.6201801300048828,6.700214862823486,0.9835073860875369,0.9334810429320506
event69,hybrid_mask,target_wet_0p15m,433909,5.710873889041562,9.896662712097168,23.79558753967285,-5.134778022766113,9.896662712097168,0.9996934841176376,0.9534948572166053
event69,hybrid_mask,wet_either_0p03m,1742764,22.937310409237025,7.674673557281494,18.044767379760742,0.023816775530576706,7.674673557281494,0.9481147710413372,0.9327844199998647
event69,hybrid_mask,effect_abs_over_1mm,1891308,24.892365618909537,7.258277893066406,17.312719345092773,0.2245049923658371,7.2582783699035645,0.9361428449278972,0.9250454586487498
event69,hybrid_mask,net_drainage_over_1mm,1178778,15.514433904751074,10.020174026489258,21.35860252380371,1.084586262702942,10.020174026489258,0.9126554196387364,0.9006884247998117
event69,hybrid_mask,positive_residual_over_1mm,712530,9.377931714158462,2.6891207695007324,6.394557952880859,-1.1983752250671387,2.6891207695007324,0.9799268712879299,0.9655624862607166
event69,hybrid_mask,effect_abs_over_5mm,1137602,14.972497823095301,11.111336708068848,22.10717010498047,0.5448062419891357,11.111336708068848,0.9158427717413903,0.9031989776978212
event69,hybrid_mask,net_drainage_over_5mm,847254,11.1510956121814,13.357540130615234,25.113346099853516,1.5394718647003174,13.357540130615234,0.892847324984939,0.8788432459677419
event69,hybrid_mask,positive_residual_over_5mm,290348,3.8214022109138996,4.556777000427246,8.631264686584473,-2.357691526412964,4.556777000427246,0.9777475112089089,0.95492150566408
event69,hybrid_mask,effect_abs_over_10mm,867455,11.41697016982489,13.714055061340332,25.08736801147461,0.922349214553833,13.714055061340332,0.8999280489267298,0.8836536770897919
event69,hybrid_mask,net_drainage_over_10mm,715416,9.415915674029712,15.290590286254883,27.224363327026367,1.8425530195236206,15.290590286254883,0.8789799804471272,0.8578768014151189
event69,hybrid_mask,positive_residual_over_10mm,152039,2.001054495795178,6.295713424682617,10.166170120239258,-3.407649278640747,6.295713424682617,0.9837634452578626,0.9472207075728902
event69,hybrid_mask,near_inlet_0_20m,163872,2.1567939958494033,4.669234275817871,18.481666564941406,1.3017055988311768,4.669234275817871,0.6481518803659962,0.5469273743016759
event69,hybrid_mask,near_inlet_20_60m,1650312,21.72050754783136,3.3243916034698486,12.164423942565918,0.34430864453315735,3.3243918418884277,0.8917282443457366,0.8758214483210947
event69,hybrid_mask,near_inlet_60_100m,1296936,17.06956513498915,2.305384397506714,9.358972549438477,0.10511785745620728,2.305384397506714,0.944694818833314,0.9067579636796665
event69,hybrid_mask,near_inlet_100_infm,4486824,59.05313332133009,1.1912055015563965,5.913046836853027,-0.11016274988651276,1.1912055015563965,0.9761127410735689,0.955925259590181
event69,hybrid_mask,near_pipe_0_20m,589536,7.759151686298293,3.9749839305877686,15.271361351013184,0.6973640322685242,3.9749839305877686,0.8280568420219293,0.8221210415920601
event69,hybrid_mask,near_pipe_20_60m,1712232,22.53546485733509,2.930269241333008,10.906041145324707,0.20397678017616272,2.930269241333008,0.9094394124470873,0.8931227211667626
event69,hybrid_mask,near_pipe_60_100m,1041552,13.708340045675515,2.1298742294311523,8.845955848693848,0.1957234889268875,2.1298742294311523,0.9511913217252439,0.9078963570159545
event69,hybrid_mask,near_pipe_100_infm,4254624,55.997043410691106,1.1768453121185303,5.89806604385376,-0.1270742118358612,1.1768453121185303,0.9768109082059377,0.9570463507546578
event69,hybrid_hydraulic,all_active,7597944,100.0,1.951264500617981,8.747949600219727,0.019141651690006256,1.951264500617981,0.9443357166758193,0.931976627403895
event69,hybrid_hydraulic,target_wet_0p03m,1576342,20.74695470248267,6.808563709259033,16.581520080566406,-1.853000283241272,6.808563709259033,0.9828863279669006,0.9327155028324133
event69,hybrid_hydraulic,target_wet_0p15m,433909,5.710873889041562,10.08482551574707,24.239513397216797,-5.454460620880127,10.08482551574707,0.9996266498274984,0.9516811128600697
event69,hybrid_hydraulic,wet_either_0p03m,1742764,22.937310409237025,7.820961952209473,18.216257095336914,-0.1372920572757721,7.820961952209473,0.9467564274444576,0.931976627403895
event69,hybrid_hydraulic,effect_abs_over_1mm,1891308,24.892365618909537,7.37941837310791,17.473379135131836,0.0860990658402443,7.37941837310791,0.9345036154170653,0.924144377708115
event69,hybrid_hydraulic,net_drainage_over_1mm,1178778,15.514433904751074,10.206202507019043,21.54422378540039,0.8539373278617859,10.206202507019043,0.9102389650739844,0.8995915293027028
event69,hybrid_hydraulic,positive_residual_over_1mm,712530,9.377931714158462,2.7029120922088623,6.523041248321533,-1.1841784715652466,2.7029120922088623,0.9797942165176052,0.9648833680104925
event69,hybrid_hydraulic,effect_abs_over_5mm,1137602,14.972497823095301,11.295438766479492,22.297666549682617,0.366514652967453,11.295438766479492,0.9136082583940829,0.9022700461158975
event69,hybrid_hydraulic,net_drainage_over_5mm,847254,11.1510956121814,13.603135108947754,25.32843780517578,1.2752162218093872,13.603135108947754,0.8899229126304241,0.8777093531238487
event69,hybrid_hydraulic,positive_residual_over_5mm,290348,3.8214022109138996,4.561436653137207,8.716733932495117,-2.2851340770721436,4.561436653137207,0.9774778318921769,0.9542678850011144
event69,hybrid_hydraulic,effect_abs_over_10mm,867455,11.41697016982489,13.937642097473145,25.296184539794922,0.703853964805603,13.937642097473145,0.8971170198737617,0.882843830408679
event69,hybrid_hydraulic,net_drainage_over_10mm,715416,9.415915674029712,15.565678596496582,27.456636428833008,1.5669419765472412,15.565678596496582,0.8755226253027066,0.8569620831131897
event69,hybrid_hydraulic,positive_residual_over_10mm,152039,2.001054495795178,6.276952743530273,10.179137229919434,-3.357386827468872,6.276952743530273,0.9837739115027362,0.9464463180841856
event69,hybrid_hydraulic,near_inlet_0_20m,163872,2.1567939958494033,5.375225067138672,19.559619903564453,2.857948064804077,5.375225067138672,0.6066631411951349,0.5766304347826087
event69,hybrid_hydraulic,near_inlet_20_60m,1650312,21.72050754783136,3.3874619007110596,12.199753761291504,0.1999107450246811,3.3874616622924805,0.8902110003699037,0.8729510835275485
event69,hybrid_hydraulic,near_inlet_60_100m,1296936,17.06956513498915,2.319263219833374,9.475933074951172,-0.07939732074737549,2.319263219833374,0.9449280988089986,0.9046081640584129
event69,hybrid_hydraulic,near_inlet_100_infm,4486824,59.05313332133009,1.1915876865386963,5.909170627593994,-0.12254598736763,1.1915876865386963,0.976525044409497,0.9558037866096799
event69,hybrid_hydraulic,near_pipe_0_20m,589536,7.759151686298293,4.237227916717529,15.5916166305542,0.6903313398361206,4.237227916717529,0.8148067450528756,0.8118045228449823
event69,hybrid_hydraulic,near_pipe_20_60m,1712232,22.53546485733509,2.975562572479248,11.011578559875488,0.16445396840572357,2.975562572479248,0.9075249436096482,0.8919116676862547
event69,hybrid_hydraulic,near_pipe_60_100m,1041552,13.708340045675515,2.1306450366973877,8.875514030456543,0.025220962241292,2.1306450366973877,0.9513472160188915,0.907655028476423
event69,hybrid_hydraulic,near_pipe_100_infm,4254624,55.997043410691106,1.1783807277679443,5.907198905944824,-0.1338285654783249,1.1783807277679443,0.9772097334360726,0.9568593858508092
event69,hybrid_all,all_active,7597944,100.0,1.9361737966537476,8.704445838928223,0.007383605465292931,1.9361737966537476,0.9447403803216605,0.932007097107275
event69,hybrid_all,target_wet_0p03m,1576342,20.74695470248267,6.794119834899902,16.604703903198242,-1.8403156995773315,6.794119834899902,0.9824390899944302,0.9327199462120562
event69,hybrid_all,target_wet_0p15m,433909,5.710873889041562,10.109517097473145,24.25555992126465,-5.550689697265625,10.109517097473145,0.9996796563334709,0.9527389383488243
event69,hybrid_all,wet_either_0p03m,1742764,22.937310409237025,7.751852989196777,18.12429428100586,-0.17839887738227844,7.751852035522461,0.947000364451989,0.932007097107275
event69,hybrid_all,effect_abs_over_1mm,1891308,24.892365618909537,7.329116344451904,17.385765075683594,0.03820020332932472,7.329116344451904,0.9349267860355907,0.924074823914148
event69,hybrid_all,net_drainage_over_1mm,1178778,15.514433904751074,10.114795684814453,21.38030242919922,0.8679594993591309,10.114795684814453,0.9107815055413937,0.8996251372707681
event69,hybrid_all,positive_residual_over_1mm,712530,9.377931714158462,2.7206149101257324,6.788512229919434,-1.3345166444778442,2.7206149101257324,0.9799688944755737,0.964773391059341
event69,hybrid_all,effect_abs_over_5mm,1137602,14.972497823095301,11.235299110412598,22.165998458862305,0.26028749346733093,11.235299110412598,0.9139744601019038,0.90158143385239
event69,hybrid_all,net_drainage_over_5mm,847254,11.1510956121814,13.484896659851074,25.138227462768555,1.2359528541564941,13.484896659851074,0.8904486006442824,0.8771918778529828
event69,hybrid_all,positive_residual_over_5mm,290348,3.8214022109138996,4.670828819274902,9.003034591674805,-2.5867667198181152,4.670828819274902,0.9773514773514773,0.9534250853204256
event69,hybrid_all,effect_abs_over_10mm,867455,11.41697016982489,13.869034767150879,25.127323150634766,0.5697663426399231,13.869034767150879,0.8975439867719607,0.8817022299915832
event69,hybrid_all,net_drainage_over_10mm,715416,9.415915674029712,15.437742233276367,27.248619079589844,1.4891618490219116,15.437742233276367,0.8761585244419934,0.8560363369354032
event69,hybrid_all,positive_residual_over_10mm,152039,2.001054495795178,6.487521171569824,10.420248985290527,-3.7564284801483154,6.487521171569824,0.9831839405609898,0.9450602332333456
event69,hybrid_all,near_inlet_0_20m,163872,2.1567939958494033,4.626025676727295,18.182281494140625,1.2076878547668457,4.626025676727295,0.6476993184659434,0.5542505592841164
event69,hybrid_all,near_inlet_20_60m,1650312,21.72050754783136,3.355694055557251,12.109789848327637,0.23444384336471558,3.3556935787200928,0.8886994032492344,0.8751542257865516
event69,hybrid_all,near_inlet_60_100m,1296936,17.06956513498915,2.338989019393921,9.64728832244873,0.05066753923892975,2.338989019393921,0.9432938005959816,0.9059839237868413
event69,hybrid_all,near_inlet_100_infm,4486824,59.05313332133009,1.1993792057037354,5.948816776275635,-0.1324821263551712,1.1993792057037354,0.976034652682814,0.9550785922469127
event69,hybrid_all,near_pipe_0_20m,589536,7.759151686298293,4.025074005126953,15.291472434997559,0.4862847626209259,4.025074005126953,0.8257924832065731,0.8202471921637007
event69,hybrid_all,near_pipe_20_60m,1712232,22.53546485733509,2.9490644931793213,10.845118522644043,0.14951704442501068,2.9490644931793213,0.9066364718074694,0.893087336767701
event69,hybrid_all,near_pipe_60_100m,1041552,13.708340045675515,2.1530003547668457,9.103941917419434,0.14065799117088318,2.1530003547668457,0.9501049678921741,0.9072881475225225
event69,hybrid_all,near_pipe_100_infm,4254624,55.997043410691106,1.1860201358795166,5.93989372253418,-0.1488010585308075,1.186020016670227,0.9767547023186121,0.9560861291232027
event70,surface_matched,all_active,7597944,100.0,12.02267074584961,50.579551696777344,10.318779945373535,12.02267074584961,0.8846285505297501,0.6265384126071012
event70,surface_matched,target_wet_0p03m,1622383,21.352921263962987,41.6541748046875,92.980712890625,34.98707580566406,41.6541748046875,0.9780286159310101,0.6773336602298939
event70,surface_matched,target_wet_0p15m,470660,6.194570531185805,43.437686920166016,95.18707275390625,33.08415985107422,43.437686920166016,1.0,0.9626481961500871
event70,surface_matched,wet_either_0p03m,1793676,23.607386419273425,49.6735725402832,104.05608367919922,43.64317321777344,49.6735725402832,0.8846285505297501,0.6265384126071012
event70,surface_matched,effect_abs_over_1mm,1971064,25.94207064437432,46.08435821533203,99.30470275878906,39.819618225097656,46.08435821533203,0.8645791481694795,0.5956046262358241
event70,surface_matched,net_drainage_over_1mm,1215624,15.999380885144719,69.64415740966797,125.97526550292969,69.64415740966797,69.64415740966797,0.8325711035155579,0.5012984497656071
event70,surface_matched,positive_residual_over_1mm,755440,9.942689759229602,8.172849655151367,13.893882751464844,-8.172849655151367,8.172849655151367,0.9300093990247508,0.8918467565201735
event70,surface_matched,effect_abs_over_5mm,1214526,15.984929607272704,73.27948760986328,126.4900894165039,64.83724975585938,73.27948760986328,0.8265518760535261,0.5184675525490998
event70,surface_matched,net_drainage_over_5mm,888206,11.690083527859642,94.42987823486328,147.3676300048828,94.42987823486328,94.42987823486328,0.7995508915093599,0.4451349798201452
event70,surface_matched,positive_residual_over_5mm,326320,4.2948460794130625,15.710531234741211,20.91474151611328,-15.710531234741211,15.710531234741211,0.9056224473183128,0.8437832198118036
event70,surface_matched,effect_abs_over_10mm,933618,12.287771533983404,93.18539428710938,144.21481323242188,84.4781265258789,93.18539428710938,0.8023448211183508,0.45695537567067357
event70,surface_matched,net_drainage_over_10mm,756569,9.957549042214579,109.6197738647461,159.64541625976562,109.6197738647461,109.6197738647461,0.7778576395343233,0.3954968148202387
event70,surface_matched,positive_residual_over_10mm,177049,2.3302224917688257,22.957660675048828,27.60193634033203,-22.957660675048828,22.957660675048828,0.907313733244403,0.8080994017487345
event70,surface_matched,near_inlet_0_20m,163872,2.1567939958494033,42.81330108642578,113.06006622314453,42.75160598754883,42.81330108642578,0.4419158276366654,0.08012627083236619
event70,surface_matched,near_inlet_20_60m,1650312,21.72050754783136,24.010255813598633,75.82372283935547,23.09878158569336,24.010255813598633,0.812352748470828,0.39545089803156236
event70,surface_matched,near_inlet_60_100m,1296936,17.06956513498915,14.848897933959961,57.07539367675781,13.367874145507812,14.848897933959961,0.8757464210069666,0.5440510876072641
event70,surface_matched,near_inlet_100_infm,4486824,59.05313332133009,5.671984672546387,28.443986892700195,3.5522360801696777,5.671984672546387,0.9405245330611989,0.8101622129759698
event70,surface_matched,near_pipe_0_20m,589536,7.759151686298293,32.271087646484375,94.4647216796875,31.67188262939453,32.271087646484375,0.6926599351235335,0.25818747569039285
event70,surface_matched,near_pipe_20_60m,1712232,22.53546485733509,20.39912986755371,67.8614501953125,19.311439514160156,20.39912986755371,0.8316537097853943,0.4451624661528848
event70,surface_matched,near_pipe_60_100m,1041552,13.708340045675515,13.15477466583252,53.22509002685547,11.530838966369629,13.15477466583252,0.8889905138083983,0.5897014741510286
event70,surface_matched,near_pipe_100_infm,4254624,55.997043410691106,5.568809509277344,28.023494720458984,3.444293975830078,5.568809509277344,0.942043294192827,0.8139671196917261
event70,prior_only,all_active,7597944,100.0,3.778587579727173,16.043638229370117,2.82576584815979,3.778587579727173,0.9255386846537559,0.8535916546874106
event70,prior_only,target_wet_0p03m,1622383,21.352921263962987,12.544357299804688,28.851511001586914,8.869397163391113,12.544358253479004,0.9897126634093183,0.8615054820824277
event70,prior_only,target_wet_0p15m,470660,6.194570531185805,13.012863159179688,29.52997398376465,6.000091552734375,13.012863159179688,0.9999957506480261,0.982809246589895
event70,prior_only,wet_either_0p03m,1793676,23.607386419273425,15.310578346252441,32.9787712097168,11.938186645507812,15.310578346252441,0.9269578078509749,0.8535916546874106
event70,prior_only,effect_abs_over_1mm,1971064,25.94207064437432,14.245936393737793,31.48413848876953,10.955352783203125,14.245936393737793,0.9131573112457946,0.8374668859518217
event70,prior_only,net_drainage_over_1mm,1215624,15.999380885144719,21.01687240600586,39.734683990478516,19.459768295288086,21.01687240600586,0.8805087233751349,0.7775910087685479
event70,prior_only,positive_residual_over_1mm,755440,9.942689759229602,3.3504161834716797,6.761508941650391,-2.7296133041381836,3.3504161834716797,0.9757049526829034,0.9576036238969269
event70,prior_only,effect_abs_over_5mm,1214526,15.984929607272704,22.276403427124023,40.023677825927734,17.966312408447266,22.276403427124023,0.8864854804801668,0.7932596275693207
event70,prior_only,net_drainage_over_5mm,888206,11.690083527859642,28.25490951538086,46.4464225769043,26.54111099243164,28.25490951538086,0.855637224335391,0.7373449993349197
event70,prior_only,positive_residual_over_5mm,326320,4.2948460794130625,6.003584384918213,9.498703956604004,-5.373309135437012,6.003584384918213,0.970288469003875,0.9418725694308049
event70,prior_only,effect_abs_over_10mm,933618,12.287771533983404,28.065204620361328,45.54536437988281,23.53974151611328,28.065204620361328,0.8654647181648241,0.7522670179017664
event70,prior_only,net_drainage_over_10mm,756569,9.957549042214579,32.636566162109375,50.275089263916016,30.901668548583984,32.636566162109375,0.8380317022660853,0.6969796624837733
event70,prior_only,positive_residual_over_10mm,177049,2.3302224917688257,8.530763626098633,11.736189842224121,-7.919378757476807,8.530762672424316,0.9739957592178112,0.93014158232518
event70,prior_only,near_inlet_0_20m,163872,2.1567939958494033,9.915536880493164,28.9547061920166,9.122153282165527,9.915536880493164,0.586450540315877,0.3952403173121792
event70,prior_only,near_inlet_20_60m,1650312,21.72050754783136,6.885836601257324,22.648700714111328,5.913313388824463,6.885836601257324,0.8629522948009903,0.7365581515045679
event70,prior_only,near_inlet_60_100m,1296936,17.06956513498915,4.663944721221924,18.161346435546875,3.633345603942871,4.663944721221924,0.9162104873909627,0.7910975707162337
event70,prior_only,near_inlet_100_infm,4486824,59.05313332133009,2.155644655227661,11.010951042175293,1.2267292737960815,2.155644655227661,0.9669792032973773,0.9127240006799889
event70,prior_only,near_pipe_0_20m,589536,7.759151686298293,8.369078636169434,26.147424697875977,7.447949409484863,8.36907958984375,0.7832256095869511,0.6487308648436478
event70,prior_only,near_pipe_20_60m,1712232,22.53546485733509,6.060864448547363,20.83370590209961,5.0794477462768555,6.060864448547363,0.8795559781023802,0.7590489771486919
event70,prior_only,near_pipe_60_100m,1041552,13.708340045675515,4.166901588439941,16.943981170654297,3.1423745155334473,4.166901588439941,0.9280432166850496,0.8116338110234036
event70,prior_only,near_pipe_100_infm,4254624,55.997043410691106,2.1289710998535156,10.953094482421875,1.2008200883865356,2.1289710998535156,0.9678348008972132,0.9150928911407953
event70,dynamic_no_prior,all_active,7597944,100.0,6.309815883636475,22.53670883178711,-0.32667410373687744,6.309815883636475,0.895308638041613,0.7435675207193543
event70,dynamic_no_prior,target_wet_0p03m,1622383,21.352921263962987,22.40590476989746,40.29846954345703,-7.195290565490723,22.40590476989746,0.9698881213622185,0.7572681635129916
event70,dynamic_no_prior,target_wet_0p15m,470660,6.194570531185805,36.85076141357422,57.97333526611328,-26.55360984802246,36.85076141357422,0.9991650023371436,0.8166319636255471
event70,dynamic_no_prior,wet_either_0p03m,1793676,23.607386419273425,25.237178802490234,46.29924011230469,-1.5622634887695312,25.237178802490234,0.8956745464791298,0.7435675207193543
event70,dynamic_no_prior,effect_abs_over_1mm,1971064,25.94207064437432,22.36910629272461,43.57587432861328,0.05952731892466545,22.36910629272461,0.8793963736190211,0.7360014404220611
event70,dynamic_no_prior,net_drainage_over_1mm,1215624,15.999380885144719,26.274085998535156,50.42023849487305,10.081530570983887,26.274085998535156,0.8578773071253872,0.7205792616847672
event70,dynamic_no_prior,positive_residual_over_1mm,755440,9.942689759229602,16.085363388061523,29.3873233795166,-16.067481994628906,16.085363388061523,0.9218185834488022,0.7647150120749704
event70,dynamic_no_prior,effect_abs_over_5mm,1214526,15.984929607272704,31.463497161865234,53.65330505371094,4.301840782165527,31.463497161865234,0.8478826782521613,0.7014251604238173
event70,dynamic_no_prior,net_drainage_over_5mm,888206,11.690083527859642,33.05550003051758,57.92350387573242,15.844147682189941,33.05550003051758,0.8296958561425442,0.694412937096931
event70,dynamic_no_prior,positive_residual_over_5mm,326320,4.2948460794130625,27.130245208740234,39.77210235595703,-27.11500358581543,27.130245208740234,0.8988540162518758,0.7184633253277688
event70,dynamic_no_prior,effect_abs_over_10mm,933618,12.287771533983404,36.97019577026367,59.882328033447266,8.669541358947754,36.97019577026367,0.8288298651050925,0.667246295918623
event70,dynamic_no_prior,net_drainage_over_10mm,756569,9.957549042214579,36.849891662597656,62.08742904663086,19.46883201599121,36.849891662597656,0.8112040668413264,0.6599528347290403
event70,dynamic_no_prior,positive_residual_over_10mm,177049,2.3302224917688257,37.48427963256836,49.36182403564453,-37.478187561035156,37.48427963256836,0.9007442997031064,0.6883794223877059
event70,dynamic_no_prior,near_inlet_0_20m,163872,2.1567939958494033,22.11482048034668,65.60572052001953,21.247087478637695,22.11482048034668,0.4583931623931624,0.15135526588040554
event70,dynamic_no_prior,near_inlet_20_60m,1650312,21.72050754783136,8.74334716796875,27.679767608642578,4.14096212387085,8.74334716796875,0.8347649107480989,0.66176769387064
event70,dynamic_no_prior,near_inlet_60_100m,1296936,17.06956513498915,6.105661392211914,20.40509033203125,0.19910453259944916,6.105661392211914,0.8951907000013165,0.7078000910516465
event70,dynamic_no_prior,near_inlet_100_infm,4486824,59.05313332133009,4.8964972496032715,17.341266632080078,-2.909844160079956,4.8964972496032715,0.9415242175423263,0.7959274778255663
event70,dynamic_no_prior,near_pipe_0_20m,589536,7.759151686298293,13.471697807312012,44.93920135498047,10.501712799072266,13.471697807312012,0.7134289686552073,0.4912469853879983
event70,dynamic_no_prior,near_pipe_20_60m,1712232,22.53546485733509,7.612081050872803,23.77975845336914,2.5942304134368896,7.612081050872803,0.8541312748520544,0.6929931223163734
event70,dynamic_no_prior,near_pipe_60_100m,1041552,13.708340045675515,5.846232891082764,19.901208877563477,-0.43568891286849976,5.846232891082764,0.9055897621634673,0.7037003294917931
event70,dynamic_no_prior,near_pipe_100_infm,4254624,55.997043410691106,4.906842231750488,17.397031784057617,-2.9758965969085693,4.906842231750488,0.9425465721700724,0.7978044413530154
event70,hybrid_dynamic,all_active,7597944,100.0,2.045358657836914,9.432036399841309,-0.06189008057117462,2.045358657836914,0.947099869373621,0.9354104338750621
event70,hybrid_dynamic,target_wet_0p03m,1622383,21.352921263962987,6.904058933258057,17.220125198364258,-2.2911019325256348,6.904058933258057,0.9858640037525048,0.9364111081279645
event70,hybrid_dynamic,target_wet_0p15m,470660,6.194570531185805,10.59215259552002,26.10252571105957,-5.982200622558594,10.592150688171387,0.9995325712828793,0.9559427187353928
event70,hybrid_dynamic,wet_either_0p03m,1793676,23.607386419273425,7.986893177032471,19.359630584716797,-0.41448745131492615,7.986893177032471,0.948632253457473,0.9354104338750621
event70,hybrid_dynamic,effect_abs_over_1mm,1971064,25.94207064437432,7.460941791534424,18.48273468017578,-0.14607089757919312,7.46094274520874,0.9386331385021485,0.9290316659449893
event70,hybrid_dynamic,net_drainage_over_1mm,1215624,15.999380885144719,10.061922073364258,22.7684326171875,1.2379075288772583,10.061922073364258,0.9171025865371842,0.9110974185769654
event70,hybrid_dynamic,positive_residual_over_1mm,755440,9.942689759229602,3.2755484580993652,7.558306694030762,-2.3731138706207275,3.2755484580993652,0.9778669093891595,0.9581345397761991
event70,hybrid_dynamic,effect_abs_over_5mm,1214526,15.984929607272704,11.180057525634766,23.318607330322266,0.09621821343898773,11.180057525634766,0.9203407952617466,0.9125628914179068
event70,hybrid_dynamic,net_drainage_over_5mm,888206,11.690083527859642,13.206732749938965,26.539628982543945,1.7875114679336548,13.206732749938965,0.8993630221215094,0.8973199593629717
event70,hybrid_dynamic,positive_residual_over_5mm,326320,4.2948460794130625,5.663675785064697,10.326560974121094,-4.507290363311768,5.663675785064697,0.9738821629208531,0.943837707709471
event70,hybrid_dynamic,effect_abs_over_10mm,933618,12.287771533983404,13.665971755981445,26.347156524658203,0.42275935411453247,13.665971755981445,0.9059088167286619,0.8951223833125276
event70,hybrid_dynamic,net_drainage_over_10mm,756569,9.957549042214579,15.004450798034668,28.638256072998047,2.0537192821502686,15.004450798034668,0.8864774624373957,0.8789854477655695
event70,hybrid_dynamic,positive_residual_over_10mm,177049,2.3302224917688257,7.946357250213623,12.483793258666992,-6.546688079833984,7.946357250213623,0.9775389417272754,0.9332621980793482
event70,hybrid_dynamic,near_inlet_0_20m,163872,2.1567939958494033,6.12322998046875,24.70638084411621,3.9117751121520996,6.12322998046875,0.6189574372472235,0.5641361256544503
event70,hybrid_dynamic,near_inlet_20_60m,1650312,21.72050754783136,3.3850948810577393,13.066104888916016,0.25199416279792786,3.3850948810577393,0.9006527287373802,0.8902991947481522
event70,hybrid_dynamic,near_inlet_60_100m,1296936,17.06956513498915,2.324124574661255,9.550028800964355,-0.25315234065055847,2.324124574661255,0.9470498776146354,0.912223801703079
event70,hybrid_dynamic,near_inlet_100_infm,4486824,59.05313332133009,1.3230719566345215,6.260910987854004,-0.2671855390071869,1.3230719566345215,0.9768003157487979,0.9551637702613607
event70,hybrid_dynamic,near_pipe_0_20m,589536,7.759151686298293,4.492944717407227,18.614673614501953,1.5059927701950073,4.492944717407227,0.8212364107433333,0.8323509252912954
event70,hybrid_dynamic,near_pipe_20_60m,1712232,22.53546485733509,2.972720146179199,11.383729934692383,0.053461719304323196,2.972720146179199,0.9159818511435174,0.9041936055265255
event70,hybrid_dynamic,near_pipe_60_100m,1041552,13.708340045675515,2.125262498855591,8.918927192687988,-0.2735576331615448,2.125262498855591,0.9545550824561783,0.9155035588644359
event70,hybrid_dynamic,near_pipe_100_infm,4254624,55.997043410691106,1.3134440183639526,6.26361083984375,-0.273746520280838,1.3134440183639526,0.9773940188386799,0.9558607957407943
event70,hybrid_mask,all_active,7597944,100.0,2.0114333629608154,9.196560859680176,-0.04044315591454506,2.0114333629608154,0.9481139019884407,0.9374016868816794
event70,hybrid_mask,target_wet_0p03m,1622383,21.352921263962987,6.820425033569336,17.047157287597656,-2.1071510314941406,6.820424556732178,0.9844358576242478,0.938275148452043
event70,hybrid_mask,target_wet_0p15m,470660,6.194570531185805,10.509137153625488,25.819849014282227,-5.678203105926514,10.509137153625488,0.9995240725789317,0.9584795818637658
event70,hybrid_mask,wet_either_0p03m,1793676,23.607386419273425,7.797286033630371,18.871116638183594,-0.38943037390708923,7.797286033630371,0.9496546266120348,0.9374016868816794
event70,hybrid_mask,effect_abs_over_1mm,1971064,25.94207064437432,7.337048053741455,18.0221004486084,-0.13985227048397064,7.337048053741455,0.9396996286418587,0.930592075863983
event70,hybrid_mask,net_drainage_over_1mm,1215624,15.999380885144719,9.858708381652832,22.173681259155273,1.2375661134719849,9.858708381652832,0.9186278803228543,0.913638523079262
event70,hybrid_mask,positive_residual_over_1mm,755440,9.942689759229602,3.279291868209839,7.5010600090026855,-2.3563392162323,3.279291868209839,0.9779104656745079,0.9581160877908519
event70,hybrid_mask,effect_abs_over_5mm,1214526,15.984929607272704,10.984654426574707,22.73019027709961,0.05197858065366745,10.984654426574707,0.9218633303784833,0.9143846042911853
event70,hybrid_mask,net_drainage_over_5mm,888206,11.690083527859642,12.937870979309082,25.844335556030273,1.6955609321594238,12.937870979309082,0.901207188066608,0.8998984684465672
event70,hybrid_mask,positive_residual_over_5mm,326320,4.2948460794130625,5.668222427368164,10.243391990661621,-4.421666145324707,5.668222427368164,0.9742314376460718,0.9441064861904389
event70,hybrid_mask,effect_abs_over_10mm,933618,12.287771533983404,13.386529922485352,25.66748046875,0.34502795338630676,13.386529922485352,0.9079807483278649,0.8978483994793983
event70,hybrid_mask,net_drainage_over_10mm,756569,9.957549042214579,14.659777641296387,27.8789005279541,1.919561743736267,14.659777641296387,0.8887361620349655,0.8826640089112974
event70,hybrid_mask,positive_residual_over_10mm,177049,2.3302224917688257,7.945662498474121,12.361743927001953,-6.383298397064209,7.945662498474121,0.9783527362188504,0.9337080829618143
event70,hybrid_mask,near_inlet_0_20m,163872,2.1567939958494033,4.86814022064209,22.016817092895508,0.8890529870986938,4.86814022064209,0.6794245061801996,0.5591346153846154
event70,hybrid_mask,near_inlet_20_60m,1650312,21.72050754783136,3.3263609409332275,12.748486518859863,-0.024259254336357117,3.3263609409332275,0.9006465006827813,0.8884770690002249
event70,hybrid_mask,near_inlet_60_100m,1296936,17.06956513498915,2.3478689193725586,9.634441375732422,-0.0677923634648323,2.3478684425354004,0.9454000958313369,0.916637960730279
event70,hybrid_mask,near_inlet_100_infm,4486824,59.05313332133009,1.3262027502059937,6.237639904022217,-0.0724383220076561,1.3262027502059937,0.9753156018464602,0.9573476046054653
event70,hybrid_mask,near_pipe_0_20m,589536,7.759151686298293,4.065723896026611,17.263017654418945,0.24035368859767914,4.065723896026611,0.8405300416372673,0.8348850200167582
event70,hybrid_mask,near_pipe_20_60m,1712232,22.53546485733509,2.9464612007141113,11.319705963134766,-0.07485642284154892,2.9464612007141113,0.9163727519892245,0.9037724139459627
event70,hybrid_mask,near_pipe_60_100m,1041552,13.708340045675515,2.1466856002807617,8.849175453186035,0.020525965839624405,2.1466856002807617,0.9521199003412323,0.9192181029704262
event70,hybrid_mask,near_pipe_100_infm,4254624,55.997043410691106,1.317380428314209,6.245570659637451,-0.0804276093840599,1.3173803091049194,0.9759471820372085,0.958012777873318
event70,hybrid_hydraulic,all_active,7597944,100.0,2.037686586380005,9.268352508544922,-0.048071976751089096,2.037686586380005,0.9473147166016748,0.9368908721535912
event70,hybrid_hydraulic,target_wet_0p03m,1622383,21.352921263962987,6.895483493804932,17.16666030883789,-2.2253780364990234,6.895483493804932,0.984822326170824,0.9378269186338157
event70,hybrid_hydraulic,target_wet_0p15m,470660,6.194570531185805,10.675228118896484,26.128971099853516,-5.962706565856934,10.675227165222168,0.9995304466068925,0.9573003866910296
event70,hybrid_hydraulic,wet_either_0p03m,1793676,23.607386419273425,7.921091079711914,19.022764205932617,-0.4222469925880432,7.921091079711914,0.9488894299865781,0.9368908721535912
event70,hybrid_hydraulic,effect_abs_over_1mm,1971064,25.94207064437432,7.426053047180176,18.16184425354004,-0.16047303378582,7.426053047180176,0.9388166601348397,0.9302882804850493
event70,hybrid_hydraulic,net_drainage_over_1mm,1215624,15.999380885144719,9.98873519897461,22.278446197509766,1.2092665433883667,9.98873519897461,0.9171095948761581,0.9130236239649294
event70,hybrid_hydraulic,positive_residual_over_1mm,755440,9.942689759229602,3.3022875785827637,7.871792793273926,-2.3646035194396973,3.3022875785827637,0.9782638698592462,0.9582798617966436
event70,hybrid_hydraulic,effect_abs_over_5mm,1214526,15.984929607272704,11.109254837036133,22.869173049926758,0.02276105247437954,11.109254837036133,0.9207051395609448,0.9141801219719548
event70,hybrid_hydraulic,net_drainage_over_5mm,888206,11.690083527859642,13.091864585876465,25.958480834960938,1.6777441501617432,13.091864585876465,0.8995702762628595,0.8996352455885723
event70,hybrid_hydraulic,positive_residual_over_5mm,326320,4.2948460794130625,5.712812900543213,10.602821350097656,-4.481915473937988,5.712812900543213,0.9744423251173171,0.943973399833749
event70,hybrid_hydraulic,effect_abs_over_10mm,933618,12.287771533983404,13.550065994262695,25.794286727905273,0.3294534385204315,13.550065994262695,0.9063937187348717,0.8974773422617329
event70,hybrid_hydraulic,net_drainage_over_10mm,756569,9.957549042214579,14.840170860290527,27.995134353637695,1.9310275316238403,14.840170860290527,0.8868902478150947,0.8822382599402206
event70,hybrid_hydraulic,positive_residual_over_10mm,177049,2.3302224917688257,8.037172317504883,12.628192901611328,-6.5144219398498535,8.037172317504883,0.9779744241910414,0.9334062495673483
event70,hybrid_hydraulic,near_inlet_0_20m,163872,2.1567939958494033,5.34781551361084,22.766340255737305,2.467942237854004,5.34781551361084,0.662156827561457,0.5627306273062731
event70,hybrid_hydraulic,near_inlet_20_60m,1650312,21.72050754783136,3.3685309886932373,12.812309265136719,-0.06520826369524002,3.3685309886932373,0.8998167302354777,0.8877766444481343
event70,hybrid_hydraulic,near_inlet_60_100m,1296936,17.06956513498915,2.3687195777893066,9.7577543258667,-0.22287264466285706,2.3687195777893066,0.9456986740892076,0.913326694880093
event70,hybrid_hydraulic,near_inlet_100_infm,4486824,59.05313332133009,1.3316024541854858,6.2157673835754395,-0.08313436061143875,1.3316024541854858,0.9754067359408541,0.9575537446643384
event70,hybrid_hydraulic,near_pipe_0_20m,589536,7.759151686298293,4.251999855041504,17.724014282226562,0.263156920671463,4.251999855041504,0.8376437224499861,0.8217151922359089
event70,hybrid_hydraulic,near_pipe_20_60m,1712232,22.53546485733509,2.97799015045166,11.317156791687012,-0.012515823356807232,2.97799015045166,0.9139683660078737,0.9048015080949212
event70,hybrid_hydraulic,near_pipe_60_100m,1041552,13.708340045675515,2.1632165908813477,8.944138526916504,-0.1331220418214798,2.1632165908813477,0.9526639202978489,0.9168330442182437
event70,hybrid_hydraulic,near_pipe_100_infm,4254624,55.997043410691106,1.3217170238494873,6.224881649017334,-0.08468552678823471,1.3217170238494873,0.9759420406118995,0.9582666818085952
event70,hybrid_all,all_active,7597944,100.0,2.0126914978027344,9.229939460754395,-0.03050268068909645,2.0126914978027344,0.9481377982410478,0.9374936356891848
event70,hybrid_all,target_wet_0p03m,1622383,21.352921263962987,6.829821586608887,17.127416610717773,-2.062804937362671,6.829821586608887,0.9845874864319955,0.9384472967069543
event70,hybrid_all,target_wet_0p15m,470660,6.194570531185805,10.609872817993164,26.066007614135742,-5.688966274261475,10.609872817993164,0.9995283219309056,0.9584859558917265
event70,hybrid_all,wet_either_0p03m,1793676,23.607386419273425,7.804935455322266,18.940868377685547,-0.35013526678085327,7.804935455322266,0.9496399712737978,0.9374936356891848
event70,hybrid_all,effect_abs_over_1mm,1971064,25.94207064437432,7.349786758422852,18.0882511138916,-0.10537585616111755,7.349786758422852,0.9397167431217117,0.9306715968537127
event70,hybrid_all,net_drainage_over_1mm,1215624,15.999380885144719,9.890152931213379,22.23224449157715,1.2780338525772095,9.890152931213379,0.9185796851169976,0.9135106985513527
event70,hybrid_all,positive_residual_over_1mm,755440,9.942689759229602,3.2619316577911377,7.6363444328308105,-2.3315038681030273,3.2619316577911377,0.9780594363627635,0.9585284734948755
event70,hybrid_all,effect_abs_over_5mm,1214526,15.984929607272704,10.996785163879395,22.79681968688965,0.08051083236932755,10.996785163879395,0.9218644545973843,0.9145956411497518
event70,hybrid_all,net_drainage_over_5mm,888206,11.690083527859642,12.960941314697266,25.909582138061523,1.7345123291015625,12.960941314697266,0.9012056197391392,0.9001425717269298
event70,hybrid_all,positive_residual_over_5mm,326320,4.2948460794130625,5.650571823120117,10.345325469970703,-4.421494007110596,5.650571823120117,0.9742665853426362,0.9442412268690583
event70,hybrid_all,effect_abs_over_10mm,933618,12.287771533983404,13.40543270111084,25.73239517211914,0.3762127161026001,13.40543270111084,0.9079557012805691,0.8980628522461356
event70,hybrid_all,net_drainage_over_10mm,756569,9.957549042214579,14.68237590789795,27.94510269165039,1.964504599571228,14.68237590789795,0.8888261433365833,0.8829573846641096
event70,hybrid_all,positive_residual_over_10mm,177049,2.3302224917688257,7.948777675628662,12.43439769744873,-6.410905361175537,7.948777675628662,0.9779441628847411,0.933721928391438
event70,hybrid_all,near_inlet_0_20m,163872,2.1567939958494033,4.848456382751465,22.07547378540039,0.7949185967445374,4.848456382751465,0.682295618834618,0.5486077186126038
event70,hybrid_all,near_inlet_20_60m,1650312,21.72050754783136,3.3318636417388916,12.782163619995117,-0.01391163282096386,3.3318636417388916,0.9003748184433833,0.8899645696816011
event70,hybrid_all,near_inlet_60_100m,1296936,17.06956513498915,2.357954740524292,9.723931312561035,-0.06432004272937775,2.357954740524292,0.9452652902007214,0.9149217726928114
event70,hybrid_all,near_inlet_100_infm,4486824,59.05313332133009,1.324112892150879,6.2480549812316895,-0.05697684735059738,1.324112892150879,0.9754207598568968,0.9574943516150657
event70,hybrid_all,near_pipe_0_20m,589536,7.759151686298293,4.115680694580078,17.581958770751953,0.13147935271263123,4.115680694580078,0.8432297576671381,0.8262351732511442
event70,hybrid_all,near_pipe_20_60m,1712232,22.53546485733509,2.939002275466919,11.225412368774414,-0.03575477749109268,2.939002275466919,0.915355051472438,0.9062101681389446
event70,hybrid_all,near_pipe_60_100m,1041552,13.708340045675515,2.1506824493408203,8.91854476928711,0.026867151260375977,2.1506824493408203,0.952061571819449,0.9180442792396231
event70,hybrid_all,near_pipe_100_infm,4254624,55.997043410691106,1.3147281408309937,6.254547119140625,-0.06487825512886047,1.3147281408309937,0.9760585404363206,0.958251142026578
