event,model,reference,active_cells,n_cell_times,mae_mm,rmse_mm,bias_mm,csi_0p03,csi_0p15,peak_map_mae_mm,global_peak_bias_mm,global_peak_abs_error_mm,top0p1_peak_map_mae_mm,target_peak_p99p9_mm,final_volume_bias_m3,final_volume_abs_error_m3,residual_mae_mm,seed,mean_abs_volume_error_m3,max_abs_volume_error_m3,mean_abs_area_error_0p03_m2,mean_abs_area_error_0p15_m2,global_peak_time_error_min
event1,surface_matched,coupled_label,105527,7597944,7.200066566467285,35.67648696899414,5.9521803855896,0.8949593182256619,0.6296337701146955,14.731212615966797,5.687475204467773,5.687475204467773,108.82159423828125,987.0272874832153,617099.9959212418,617099.9959212418,7.200066566467285,1907,251246.2771034014,617099.9959212418,495288.8888888889,826988.8888888889,10.0
event1,surface_matched,mike_external,105527,7597944,14.44492244720459,44.21110153198242,5.625144004821777,0.6733822588660369,0.5153302949130667,25.720645904541016,749.8917579650879,749.8917579650879,349.96533203125,1185.8177185058594,747825.1536267714,747825.1536267714,14.44492244720459,1907,258995.07069832634,747825.1536267714,1803288.888888889,601450.0,120.0
event1,prior_only,coupled_label,105527,7597944,2.49819016456604,9.8872709274292,-1.0816141366958618,0.886074684499662,0.8941266949499789,3.1944949626922607,-0.2503395080566406,0.2503395080566406,37.041133880615234,987.0272874832153,-38153.56997288903,38153.56997288903,2.498190402984619,1907,45664.735692262584,107323.6764919362,545194.4444444445,57777.77777777778,0.0
event1,prior_only,mike_external,105527,7597944,17.8265438079834,57.47618103027344,-1.4086501598358154,0.5817339422159384,0.32510179355274393,33.5762825012207,743.9539432525635,743.9539432525635,610.57421875,1185.8177185058594,92571.58773264056,92571.58773264056,17.8265438079834,1907,148511.35904082487,410764.4481617769,1119638.888888889,481294.44444444444,130.0
event1,dynamic_no_prior,coupled_label,105527,7597944,4.214704990386963,17.205461502075195,-0.1092337891459465,0.9019987954122043,0.7323672157636171,7.436233997344971,-9.23919677734375,9.23919677734375,93.33784484863281,987.0272874832153,79903.60563141177,79903.60563141177,4.214704990386963,1907,27589.54434516007,79903.60563141177,336127.77777777775,146550.0,55.0
event1,dynamic_no_prior,mike_external,105527,7597944,16.324739456176758,52.85713195800781,-0.43626946210861206,0.665131223383154,0.33696609876400885,31.837753295898438,734.9650859832764,734.9650859832764,627.03125,1185.8177185058594,210628.76333694137,210628.76333694137,16.324739456176758,1907,153115.62851599394,381047.1560330454,1651283.3333333333,560533.3333333334,75.0
event1,hybrid_dynamic,coupled_label,105527,7597944,2.3074538707733154,9.576993942260742,-0.668440043926239,0.9072234791455033,0.8818491515170811,3.1807429790496826,-1.7786026000976562,1.7786026000976562,40.789817810058594,987.0272874832153,23261.51458404935,23261.51458404935,2.3074538707733154,1907,31418.099080942364,90717.54933684669,226566.66666666666,103722.22222222222,10.0
event1,hybrid_dynamic,mike_external,105527,7597944,17.657241821289062,57.434627532958984,-0.9954757690429688,0.6224161014171513,0.3100448257099065,33.39601516723633,742.4256801605225,742.4256801605225,605.8506469726562,1185.8177185058594,153986.67228957894,153986.67228957894,17.657241821289062,1907,152128.8691924393,396980.16072833,1326644.4444444445,526750.0,120.0
event1,hybrid_mask,coupled_label,105527,7597944,2.2324814796447754,9.218221664428711,-0.6953921914100647,0.915996451362796,0.881946455910953,3.1801156997680664,2.604961395263672,2.604961395263672,43.829471588134766,987.0272874832153,12288.872337221168,12288.872337221168,2.2324814796447754,1907,30744.697449894375,86411.3880722574,208494.44444444444,102761.11111111111,5.0
event1,hybrid_mask,mike_external,105527,7597944,17.650638580322266,57.43038558959961,-1.0224276781082153,0.6238827943729955,0.31015366098134983,33.534358978271484,746.8092441558838,746.8092441558838,613.1084594726562,1185.8177185058594,143014.03004275076,143014.03004275076,17.650638580322266,1907,151056.7268286564,392673.99946374074,1311027.7777777778,525844.4444444445,125.0
event1,hybrid_hydraulic,coupled_label,105527,7597944,2.272002935409546,9.400166511535645,-0.6793385148048401,0.9124198079926962,0.8806565370439919,3.2056615352630615,-2.883434295654297,2.883434295654297,39.27494812011719,987.0272874832153,16900.26416152576,16900.26416152576,2.272002935409546,1907,30933.343400283185,86849.28438913124,212288.88888888888,104783.33333333333,10.0
event1,hybrid_hydraulic,mike_external,105527,7597944,17.656145095825195,57.49494934082031,-1.0063743591308594,0.6245086746964517,0.3098760288568302,33.4969367980957,741.3208484649658,741.3208484649658,611.4136962890625,1185.8177185058594,147625.42186705535,147625.42186705535,17.656145095825195,1907,151675.9566198063,393111.8957806146,1321666.6666666667,528011.1111111111,120.0
event1,hybrid_all,coupled_label,105527,7597944,2.245790958404541,9.2376070022583,-0.6995418667793274,0.9155576698241512,0.8817502491395531,3.1807332038879395,1.4286041259765625,1.4286041259765625,43.712310791015625,987.0272874832153,12553.560529881157,12553.560529881157,2.245790958404541,1907,31051.91913235626,88547.9343951107,207144.44444444444,103922.22222222222,5.0
event1,hybrid_all,mike_external,105527,7597944,17.659597396850586,57.51324462890625,-1.0265778303146362,0.6235793074438832,0.3099935420088339,33.53205490112305,745.6328868865967,745.6328868865967,608.8478393554688,1185.8177185058594,143278.71823541075,143278.71823541075,17.659597396850586,1907,151301.27908497126,394810.54578659404,1305055.5555555555,526994.4444444445,125.0
event20,surface_matched,coupled_label,105527,7597944,3.321641206741333,20.10384178161621,2.672626256942749,0.8832780881201381,0.6902998956490177,8.871540069580078,8.329391479492188,8.329391479492188,57.560604095458984,814.2159581184387,354604.33972877776,354604.33972877776,3.321641206741333,1907,112813.6837465064,354604.33972877776,575061.1111111111,321972.22222222225,0.0
event20,surface_matched,mike_external,105527,7597944,13.467605590820312,42.75033187866211,13.077166557312012,0.33285261626828955,0.1463313144389477,24.384119033813477,1081.8458795547485,1081.8458795547485,306.3416442871094,403.5188853740692,1131478.9826690832,1131478.9826690832,13.467605590820312,1907,551997.6769451307,1131478.9826690832,4376366.666666667,1014300.0,55.0
event20,prior_only,coupled_label,105527,7597944,3.3645923137664795,12.901728630065918,-1.8416961431503296,0.7619607532279942,0.8279411851510805,5.033178806304932,2.856731414794922,2.856731414794922,31.67301368713379,814.2159581184387,-131091.44896636507,131091.44896636507,3.3645923137664795,1907,77774.71969956212,159990.07353752106,1098461.111111111,68983.33333333333,0.0
event20,prior_only,mike_external,105527,7597944,11.000677108764648,37.31529235839844,8.562845230102539,0.3234423214786647,0.15613559406744718,19.580991744995117,1076.3732194900513,1076.3732194900513,310.857666015625,403.5188853740692,645783.1939739403,645783.1939739403,11.000677108764648,1907,361444.5323484736,645783.1939739403,2703533.3333333335,664955.5555555555,55.0
event20,dynamic_no_prior,coupled_label,105527,7597944,2.5938961505889893,11.926347732543945,0.3626951277256012,0.8837147611750943,0.7149868270732788,5.6432952880859375,-9.636878967285156,9.636878967285156,72.97282409667969,814.2159581184387,38633.183506124886,38633.183506124886,2.5938961505889893,1907,22014.37673320058,49414.650297437445,491511.1111111111,114144.44444444444,0.0
event20,dynamic_no_prior,mike_external,105527,7597944,11.578265190124512,35.83899688720703,10.76723575592041,0.3349843617476851,0.17127388491046827,18.373872756958008,1063.8796091079712,1063.8796091079712,267.64520263671875,403.5188853740692,815507.8264464303,815507.8264464303,11.578265190124512,1907,454493.6452194697,815507.8264464303,4292816.666666667,579138.8888888889,55.0
event20,hybrid_dynamic,coupled_label,105527,7597944,2.2269885540008545,9.12326717376709,-0.742972195148468,0.8554062755912677,0.8367780463869408,3.5664968490600586,-4.393100738525391,4.393100738525391,25.15752410888672,814.2159581184387,-44022.202882720856,44022.202882720856,2.2269885540008545,1907,31571.911236274205,91249.41746849148,430588.8888888889,64672.22222222222,0.0
event20,hybrid_dynamic,mike_external,105527,7597944,11.006126403808594,36.3357048034668,9.661568641662598,0.3602732980425951,0.15677081681205393,18.782764434814453,1069.123387336731,1069.123387336731,295.16778564453125,403.5188853740692,732852.4400575846,732852.4400575846,11.006126403808594,1907,407822.54455071065,732852.4400575846,3371172.222222222,649833.3333333334,55.0
event20,hybrid_mask,coupled_label,105527,7597944,2.1278631687164307,8.641314506530762,-0.6733081340789795,0.8672740704260035,0.8388417613380894,3.467869281768799,-4.511594772338867,4.511594772338867,25.017044067382812,814.2159581184387,-39090.13009372167,39090.13009372167,2.1278631687164307,1907,28940.958053803417,85692.9056169889,374305.55555555556,64344.444444444445,0.0
event20,hybrid_mask,mike_external,105527,7597944,11.08138370513916,36.430442810058594,9.731232643127441,0.35474191699538116,0.15603476185337303,18.919017791748047,1069.0048933029175,1069.0048933029175,296.70501708984375,403.5188853740692,737784.5128465837,737784.5128465837,11.08138370513916,1907,410763.1159275167,737784.5128465837,3427577.777777778,648572.2222222222,55.0
event20,hybrid_hydraulic,coupled_label,105527,7597944,2.130767345428467,8.699200630187988,-0.6830892562866211,0.867344720905163,0.838805666319407,3.4758358001708984,-0.6985664367675781,0.6985664367675781,25.045745849609375,814.2159581184387,-37599.31580539676,37599.31580539676,2.130767345428467,1907,29229.446211100105,86212.65435865824,375150.0,64094.444444444445,0.0
event20,hybrid_hydraulic,mike_external,105527,7597944,11.068899154663086,36.442535400390625,9.721451759338379,0.3553956295213464,0.1569651709753902,18.89999771118164,1072.8179216384888,1072.8179216384888,297.5369873046875,403.5188853740692,739275.3271349086,739275.3271349086,11.068899154663086,1907,410350.25063011993,739275.3271349086,3426666.6666666665,650755.5555555555,55.0
event20,hybrid_all,coupled_label,105527,7597944,2.1207780838012695,8.569108963012695,-0.6834193468093872,0.8684220911276115,0.8396320759801427,3.468477964401245,0.1068115234375,0.1068115234375,23.894929885864258,814.2159581184387,-36406.948792535346,36406.948792535346,2.1207780838012695,1907,29070.08010872136,85121.45123184449,375655.55555555556,63133.333333333336,0.0
event20,hybrid_all,mike_external,105527,7597944,11.071148872375488,36.4328498840332,9.721121788024902,0.3540964114854933,0.15710456103882936,18.906494140625,1073.6232995986938,1073.6232995986938,298.0809631347656,403.5188853740692,740467.6941477701,740467.6941477701,11.071148872375488,1907,410336.31605634006,740467.6941477701,3426261.111111111,651205.5555555555,55.0
event65,surface_matched,coupled_label,105527,7597944,7.695992469787598,36.39392852783203,6.402800559997559,0.8962788365673319,0.6223158303968767,13.723603248596191,10.715961456298828,10.715961456298828,117.107421875,958.4585428237915,560485.3182907286,560485.3182907286,7.695992469787598,1907,270267.30581327155,560485.3182907286,630177.7777777778,878183.3333333334,0.0
event65,surface_matched,mike_external,105527,7597944,18.9604434967041,50.210391998291016,9.445019721984863,0.5691231072846394,0.41197812146100177,24.350088119506836,1278.3708572387695,1278.3708572387695,303.2693176269531,1043.1150197982788,1177632.0843077046,1177632.0843077046,18.9604434967041,1907,458412.8806878633,1177632.0843077046,3354155.5555555555,1003411.1111111111,240.0
event65,prior_only,coupled_label,105527,7597944,2.7016446590423584,11.461181640625,-0.5592882037162781,0.9020886981049724,0.893264583440252,3.566301107406616,5.584239959716797,5.584239959716797,56.4791374206543,958.4585428237915,-73883.47817538306,73883.47817538306,2.7016446590423584,1907,49455.80626189418,89514.28044964699,596955.5555555555,52511.11111111111,0.0
event65,prior_only,mike_external,105527,7597944,20.301605224609375,56.771907806396484,2.482931137084961,0.5083649888885098,0.2742908540886281,27.958152770996094,1273.2391357421875,1273.2391357421875,502.44189453125,1043.1150197982788,543263.2878415929,543263.2878415929,20.301605224609375,1907,212364.63711895075,543263.2878415929,2241100.0,524538.8888888889,240.0
event65,dynamic_no_prior,coupled_label,105527,7597944,4.892030715942383,18.457666397094727,0.7461045384407043,0.9006977510954425,0.713209584460443,7.292126178741455,-17.57049560546875,17.57049560546875,92.2010726928711,958.4585428237915,1492.0248966389336,1492.0248966389336,4.892030715942383,1907,33127.622716646045,85371.43421873264,476877.77777777775,115583.33333333333,0.0
event65,dynamic_no_prior,mike_external,105527,7597944,18.98757553100586,52.08060073852539,3.7883238792419434,0.5672914653421273,0.2952731440008393,26.847810745239258,1250.084400177002,1250.084400177002,550.40185546875,1043.1150197982788,618638.7909136149,618638.7909136149,18.98757553100586,1907,274996.2884641248,618745.8124584183,3206955.5555555555,521277.77777777775,240.0
event65,hybrid_dynamic,coupled_label,105527,7597944,2.299100875854492,9.370774269104004,0.11372135579586029,0.9251260310617682,0.8979962164814512,3.5283892154693604,6.784200668334961,6.784200668334961,47.61933517456055,958.4585428237915,-35726.940959985135,35726.940959985135,2.299100875854492,1907,16327.193239094431,43080.26728965528,318188.8888888889,76561.11111111111,0.0
event65,hybrid_dynamic,mike_external,105527,7597944,20.086200714111328,56.07191467285156,3.1559410095214844,0.5530365560216306,0.2590944788978687,28.178354263305664,1274.4390964508057,1274.4390964508057,558.4956665039062,1043.1150197982788,581419.8250569908,581419.8250569908,20.086200714111328,1907,256326.75392366113,590193.7570240961,3050244.4444444445,558466.6666666666,240.0
event65,hybrid_mask,coupled_label,105527,7597944,2.208615779876709,9.069533348083496,0.12228351086378098,0.9321599894530888,0.8989353827934173,3.457552194595337,6.490945816040039,6.490945816040039,52.03196716308594,958.4585428237915,-32148.696525742533,32148.696525742533,2.208615779876709,1907,16424.16159777341,38220.51847407664,264183.3333333333,73122.22222222222,0.0
event65,hybrid_mask,mike_external,105527,7597944,20.04939079284668,55.91481399536133,3.1645028591156006,0.5516771256612417,0.26087772596218967,28.134502410888672,1274.1458415985107,1274.1458415985107,562.3258056640625,1043.1150197982788,584998.0694912334,584998.0694912334,20.04939079284668,1907,255559.503462656,586810.3310936762,2997772.222222222,555361.1111111111,240.0
event65,hybrid_hydraulic,coupled_label,105527,7597944,2.2252097129821777,9.07929801940918,0.13770721852779388,0.9289788487486892,0.8985919139859191,3.4489498138427734,8.951902389526367,8.951902389526367,49.505775451660156,958.4585428237915,-34242.9509349165,34242.9509349165,2.2252097129821777,1907,16343.86068738484,39066.79120192211,315444.44444444444,73688.88888888889,0.0
event65,hybrid_hydraulic,mike_external,105527,7597944,20.043865203857422,55.94105529785156,3.1799261569976807,0.5533367345556665,0.26118663679177745,28.137325286865234,1276.606798171997,1276.606798171997,564.2674560546875,1043.1150197982788,582903.8150820595,582903.8150820595,20.043865203857422,1907,256624.8679838468,589823.2064207208,3044877.777777778,556816.6666666666,240.0
event65,hybrid_all,coupled_label,105527,7597944,2.217952013015747,9.073199272155762,0.12171538174152374,0.9314620636321084,0.8986080617707279,3.4505774974823,6.897211074829102,6.897211074829102,51.83126449584961,958.4585428237915,-32235.058485160116,32235.058485160116,2.217952013015747,1907,16419.796636963423,38505.99169970909,277322.22222222225,70827.77777777778,0.0
event65,hybrid_all,mike_external,105527,7597944,20.052867889404297,55.953285217285156,3.1639349460601807,0.5515316052525098,0.2608194240734362,28.168373107910156,1274.5521068572998,1274.5521068572998,566.2320556640625,1043.1150197982788,584911.7075318159,584911.7075318159,20.052867889404297,1907,255723.9201736471,588850.6941340053,3009544.4444444445,557733.3333333334,240.0
event66,surface_matched,coupled_label,105527,7597944,8.430887222290039,38.45692825317383,7.0861592292785645,0.8998404734466291,0.6172547927401012,15.093841552734375,10.914802551269531,10.914802551269531,112.45706176757812,971.0116386413574,618826.1681512038,618826.1681512038,8.430887222290039,1907,299112.450954739,618826.1681512038,626516.6666666666,997905.5555555555,0.0
event66,surface_matched,mike_external,105527,7597944,18.926401138305664,49.93096923828125,9.352395057678223,0.6297107338144433,0.4166239400820039,24.104833602905273,1329.927921295166,1329.927921295166,291.13836669921875,994.0578937530518,1238489.1740199015,1238489.1740199015,18.926401138305664,1907,473158.6395255648,1238489.1740199015,2873744.4444444445,1155150.0,265.0
event66,prior_only,coupled_label,105527,7597944,2.5373194217681885,11.021522521972656,-0.132404625415802,0.9206986657532227,0.8961981174483388,3.8525607585906982,5.811452865600586,5.811452865600586,49.91886520385742,971.0116386413574,-42855.83714583982,42855.83714583982,2.5373194217681885,1907,43196.75969051942,82900.59817567887,455850.0,64838.88888888889,0.0
event66,prior_only,mike_external,105527,7597944,20.72028350830078,56.497745513916016,2.13383150100708,0.565174401307508,0.28422612538688047,28.319604873657227,1324.824571609497,1324.824571609497,467.71343994140625,994.0578937530518,576807.1687228578,576807.1687228578,20.72028350830078,1907,225264.66218202005,576807.1687228578,1940100.0,600605.5555555555,265.0
event66,dynamic_no_prior,coupled_label,105527,7597944,5.193994045257568,18.897769927978516,0.7137967348098755,0.9046500433560587,0.718757764611558,7.72937536239624,-27.07815170288086,27.07815170288086,74.5185546875,971.0116386413574,19052.72080432484,19052.72080432484,5.193994045257568,1907,32940.213865755686,82105.16635732702,457405.55555555556,113550.0,0.0
event66,dynamic_no_prior,mike_external,105527,7597944,19.042980194091797,51.82973098754883,2.9800326824188232,0.6268918688286104,0.3039071623647114,27.258371353149414,1291.9349670410156,1291.9349670410156,534.0237426757812,994.0578937530518,638715.7266730225,638715.7266730225,19.042980194091797,1907,280578.62126178644,638715.7266730225,2716066.6666666665,647950.0,265.0
event66,hybrid_dynamic,coupled_label,105527,7597944,2.3666467666625977,9.22507381439209,0.20995940268039703,0.9300448939502043,0.8985512506596012,3.7231600284576416,5.585908889770508,5.585908889770508,32.85272979736328,971.0116386413574,-68432.91075797728,68432.91075797728,2.3666467666625977,1907,25997.059527107696,70599.81314145797,327422.22222222225,82966.66666666667,0.0
event66,hybrid_dynamic,mike_external,105527,7597944,20.337337493896484,56.15628433227539,2.4761953353881836,0.611798450112342,0.26749270493698796,28.486318588256836,1324.599027633667,1324.599027633667,520.8294067382812,994.0578937530518,551230.0951107204,551230.0951107204,20.337337493896484,1907,259574.41615190718,589116.22721466,2520694.4444444445,633144.4444444445,265.0
event66,hybrid_mask,coupled_label,105527,7597944,2.293199062347412,8.919523239135742,0.18056941032409668,0.933657883633295,0.8994930429420808,3.6048920154571533,5.5713653564453125,5.5713653564453125,33.99478530883789,971.0116386413574,-62141.42043151776,62141.42043151776,2.293199062347412,1907,28294.022636642363,65478.0063147482,281311.1111111111,78727.77777777778,0.0
event66,hybrid_mask,mike_external,105527,7597944,20.338403701782227,56.09663391113281,2.446805477142334,0.6093404505346115,0.26932089685338456,28.54399299621582,1324.5844841003418,1324.5844841003418,520.4747314453125,994.0578937530518,557521.5854371799,557521.5854371799,20.338403701782227,1907,256295.12641843336,573069.1321235669,2469583.3333333335,628805.5555555555,265.0
event66,hybrid_hydraulic,coupled_label,105527,7597944,2.3145134449005127,8.983466148376465,0.1881353259086609,0.9325409867478989,0.8981351239715551,3.6618757247924805,6.054878234863281,6.054878234863281,32.92134475708008,971.0116386413574,-62000.03672117251,62000.03672117251,2.3145134449005127,1907,27223.78184831929,67678.81086510187,313722.22222222225,82505.55555555556,0.0
event66,hybrid_hydraulic,mike_external,105527,7597944,20.33388900756836,56.08452606201172,2.454371452331543,0.6107279789897602,0.2683088367755677,28.515384674072266,1325.0679969787598,1325.0679969787598,519.040771484375,994.0578937530518,557662.9691475251,557662.9691475251,20.33388900756836,1907,257344.47414907007,572883.0380906411,2497338.888888889,632372.2222222222,265.0
event66,hybrid_all,coupled_label,105527,7597944,2.292654037475586,8.888381004333496,0.15787702798843384,0.9342776510504022,0.8979516140277487,3.596727132797241,5.382061004638672,5.382061004638672,32.31858825683594,971.0116386413574,-63440.76735139871,63440.76735139871,2.292654037475586,1907,26538.825405794938,66564.74793108366,298883.3333333333,77144.44444444444,0.0
event66,hybrid_all,mike_external,105527,7597944,20.35085105895996,56.09170913696289,2.4241130352020264,0.6092070866839628,0.2690271957105694,28.595129013061523,1324.3951797485352,1324.3951797485352,518.4025268554688,994.0578937530518,556222.238517299,556222.238517299,20.35085105895996,1907,257849.60556795954,568115.9623098716,2478955.5555555555,631466.6666666666,265.0
event67,surface_matched,coupled_label,105527,7597944,12.63111686706543,52.7618408203125,10.927658081054688,0.8845356294222089,0.620360629912935,22.0767765045166,1.6584396362304688,1.6584396362304688,47.54762649536133,1139.8162841796875,923206.9623993558,923206.9623993558,12.63111686706543,1907,461265.23658821837,923206.9623993558,775433.3333333334,1395977.7777777778,0.0
event67,surface_matched,mike_external,105527,7597944,21.35552978515625,60.586612701416016,4.147629737854004,0.7186854416503303,0.573424906075115,33.40473175048828,402.21214294433594,402.21214294433594,436.4835205078125,1341.1600589752197,811062.3046000472,811062.3046000472,21.35552978515625,1907,294426.6029810783,811062.3046000472,1720122.2222222222,828494.4444444445,160.0
event67,prior_only,coupled_label,105527,7597944,4.617123126983643,20.426244735717773,3.5172152519226074,0.9214269314790104,0.811834522246758,9.072845458984375,-4.767179489135742,4.767179489135742,82.18040466308594,1139.8162841796875,256841.21085450612,256841.21085450612,4.617123126983643,1907,150320.81064102842,261148.35671178438,627566.6666666666,519283.3333333333,0.0
event67,prior_only,mike_external,105527,7597944,24.444438934326172,70.30707550048828,-3.2628142833709717,0.7073276856853085,0.47278937672704946,40.05006790161133,395.7865238189697,395.7865238189697,632.92529296875,1341.1600589752197,144696.55305519747,144696.55305519747,24.444438934326172,1907,198009.3416207144,541121.1845101283,1549522.2222222222,404877.77777777775,160.0
event67,dynamic_no_prior,coupled_label,105527,7597944,6.8253254890441895,24.104564666748047,-0.4372425079345703,0.894253118321002,0.73964689746553,10.523144721984863,-7.707118988037109,7.707118988037109,141.3350830078125,1139.8162841796875,62267.468614417594,62267.468614417594,6.8253254890441895,1907,35298.92568800874,93302.59461931139,492705.55555555556,222283.33333333334,0.0
event67,dynamic_no_prior,mike_external,105527,7597944,25.86100196838379,77.7518539428711,-7.2172722816467285,0.7048160106998834,0.3706832640384712,44.04048156738281,392.84658432006836,392.84658432006836,697.326171875,1341.1600589752197,-49877.18918489106,49877.18918489106,25.86100196838379,1907,344561.63758651726,707624.0650394221,1457972.2222222222,1134666.6666666667,160.0
event67,hybrid_dynamic,coupled_label,105527,7597944,2.573761224746704,12.299901008605957,0.4906499981880188,0.938063364673088,0.9231445326001726,5.312256813049316,-9.140729904174805,9.140729904174805,84.75958251953125,1139.8162841796875,47922.07941596862,47922.07941596862,2.573761224746704,1907,23694.810229499235,59492.86354252533,361111.1111111111,17477.777777777777,0.0
event67,hybrid_dynamic,mike_external,105527,7597944,26.818967819213867,78.984619140625,-6.289379119873047,0.6866749366360883,0.3725057338755186,43.83146667480469,391.41297340393066,391.41297340393066,645.46630859375,1341.1600589752197,-64222.578383340035,64222.578383340035,26.818967819213867,1907,303633.532774051,628406.0292766034,1315277.7777777778,921294.4444444445,160.0
event67,hybrid_mask,coupled_label,105527,7597944,2.5500009059906006,12.094609260559082,0.4937843084335327,0.9399428265350086,0.9235670802142839,5.246708869934082,-5.723714828491211,5.723714828491211,85.48209381103516,1139.8162841796875,48622.62454805081,48622.62454805081,2.5500009059906006,1907,23986.721551097333,58379.14037064416,341394.44444444444,17400.0,0.0
event67,hybrid_mask,mike_external,105527,7597944,26.83367347717285,79.06139373779297,-6.286245346069336,0.6856321378555694,0.372982823653349,43.91889953613281,394.82998847961426,394.82998847961426,654.936279296875,1341.1600589752197,-63522.033251257846,63522.033251257846,26.83367347717285,1907,303782.9509404506,628417.3102510201,1296150.0,919161.1111111111,160.0
event67,hybrid_hydraulic,coupled_label,105527,7597944,2.555575132369995,12.064631462097168,0.5333048105239868,0.9385131056264747,0.9242339282893698,5.2428412437438965,-4.532814025878906,4.532814025878906,84.25498962402344,1139.8162841796875,49901.552602203796,49901.552602203796,2.555575132369995,1907,25465.39486844498,60023.60501909861,367961.1111111111,16177.777777777777,0.0
event67,hybrid_hydraulic,mike_external,105527,7597944,26.79552459716797,78.89883422851562,-6.246724605560303,0.6875082230908636,0.3733811991476172,43.891700744628906,396.02088928222656,396.02088928222656,657.1676635742188,1341.1600589752197,-62243.10519710486,62243.10519710486,26.79552459716797,1907,301929.5840680775,627745.0542977455,1317205.5555555555,916705.5555555555,160.0
event67,hybrid_all,coupled_label,105527,7597944,2.559483528137207,12.107062339782715,0.4973733425140381,0.9396539037191768,0.9246412783356026,5.257658004760742,-9.660720825195312,9.660720825195312,86.70330047607422,1139.8162841796875,49482.84399088635,49482.84399088635,2.559483528137207,1907,24153.385910070054,56802.64370036102,354988.8888888889,15755.555555555555,0.0
event67,hybrid_all,mike_external,105527,7597944,26.813098907470703,78.95893096923828,-6.282655715942383,0.6866724889346841,0.3728420088935391,43.9182243347168,390.89298248291016,390.89298248291016,657.1909790039062,1341.1600589752197,-62661.8138084223,62661.8138084223,26.813098907470703,1907,303539.68073745776,630864.6090887166,1311011.111111111,920283.3333333334,160.0
event68,surface_matched,coupled_label,105527,7597944,11.913520812988281,50.05826950073242,10.10129165649414,0.8842592644282353,0.6255457330561885,20.495500564575195,3.1342506408691406,3.1342506408691406,72.86897277832031,1125.7414817810059,856686.1318184894,856686.1318184894,11.913520812988281,1907,426383.56690574676,856686.1318184894,727066.6666666666,1294411.111111111,0.0
event68,surface_matched,mike_external,105527,7597944,18.43962287902832,51.23543167114258,6.52565860748291,0.7256046880685941,0.567833056101618,27.025157928466797,976.3236045837402,976.3236045837402,274.5127258300781,1185.1462125778198,940952.1288161378,940952.1288161378,18.43962287902832,1907,339040.7592388777,940952.1288161378,1724750.0,888477.7777777778,165.0
event68,prior_only,coupled_label,105527,7597944,3.637369394302368,15.21489429473877,2.583423376083374,0.9262993604900962,0.8677670325099496,6.57474946975708,-3.080606460571289,3.080606460571289,49.39063262939453,1125.7414817810059,182266.89348110463,182266.89348110463,3.637369394302368,1907,111330.0039654616,194079.16710479418,521488.8888888889,291722.22222222225,0.0
event68,prior_only,mike_external,105527,7597944,21.60282325744629,60.51974868774414,-0.99220871925354,0.7087662800954753,0.4255886885912113,34.278568267822266,970.1087474822998,970.1087474822998,493.25738525390625,1185.1462125778198,266532.890478753,266532.890478753,21.60282325744629,1907,158520.17355639694,426333.1665233413,1494416.6666666667,493244.44444444444,165.0
event68,dynamic_no_prior,coupled_label,105527,7597944,6.330007076263428,22.73891258239746,-0.45946428179740906,0.8949288622404945,0.7386174536923371,9.431540489196777,-24.898529052734375,24.898529052734375,116.37278747558594,1125.7414817810059,6959.5704111410305,6959.5704111410305,6.330007076263428,1907,22756.744504287322,64165.46366353659,442555.55555555556,239605.55555555556,0.0
event68,dynamic_no_prior,mike_external,105527,7597944,22.322038650512695,64.07626342773438,-4.035096645355225,0.7122904936955403,0.365747411498144,36.68340301513672,948.2908248901367,948.2908248901367,508.6895751953125,1185.1462125778198,91225.56740878941,91225.56740878941,22.322038650512695,1907,220079.37330277145,546856.4657562422,1455427.7777777778,979994.4444444445,165.0
event68,hybrid_dynamic,coupled_label,105527,7597944,2.0478949546813965,9.771090507507324,-0.27078190445899963,0.9472567751302367,0.9342868470902657,3.0899507999420166,-2.089262008666992,2.089262008666992,52.29384994506836,1125.7414817810059,-1580.2724246657453,1580.2724246657453,2.0478951930999756,1907,11976.228261211574,36004.319522760576,175466.66666666666,75894.44444444444,0.0
event68,hybrid_dynamic,mike_external,105527,7597944,23.747175216674805,68.16083526611328,-3.8464136123657227,0.681993028790121,0.35868332763815974,37.82245635986328,971.1000919342041,971.1000919342041,494.5521240234375,1185.1462125778198,82685.72457298264,82685.72457298264,23.747175216674805,1907,209088.52948650418,502481.5432348903,1175027.7777777778,818494.4444444445,165.0
event68,hybrid_mask,coupled_label,105527,7597944,2.0308663845062256,9.623950958251953,-0.2246769219636917,0.9471567451914514,0.9353600938327975,3.1005539894104004,-2.0935535430908203,2.0935535430908203,60.65702438354492,1125.7414817810059,3221.761622655671,3221.761622655671,2.0308663845062256,1907,10504.112445434974,27897.626874688314,158016.66666666666,65677.77777777778,0.0
event68,hybrid_mask,mike_external,105527,7597944,23.73351287841797,68.07476043701172,-3.8003084659576416,0.679977406777208,0.3601923502243353,37.87554168701172,971.0958003997803,971.0958003997803,514.2733154296875,1185.1462125778198,87487.75862030406,87487.75862030406,23.73351287841797,1907,207725.7559695412,501415.3354013688,1160466.6666666667,807766.6666666666,165.0
event68,hybrid_hydraulic,coupled_label,105527,7597944,2.0546326637268066,9.576757431030273,-0.26159748435020447,0.946700856675238,0.9332767633594183,3.0969982147216797,-0.6649494171142578,0.6649494171142578,59.91368865966797,1125.7414817810059,282.3899151664227,282.3899151664227,2.0546326637268066,1907,11644.272686495731,30585.826213618508,154094.44444444444,72577.77777777778,0.0
event68,hybrid_hydraulic,mike_external,105527,7597944,23.76881980895996,68.21955871582031,-3.8372294902801514,0.6799559528660984,0.35922129079177917,37.87356185913086,972.5244045257568,972.5244045257568,517.2614135742188,1185.1462125778198,84548.3869128148,84548.3869128148,23.76881980895996,1907,209084.92451847956,499615.064118705,1158722.2222222222,814966.6666666666,165.0
event68,hybrid_all,coupled_label,105527,7597944,2.047645330429077,9.583806037902832,-0.19097670912742615,0.9471562157623208,0.9345512411143333,3.1167075634002686,-2.3183822631835938,2.3183822631835938,63.92429733276367,1125.7414817810059,8357.256437274162,8357.256437274162,2.047645330429077,1907,9806.58352783814,26635.608098803554,170544.44444444444,66011.11111111111,0.0
event68,hybrid_all,mike_external,105527,7597944,23.72907829284668,68.09808349609375,-3.766608476638794,0.6809528763696934,0.3599573739453414,37.864288330078125,970.8709716796875,970.8709716796875,526.986328125,1185.1462125778198,92623.25343492255,92623.25343492255,23.72907829284668,1907,206939.57055174912,500540.6154521147,1176238.888888889,808366.6666666666,165.0
event69,surface_matched,coupled_label,105527,7597944,10.911508560180664,47.340023040771484,9.419600486755371,0.8855943776667409,0.63276641732022,18.90993309020996,2.9659271240234375,2.9659271240234375,71.29206085205078,1106.3729524612427,795505.9214019927,795505.9214019927,10.911508560180664,1907,397608.8413244845,795505.9214019927,741455.5555555555,1188566.6666666667,0.0
event69,surface_matched,mike_external,105527,7597944,19.573625564575195,55.1595344543457,6.699243068695068,0.6697090408423948,0.5374226216685228,29.28994369506836,771.3420391082764,771.3420391082764,369.6719055175781,1254.5570135116577,899442.2819293239,899442.2819293239,19.573625564575195,1907,332229.001686284,899442.2819293239,2225822.222222222,837838.8888888889,165.0
event69,prior_only,coupled_label,105527,7597944,2.669278860092163,12.013266563415527,1.8347901105880737,0.9389797302388667,0.8889408177339083,4.9245381355285645,-3.2727718353271484,3.2727718353271484,50.43021774291992,1106.3729524612427,116350.53995186859,116350.53995186859,2.669278860092163,1907,80389.73488321605,142016.42702795076,405383.3333333333,230983.33333333334,0.0
event69,prior_only,mike_external,105527,7597944,22.2576847076416,64.56138610839844,-0.8855664730072021,0.6548066549888867,0.41135009213866,35.6756706237793,765.1033401489258,765.1033401489258,611.1832275390625,1254.5570135116577,220286.90047919983,220286.90047919983,22.2576847076416,1907,139242.69645687324,384182.4683304294,1849505.5555555555,398700.0,165.0
event69,dynamic_no_prior,coupled_label,105527,7597944,5.825029373168945,21.215534210205078,0.292153000831604,0.894877778180462,0.747717200374124,8.817253112792969,-4.926443099975586,4.926443099975586,92.69857788085938,1106.3729524612427,84235.08604681748,84235.08604681748,5.825029373168945,1907,28092.764381380617,84235.08604681748,494238.8888888889,155505.55555555556,0.0
event69,dynamic_no_prior,mike_external,105527,7597944,22.3693904876709,66.25486755371094,-2.4282033443450928,0.6602316666926975,0.3719266564800667,36.58993911743164,763.4496688842773,763.4496688842773,597.9437255859375,1254.5570135116577,188171.44657414872,188171.44657414872,22.3693904876709,1907,178398.77407938454,473516.4419615122,1985194.4444444445,750088.8888888889,165.0
event69,hybrid_dynamic,coupled_label,105527,7597944,1.9605320692062378,8.926722526550293,0.008489692583680153,0.9437694380838271,0.9323021561593736,2.907196521759033,-0.2067089080810547,0.2067089080810547,49.09937286376953,1106.3729524612427,12830.461540354416,12830.461540354416,1.9605320692062378,1907,9925.380469110773,27914.900397216203,256672.22222222222,72244.44444444444,0.0
event69,hybrid_dynamic,mike_external,105527,7597944,23.8612003326416,70.49353790283203,-2.711867332458496,0.6334767136626229,0.3488183612267974,38.2326774597168,768.1694030761719,768.1694030761719,620.3960571289062,1254.5570135116577,116766.82206768566,116766.82206768566,23.8612003326416,1907,169864.3942079828,449902.26342158206,1727661.111111111,684872.2222222222,165.0
event69,hybrid_mask,coupled_label,105527,7597944,1.9197437763214111,8.666385650634766,0.05574929341673851,0.9457567211606679,0.9327844199998647,2.9213297367095947,-4.016399383544922,4.016399383544922,54.574851989746094,1106.3729524612427,13625.682709809626,13625.682709809626,1.9197437763214111,1907,10512.644610646586,27886.897445638664,231994.44444444444,59116.666666666664,0.0
event69,hybrid_mask,mike_external,105527,7597944,23.830013275146484,70.42224884033203,-2.664607286453247,0.6323107820569212,0.3507961542131347,38.17524719238281,764.359712600708,764.359712600708,629.2327270507812,1254.5570135116577,117562.04323714087,117562.04323714087,23.830013275146484,1907,168582.7511564823,447643.01003511925,1701483.3333333333,672388.8888888889,165.0
event69,hybrid_hydraulic,coupled_label,105527,7597944,1.9512642621994019,8.747949600219727,0.019141661003232002,0.9443357166758193,0.931976627403895,2.926954507827759,0.010728836059570312,0.010728836059570312,53.66157913208008,1106.3729524612427,12176.324094458017,12176.324094458017,1.9512642621994019,1907,10019.081635667602,27454.644278160762,235366.66666666666,65866.66666666667,0.0
event69,hybrid_hydraulic,mike_external,105527,7597944,23.8546142578125,70.50328826904297,-2.7012150287628174,0.6322882768650873,0.3498475962895207,38.181175231933594,768.3868408203125,768.3868408203125,631.9287719726562,1254.5570135116577,116112.68462178926,116112.68462178926,23.8546142578125,1907,169690.94486228577,449206.3167490084,1704455.5555555555,678716.6666666666,165.0
event69,hybrid_all,coupled_label,105527,7597944,1.936173915863037,8.704445838928223,0.0073836129158735275,0.9447403803216605,0.932007097107275,2.9337360858917236,-2.942800521850586,2.942800521850586,51.46164321899414,1106.3729524612427,10542.661383899627,10542.661383899627,1.936173915863037,1907,9213.165696273885,26103.338357732166,224800.0,60627.77777777778,0.0
event69,hybrid_all,mike_external,105527,7597944,23.84977149963379,70.56317901611328,-2.71297287940979,0.6316735038421427,0.35086537246810123,38.184085845947266,765.4333114624023,765.4333114624023,628.2742919921875,1254.5570135116577,114479.02191123087,114479.02191123087,23.84977149963379,1907,169362.34900425505,448123.14639441785,1693033.3333333333,673900.0,165.0
event70,surface_matched,coupled_label,105527,7597944,12.02267074584961,50.579551696777344,10.318780899047852,0.8846285505297501,0.6265384126071012,20.77828025817871,3.3080577850341797,3.3080577850341797,63.92510986328125,1134.0513229370117,869789.0234456991,869789.0234456991,12.02267074584961,1907,435564.0102752852,869789.0234456991,753594.4444444445,1305044.4444444445,0.0
event70,surface_matched,mike_external,105527,7597944,19.015239715576172,53.15947723388672,5.949710845947266,0.7245183093881435,0.566815095644295,28.380998611450195,849.370002746582,849.370002746582,316.99285888671875,1224.5675325393677,909904.952621937,909904.952621937,19.015239715576172,1907,327053.32383182726,909904.952621937,1719616.6666666667,859327.7777777778,165.0
event70,prior_only,coupled_label,105527,7597944,3.778587579727173,16.043636322021484,2.82576584815979,0.9255386846537559,0.8535916546874106,7.005252361297607,-2.881765365600586,2.881765365600586,58.73207092285156,1134.0513229370117,196423.06459446927,196423.06459446927,3.7785873413085938,1907,121450.92059334047,211164.63677643263,568827.7777777778,350877.77777777775,0.0
event70,prior_only,mike_external,105527,7597944,22.241777420043945,62.81825256347656,-1.5433045625686646,0.7091616560358829,0.4377377675927569,35.61278533935547,843.1801795959473,843.1801795959473,540.5098266601562,1224.5675325393677,236538.99377070717,236538.99377070717,22.241777420043945,1907,164932.12746096836,454664.84116521175,1512516.6666666667,493216.6666666667,165.0
event70,dynamic_no_prior,coupled_label,105527,7597944,6.309815883636475,22.53670883178711,-0.32667413353919983,0.895308638041613,0.7435675207193543,9.398953437805176,-9.212970733642578,9.212970733642578,108.43388366699219,1134.0513229370117,31663.716186106438,31663.716186106438,6.309815883636475,1907,23125.652688659397,54904.06139150844,479400.0,222533.33333333334,0.0
event70,dynamic_no_prior,mike_external,105527,7597944,23.046178817749023,67.02694702148438,-4.695744514465332,0.7113416205092752,0.3690863246422022,38.374794006347656,836.8489742279053,836.8489742279053,560.53271484375,1224.5675325393677,71779.64536234434,71779.64536234434,23.046178817749023,1907,244194.4844548547,573406.5523496764,1460444.4444444445,1019094.4444444445,165.0
event70,hybrid_dynamic,coupled_label,105527,7597944,2.045358657836914,9.432036399841309,-0.06189006567001343,0.947099869373621,0.9354104338750621,3.3163206577301025,-1.1866092681884766,1.1866092681884766,68.90299987792969,1134.0513229370117,4770.0569728259,4770.0569728259,2.045358657836914,1907,6832.44761144273,18783.317672309,255327.77777777778,61027.77777777778,0.0
event70,hybrid_dynamic,mike_external,105527,7597944,24.425283432006836,70.7875747680664,-4.430960178375244,0.6853521277129209,0.36242816046171045,39.29811096191406,844.8753356933594,844.8753356933594,567.334228515625,1224.5675325393677,44885.9861490638,44885.9861490638,24.425283432006836,1907,228960.54645680776,534070.6505067849,1228616.6666666667,857933.3333333334,165.0
event70,hybrid_mask,coupled_label,105527,7597944,2.0114333629608154,9.196560859680176,-0.040443144738674164,0.9481139019884407,0.9374016868816794,3.3276584148406982,-4.60052490234375,4.60052490234375,73.84807586669922,1134.0513229370117,7573.480846758233,7573.480846758233,2.0114333629608154,1907,6896.767827552721,17853.16606193711,221466.66666666666,52483.333333333336,0.0
event70,hybrid_mask,mike_external,105527,7597944,24.467939376831055,70.89081573486328,-4.409514427185059,0.6820724054081602,0.3626837264075878,39.4094123840332,841.4614200592041,841.4614200592041,580.5802612304688,1224.5675325393677,47689.41002299613,47689.41002299613,24.467939376831055,1907,228095.0775778186,533173.2443427481,1196300.0,850200.0,165.0
event70,hybrid_hydraulic,coupled_label,105527,7597944,2.037686586380005,9.268352508544922,-0.0480719730257988,0.9473147166016748,0.9368908721535912,3.366550922393799,-4.008054733276367,4.008054733276367,74.38795471191406,1134.0513229370117,5053.60413361364,5053.60413361364,2.037686586380005,1907,6459.2758938002435,15980.506657764083,235722.22222222222,57066.666666666664,0.0
event70,hybrid_hydraulic,mike_external,105527,7597944,24.451473236083984,70.83746337890625,-4.417142391204834,0.6832851374136396,0.3621917466237172,39.357154846191406,842.0538902282715,842.0538902282715,581.6797485351562,1224.5675325393677,45169.53330985154,45169.53330985154,24.451473236083984,1907,228360.05770760236,532652.2486258869,1208955.5555555555,854994.4444444445,165.0
event70,hybrid_all,coupled_label,105527,7597944,2.0126914978027344,9.229939460754395,-0.0305026825517416,0.9481377982410478,0.9374936356891848,3.3469078540802,-5.119562149047852,5.119562149047852,74.87891387939453,1134.0513229370117,7881.348945931066,7881.348945931066,2.0126914978027344,1907,6024.577981441983,16810.790495980764,226850.0,53522.22222222222,0.0
event70,hybrid_all,mike_external,105527,7597944,24.46515464782715,70.902099609375,-4.39957332611084,0.6823048565302363,0.36261765054113204,39.384254455566406,840.9423828125,840.9423828125,583.7364501953125,1224.5675325393677,47997.278122168966,47997.278122168966,24.465152740478516,1907,227582.8664207784,529643.8978711043,1197394.4444444445,850183.3333333334,165.0
event1,surface_matched,coupled_label,105527,7597944,7.200066566467285,35.67648696899414,5.9521803855896,0.8949593182256619,0.6296337701146955,14.731212615966797,5.687475204467773,5.687475204467773,108.82159423828125,987.0272874832153,617099.9959212418,617099.9959212418,7.200066566467285,2718,251246.2771034014,617099.9959212418,495288.8888888889,826988.8888888889,10.0
event1,surface_matched,mike_external,105527,7597944,14.44492244720459,44.21110153198242,5.625144004821777,0.6733822588660369,0.5153302949130667,25.720645904541016,749.8917579650879,749.8917579650879,349.96533203125,1185.8177185058594,747825.1536267714,747825.1536267714,14.44492244720459,2718,258995.07069832634,747825.1536267714,1803288.888888889,601450.0,120.0
event1,prior_only,coupled_label,105527,7597944,2.49819016456604,9.8872709274292,-1.0816141366958618,0.886074684499662,0.8941266949499789,3.1944949626922607,-0.2503395080566406,0.2503395080566406,37.041133880615234,987.0272874832153,-38153.56997288903,38153.56997288903,2.498190402984619,2718,45664.735692262584,107323.6764919362,545194.4444444445,57777.77777777778,0.0
event1,prior_only,mike_external,105527,7597944,17.8265438079834,57.47618103027344,-1.4086501598358154,0.5817339422159384,0.32510179355274393,33.5762825012207,743.9539432525635,743.9539432525635,610.57421875,1185.8177185058594,92571.58773264056,92571.58773264056,17.8265438079834,2718,148511.35904082487,410764.4481617769,1119638.888888889,481294.44444444444,130.0
event1,hybrid_dynamic,coupled_label,105527,7597944,2.2801096439361572,9.715487480163574,-0.6542341113090515,0.909460179496764,0.8818407446365638,3.1279444694519043,2.5424957275390625,2.5424957275390625,34.29671096801758,987.0272874832153,17892.732749550138,17892.732749550138,2.2801096439361572,2718,30717.615520388554,85341.27274638647,247583.33333333334,98233.33333333333,10.0
event1,hybrid_dynamic,mike_external,105527,7597944,17.634990692138672,57.296661376953125,-0.981269896030426,0.6223448296940077,0.31113323840723295,33.3643798828125,746.7467784881592,746.7467784881592,603.5166015625,1185.8177185058594,148617.89045507973,148617.89045507973,17.634990692138672,2718,151249.39056381828,391582.3340093964,1327950.0,521094.44444444444,120.0
event1,hybrid_all,coupled_label,105527,7597944,2.2050840854644775,9.27177906036377,-0.652924656867981,0.9173382569611518,0.8820405075522555,3.1546590328216553,1.8334388732910156,1.8334388732910156,38.23128890991211,987.0272874832153,17071.410778377438,17071.410778377438,2.2050840854644775,2718,30217.660304922494,83567.29217723198,232222.22222222222,98594.44444444444,10.0
event1,hybrid_all,mike_external,105527,7597944,17.61928939819336,57.23213577270508,-0.9799602031707764,0.6243089159575059,0.3112583309099166,33.45003128051758,746.0377216339111,746.0377216339111,624.8211059570312,1185.8177185058594,147796.56848390703,147796.56848390703,17.61928939819336,2718,151210.95939457262,391348.03417084133,1325366.6666666667,521544.44444444444,120.0
event20,surface_matched,coupled_label,105527,7597944,3.321641206741333,20.10384178161621,2.672626256942749,0.8832780881201381,0.6902998956490177,8.871540069580078,8.329391479492188,8.329391479492188,57.560604095458984,814.2159581184387,354604.33972877776,354604.33972877776,3.321641206741333,2718,112813.6837465064,354604.33972877776,575061.1111111111,321972.22222222225,0.0
event20,surface_matched,mike_external,105527,7597944,13.467605590820312,42.75033187866211,13.077166557312012,0.33285261626828955,0.1463313144389477,24.384119033813477,1081.8458795547485,1081.8458795547485,306.3416442871094,403.5188853740692,1131478.9826690832,1131478.9826690832,13.467605590820312,2718,551997.6769451307,1131478.9826690832,4376366.666666667,1014300.0,55.0
event20,prior_only,coupled_label,105527,7597944,3.3645923137664795,12.901728630065918,-1.8416961431503296,0.7619607532279942,0.8279411851510805,5.033178806304932,2.856731414794922,2.856731414794922,31.67301368713379,814.2159581184387,-131091.44896636507,131091.44896636507,3.3645923137664795,2718,77774.71969956212,159990.07353752106,1098461.111111111,68983.33333333333,0.0
event20,prior_only,mike_external,105527,7597944,11.000677108764648,37.31529235839844,8.562845230102539,0.3234423214786647,0.15613559406744718,19.580991744995117,1076.3732194900513,1076.3732194900513,310.857666015625,403.5188853740692,645783.1939739403,645783.1939739403,11.000677108764648,2718,361444.5323484736,645783.1939739403,2703533.3333333335,664955.5555555555,55.0
event20,hybrid_dynamic,coupled_label,105527,7597944,2.237245559692383,9.291767120361328,-0.8562118411064148,0.856689286701262,0.8436794311247778,3.5378174781799316,-5.008459091186523,5.008459091186523,26.608976364135742,814.2159581184387,-46450.25987427053,46450.25987427053,2.237245559692383,2718,36364.7658755928,94309.2684802888,454577.77777777775,56633.333333333336,0.0
event20,hybrid_dynamic,mike_external,105527,7597944,10.887885093688965,36.25926971435547,9.54832935333252,0.36323379205897277,0.16044849726689023,18.723533630371094,1068.5080289840698,1068.5080289840698,291.66094970703125,403.5188853740692,730424.3830660349,730424.3830660349,10.887885093688965,2718,403042.6090634094,730424.3830660349,3347105.5555555555,649972.2222222222,55.0
event20,hybrid_all,coupled_label,105527,7597944,2.169077157974243,8.910099983215332,-0.7953391671180725,0.8631206279167389,0.8449473165691492,3.48415207862854,-1.4760494232177734,1.4760494232177734,25.99928092956543,814.2159581184387,-44578.80664604879,44578.80664604879,2.169077157974243,2718,33989.329009939065,91974.38115304732,450366.6666666667,57427.77777777778,0.0
event20,hybrid_all,mike_external,105527,7597944,10.969346046447754,36.360347747802734,9.60920238494873,0.35792551175132675,0.1606071975935948,18.813018798828125,1072.0404386520386,1072.0404386520386,293.2565002441406,403.5188853740692,732295.8362942566,732295.8362942566,10.969346046447754,2718,405612.0941830902,732295.8362942566,3351438.888888889,650755.5555555555,55.0
event65,surface_matched,coupled_label,105527,7597944,7.695992469787598,36.39392852783203,6.402800559997559,0.8962788365673319,0.6223158303968767,13.723603248596191,10.715961456298828,10.715961456298828,117.107421875,958.4585428237915,560485.3182907286,560485.3182907286,7.695992469787598,2718,270267.30581327155,560485.3182907286,630177.7777777778,878183.3333333334,0.0
event65,surface_matched,mike_external,105527,7597944,18.9604434967041,50.210391998291016,9.445019721984863,0.5691231072846394,0.41197812146100177,24.350088119506836,1278.3708572387695,1278.3708572387695,303.2693176269531,1043.1150197982788,1177632.0843077046,1177632.0843077046,18.9604434967041,2718,458412.8806878633,1177632.0843077046,3354155.5555555555,1003411.1111111111,240.0
event65,prior_only,coupled_label,105527,7597944,2.7016446590423584,11.461181640625,-0.5592882037162781,0.9020886981049724,0.893264583440252,3.566301107406616,5.584239959716797,5.584239959716797,56.4791374206543,958.4585428237915,-73883.47817538306,73883.47817538306,2.7016446590423584,2718,49455.80626189418,89514.28044964699,596955.5555555555,52511.11111111111,0.0
event65,prior_only,mike_external,105527,7597944,20.301605224609375,56.771907806396484,2.482931137084961,0.5083649888885098,0.2742908540886281,27.958152770996094,1273.2391357421875,1273.2391357421875,502.44189453125,1043.1150197982788,543263.2878415929,543263.2878415929,20.301605224609375,2718,212364.63711895075,543263.2878415929,2241100.0,524538.8888888889,240.0
event65,hybrid_dynamic,coupled_label,105527,7597944,2.2919654846191406,9.718977928161621,0.10285592079162598,0.9270086319697323,0.8959250136078898,3.58797025680542,7.793664932250977,7.793664932250977,52.7754020690918,958.4585428237915,-47262.09006169299,47262.09006169299,2.2919654846191406,2718,16528.74322410041,47812.40807282063,307988.8888888889,68983.33333333333,0.0
event65,hybrid_dynamic,mike_external,105527,7597944,20.054931640625,55.93956756591797,3.145075559616089,0.5532234272828489,0.26213825137986335,28.099159240722656,1275.4485607147217,1275.4485607147217,560.2366333007812,1043.1150197982788,569884.675955283,569884.675955283,20.054931640625,2718,256613.05649058733,584276.414759757,3023566.6666666665,559722.2222222222,240.0
event65,hybrid_all,coupled_label,105527,7597944,2.1985654830932617,9.240601539611816,0.11442126333713531,0.9331881201189308,0.8986828618128426,3.4380691051483154,6.907463073730469,6.907463073730469,51.824806213378906,958.4585428237915,-44495.47926359996,44495.47926359996,2.1985654830932617,2718,16357.223088901057,44639.52604145114,257216.66666666666,67361.11111111111,0.0
event65,hybrid_all,mike_external,105527,7597944,20.014678955078125,55.8626823425293,3.1566405296325684,0.5521305042534187,0.2630595101486351,28.092370986938477,1274.5623588562012,1274.5623588562012,564.22900390625,1043.1150197982788,572651.286753376,572651.286753376,20.014678955078125,2718,255492.83126234118,582886.8319049843,2981672.222222222,556511.1111111111,240.0
event66,surface_matched,coupled_label,105527,7597944,8.430887222290039,38.45692825317383,7.0861592292785645,0.8998404734466291,0.6172547927401012,15.093841552734375,10.914802551269531,10.914802551269531,112.45706176757812,971.0116386413574,618826.1681512038,618826.1681512038,8.430887222290039,2718,299112.450954739,618826.1681512038,626516.6666666666,997905.5555555555,0.0
event66,surface_matched,mike_external,105527,7597944,18.926401138305664,49.93096923828125,9.352395057678223,0.6297107338144433,0.4166239400820039,24.104833602905273,1329.927921295166,1329.927921295166,291.13836669921875,994.0578937530518,1238489.1740199015,1238489.1740199015,18.926401138305664,2718,473158.6395255648,1238489.1740199015,2873744.4444444445,1155150.0,265.0
event66,prior_only,coupled_label,105527,7597944,2.5373194217681885,11.021522521972656,-0.132404625415802,0.9206986657532227,0.8961981174483388,3.8525607585906982,5.811452865600586,5.811452865600586,49.91886520385742,971.0116386413574,-42855.83714583982,42855.83714583982,2.5373194217681885,2718,43196.75969051942,82900.59817567887,455850.0,64838.88888888889,0.0
event66,prior_only,mike_external,105527,7597944,20.72028350830078,56.497745513916016,2.13383150100708,0.565174401307508,0.28422612538688047,28.319604873657227,1324.824571609497,1324.824571609497,467.71343994140625,994.0578937530518,576807.1687228578,576807.1687228578,20.72028350830078,2718,225264.66218202005,576807.1687228578,1940100.0,600605.5555555555,265.0
event66,hybrid_dynamic,coupled_label,105527,7597944,2.396127462387085,9.875852584838867,0.23515930771827698,0.9308693533066629,0.8977531285551763,3.8269543647766113,7.597208023071289,7.597208023071289,41.135921478271484,971.0116386413574,-71793.42930068704,71793.42930068704,2.396127462387085,2718,29483.65346609823,71793.42930068704,321405.55555555556,81794.44444444444,0.0
event66,hybrid_dynamic,mike_external,105527,7597944,20.311683654785156,55.76913070678711,2.5013952255249023,0.611633480422813,0.26819888886535787,28.50560188293457,1326.6103267669678,1326.6103267669678,515.6137084960938,994.0578937530518,547869.5765680106,547869.5765680106,20.311683654785156,2718,256039.74689891667,563329.2872847985,2514744.4444444445,629327.7777777778,265.0
event66,hybrid_all,coupled_label,105527,7597944,2.3327693939208984,9.584451675415039,0.23514004051685333,0.9353429238989204,0.8982654778629352,3.6924312114715576,3.6602020263671875,3.6602020263671875,40.620147705078125,971.0116386413574,-69618.40660879551,69618.40660879551,2.3327693939208984,2718,31963.735364448927,69618.40660879551,292827.77777777775,75466.66666666667,0.0
event66,hybrid_all,mike_external,105527,7597944,20.293563842773438,55.62242126464844,2.501376152038574,0.6085156938642547,0.27116798689943233,28.489713668823242,1322.6733207702637,1322.6733207702637,511.525634765625,994.0578937530518,550044.5992599021,550044.5992599021,20.293563842773438,2718,253136.25879500562,558472.5467082472,2457344.4444444445,621800.0,265.0
event67,surface_matched,coupled_label,105527,7597944,12.63111686706543,52.7618408203125,10.927658081054688,0.8845356294222089,0.620360629912935,22.0767765045166,1.6584396362304688,1.6584396362304688,47.54762649536133,1139.8162841796875,923206.9623993558,923206.9623993558,12.63111686706543,2718,461265.23658821837,923206.9623993558,775433.3333333334,1395977.7777777778,0.0
event67,surface_matched,mike_external,105527,7597944,21.35552978515625,60.586612701416016,4.147629737854004,0.7186854416503303,0.573424906075115,33.40473175048828,402.21214294433594,402.21214294433594,436.4835205078125,1341.1600589752197,811062.3046000472,811062.3046000472,21.35552978515625,2718,294426.6029810783,811062.3046000472,1720122.2222222222,828494.4444444445,160.0
event67,prior_only,coupled_label,105527,7597944,4.617123126983643,20.426244735717773,3.5172152519226074,0.9214269314790104,0.811834522246758,9.072845458984375,-4.767179489135742,4.767179489135742,82.18040466308594,1139.8162841796875,256841.21085450612,256841.21085450612,4.617123126983643,2718,150320.81064102842,261148.35671178438,627566.6666666666,519283.3333333333,0.0
event67,prior_only,mike_external,105527,7597944,24.444438934326172,70.30707550048828,-3.2628142833709717,0.7073276856853085,0.47278937672704946,40.05006790161133,395.7865238189697,395.7865238189697,632.92529296875,1341.1600589752197,144696.55305519747,144696.55305519747,24.444438934326172,2718,198009.3416207144,541121.1845101283,1549522.2222222222,404877.77777777775,160.0
event67,hybrid_dynamic,coupled_label,105527,7597944,2.544624090194702,12.568012237548828,0.4624911844730377,0.9387911345129065,0.9257838150014636,5.25955867767334,-4.095315933227539,4.095315933227539,65.5931167602539,1139.8162841796875,44617.09626321518,44617.09626321518,2.544624090194702,2718,22461.49754264881,59734.23367256764,325133.3333333333,16544.444444444445,0.0
event67,hybrid_dynamic,mike_external,105527,7597944,26.819644927978516,78.85138702392578,-6.317538738250732,0.6847013895669968,0.37243863749197775,43.83441162109375,396.45838737487793,396.45838737487793,642.7744140625,1341.1600589752197,-67527.56153609348,67527.56153609348,26.819644927978516,2718,305050.50506677694,633767.5073375404,1283011.111111111,921327.7777777778,160.0
event67,hybrid_all,coupled_label,105527,7597944,2.520350217819214,12.147130012512207,0.5038484334945679,0.940029622482322,0.9253793825222396,5.181787490844727,-10.645151138305664,10.645151138305664,67.83314514160156,1139.8162841796875,47364.85905730282,47364.85905730282,2.5203499794006348,2718,23802.45923766734,59777.62881299271,325383.3333333333,17361.11111111111,0.0
event67,hybrid_all,mike_external,105527,7597944,26.801668167114258,78.7332534790039,-6.276181697845459,0.6846854019476242,0.37391879195280947,43.92705154418945,389.9085521697998,389.9085521697998,639.123291015625,1341.1600589752197,-64779.798742005834,64779.798742005834,26.801668167114258,2718,303457.9174830868,630419.2197968143,1281505.5555555555,913955.5555555555,160.0
event68,surface_matched,coupled_label,105527,7597944,11.913520812988281,50.05826950073242,10.10129165649414,0.8842592644282353,0.6255457330561885,20.495500564575195,3.1342506408691406,3.1342506408691406,72.86897277832031,1125.7414817810059,856686.1318184894,856686.1318184894,11.913520812988281,2718,426383.56690574676,856686.1318184894,727066.6666666666,1294411.111111111,0.0
event68,surface_matched,mike_external,105527,7597944,18.43962287902832,51.23543167114258,6.52565860748291,0.7256046880685941,0.567833056101618,27.025157928466797,976.3236045837402,976.3236045837402,274.5127258300781,1185.1462125778198,940952.1288161378,940952.1288161378,18.43962287902832,2718,339040.7592388777,940952.1288161378,1724750.0,888477.7777777778,165.0
event68,prior_only,coupled_label,105527,7597944,3.637369394302368,15.21489429473877,2.583423376083374,0.9262993604900962,0.8677670325099496,6.57474946975708,-3.080606460571289,3.080606460571289,49.39063262939453,1125.7414817810059,182266.89348110463,182266.89348110463,3.637369394302368,2718,111330.0039654616,194079.16710479418,521488.8888888889,291722.22222222225,0.0
event68,prior_only,mike_external,105527,7597944,21.60282325744629,60.51974868774414,-0.99220871925354,0.7087662800954753,0.4255886885912113,34.278568267822266,970.1087474822998,970.1087474822998,493.25738525390625,1185.1462125778198,266532.890478753,266532.890478753,21.60282325744629,2718,158520.17355639694,426333.1665233413,1494416.6666666667,493244.44444444444,165.0
event68,hybrid_dynamic,coupled_label,105527,7597944,2.003209352493286,9.721199989318848,-0.33114153146743774,0.9484162393916908,0.9341758809374829,2.993457078933716,2.7098655700683594,2.7098655700683594,53.318817138671875,1125.7414817810059,-20157.99292765325,20157.99292765325,2.003209352493286,2718,14300.579961778456,34254.8016735306,144305.55555555556,80172.22222222222,0.0
event68,hybrid_dynamic,mike_external,105527,7597944,23.79469108581543,68.1386947631836,-3.906773805618286,0.6792453648675615,0.3579007334615111,37.92010498046875,975.8992195129395,975.8992195129395,497.1237487792969,1185.1462125778198,64108.004069995135,64108.004069995135,23.794692993164062,2718,209444.8929485696,497587.3872127186,1143100.0,823305.5555555555,165.0
event68,hybrid_all,coupled_label,105527,7597944,2.0027856826782227,9.478168487548828,-0.2778879702091217,0.9477299923329918,0.936079053936444,3.02901291847229,-7.796525955200195,7.796525955200195,54.31818771362305,1125.7414817810059,-12844.240615009796,12844.240615009796,2.0027854442596436,2718,12118.544712953906,32244.294712784234,123038.88888888889,70255.55555555556,0.0
event68,hybrid_all,mike_external,105527,7597944,23.786914825439453,68.1304702758789,-3.853519916534424,0.6767783578249155,0.3591223674969703,37.90930938720703,965.3928279876709,965.3928279876709,512.490478515625,1185.1462125778198,71421.75638263859,71421.75638263859,23.786914825439453,2718,207874.005165626,497645.9267235098,1121777.7777777778,812777.7777777778,165.0
event69,surface_matched,coupled_label,105527,7597944,10.911508560180664,47.340023040771484,9.419600486755371,0.8855943776667409,0.63276641732022,18.90993309020996,2.9659271240234375,2.9659271240234375,71.29206085205078,1106.3729524612427,795505.9214019927,795505.9214019927,10.911508560180664,2718,397608.8413244845,795505.9214019927,741455.5555555555,1188566.6666666667,0.0
event69,surface_matched,mike_external,105527,7597944,19.573625564575195,55.1595344543457,6.699243068695068,0.6697090408423948,0.5374226216685228,29.28994369506836,771.3420391082764,771.3420391082764,369.6719055175781,1254.5570135116577,899442.2819293239,899442.2819293239,19.573625564575195,2718,332229.001686284,899442.2819293239,2225822.222222222,837838.8888888889,165.0
event69,prior_only,coupled_label,105527,7597944,2.669278860092163,12.013266563415527,1.8347901105880737,0.9389797302388667,0.8889408177339083,4.9245381355285645,-3.2727718353271484,3.2727718353271484,50.43021774291992,1106.3729524612427,116350.53995186859,116350.53995186859,2.669278860092163,2718,80389.73488321605,142016.42702795076,405383.3333333333,230983.33333333334,0.0
event69,prior_only,mike_external,105527,7597944,22.2576847076416,64.56138610839844,-0.8855664730072021,0.6548066549888867,0.41135009213866,35.6756706237793,765.1033401489258,765.1033401489258,611.1832275390625,1254.5570135116577,220286.90047919983,220286.90047919983,22.2576847076416,2718,139242.69645687324,384182.4683304294,1849505.5555555555,398700.0,165.0
event69,hybrid_dynamic,coupled_label,105527,7597944,1.9410208463668823,9.388798713684082,-0.005854646675288677,0.9453005821736559,0.9304367463077549,2.9277448654174805,-6.273508071899414,6.273508071899414,41.64094924926758,1106.3729524612427,176.28800973040052,176.28800973040052,1.9410208463668823,2718,7594.88729320885,23418.90458964184,217094.44444444444,72377.77777777778,0.0
event69,hybrid_dynamic,mike_external,105527,7597944,23.874990463256836,70.35224151611328,-2.7262113094329834,0.6311820530415503,0.34849680655652987,38.150604248046875,762.1026039123535,762.1026039123535,576.5083618164062,1254.5570135116577,104112.64853706164,104112.64853706164,23.874990463256836,2718,167649.65552093854,447999.8307029037,1684550.0,685827.7777777778,165.0
event69,hybrid_all,coupled_label,105527,7597944,1.8885773420333862,8.976119041442871,-0.01717195473611355,0.9475307622783105,0.9326087005606346,2.81970477104187,-6.297111511230469,6.297111511230469,44.72063064575195,1106.3729524612427,2847.091027199989,2847.091027199989,1.8885773420333862,2718,7102.288392422185,23453.31068038987,206033.33333333334,66261.11111111111,0.0
event69,hybrid_all,mike_external,105527,7597944,23.866621017456055,70.45264434814453,-2.7375285625457764,0.6310676357192221,0.34939775947716456,38.215576171875,762.0790004730225,762.0790004730225,601.68505859375,1254.5570135116577,106783.45155453123,106783.45155453123,23.866621017456055,2718,168725.6109981362,448069.6288498866,1675455.5555555555,680100.0,165.0
event70,surface_matched,coupled_label,105527,7597944,12.02267074584961,50.579551696777344,10.318780899047852,0.8846285505297501,0.6265384126071012,20.77828025817871,3.3080577850341797,3.3080577850341797,63.92510986328125,1134.0513229370117,869789.0234456991,869789.0234456991,12.02267074584961,2718,435564.0102752852,869789.0234456991,753594.4444444445,1305044.4444444445,0.0
event70,surface_matched,mike_external,105527,7597944,19.015239715576172,53.15947723388672,5.949710845947266,0.7245183093881435,0.566815095644295,28.380998611450195,849.370002746582,849.370002746582,316.99285888671875,1224.5675325393677,909904.952621937,909904.952621937,19.015239715576172,2718,327053.32383182726,909904.952621937,1719616.6666666667,859327.7777777778,165.0
event70,prior_only,coupled_label,105527,7597944,3.778587579727173,16.043636322021484,2.82576584815979,0.9255386846537559,0.8535916546874106,7.005252361297607,-2.881765365600586,2.881765365600586,58.73207092285156,1134.0513229370117,196423.06459446927,196423.06459446927,3.7785873413085938,2718,121450.92059334047,211164.63677643263,568827.7777777778,350877.77777777775,0.0
event70,prior_only,mike_external,105527,7597944,22.241777420043945,62.81825256347656,-1.5433045625686646,0.7091616560358829,0.4377377675927569,35.61278533935547,843.1801795959473,843.1801795959473,540.5098266601562,1224.5675325393677,236538.99377070717,236538.99377070717,22.241777420043945,2718,164932.12746096836,454664.84116521175,1512516.6666666667,493216.6666666667,165.0
event70,hybrid_dynamic,coupled_label,105527,7597944,1.999060869216919,9.618762016296387,-0.13357427716255188,0.9487857533784205,0.9365225774078092,3.288712501525879,-2.9582977294921875,2.9582977294921875,58.50381851196289,1134.0513229370117,-9118.406303764088,9118.406303764088,1.999060869216919,2718,7999.171188173421,18019.14322018507,209022.22222222222,63416.666666666664,0.0
event70,hybrid_dynamic,mike_external,105527,7597944,24.465702056884766,70.82418823242188,-4.5026445388793945,0.6822817911704462,0.3610382990653015,39.36689758300781,843.1036472320557,843.1036472320557,552.48046875,1224.5675325393677,30997.52287247381,30997.52287247381,24.465702056884766,2718,230488.16126626355,539524.0435252073,1180888.888888889,862477.7777777778,165.0
event70,hybrid_all,coupled_label,105527,7597944,1.998548150062561,9.31421184539795,-0.0704423114657402,0.9489061644976327,0.9372309444771255,3.3149847984313965,6.4678192138671875,6.4678192138671875,58.1528434753418,1134.0513229370117,1437.3131639123894,1437.3131639123894,1.998548150062561,2718,6294.9383021426365,15860.822915470926,196183.33333333334,56605.555555555555,0.0
event70,hybrid_all,mike_external,105527,7597944,24.466402053833008,70.8038101196289,-4.439513206481934,0.6803809951396192,0.36237903636548846,39.399330139160156,852.529764175415,852.529764175415,571.9922485351562,1224.5675325393677,41553.24234015029,41553.24234015029,24.466402053833008,2718,228898.11732970655,533831.3028143721,1166916.6666666667,852611.1111111111,165.0
event1,surface_matched,coupled_label,105527,7597944,7.200066566467285,35.67648696899414,5.9521803855896,0.8949593182256619,0.6296337701146955,14.731212615966797,5.687475204467773,5.687475204467773,108.82159423828125,987.0272874832153,617099.9959212418,617099.9959212418,7.200066566467285,3141,251246.2771034014,617099.9959212418,495288.8888888889,826988.8888888889,10.0
event1,surface_matched,mike_external,105527,7597944,14.44492244720459,44.21110153198242,5.625144004821777,0.6733822588660369,0.5153302949130667,25.720645904541016,749.8917579650879,749.8917579650879,349.96533203125,1185.8177185058594,747825.1536267714,747825.1536267714,14.44492244720459,3141,258995.07069832634,747825.1536267714,1803288.888888889,601450.0,120.0
event1,prior_only,coupled_label,105527,7597944,2.49819016456604,9.8872709274292,-1.0816141366958618,0.886074684499662,0.8941266949499789,3.1944949626922607,-0.2503395080566406,0.2503395080566406,37.041133880615234,987.0272874832153,-38153.56997288903,38153.56997288903,2.498190402984619,3141,45664.735692262584,107323.6764919362,545194.4444444445,57777.77777777778,0.0
event1,prior_only,mike_external,105527,7597944,17.8265438079834,57.47618103027344,-1.4086501598358154,0.5817339422159384,0.32510179355274393,33.5762825012207,743.9539432525635,743.9539432525635,610.57421875,1185.8177185058594,92571.58773264056,92571.58773264056,17.8265438079834,3141,148511.35904082487,410764.4481617769,1119638.888888889,481294.44444444444,130.0
event1,hybrid_dynamic,coupled_label,105527,7597944,2.3061470985412598,9.858903884887695,-0.6659616231918335,0.9087644083552868,0.8830582511907491,3.234802722930908,-0.03695487976074219,0.03695487976074219,33.17744827270508,987.0272874832153,34500.91085363319,34500.91085363319,2.3061470985412598,3141,33411.32985133436,85896.32741365209,248016.66666666666,102800.0,10.0
event1,hybrid_dynamic,mike_external,105527,7597944,17.624303817749023,57.15227127075195,-0.9929976463317871,0.623630550058919,0.3108334363152922,33.36504364013672,744.1673278808594,744.1673278808594,610.24951171875,1185.8177185058594,165226.06855916278,165226.06855916278,17.624303817749023,3141,154410.53522342723,391863.8019077068,1323972.2222222222,525705.5555555555,120.0
event1,hybrid_all,coupled_label,105527,7597944,2.2394375801086426,9.423354148864746,-0.6776524782180786,0.916139409307631,0.8829263323432879,3.2201526165008545,-9.573698043823242,9.573698043823242,33.23781967163086,987.0272874832153,32961.5086491555,32961.5086491555,2.2394375801086426,3141,33867.6689776088,84910.70191927184,252950.0,102522.22222222222,10.0
event1,hybrid_all,mike_external,105527,7597944,17.60853385925293,57.06024932861328,-1.004687786102295,0.6246084749643183,0.31097560975609756,33.369991302490234,734.6305847167969,734.6305847167969,610.7520751953125,1185.8177185058594,163686.6663546851,163686.6663546851,17.60853385925293,3141,155078.65793543306,391646.7383988723,1318105.5555555555,525550.0,120.0
event20,surface_matched,coupled_label,105527,7597944,3.321641206741333,20.10384178161621,2.672626256942749,0.8832780881201381,0.6902998956490177,8.871540069580078,8.329391479492188,8.329391479492188,57.560604095458984,814.2159581184387,354604.33972877776,354604.33972877776,3.321641206741333,3141,112813.6837465064,354604.33972877776,575061.1111111111,321972.22222222225,0.0
event20,surface_matched,mike_external,105527,7597944,13.467605590820312,42.75033187866211,13.077166557312012,0.33285261626828955,0.1463313144389477,24.384119033813477,1081.8458795547485,1081.8458795547485,306.3416442871094,403.5188853740692,1131478.9826690832,1131478.9826690832,13.467605590820312,3141,551997.6769451307,1131478.9826690832,4376366.666666667,1014300.0,55.0
event20,prior_only,coupled_label,105527,7597944,3.3645923137664795,12.901728630065918,-1.8416961431503296,0.7619607532279942,0.8279411851510805,5.033178806304932,2.856731414794922,2.856731414794922,31.67301368713379,814.2159581184387,-131091.44896636507,131091.44896636507,3.3645923137664795,3141,77774.71969956212,159990.07353752106,1098461.111111111,68983.33333333333,0.0
event20,prior_only,mike_external,105527,7597944,11.000677108764648,37.31529235839844,8.562845230102539,0.3234423214786647,0.15613559406744718,19.580991744995117,1076.3732194900513,1076.3732194900513,310.857666015625,403.5188853740692,645783.1939739403,645783.1939739403,11.000677108764648,3141,361444.5323484736,645783.1939739403,2703533.3333333335,664955.5555555555,55.0
event20,hybrid_dynamic,coupled_label,105527,7597944,2.242429733276367,9.120482444763184,-0.7904229164123535,0.8549890199602844,0.8367651982589563,3.567594051361084,1.7669200897216797,1.7669200897216797,24.658437728881836,814.2159581184387,-44922.750644607004,44922.750644607004,2.242429733276367,3141,33510.316214645,93521.88452563947,447183.3333333333,64866.666666666664,0.0
event20,hybrid_dynamic,mike_external,105527,7597944,10.967955589294434,36.39329528808594,9.614118576049805,0.3590082462850003,0.15685467009643042,18.778854370117188,1075.283408164978,1075.283408164978,295.98443603515625,403.5188853740692,731951.8922956984,731951.8922956984,10.967955589294434,3141,405819.6115835839,731951.8922956984,3354600.0,651250.0,55.0
event20,hybrid_all,coupled_label,105527,7597944,2.1391208171844482,8.668045043945312,-0.7550182938575745,0.8619048876448998,0.8402964596202585,3.463249921798706,3.3304691314697266,3.3304691314697266,24.05293083190918,814.2159581184387,-43983.11098190723,43983.11098190723,2.1391208171844482,3141,32223.595458485353,92526.66758028232,460077.77777777775,62505.555555555555,0.0
event20,hybrid_all,mike_external,105527,7597944,11.024614334106445,36.43667984008789,9.64952278137207,0.355722976595789,0.15761769163934322,18.860126495361328,1076.846957206726,1076.846957206726,297.40234375,403.5188853740692,732891.5319583982,732891.5319583982,11.024614334106445,3141,407314.06479122845,732891.5319583982,3341705.5555555555,650922.2222222222,55.0
event65,surface_matched,coupled_label,105527,7597944,7.695992469787598,36.39392852783203,6.402800559997559,0.8962788365673319,0.6223158303968767,13.723603248596191,10.715961456298828,10.715961456298828,117.107421875,958.4585428237915,560485.3182907286,560485.3182907286,7.695992469787598,3141,270267.30581327155,560485.3182907286,630177.7777777778,878183.3333333334,0.0
event65,surface_matched,mike_external,105527,7597944,18.9604434967041,50.210391998291016,9.445019721984863,0.5691231072846394,0.41197812146100177,24.350088119506836,1278.3708572387695,1278.3708572387695,303.2693176269531,1043.1150197982788,1177632.0843077046,1177632.0843077046,18.9604434967041,3141,458412.8806878633,1177632.0843077046,3354155.5555555555,1003411.1111111111,240.0
event65,prior_only,coupled_label,105527,7597944,2.7016446590423584,11.461181640625,-0.5592882037162781,0.9020886981049724,0.893264583440252,3.566301107406616,5.584239959716797,5.584239959716797,56.4791374206543,958.4585428237915,-73883.47817538306,73883.47817538306,2.7016446590423584,3141,49455.80626189418,89514.28044964699,596955.5555555555,52511.11111111111,0.0
event65,prior_only,mike_external,105527,7597944,20.301605224609375,56.771907806396484,2.482931137084961,0.5083649888885098,0.2742908540886281,27.958152770996094,1273.2391357421875,1273.2391357421875,502.44189453125,1043.1150197982788,543263.2878415929,543263.2878415929,20.301605224609375,3141,212364.63711895075,543263.2878415929,2241100.0,524538.8888888889,240.0
event65,hybrid_dynamic,coupled_label,105527,7597944,2.2891359329223633,9.602282524108887,0.12593112885951996,0.9248278063317156,0.8971387969536277,3.611508369445801,8.422613143920898,8.422613143920898,42.62533950805664,958.4585428237915,-43476.11217839457,43476.11217839457,2.2891359329223633,3141,15551.239718438479,46232.92803731235,297161.1111111111,74872.22222222222,0.0
event65,hybrid_dynamic,mike_external,105527,7597944,20.045507431030273,55.81937789916992,3.1681506633758545,0.550559988883259,0.2622944795480436,28.02545166015625,1276.0775089263916,1276.0775089263916,541.9578247070312,1043.1150197982788,573670.6538385814,573670.6538385814,20.045507431030273,3141,254801.35555457277,595986.9262155236,3004416.6666666665,562833.3333333334,240.0
event65,hybrid_all,coupled_label,105527,7597944,2.202741861343384,9.172757148742676,0.15043501555919647,0.9315758990027868,0.8988072737554128,3.4679958820343018,7.208347320556641,7.208347320556641,41.512420654296875,958.4585428237915,-35711.869732087944,35711.869732087944,2.202741861343384,3141,15393.399160003939,41789.03141636145,260872.22222222222,69072.22222222222,0.0
event65,hybrid_all,mike_external,105527,7597944,20.022069931030273,55.713661193847656,3.1926543712615967,0.5508381816947003,0.2635886215287912,28.05872917175293,1274.8632431030273,1274.8632431030273,546.9813232421875,1043.1150197982788,581434.896284888,581434.896284888,20.022069931030273,3141,255301.6672220536,596748.3342866639,2979950.0,561244.4444444445,240.0
event66,surface_matched,coupled_label,105527,7597944,8.430887222290039,38.45692825317383,7.0861592292785645,0.8998404734466291,0.6172547927401012,15.093841552734375,10.914802551269531,10.914802551269531,112.45706176757812,971.0116386413574,618826.1681512038,618826.1681512038,8.430887222290039,3141,299112.450954739,618826.1681512038,626516.6666666666,997905.5555555555,0.0
event66,surface_matched,mike_external,105527,7597944,18.926401138305664,49.93096923828125,9.352395057678223,0.6297107338144433,0.4166239400820039,24.104833602905273,1329.927921295166,1329.927921295166,291.13836669921875,994.0578937530518,1238489.1740199015,1238489.1740199015,18.926401138305664,3141,473158.6395255648,1238489.1740199015,2873744.4444444445,1155150.0,265.0
event66,prior_only,coupled_label,105527,7597944,2.5373194217681885,11.021522521972656,-0.132404625415802,0.9206986657532227,0.8961981174483388,3.8525607585906982,5.811452865600586,5.811452865600586,49.91886520385742,971.0116386413574,-42855.83714583982,42855.83714583982,2.5373194217681885,3141,43196.75969051942,82900.59817567887,455850.0,64838.88888888889,0.0
event66,prior_only,mike_external,105527,7597944,20.72028350830078,56.497745513916016,2.13383150100708,0.565174401307508,0.28422612538688047,28.319604873657227,1324.824571609497,1324.824571609497,467.71343994140625,994.0578937530518,576807.1687228578,576807.1687228578,20.72028350830078,3141,225264.66218202005,576807.1687228578,1940100.0,600605.5555555555,265.0
event66,hybrid_dynamic,coupled_label,105527,7597944,2.395697593688965,9.624588966369629,0.14165513217449188,0.929989944987704,0.897071412040587,3.7641711235046387,5.782842636108398,5.782842636108398,34.55955123901367,971.0116386413574,-75001.6298159901,75001.6298159901,2.395697593688965,3141,30368.101140089268,76999.37981848372,312155.55555555556,93622.22222222222,0.0
event66,hybrid_dynamic,mike_external,105527,7597944,20.32300567626953,55.86265563964844,2.407891035079956,0.6099918647823911,0.2685027732307741,28.483291625976562,1324.7959613800049,1324.7959613800049,509.7225341796875,994.0578937530518,544661.3760527076,544661.3760527076,20.32300567626953,3141,251352.88237937406,558145.4832395541,2475983.3333333335,626433.3333333334,265.0
event66,hybrid_all,coupled_label,105527,7597944,2.308382034301758,9.166971206665039,0.12204127013683319,0.9353764895826222,0.8988114153189164,3.619413375854492,7.802009582519531,7.802009582519531,34.55257034301758,971.0116386413574,-67242.65910364198,67242.65910364198,2.308382034301758,3141,29010.515324295204,69597.6362102956,277605.55555555556,84394.44444444444,0.0
event66,hybrid_all,mike_external,105527,7597944,20.337600708007812,55.91083526611328,2.388277053833008,0.6078991567157961,0.2696361235471069,28.54596710205078,1326.815128326416,1326.815128326416,522.2120361328125,994.0578937530518,552420.3467650557,552420.3467650557,20.337602615356445,3141,250973.27744027035,554868.8148328187,2435588.888888889,627827.7777777778,265.0
event67,surface_matched,coupled_label,105527,7597944,12.63111686706543,52.7618408203125,10.927658081054688,0.8845356294222089,0.620360629912935,22.0767765045166,1.6584396362304688,1.6584396362304688,47.54762649536133,1139.8162841796875,923206.9623993558,923206.9623993558,12.63111686706543,3141,461265.23658821837,923206.9623993558,775433.3333333334,1395977.7777777778,0.0
event67,surface_matched,mike_external,105527,7597944,21.35552978515625,60.586612701416016,4.147629737854004,0.7186854416503303,0.573424906075115,33.40473175048828,402.21214294433594,402.21214294433594,436.4835205078125,1341.1600589752197,811062.3046000472,811062.3046000472,21.35552978515625,3141,294426.6029810783,811062.3046000472,1720122.2222222222,828494.4444444445,160.0
event67,prior_only,coupled_label,105527,7597944,4.617123126983643,20.426244735717773,3.5172152519226074,0.9214269314790104,0.811834522246758,9.072845458984375,-4.767179489135742,4.767179489135742,82.18040466308594,1139.8162841796875,256841.21085450612,256841.21085450612,4.617123126983643,3141,150320.81064102842,261148.35671178438,627566.6666666666,519283.3333333333,0.0
event67,prior_only,mike_external,105527,7597944,24.444438934326172,70.30707550048828,-3.2628142833709717,0.7073276856853085,0.47278937672704946,40.05006790161133,395.7865238189697,395.7865238189697,632.92529296875,1341.1600589752197,144696.55305519747,144696.55305519747,24.444438934326172,3141,198009.3416207144,541121.1845101283,1549522.2222222222,404877.77777777775,160.0
event67,hybrid_dynamic,coupled_label,105527,7597944,2.5526649951934814,12.71924877166748,0.5290048718452454,0.9384513682711008,0.9222662668500254,5.330189228057861,-6.288290023803711,6.288290023803711,81.3045654296875,1139.8162841796875,49723.5514362182,49723.5514362182,2.5526649951934814,3141,25149.054778264446,71733.61208541621,332666.6666666667,22494.444444444445,0.0
event67,hybrid_dynamic,mike_external,105527,7597944,26.788602828979492,78.72686004638672,-6.2510247230529785,0.6849945558623705,0.3742595493024573,43.731170654296875,394.26541328430176,394.26541328430176,636.2864379882812,1341.1600589752197,-62421.106363090454,62421.106363090454,26.788602828979492,3141,302162.7032704538,625273.0557849361,1288611.111111111,910788.8888888889,160.0
event67,hybrid_all,coupled_label,105527,7597944,2.5308191776275635,12.42640495300293,0.5143721699714661,0.9398686228711823,0.9248013038571125,5.236954689025879,-6.749153137207031,6.749153137207031,83.83213806152344,1139.8162841796875,51606.69473907654,51606.69473907654,2.5308191776275635,3141,24707.568058310815,69620.8988614825,327444.44444444444,21183.333333333332,0.0
event67,hybrid_all,mike_external,105527,7597944,26.832862854003906,78.88358306884766,-6.265657424926758,0.6844684056469259,0.37355788485342,43.84748458862305,393.80455017089844,393.80455017089844,638.4747924804688,1341.1600589752197,-60537.96306023211,60537.96306023211,26.832862854003906,3141,302875.47531940276,625833.0340375155,1280511.111111111,912122.2222222222,160.0
event68,surface_matched,coupled_label,105527,7597944,11.913520812988281,50.05826950073242,10.10129165649414,0.8842592644282353,0.6255457330561885,20.495500564575195,3.1342506408691406,3.1342506408691406,72.86897277832031,1125.7414817810059,856686.1318184894,856686.1318184894,11.913520812988281,3141,426383.56690574676,856686.1318184894,727066.6666666666,1294411.111111111,0.0
event68,surface_matched,mike_external,105527,7597944,18.43962287902832,51.23543167114258,6.52565860748291,0.7256046880685941,0.567833056101618,27.025157928466797,976.3236045837402,976.3236045837402,274.5127258300781,1185.1462125778198,940952.1288161378,940952.1288161378,18.43962287902832,3141,339040.7592388777,940952.1288161378,1724750.0,888477.7777777778,165.0
event68,prior_only,coupled_label,105527,7597944,3.637369394302368,15.21489429473877,2.583423376083374,0.9262993604900962,0.8677670325099496,6.57474946975708,-3.080606460571289,3.080606460571289,49.39063262939453,1125.7414817810059,182266.89348110463,182266.89348110463,3.637369394302368,3141,111330.0039654616,194079.16710479418,521488.8888888889,291722.22222222225,0.0
event68,prior_only,mike_external,105527,7597944,21.60282325744629,60.51974868774414,-0.99220871925354,0.7087662800954753,0.4255886885912113,34.278568267822266,970.1087474822998,970.1087474822998,493.25738525390625,1185.1462125778198,266532.890478753,266532.890478753,21.60282325744629,3141,158520.17355639694,426333.1665233413,1494416.6666666667,493244.44444444444,165.0
event68,hybrid_dynamic,coupled_label,105527,7597944,2.0005204677581787,9.291828155517578,-0.29332804679870605,0.9472190276647027,0.9354768314612871,3.0409607887268066,-7.145166397094727,7.145166397094727,55.41603469848633,1125.7414817810059,2350.8886897547636,2350.8886897547636,2.0005204677581787,3141,12832.493228444642,29290.638454421423,160827.77777777778,74455.55555555556,0.0
event68,hybrid_dynamic,mike_external,105527,7597944,23.774927139282227,68.26591491699219,-3.868959903717041,0.6806870676006853,0.3585472009605283,37.845645904541016,966.0441875457764,966.0441875457764,510.0259704589844,1185.1462125778198,86616.88568740315,86616.88568740315,23.77492904663086,3141,210276.51276671965,503672.3355631132,1163766.6666666667,817355.5555555555,165.0
event68,hybrid_all,coupled_label,105527,7597944,2.0207087993621826,9.103940963745117,-0.23045605421066284,0.9476372642898795,0.9351167333505015,3.067495584487915,-3.652811050415039,3.652811050415039,61.327510833740234,1125.7414817810059,6562.6430183041375,6562.6430183041375,2.0207087993621826,3141,11110.081650147196,28244.86604837398,150105.55555555556,65922.22222222222,0.0
event68,hybrid_all,mike_external,105527,7597944,23.774003982543945,68.27648162841797,-3.8060877323150635,0.6791581175633645,0.3595656214335475,37.89115524291992,969.536542892456,969.536542892456,526.4742431640625,1185.1462125778198,90828.64001595252,90828.64001595252,23.774003982543945,3141,208559.93205564903,502631.5927163246,1149844.4444444445,807166.6666666666,165.0
event69,surface_matched,coupled_label,105527,7597944,10.911508560180664,47.340023040771484,9.419600486755371,0.8855943776667409,0.63276641732022,18.90993309020996,2.9659271240234375,2.9659271240234375,71.29206085205078,1106.3729524612427,795505.9214019927,795505.9214019927,10.911508560180664,3141,397608.8413244845,795505.9214019927,741455.5555555555,1188566.6666666667,0.0
event69,surface_matched,mike_external,105527,7597944,19.573625564575195,55.1595344543457,6.699243068695068,0.6697090408423948,0.5374226216685228,29.28994369506836,771.3420391082764,771.3420391082764,369.6719055175781,1254.5570135116577,899442.2819293239,899442.2819293239,19.573625564575195,3141,332229.001686284,899442.2819293239,2225822.222222222,837838.8888888889,165.0
event69,prior_only,coupled_label,105527,7597944,2.669278860092163,12.013266563415527,1.8347901105880737,0.9389797302388667,0.8889408177339083,4.9245381355285645,-3.2727718353271484,3.2727718353271484,50.43021774291992,1106.3729524612427,116350.53995186859,116350.53995186859,2.669278860092163,3141,80389.73488321605,142016.42702795076,405383.3333333333,230983.33333333334,0.0
event69,prior_only,mike_external,105527,7597944,22.2576847076416,64.56138610839844,-0.8855664730072021,0.6548066549888867,0.41135009213866,35.6756706237793,765.1033401489258,765.1033401489258,611.1832275390625,1254.5570135116577,220286.90047919983,220286.90047919983,22.2576847076416,3141,139242.69645687324,384182.4683304294,1849505.5555555555,398700.0,165.0
event69,hybrid_dynamic,coupled_label,105527,7597944,1.9294933080673218,9.054558753967285,-0.07845422625541687,0.9443465987654962,0.9336158000587531,2.8290624618530273,-7.725954055786133,7.725954055786133,47.7359504699707,1106.3729524612427,4743.001628990285,4743.001628990285,1.9294933080673218,3141,7908.094298413664,25287.788872744422,201800.0,67694.44444444444,0.0
event69,hybrid_dynamic,mike_external,105527,7597944,23.937448501586914,70.6573486328125,-2.7988104820251465,0.6294605484925941,0.349468336799125,38.4114990234375,760.6501579284668,760.6501579284668,624.5506591796875,1254.5570135116577,108679.36215632153,108679.36215632153,23.937448501586914,3141,171766.82934736306,448347.3371090919,1675466.6666666667,681166.6666666666,165.0
event69,hybrid_all,coupled_label,105527,7597944,1.890207290649414,8.576347351074219,-0.06420428305864334,0.9456751702519307,0.9339982796883572,2.7870025634765625,-7.668495178222656,7.668495178222656,53.78406524658203,1106.3729524612427,4320.233709099004,4320.233709099004,1.890207290649414,3141,6721.582834370176,22419.477348284097,206672.22222222222,62416.666666666664,10.0
event69,hybrid_all,mike_external,105527,7597944,23.918977737426758,70.69657135009766,-2.7845611572265625,0.6308917238370453,0.34999347495716626,38.40108108520508,760.7076168060303,760.7076168060303,634.4584350585938,1254.5570135116577,108256.59423643025,108256.59423643025,23.918977737426758,3141,171462.71881029848,447279.007367552,1676061.111111111,676222.2222222222,155.0
event70,surface_matched,coupled_label,105527,7597944,12.02267074584961,50.579551696777344,10.318780899047852,0.8846285505297501,0.6265384126071012,20.77828025817871,3.3080577850341797,3.3080577850341797,63.92510986328125,1134.0513229370117,869789.0234456991,869789.0234456991,12.02267074584961,3141,435564.0102752852,869789.0234456991,753594.4444444445,1305044.4444444445,0.0
event70,surface_matched,mike_external,105527,7597944,19.015239715576172,53.15947723388672,5.949710845947266,0.7245183093881435,0.566815095644295,28.380998611450195,849.370002746582,849.370002746582,316.99285888671875,1224.5675325393677,909904.952621937,909904.952621937,19.015239715576172,3141,327053.32383182726,909904.952621937,1719616.6666666667,859327.7777777778,165.0
event70,prior_only,coupled_label,105527,7597944,3.778587579727173,16.043636322021484,2.82576584815979,0.9255386846537559,0.8535916546874106,7.005252361297607,-2.881765365600586,2.881765365600586,58.73207092285156,1134.0513229370117,196423.06459446927,196423.06459446927,3.7785873413085938,3141,121450.92059334047,211164.63677643263,568827.7777777778,350877.77777777775,0.0
event70,prior_only,mike_external,105527,7597944,22.241777420043945,62.81825256347656,-1.5433045625686646,0.7091616560358829,0.4377377675927569,35.61278533935547,843.1801795959473,843.1801795959473,540.5098266601562,1224.5675325393677,236538.99377070717,236538.99377070717,22.241777420043945,3141,164932.12746096836,454664.84116521175,1512516.6666666667,493216.6666666667,165.0
event70,hybrid_dynamic,coupled_label,105527,7597944,2.002478837966919,9.431596755981445,-0.06301721930503845,0.9477992030548574,0.9384335268535281,3.2733516693115234,-5.846738815307617,5.846738815307617,61.38048553466797,1134.0513229370117,11309.437494367361,11309.437494367361,2.00247859954834,3141,7418.121360310497,20222.438986476278,228744.44444444444,55894.444444444445,0.0
event70,hybrid_dynamic,mike_external,105527,7597944,24.434925079345703,70.6734390258789,-4.432087421417236,0.6834287422480819,0.36224470950855586,39.33004379272461,840.2152061462402,840.2152061462402,546.4728393554688,1224.5675325393677,51425.36667060526,51425.36667060526,24.434925079345703,3141,229128.93004310288,532831.5571724975,1199944.4444444445,854777.7777777778,165.0
event70,hybrid_all,coupled_label,105527,7597944,2.007690668106079,9.140490531921387,-0.0401172935962677,0.9484544479508772,0.9369967706094307,3.289147138595581,-4.837512969970703,4.837512969970703,65.21805572509766,1134.0513229370117,14673.554881882388,14673.554881882388,2.007690668106079,3141,8031.323142091885,19425.278824293986,205050.0,52572.22222222222,0.0
event70,hybrid_all,mike_external,105527,7597944,24.470876693725586,70.81078338623047,-4.409188270568848,0.6811912975280527,0.3631185484322722,39.4183349609375,841.2244319915771,841.2244319915771,562.8456420898438,1224.5675325393677,54789.48405812029,54789.48405812029,24.470876693725586,3141,228760.67589923518,530421.1335966184,1178272.2222222222,848844.4444444445,165.0
event1,surface_matched,coupled_label,105527,7597944,7.200066566467285,35.67648696899414,5.9521803855896,0.8949593182256619,0.6296337701146955,14.731212615966797,5.687475204467773,5.687475204467773,108.82159423828125,987.0272874832153,617099.9959212418,617099.9959212418,7.200066566467285,5772,251246.2771034014,617099.9959212418,495288.8888888889,826988.8888888889,10.0
event1,surface_matched,mike_external,105527,7597944,14.44492244720459,44.21110153198242,5.625144004821777,0.6733822588660369,0.5153302949130667,25.720645904541016,749.8917579650879,749.8917579650879,349.96533203125,1185.8177185058594,747825.1536267714,747825.1536267714,14.44492244720459,5772,258995.07069832634,747825.1536267714,1803288.888888889,601450.0,120.0
event1,prior_only,coupled_label,105527,7597944,2.49819016456604,9.8872709274292,-1.0816141366958618,0.886074684499662,0.8941266949499789,3.1944949626922607,-0.2503395080566406,0.2503395080566406,37.041133880615234,987.0272874832153,-38153.56997288903,38153.56997288903,2.498190402984619,5772,45664.735692262584,107323.6764919362,545194.4444444445,57777.77777777778,0.0
event1,prior_only,mike_external,105527,7597944,17.8265438079834,57.47618103027344,-1.4086501598358154,0.5817339422159384,0.32510179355274393,33.5762825012207,743.9539432525635,743.9539432525635,610.57421875,1185.8177185058594,92571.58773264056,92571.58773264056,17.8265438079834,5772,148511.35904082487,410764.4481617769,1119638.888888889,481294.44444444444,130.0
event1,hybrid_dynamic,coupled_label,105527,7597944,2.283921003341675,9.850284576416016,-0.6620095372200012,0.9098541942448339,0.881734927499364,3.173647403717041,4.648923873901367,4.648923873901367,34.94611358642578,987.0272874832153,22578.995244963793,22578.995244963793,2.283921003341675,5772,31910.645415360475,86371.80249793758,257155.55555555556,100655.55555555556,0.0
event1,hybrid_dynamic,mike_external,105527,7597944,17.643932342529297,57.25510025024414,-0.9890451431274414,0.6254596990504708,0.3102112746171768,33.392601013183594,748.8532066345215,748.8532066345215,611.622314453125,1185.8177185058594,153304.1529504934,153304.1529504934,17.643932342529297,5772,152999.47583950096,396582.8275239954,1335022.2222222222,523516.6666666667,130.0
event1,hybrid_all,coupled_label,105527,7597944,2.2153403759002686,9.454315185546875,-0.6664036512374878,0.9165163940852712,0.8823039617616587,3.1646220684051514,0.34427642822265625,0.34427642822265625,38.4489631652832,987.0272874832153,13638.815742672421,13638.815742672421,2.2153403759002686,5772,30071.904126569105,82385.25263737654,232566.66666666666,97666.66666666667,0.0
event1,hybrid_all,mike_external,105527,7597944,17.629480361938477,57.16960906982422,-0.9934394359588623,0.62306952123918,0.31168143038410895,33.46918869018555,744.5485591888428,744.5485591888428,609.4456176757812,1185.8177185058594,144363.973448202,144363.973448202,17.629480361938477,5772,151097.1271856461,392127.769711073,1300577.7777777778,520650.0,130.0
event20,surface_matched,coupled_label,105527,7597944,3.321641206741333,20.10384178161621,2.672626256942749,0.8832780881201381,0.6902998956490177,8.871540069580078,8.329391479492188,8.329391479492188,57.560604095458984,814.2159581184387,354604.33972877776,354604.33972877776,3.321641206741333,5772,112813.6837465064,354604.33972877776,575061.1111111111,321972.22222222225,0.0
event20,surface_matched,mike_external,105527,7597944,13.467605590820312,42.75033187866211,13.077166557312012,0.33285261626828955,0.1463313144389477,24.384119033813477,1081.8458795547485,1081.8458795547485,306.3416442871094,403.5188853740692,1131478.9826690832,1131478.9826690832,13.467605590820312,5772,551997.6769451307,1131478.9826690832,4376366.666666667,1014300.0,55.0
event20,prior_only,coupled_label,105527,7597944,3.3645923137664795,12.901728630065918,-1.8416961431503296,0.7619607532279942,0.8279411851510805,5.033178806304932,2.856731414794922,2.856731414794922,31.67301368713379,814.2159581184387,-131091.44896636507,131091.44896636507,3.3645923137664795,5772,77774.71969956212,159990.07353752106,1098461.111111111,68983.33333333333,0.0
event20,prior_only,mike_external,105527,7597944,11.000677108764648,37.31529235839844,8.562845230102539,0.3234423214786647,0.15613559406744718,19.580991744995117,1076.3732194900513,1076.3732194900513,310.857666015625,403.5188853740692,645783.1939739403,645783.1939739403,11.000677108764648,5772,361444.5323484736,645783.1939739403,2703533.3333333335,664955.5555555555,55.0
event20,hybrid_dynamic,coupled_label,105527,7597944,2.1798365116119385,9.025306701660156,-0.617617666721344,0.8587076735952738,0.8437101094910195,3.5759389400482178,2.9354095458984375,2.9354095458984375,23.519500732421875,814.2159581184387,-39538.00634642737,39538.00634642737,2.1798365116119385,5772,27110.604829602118,84135.04006910487,326394.44444444444,58538.88888888889,0.0
event20,hybrid_dynamic,mike_external,105527,7597944,11.087328910827637,36.461910247802734,9.786922454833984,0.3568642589334251,0.16009380744121188,18.886510848999023,1076.4518976211548,1076.4518976211548,289.6727294921875,403.5188853740692,737336.636593878,737336.636593878,11.087328910827637,5772,413113.8579787109,737336.636593878,3475333.3333333335,653677.7777777778,55.0
event20,hybrid_all,coupled_label,105527,7597944,2.0775346755981445,8.520832061767578,-0.6702709794044495,0.8665905588919738,0.8443794340087344,3.4436564445495605,6.0482025146484375,6.0482025146484375,23.570756912231445,814.2159581184387,-35285.143070051214,35285.143070051214,2.0775346755981445,5772,28555.086231997666,82137.66719342233,394316.6666666667,57422.22222222222,0.0
event20,hybrid_all,mike_external,105527,7597944,11.051636695861816,36.47461700439453,9.734270095825195,0.3561024204803368,0.1593481673562517,18.923946380615234,1079.5646905899048,1079.5646905899048,292.9996337890625,403.5188853740692,741589.4998702542,741589.4998702542,11.051636695861816,5772,410891.3191103461,741589.4998702542,3407388.888888889,650261.1111111111,55.0
event65,surface_matched,coupled_label,105527,7597944,7.695992469787598,36.39392852783203,6.402800559997559,0.8962788365673319,0.6223158303968767,13.723603248596191,10.715961456298828,10.715961456298828,117.107421875,958.4585428237915,560485.3182907286,560485.3182907286,7.695992469787598,5772,270267.30581327155,560485.3182907286,630177.7777777778,878183.3333333334,0.0
event65,surface_matched,mike_external,105527,7597944,18.9604434967041,50.210391998291016,9.445019721984863,0.5691231072846394,0.41197812146100177,24.350088119506836,1278.3708572387695,1278.3708572387695,303.2693176269531,1043.1150197982788,1177632.0843077046,1177632.0843077046,18.9604434967041,5772,458412.8806878633,1177632.0843077046,3354155.5555555555,1003411.1111111111,240.0
event65,prior_only,coupled_label,105527,7597944,2.7016446590423584,11.461181640625,-0.5592882037162781,0.9020886981049724,0.893264583440252,3.566301107406616,5.584239959716797,5.584239959716797,56.4791374206543,958.4585428237915,-73883.47817538306,73883.47817538306,2.7016446590423584,5772,49455.80626189418,89514.28044964699,596955.5555555555,52511.11111111111,0.0
event65,prior_only,mike_external,105527,7597944,20.301605224609375,56.771907806396484,2.482931137084961,0.5083649888885098,0.2742908540886281,27.958152770996094,1273.2391357421875,1273.2391357421875,502.44189453125,1043.1150197982788,543263.2878415929,543263.2878415929,20.301605224609375,5772,212364.63711895075,543263.2878415929,2241100.0,524538.8888888889,240.0
event65,hybrid_dynamic,coupled_label,105527,7597944,2.3017048835754395,9.618010520935059,0.13096700608730316,0.924804885193662,0.8943267502285375,3.5532054901123047,3.283977508544922,3.283977508544922,45.462623596191406,958.4585428237915,-43282.70176992542,43282.70176992542,2.3017048835754395,5772,16150.088686069,45898.51637021662,311211.1111111111,71344.44444444444,0.0
event65,hybrid_dynamic,mike_external,105527,7597944,20.04170799255371,55.93514633178711,3.1731863021850586,0.55428789645417,0.2642076730044055,28.114994049072266,1270.9388732910156,1270.9388732910156,569.6509399414062,1043.1150197982788,573864.0642470506,573864.0642470506,20.04170799255371,5772,255748.77383403626,594946.9751193717,3041233.3333333335,553305.5555555555,240.0
event65,hybrid_all,coupled_label,105527,7597944,2.2069690227508545,9.28818416595459,0.1650482416152954,0.9315099686418186,0.8974713842943505,3.420170545578003,-3.1557083129882812,3.1557083129882812,47.5999641418457,958.4585428237915,-36049.66287163831,36049.66287163831,2.2069690227508545,5772,16785.28462037233,41559.08632512577,257338.88888888888,63616.666666666664,0.0
event65,hybrid_all,mike_external,105527,7597944,20.006357192993164,55.750091552734375,3.2072675228118896,0.5525994219731734,0.2648328023014817,28.1147518157959,1264.4991874694824,1264.4991874694824,567.8665771484375,1043.1150197982788,581097.1031453377,581097.1031453377,20.006359100341797,5772,254946.81469353056,590552.645045771,2989427.777777778,550400.0,240.0
event66,surface_matched,coupled_label,105527,7597944,8.430887222290039,38.45692825317383,7.0861592292785645,0.8998404734466291,0.6172547927401012,15.093841552734375,10.914802551269531,10.914802551269531,112.45706176757812,971.0116386413574,618826.1681512038,618826.1681512038,8.430887222290039,5772,299112.450954739,618826.1681512038,626516.6666666666,997905.5555555555,0.0
event66,surface_matched,mike_external,105527,7597944,18.926401138305664,49.93096923828125,9.352395057678223,0.6297107338144433,0.4166239400820039,24.104833602905273,1329.927921295166,1329.927921295166,291.13836669921875,994.0578937530518,1238489.1740199015,1238489.1740199015,18.926401138305664,5772,473158.6395255648,1238489.1740199015,2873744.4444444445,1155150.0,265.0
event66,prior_only,coupled_label,105527,7597944,2.5373194217681885,11.021522521972656,-0.132404625415802,0.9206986657532227,0.8961981174483388,3.8525607585906982,5.811452865600586,5.811452865600586,49.91886520385742,971.0116386413574,-42855.83714583982,42855.83714583982,2.5373194217681885,5772,43196.75969051942,82900.59817567887,455850.0,64838.88888888889,0.0
event66,prior_only,mike_external,105527,7597944,20.72028350830078,56.497745513916016,2.13383150100708,0.565174401307508,0.28422612538688047,28.319604873657227,1324.824571609497,1324.824571609497,467.71343994140625,994.0578937530518,576807.1687228578,576807.1687228578,20.72028350830078,5772,225264.66218202005,576807.1687228578,1940100.0,600605.5555555555,265.0
event66,hybrid_dynamic,coupled_label,105527,7597944,2.396657943725586,9.702689170837402,0.17714616656303406,0.930126283521532,0.8947305412561285,3.806253433227539,3.91387939453125,3.91387939453125,42.25444793701172,971.0116386413574,-78501.60970141971,78501.60970141971,2.396657943725586,5772,30402.56507147757,78501.60970141971,344727.77777777775,78883.33333333333,0.0
event66,hybrid_dynamic,mike_external,105527,7597944,20.335874557495117,55.894248962402344,2.4433822631835938,0.6129069652358827,0.2689613884885988,28.49993324279785,1322.9269981384277,1322.9269981384277,504.7344665527344,994.0578937530518,541161.3961672779,541161.3961672779,20.335874557495117,5772,256834.07872280353,552988.37855654,2522577.777777778,627838.8888888889,265.0
event66,hybrid_all,coupled_label,105527,7597944,2.323622703552246,9.368675231933594,0.1687898337841034,0.9347689753973194,0.8964620071604883,3.708932876586914,0.8051395416259766,0.8051395416259766,47.0890998840332,971.0116386413574,-70852.36454712646,70852.36454712646,2.323622703552246,5772,31802.90087567693,71882.69726342871,297333.3333333333,71666.66666666667,0.0
event66,hybrid_all,mike_external,105527,7597944,20.33441162109375,55.85293197631836,2.435025930404663,0.607861832233304,0.27100913739981153,28.506324768066406,1319.8182582855225,1319.8182582855225,509.72222900390625,994.0578937530518,548810.6413215712,548810.6413215712,20.33441162109375,5772,253680.58612642591,548934.5999181154,2446861.111111111,621311.1111111111,265.0
event67,surface_matched,coupled_label,105527,7597944,12.63111686706543,52.7618408203125,10.927658081054688,0.8845356294222089,0.620360629912935,22.0767765045166,1.6584396362304688,1.6584396362304688,47.54762649536133,1139.8162841796875,923206.9623993558,923206.9623993558,12.63111686706543,5772,461265.23658821837,923206.9623993558,775433.3333333334,1395977.7777777778,0.0
event67,surface_matched,mike_external,105527,7597944,21.35552978515625,60.586612701416016,4.147629737854004,0.7186854416503303,0.573424906075115,33.40473175048828,402.21214294433594,402.21214294433594,436.4835205078125,1341.1600589752197,811062.3046000472,811062.3046000472,21.35552978515625,5772,294426.6029810783,811062.3046000472,1720122.2222222222,828494.4444444445,160.0
event67,prior_only,coupled_label,105527,7597944,4.617123126983643,20.426244735717773,3.5172152519226074,0.9214269314790104,0.811834522246758,9.072845458984375,-4.767179489135742,4.767179489135742,82.18040466308594,1139.8162841796875,256841.21085450612,256841.21085450612,4.617123126983643,5772,150320.81064102842,261148.35671178438,627566.6666666666,519283.3333333333,0.0
event67,prior_only,mike_external,105527,7597944,24.444438934326172,70.30707550048828,-3.2628142833709717,0.7073276856853085,0.47278937672704946,40.05006790161133,395.7865238189697,395.7865238189697,632.92529296875,1341.1600589752197,144696.55305519747,144696.55305519747,24.444438934326172,5772,198009.3416207144,541121.1845101283,1549522.2222222222,404877.77777777775,160.0
event67,hybrid_dynamic,coupled_label,105527,7597944,2.5699453353881836,12.8364839553833,0.44593000411987305,0.9386823074453085,0.9224472950450628,5.349310874938965,-7.700681686401367,7.700681686401367,79.45146942138672,1139.8162841796875,34876.32431638078,34876.32431638078,2.5699453353881836,5772,21910.290211849755,65012.05859588343,342516.6666666667,18383.333333333332,0.0
event67,hybrid_dynamic,mike_external,105527,7597944,26.816072463989258,78.8824691772461,-6.334099292755127,0.6862612204995003,0.37213359890059994,43.772159576416016,392.8530216217041,392.8530216217041,645.4266967773438,1341.1600589752197,-77268.33348292788,77268.33348292788,26.816072463989258,5772,305627.90719554044,630171.5090388723,1298527.7777777778,922788.8888888889,160.0
event67,hybrid_all,coupled_label,105527,7597944,2.5660581588745117,12.55589485168457,0.4462745785713196,0.9396630475564598,0.9219531055814852,5.352665424346924,-12.993574142456055,12.993574142456055,81.06417083740234,1139.8162841796875,37263.601689073024,37263.601689073024,2.5660581588745117,5772,21679.991350224693,64359.86656073807,323050.0,18066.666666666668,0.0
event67,hybrid_all,mike_external,105527,7597944,26.841964721679688,78.93256378173828,-6.3337554931640625,0.68515931511148,0.3728458581762053,43.846954345703125,387.5601291656494,387.5601291656494,652.1282958984375,1341.1600589752197,-74881.05611023563,74881.05611023563,26.841964721679688,5772,305844.524156599,632744.0514483061,1281638.888888889,919138.8888888889,160.0
event68,surface_matched,coupled_label,105527,7597944,11.913520812988281,50.05826950073242,10.10129165649414,0.8842592644282353,0.6255457330561885,20.495500564575195,3.1342506408691406,3.1342506408691406,72.86897277832031,1125.7414817810059,856686.1318184894,856686.1318184894,11.913520812988281,5772,426383.56690574676,856686.1318184894,727066.6666666666,1294411.111111111,0.0
event68,surface_matched,mike_external,105527,7597944,18.43962287902832,51.23543167114258,6.52565860748291,0.7256046880685941,0.567833056101618,27.025157928466797,976.3236045837402,976.3236045837402,274.5127258300781,1185.1462125778198,940952.1288161378,940952.1288161378,18.43962287902832,5772,339040.7592388777,940952.1288161378,1724750.0,888477.7777777778,165.0
event68,prior_only,coupled_label,105527,7597944,3.637369394302368,15.21489429473877,2.583423376083374,0.9262993604900962,0.8677670325099496,6.57474946975708,-3.080606460571289,3.080606460571289,49.39063262939453,1125.7414817810059,182266.89348110463,182266.89348110463,3.637369394302368,5772,111330.0039654616,194079.16710479418,521488.8888888889,291722.22222222225,0.0
event68,prior_only,mike_external,105527,7597944,21.60282325744629,60.51974868774414,-0.99220871925354,0.7087662800954753,0.4255886885912113,34.278568267822266,970.1087474822998,970.1087474822998,493.25738525390625,1185.1462125778198,266532.890478753,266532.890478753,21.60282325744629,5772,158520.17355639694,426333.1665233413,1494416.6666666667,493244.44444444444,165.0
event68,hybrid_dynamic,coupled_label,105527,7597944,2.0271434783935547,9.634591102600098,-0.3550350069999695,0.9463110779870717,0.9347255249602971,2.970888137817383,-5.757570266723633,5.757570266723633,54.52674102783203,1125.7414817810059,-33953.61211969168,33953.61211969168,2.0271434783935547,5772,15264.50154398588,40083.83980935649,159627.77777777778,80683.33333333333,5.0
event68,hybrid_dynamic,mike_external,105527,7597944,23.824155807495117,68.34699249267578,-3.930666446685791,0.6805321157717202,0.35707334370365384,37.9397087097168,967.4317836761475,967.4317836761475,494.95458984375,1185.1462125778198,50312.384877956705,50312.384877956705,23.824155807495117,5772,210061.1937088453,501384.46811493253,1162155.5555555555,824872.2222222222,160.0
event68,hybrid_all,coupled_label,105527,7597944,2.0125927925109863,9.134051322937012,-0.2734958827495575,0.946040229754959,0.9364729631331667,2.9968113899230957,-3.963947296142578,3.963947296142578,49.914669036865234,1125.7414817810059,-11634.06232755701,11634.06232755701,2.0125927925109863,5772,12084.401866458593,37684.113637995906,141933.33333333334,71411.11111111111,0.0
event68,hybrid_all,mike_external,105527,7597944,23.812532424926758,68.31995391845703,-3.8491272926330566,0.6783646045476666,0.3583274929721706,37.891143798828125,969.2254066467285,969.2254066467285,498.0834655761719,1185.1462125778198,72631.93467009137,72631.93467009137,23.812532424926758,5772,208615.99036013204,498850.4566329133,1149416.6666666667,814966.6666666666,165.0
event69,surface_matched,coupled_label,105527,7597944,10.911508560180664,47.340023040771484,9.419600486755371,0.8855943776667409,0.63276641732022,18.90993309020996,2.9659271240234375,2.9659271240234375,71.29206085205078,1106.3729524612427,795505.9214019927,795505.9214019927,10.911508560180664,5772,397608.8413244845,795505.9214019927,741455.5555555555,1188566.6666666667,0.0
event69,surface_matched,mike_external,105527,7597944,19.573625564575195,55.1595344543457,6.699243068695068,0.6697090408423948,0.5374226216685228,29.28994369506836,771.3420391082764,771.3420391082764,369.6719055175781,1254.5570135116577,899442.2819293239,899442.2819293239,19.573625564575195,5772,332229.001686284,899442.2819293239,2225822.222222222,837838.8888888889,165.0
event69,prior_only,coupled_label,105527,7597944,2.669278860092163,12.013266563415527,1.8347901105880737,0.9389797302388667,0.8889408177339083,4.9245381355285645,-3.2727718353271484,3.2727718353271484,50.43021774291992,1106.3729524612427,116350.53995186859,116350.53995186859,2.669278860092163,5772,80389.73488321605,142016.42702795076,405383.3333333333,230983.33333333334,0.0
event69,prior_only,mike_external,105527,7597944,22.2576847076416,64.56138610839844,-0.8855664730072021,0.6548066549888867,0.41135009213866,35.6756706237793,765.1033401489258,765.1033401489258,611.1832275390625,1254.5570135116577,220286.90047919983,220286.90047919983,22.2576847076416,5772,139242.69645687324,384182.4683304294,1849505.5555555555,398700.0,165.0
event69,hybrid_dynamic,coupled_label,105527,7597944,1.9225486516952515,9.159979820251465,-0.07554469257593155,0.9450913485288792,0.9321676662939243,2.8116214275360107,2.1047592163085938,2.1047592163085938,49.520301818847656,1106.3729524612427,-3950.3692159741186,3950.3692159741186,1.9225486516952515,5772,7218.713777812475,28572.169757489115,207366.66666666666,69805.55555555556,0.0
event69,hybrid_dynamic,mike_external,105527,7597944,23.91867446899414,70.63973999023438,-2.7959015369415283,0.6302782518687746,0.3497060939150763,38.34230041503906,770.4808712005615,770.4808712005615,617.0603637695312,1254.5570135116577,99985.99131135712,99985.99131135712,23.91867446899414,5772,170846.7575621656,443200.60639734217,1678588.888888889,683466.6666666666,165.0
event69,hybrid_all,coupled_label,105527,7597944,1.9007080793380737,8.840411186218262,-0.024435553699731827,0.9470836769603872,0.9347273400527437,2.7830452919006348,3.164052963256836,3.164052963256836,46.12382507324219,1106.3729524612427,241.92641102313064,241.92641102313064,1.9007079601287842,5772,7217.768251823633,26026.604453323875,198450.0,61094.444444444445,0.0
event69,hybrid_all,mike_external,105527,7597944,23.873979568481445,70.52275848388672,-2.7447924613952637,0.6303966333391083,0.35097115661348177,38.309913635253906,771.5401649475098,771.5401649475098,624.0745239257812,1254.5570135116577,104178.28693835437,104178.28693835437,23.873979568481445,5772,168715.416325155,441605.73359043454,1665016.6666666667,674888.8888888889,165.0
event70,surface_matched,coupled_label,105527,7597944,12.02267074584961,50.579551696777344,10.318780899047852,0.8846285505297501,0.6265384126071012,20.77828025817871,3.3080577850341797,3.3080577850341797,63.92510986328125,1134.0513229370117,869789.0234456991,869789.0234456991,12.02267074584961,5772,435564.0102752852,869789.0234456991,753594.4444444445,1305044.4444444445,0.0
event70,surface_matched,mike_external,105527,7597944,19.015239715576172,53.15947723388672,5.949710845947266,0.7245183093881435,0.566815095644295,28.380998611450195,849.370002746582,849.370002746582,316.99285888671875,1224.5675325393677,909904.952621937,909904.952621937,19.015239715576172,5772,327053.32383182726,909904.952621937,1719616.6666666667,859327.7777777778,165.0
event70,prior_only,coupled_label,105527,7597944,3.778587579727173,16.043636322021484,2.82576584815979,0.9255386846537559,0.8535916546874106,7.005252361297607,-2.881765365600586,2.881765365600586,58.73207092285156,1134.0513229370117,196423.06459446927,196423.06459446927,3.7785873413085938,5772,121450.92059334047,211164.63677643263,568827.7777777778,350877.77777777775,0.0
event70,prior_only,mike_external,105527,7597944,22.241777420043945,62.81825256347656,-1.5433045625686646,0.7091616560358829,0.4377377675927569,35.61278533935547,843.1801795959473,843.1801795959473,540.5098266601562,1224.5675325393677,236538.99377070717,236538.99377070717,22.241777420043945,5772,164932.12746096836,454664.84116521175,1512516.6666666667,493216.6666666667,165.0
event70,hybrid_dynamic,coupled_label,105527,7597944,1.9972089529037476,9.449374198913574,-0.0382857546210289,0.9461588794020064,0.9380198506412099,3.2776527404785156,-2.043485641479492,2.043485641479492,56.68761444091797,1134.0513229370117,3891.221771544777,3891.221771544777,1.9972091913223267,5772,6704.784040177917,23112.23264167481,234372.22222222222,59988.88888888889,0.0
event70,hybrid_dynamic,mike_external,105527,7597944,24.400039672851562,70.49742126464844,-4.407356262207031,0.6841990805870471,0.3619664977064834,39.316307067871094,844.0184593200684,844.0184593200684,544.1756591796875,1224.5675325393677,44007.15094778268,44007.15094778268,24.400039672851562,5772,227950.51180856678,532517.9072433198,1211150.0,859905.5555555555,165.0
event70,hybrid_all,coupled_label,105527,7597944,1.9784408807754517,9.21722412109375,-0.02712644636631012,0.9477800069887349,0.938568426041998,3.26611590385437,-2.5801658630371094,2.5801658630371094,54.19749069213867,1134.0513229370117,7636.035087529803,7636.035087529803,1.9784408807754517,5772,7358.212829578713,20772.378901330987,202550.0,51077.77777777778,0.0
event70,hybrid_all,mike_external,105527,7597944,24.44385528564453,70.65353393554688,-4.3961968421936035,0.6808668962532634,0.362874682989927,39.350704193115234,843.4817790985107,843.4817790985107,549.8675537109375,1224.5675325393677,47751.9642637677,47751.9642637677,24.4438533782959,5772,227584.11419510288,532328.5382030446,1182494.4444444445,849783.3333333334,165.0
event1,surface_matched,coupled_label,105527,7597944,7.200066566467285,35.67648696899414,5.9521803855896,0.8949593182256619,0.6296337701146955,14.731212615966797,5.687475204467773,5.687475204467773,108.82159423828125,987.0272874832153,617099.9959212418,617099.9959212418,7.200066566467285,8119,251246.2771034014,617099.9959212418,495288.8888888889,826988.8888888889,10.0
event1,surface_matched,mike_external,105527,7597944,14.44492244720459,44.21110153198242,5.625144004821777,0.6733822588660369,0.5153302949130667,25.720645904541016,749.8917579650879,749.8917579650879,349.96533203125,1185.8177185058594,747825.1536267714,747825.1536267714,14.44492244720459,8119,258995.07069832634,747825.1536267714,1803288.888888889,601450.0,120.0
event1,prior_only,coupled_label,105527,7597944,2.49819016456604,9.8872709274292,-1.0816141366958618,0.886074684499662,0.8941266949499789,3.1944949626922607,-0.2503395080566406,0.2503395080566406,37.041133880615234,987.0272874832153,-38153.56997288903,38153.56997288903,2.498190402984619,8119,45664.735692262584,107323.6764919362,545194.4444444445,57777.77777777778,0.0
event1,prior_only,mike_external,105527,7597944,17.8265438079834,57.47618103027344,-1.4086501598358154,0.5817339422159384,0.32510179355274393,33.5762825012207,743.9539432525635,743.9539432525635,610.57421875,1185.8177185058594,92571.58773264056,92571.58773264056,17.8265438079834,8119,148511.35904082487,410764.4481617769,1119638.888888889,481294.44444444444,130.0
event1,hybrid_dynamic,coupled_label,105527,7597944,2.315518379211426,10.103806495666504,-0.7368258833885193,0.9061897385288932,0.8803064368919997,3.1243069171905518,1.6372203826904297,1.6372203826904297,37.69139099121094,987.0272874832153,16647.039762347005,16647.039762347005,2.315518379211426,8119,33414.324621180735,92422.74999718554,266527.77777777775,103644.44444444444,10.0
event1,hybrid_dynamic,mike_external,105527,7597944,17.68040657043457,57.402374267578125,-1.0638617277145386,0.6188035518576922,0.31048387096774194,33.52384567260742,745.8415031433105,745.8415031433105,610.4274291992188,1185.8177185058594,147372.1974678766,147372.1974678766,17.68040657043457,8119,154123.0687621279,398685.3613886689,1303083.3333333333,526705.5555555555,120.0
event1,hybrid_all,coupled_label,105527,7597944,2.239304304122925,9.58802318572998,-0.7139420509338379,0.9158321331430948,0.8818098464202939,3.120760917663574,-0.957489013671875,0.957489013671875,40.49864959716797,987.0272874832153,16864.610999144847,16864.610999144847,2.239304304122925,8119,32298.141746445384,85823.63653847063,229188.88888888888,104855.55555555556,10.0
event1,hybrid_all,mike_external,105527,7597944,17.64249610900879,57.243289947509766,-1.0409778356552124,0.6222242317163089,0.31077812189027443,33.52702331542969,743.2467937469482,743.2467937469482,614.7239379882812,1185.8177185058594,147589.76870467444,147589.76870467444,17.64249610900879,8119,153313.93987976413,393608.08828085824,1296388.888888889,527950.0,120.0
event20,surface_matched,coupled_label,105527,7597944,3.321641206741333,20.10384178161621,2.672626256942749,0.8832780881201381,0.6902998956490177,8.871540069580078,8.329391479492188,8.329391479492188,57.560604095458984,814.2159581184387,354604.33972877776,354604.33972877776,3.321641206741333,8119,112813.6837465064,354604.33972877776,575061.1111111111,321972.22222222225,0.0
event20,surface_matched,mike_external,105527,7597944,13.467605590820312,42.75033187866211,13.077166557312012,0.33285261626828955,0.1463313144389477,24.384119033813477,1081.8458795547485,1081.8458795547485,306.3416442871094,403.5188853740692,1131478.9826690832,1131478.9826690832,13.467605590820312,8119,551997.6769451307,1131478.9826690832,4376366.666666667,1014300.0,55.0
event20,prior_only,coupled_label,105527,7597944,3.3645923137664795,12.901728630065918,-1.8416961431503296,0.7619607532279942,0.8279411851510805,5.033178806304932,2.856731414794922,2.856731414794922,31.67301368713379,814.2159581184387,-131091.44896636507,131091.44896636507,3.3645923137664795,8119,77774.71969956212,159990.07353752106,1098461.111111111,68983.33333333333,0.0
event20,prior_only,mike_external,105527,7597944,11.000677108764648,37.31529235839844,8.562845230102539,0.3234423214786647,0.15613559406744718,19.580991744995117,1076.3732194900513,1076.3732194900513,310.857666015625,403.5188853740692,645783.1939739403,645783.1939739403,11.000677108764648,8119,361444.5323484736,645783.1939739403,2703533.3333333335,664955.5555555555,55.0
event20,hybrid_dynamic,coupled_label,105527,7597944,2.2372045516967773,9.319022178649902,-0.8027216792106628,0.8538915265254494,0.8400433821282409,3.544106960296631,-14.991998672485352,14.991998672485352,27.376304626464844,814.2159581184387,-51577.21945807198,51577.21945807198,2.2372045516967773,8119,34211.334464587264,95332.85272472049,486905.55555555556,62694.444444444445,0.0
event20,hybrid_dynamic,mike_external,105527,7597944,10.975163459777832,36.2009391784668,9.601818084716797,0.36022827191976914,0.1565043226935071,18.77253532409668,1058.524489402771,1058.524489402771,281.6235656738281,403.5188853740692,725297.4234822334,725297.4234822334,10.975163459777832,8119,405300.4695019061,725297.4234822334,3314866.6666666665,650544.4444444445,55.0
event20,hybrid_all,coupled_label,105527,7597944,2.1545259952545166,8.859992027282715,-0.7455512285232544,0.8623694161689426,0.8428183632256093,3.4557175636291504,-1.5871524810791016,1.5871524810791016,24.38431739807129,814.2159581184387,-43805.757023013895,43805.757023013895,2.1545259952545166,8119,32050.098243474185,89131.19759098673,454994.44444444444,60533.333333333336,0.0
event20,hybrid_all,mike_external,105527,7597944,11.034902572631836,36.317344665527344,9.658990859985352,0.35560412763834603,0.1574507669721055,18.87200927734375,1071.9293355941772,1071.9293355941772,284.92864990234375,403.5188853740692,733068.8859172915,733068.8859172915,11.034902572631836,8119,407713.67827700876,733068.8859172915,3346800.0,652994.4444444445,55.0
event65,surface_matched,coupled_label,105527,7597944,7.695992469787598,36.39392852783203,6.402800559997559,0.8962788365673319,0.6223158303968767,13.723603248596191,10.715961456298828,10.715961456298828,117.107421875,958.4585428237915,560485.3182907286,560485.3182907286,7.695992469787598,8119,270267.30581327155,560485.3182907286,630177.7777777778,878183.3333333334,0.0
event65,surface_matched,mike_external,105527,7597944,18.9604434967041,50.210391998291016,9.445019721984863,0.5691231072846394,0.41197812146100177,24.350088119506836,1278.3708572387695,1278.3708572387695,303.2693176269531,1043.1150197982788,1177632.0843077046,1177632.0843077046,18.9604434967041,8119,458412.8806878633,1177632.0843077046,3354155.5555555555,1003411.1111111111,240.0
event65,prior_only,coupled_label,105527,7597944,2.7016446590423584,11.461181640625,-0.5592882037162781,0.9020886981049724,0.893264583440252,3.566301107406616,5.584239959716797,5.584239959716797,56.4791374206543,958.4585428237915,-73883.47817538306,73883.47817538306,2.7016446590423584,8119,49455.80626189418,89514.28044964699,596955.5555555555,52511.11111111111,0.0
event65,prior_only,mike_external,105527,7597944,20.301605224609375,56.771907806396484,2.482931137084961,0.5083649888885098,0.2742908540886281,27.958152770996094,1273.2391357421875,1273.2391357421875,502.44189453125,1043.1150197982788,543263.2878415929,543263.2878415929,20.301605224609375,8119,212364.63711895075,543263.2878415929,2241100.0,524538.8888888889,240.0
event65,hybrid_dynamic,coupled_label,105527,7597944,2.278568744659424,9.612926483154297,0.07168161123991013,0.9250733202483057,0.8969387975678371,3.5409367084503174,5.752325057983398,5.752325057983398,46.70226287841797,958.4585428237915,-43865.91750436695,43865.91750436695,2.278568744659424,8119,14288.576953706572,49400.69370899862,310033.3333333333,77200.0,0.0
event65,hybrid_dynamic,mike_external,105527,7597944,20.053319931030273,55.91731643676758,3.113900661468506,0.5535941422806929,0.2596225567027087,28.119333267211914,1273.407220840454,1273.407220840454,551.0128173828125,1043.1150197982788,573280.848512609,573280.848512609,20.053319931030273,8119,256678.23229558964,598357.5968338323,3030700.0,567972.2222222222,240.0
event65,hybrid_all,coupled_label,105527,7597944,2.198341131210327,9.310813903808594,0.1252502053976059,0.9323016539099523,0.9003660853581303,3.3942718505859375,5.831241607666016,5.831241607666016,50.67386245727539,958.4585428237915,-35821.24002346955,35821.24002346955,2.198341131210327,8119,13865.116660956526,38623.202490731375,270833.3333333333,69950.0,0.0
event65,hybrid_all,mike_external,105527,7597944,20.04059410095215,55.74517822265625,3.1674692630767822,0.5532589642246061,0.2602856938209371,28.218252182006836,1273.4861373901367,1273.4861373901367,550.6311645507812,1043.1150197982788,581325.5259935064,581325.5259935064,20.04059410095215,8119,258045.9535660736,598298.0631884807,3004855.5555555555,568644.4444444445,240.0
event66,surface_matched,coupled_label,105527,7597944,8.430887222290039,38.45692825317383,7.0861592292785645,0.8998404734466291,0.6172547927401012,15.093841552734375,10.914802551269531,10.914802551269531,112.45706176757812,971.0116386413574,618826.1681512038,618826.1681512038,8.430887222290039,8119,299112.450954739,618826.1681512038,626516.6666666666,997905.5555555555,0.0
event66,surface_matched,mike_external,105527,7597944,18.926401138305664,49.93096923828125,9.352395057678223,0.6297107338144433,0.4166239400820039,24.104833602905273,1329.927921295166,1329.927921295166,291.13836669921875,994.0578937530518,1238489.1740199015,1238489.1740199015,18.926401138305664,8119,473158.6395255648,1238489.1740199015,2873744.4444444445,1155150.0,265.0
event66,prior_only,coupled_label,105527,7597944,2.5373194217681885,11.021522521972656,-0.132404625415802,0.9206986657532227,0.8961981174483388,3.8525607585906982,5.811452865600586,5.811452865600586,49.91886520385742,971.0116386413574,-42855.83714583982,42855.83714583982,2.5373194217681885,8119,43196.75969051942,82900.59817567887,455850.0,64838.88888888889,0.0
event66,prior_only,mike_external,105527,7597944,20.72028350830078,56.497745513916016,2.13383150100708,0.565174401307508,0.28422612538688047,28.319604873657227,1324.824571609497,1324.824571609497,467.71343994140625,994.0578937530518,576807.1687228578,576807.1687228578,20.72028350830078,8119,225264.66218202005,576807.1687228578,1940100.0,600605.5555555555,265.0
event66,hybrid_dynamic,coupled_label,105527,7597944,2.3971099853515625,9.933629035949707,0.15769797563552856,0.9299191859002524,0.8970903880783404,3.712169647216797,6.236791610717773,6.236791610717773,42.27508544921875,971.0116386413574,-75694.01235692739,75694.01235692739,2.3971099853515625,8119,28073.508424861346,75694.01235692739,336138.8888888889,71233.33333333333,0.0
event66,hybrid_dynamic,mike_external,105527,7597944,20.318971633911133,55.698280334472656,2.423933982849121,0.6108034157376113,0.2693103271631435,28.60137367248535,1325.2499103546143,1325.2499103546143,509.2872314453125,994.0578937530518,543968.9935117703,543968.9935117703,20.318971633911133,8119,257463.5115668574,555987.5442455085,2504844.4444444445,637866.6666666666,265.0
event66,hybrid_all,coupled_label,105527,7597944,2.3210630416870117,9.686785697937012,0.17250218987464905,0.9354097517661236,0.8980327823270169,3.543787956237793,7.728099822998047,7.728099822998047,46.26820373535156,971.0116386413574,-69147.82291166345,69147.82291166345,2.3210630416870117,8119,30506.391599330636,70158.15962048271,283827.77777777775,62711.11111111111,0.0
event66,hybrid_all,mike_external,105527,7597944,20.31923484802246,55.578304290771484,2.4387381076812744,0.6080357754123455,0.27206546912952606,28.630474090576172,1326.7412185668945,1326.7412185668945,504.16546630859375,994.0578937530518,550515.1829570342,550515.1829570342,20.31923484802246,8119,255986.08195907917,553816.0680067127,2451300.0,630177.7777777778,265.0
event67,surface_matched,coupled_label,105527,7597944,12.63111686706543,52.7618408203125,10.927658081054688,0.8845356294222089,0.620360629912935,22.0767765045166,1.6584396362304688,1.6584396362304688,47.54762649536133,1139.8162841796875,923206.9623993558,923206.9623993558,12.63111686706543,8119,461265.23658821837,923206.9623993558,775433.3333333334,1395977.7777777778,0.0
event67,surface_matched,mike_external,105527,7597944,21.35552978515625,60.586612701416016,4.147629737854004,0.7186854416503303,0.573424906075115,33.40473175048828,402.21214294433594,402.21214294433594,436.4835205078125,1341.1600589752197,811062.3046000472,811062.3046000472,21.35552978515625,8119,294426.6029810783,811062.3046000472,1720122.2222222222,828494.4444444445,160.0
event67,prior_only,coupled_label,105527,7597944,4.617123126983643,20.426244735717773,3.5172152519226074,0.9214269314790104,0.811834522246758,9.072845458984375,-4.767179489135742,4.767179489135742,82.18040466308594,1139.8162841796875,256841.21085450612,256841.21085450612,4.617123126983643,8119,150320.81064102842,261148.35671178438,627566.6666666666,519283.3333333333,0.0
event67,prior_only,mike_external,105527,7597944,24.444438934326172,70.30707550048828,-3.2628142833709717,0.7073276856853085,0.47278937672704946,40.05006790161133,395.7865238189697,395.7865238189697,632.92529296875,1341.1600589752197,144696.55305519747,144696.55305519747,24.444438934326172,8119,198009.3416207144,541121.1845101283,1549522.2222222222,404877.77777777775,160.0
event67,hybrid_dynamic,coupled_label,105527,7597944,2.539348602294922,12.748459815979004,0.4963603615760803,0.9386644540718935,0.9234454010397546,5.3569183349609375,-2.437591552734375,2.437591552734375,77.02388000488281,1139.8162841796875,47320.99053805787,47320.99053805787,2.539348602294922,8119,24093.548850096136,80000.276211716,350533.3333333333,19805.555555555555,0.0
event67,hybrid_dynamic,mike_external,105527,7597944,26.7762508392334,78.71085357666016,-6.283669471740723,0.6865750994077453,0.3737928929509672,43.677181243896484,398.1161117553711,398.1161117553711,647.3644409179688,1341.1600589752197,-64823.66726125078,64823.66726125078,26.776248931884766,8119,303295.8668917476,625503.7716387059,1304011.111111111,916711.1111111111,160.0
event67,hybrid_all,coupled_label,105527,7597944,2.537055253982544,12.55912971496582,0.4884408116340637,0.9401234679357883,0.9241281549104463,5.256155490875244,-7.358551025390625,7.358551025390625,75.54534912109375,1139.8162841796875,45962.3468114757,45962.3468114757,2.5370547771453857,8119,23386.76962377204,74411.52476494992,337505.55555555556,19644.444444444445,0.0
event67,hybrid_all,mike_external,105527,7597944,26.799087524414062,78.77222442626953,-6.29158878326416,0.6857035773572245,0.3735388959726627,43.80788803100586,393.19515228271484,393.19515228271484,646.8977661132812,1341.1600589752197,-66182.31098783296,66182.31098783296,26.799087524414062,8119,303903.165701088,625737.3697543037,1289216.6666666667,916983.3333333334,160.0
event68,surface_matched,coupled_label,105527,7597944,11.913520812988281,50.05826950073242,10.10129165649414,0.8842592644282353,0.6255457330561885,20.495500564575195,3.1342506408691406,3.1342506408691406,72.86897277832031,1125.7414817810059,856686.1318184894,856686.1318184894,11.913520812988281,8119,426383.56690574676,856686.1318184894,727066.6666666666,1294411.111111111,0.0
event68,surface_matched,mike_external,105527,7597944,18.43962287902832,51.23543167114258,6.52565860748291,0.7256046880685941,0.567833056101618,27.025157928466797,976.3236045837402,976.3236045837402,274.5127258300781,1185.1462125778198,940952.1288161378,940952.1288161378,18.43962287902832,8119,339040.7592388777,940952.1288161378,1724750.0,888477.7777777778,165.0
event68,prior_only,coupled_label,105527,7597944,3.637369394302368,15.21489429473877,2.583423376083374,0.9262993604900962,0.8677670325099496,6.57474946975708,-3.080606460571289,3.080606460571289,49.39063262939453,1125.7414817810059,182266.89348110463,182266.89348110463,3.637369394302368,8119,111330.0039654616,194079.16710479418,521488.8888888889,291722.22222222225,0.0
event68,prior_only,mike_external,105527,7597944,21.60282325744629,60.51974868774414,-0.99220871925354,0.7087662800954753,0.4255886885912113,34.278568267822266,970.1087474822998,970.1087474822998,493.25738525390625,1185.1462125778198,266532.890478753,266532.890478753,21.60282325744629,8119,158520.17355639694,426333.1665233413,1494416.6666666667,493244.44444444444,165.0
event68,hybrid_dynamic,coupled_label,105527,7597944,2.041267156600952,9.788590431213379,-0.31552305817604065,0.9454396062714517,0.9328709333825367,3.0435006618499756,-3.3457279205322266,3.3457279205322266,58.279693603515625,1125.7414817810059,-10532.605597518384,10532.605597518384,2.041267156600952,8119,13871.36464910362,50823.1790242407,168083.33333333334,78388.88888888889,0.0
event68,hybrid_dynamic,mike_external,105527,7597944,23.770917892456055,68.2439193725586,-3.891155242919922,0.6816674192067378,0.3590690591136067,37.97879409790039,969.8436260223389,969.8436260223389,529.0077514648438,1185.1462125778198,73733.39140013,73733.39140013,23.770917892456055,8119,210600.16260334814,502680.4281064649,1173222.2222222222,820477.7777777778,165.0
event68,hybrid_all,coupled_label,105527,7597944,2.041750192642212,9.529837608337402,-0.25537624955177307,0.9452135998257348,0.9335144942718504,3.084559202194214,-5.55109977722168,5.55109977722168,57.79362106323242,1125.7414817810059,2230.55108086206,2230.55108086206,2.041750431060791,8119,12339.921252415439,35190.44212152576,151322.22222222222,71805.55555555556,0.0
event68,hybrid_all,mike_external,105527,7597944,23.763370513916016,68.221435546875,-3.831007719039917,0.6796483739980627,0.3598396392011474,37.96855545043945,967.6382541656494,967.6382541656494,529.5343627929688,1185.1462125778198,86496.54807851044,86496.54807851044,23.763370513916016,8119,209390.53991428588,497858.41165247606,1153594.4444444445,815172.2222222222,165.0
event69,surface_matched,coupled_label,105527,7597944,10.911508560180664,47.340023040771484,9.419600486755371,0.8855943776667409,0.63276641732022,18.90993309020996,2.9659271240234375,2.9659271240234375,71.29206085205078,1106.3729524612427,795505.9214019927,795505.9214019927,10.911508560180664,8119,397608.8413244845,795505.9214019927,741455.5555555555,1188566.6666666667,0.0
event69,surface_matched,mike_external,105527,7597944,19.573625564575195,55.1595344543457,6.699243068695068,0.6697090408423948,0.5374226216685228,29.28994369506836,771.3420391082764,771.3420391082764,369.6719055175781,1254.5570135116577,899442.2819293239,899442.2819293239,19.573625564575195,8119,332229.001686284,899442.2819293239,2225822.222222222,837838.8888888889,165.0
event69,prior_only,coupled_label,105527,7597944,2.669278860092163,12.013266563415527,1.8347901105880737,0.9389797302388667,0.8889408177339083,4.9245381355285645,-3.2727718353271484,3.2727718353271484,50.43021774291992,1106.3729524612427,116350.53995186859,116350.53995186859,2.669278860092163,8119,80389.73488321605,142016.42702795076,405383.3333333333,230983.33333333334,0.0
event69,prior_only,mike_external,105527,7597944,22.2576847076416,64.56138610839844,-0.8855664730072021,0.6548066549888867,0.41135009213866,35.6756706237793,765.1033401489258,765.1033401489258,611.1832275390625,1254.5570135116577,220286.90047919983,220286.90047919983,22.2576847076416,8119,139242.69645687324,384182.4683304294,1849505.5555555555,398700.0,165.0
event69,hybrid_dynamic,coupled_label,105527,7597944,1.9345133304595947,9.423564910888672,-0.07228771597146988,0.945556622905326,0.9305910094865667,2.7952487468719482,-2.683877944946289,2.683877944946289,43.42111587524414,1106.3729524612427,6387.656646301271,6387.656646301271,1.9345133304595947,8119,8142.281363107106,30999.398192561697,232311.11111111112,81894.44444444444,0.0
event69,hybrid_dynamic,mike_external,105527,7597944,23.894678115844727,70.52037048339844,-2.792644500732422,0.6329167778684762,0.3471120724184891,38.36980056762695,765.6922340393066,765.6922340393066,615.768798828125,1254.5570135116577,110324.01717363251,110324.01717363251,23.894678115844727,8119,171835.52898117134,444116.9495457711,1703600.0,694777.7777777778,165.0
event69,hybrid_all,coupled_label,105527,7597944,1.909785509109497,9.011001586914062,-0.03852584585547447,0.9459671472533004,0.9319215193534973,2.7519140243530273,-7.679462432861328,7.679462432861328,46.5706901550293,1106.3729524612427,9128.449523135787,9128.449523135787,1.909785509109497,8119,8203.359015359132,24651.763847496128,215944.44444444444,72072.22222222222,0.0
event69,hybrid_all,mike_external,105527,7597944,23.884828567504883,70.47948455810547,-2.758882761001587,0.6318051351750099,0.3488355760316881,38.38533020019531,760.6966495513916,760.6966495513916,625.4293823242188,1254.5570135116577,113064.81005046703,113064.81005046703,23.884828567504883,8119,171441.0317929412,443458.3958794384,1679200.0,685777.7777777778,165.0
event70,surface_matched,coupled_label,105527,7597944,12.02267074584961,50.579551696777344,10.318780899047852,0.8846285505297501,0.6265384126071012,20.77828025817871,3.3080577850341797,3.3080577850341797,63.92510986328125,1134.0513229370117,869789.0234456991,869789.0234456991,12.02267074584961,8119,435564.0102752852,869789.0234456991,753594.4444444445,1305044.4444444445,0.0
event70,surface_matched,mike_external,105527,7597944,19.015239715576172,53.15947723388672,5.949710845947266,0.7245183093881435,0.566815095644295,28.380998611450195,849.370002746582,849.370002746582,316.99285888671875,1224.5675325393677,909904.952621937,909904.952621937,19.015239715576172,8119,327053.32383182726,909904.952621937,1719616.6666666667,859327.7777777778,165.0
event70,prior_only,coupled_label,105527,7597944,3.778587579727173,16.043636322021484,2.82576584815979,0.9255386846537559,0.8535916546874106,7.005252361297607,-2.881765365600586,2.881765365600586,58.73207092285156,1134.0513229370117,196423.06459446927,196423.06459446927,3.7785873413085938,8119,121450.92059334047,211164.63677643263,568827.7777777778,350877.77777777775,0.0
event70,prior_only,mike_external,105527,7597944,22.241777420043945,62.81825256347656,-1.5433045625686646,0.7091616560358829,0.4377377675927569,35.61278533935547,843.1801795959473,843.1801795959473,540.5098266601562,1224.5675325393677,236538.99377070717,236538.99377070717,22.241777420043945,8119,164932.12746096836,454664.84116521175,1512516.6666666667,493216.6666666667,165.0
event70,hybrid_dynamic,coupled_label,105527,7597944,2.0102477073669434,9.738484382629395,-0.11999712139368057,0.946498012981381,0.9371372702711718,3.221860647201538,-2.7387142181396484,2.7387142181396484,60.1330451965332,1134.0513229370117,-4044.6372795666102,4044.6372795666102,2.0102477073669434,8119,7417.645049752668,29428.19794265018,238994.44444444444,67983.33333333333,0.0
event70,hybrid_dynamic,mike_external,105527,7597944,24.45856475830078,70.80628204345703,-4.489068031311035,0.6847314424308336,0.3604645233663922,39.45099639892578,843.3232307434082,843.3232307434082,554.9798583984375,1224.5675325393677,36071.29189667129,36071.29189667129,24.45856475830078,8119,230570.31657169494,534728.4224444544,1217750.0,867633.3333333334,165.0
event70,hybrid_all,coupled_label,105527,7597944,1.9903664588928223,9.397911071777344,-0.08957143872976303,0.9481581224782175,0.9379790069976675,3.264327049255371,-7.533788681030273,7.533788681030273,61.33073043823242,1134.0513229370117,8229.867612974485,8229.867612974485,1.9903664588928223,8119,8361.513138904094,22464.417024221504,215077.77777777778,61744.444444444445,0.0
event70,hybrid_all,mike_external,105527,7597944,24.46617889404297,70.79553985595703,-4.45864200592041,0.6822577781519371,0.361955393992541,39.444522857666016,838.5281562805176,838.5281562805176,561.57861328125,1224.5675325393677,48345.796789212385,48345.796789212385,24.46617889404297,8119,230014.18493940614,528465.2514564893,1190044.4444444445,860816.6666666666,165.0
