event,model,reference,active_cells,n_cell_times,mae_mm,rmse_mm,bias_mm,csi_0p03,csi_0p15,peak_map_mae_mm,global_peak_bias_mm,global_peak_abs_error_mm,top0p1_peak_map_mae_mm,target_peak_p99p9_mm,final_volume_bias_m3,final_volume_abs_error_m3,residual_mae_mm,seed,mean_abs_volume_error_m3,max_abs_volume_error_m3,mean_abs_area_error_0p03_m2,mean_abs_area_error_0p15_m2,global_peak_time_error_min,control,replicate,aligned_hybrid_all_mae_mm,delta_mae_vs_aligned_mm,feature_seconds,assembly_seconds,model_seconds,postprocess_seconds,total_correction_seconds,raw_below_clip_count,raw_above_clip_count,depth_clamped_count,active_value_count,depth_clamped_pct
event1,zero_static_network_fields,coupled_label,105527,7597944,2.3484926223754883,9.977960586547852,-0.29687076807022095,0.9131908717418793,0.8827434260443883,3.363400459289551,1.4286041259765625,1.4286041259765625,41.290733337402344,987.0272874832153,44811.60815438791,44811.60815438791,2.3484926223754883,1907,23346.847692356114,67705.09273054567,206533.33333333334,93105.55555555556,5.0,zero_static_network_fields,0,2.245790958404541,0.10270166397094727,2.633752599474974,1.7018271988490596,19.76243840076495,0.24300799996126443,24.343640699982643,0,0,165697,7597944,2.1808136516931422
event1,shift_20m_north,coupled_label,105527,7597944,2.2816548347473145,9.558548927307129,-0.6651701927185059,0.9126758156434128,0.8811093321789726,3.2361645698547363,1.4286041259765625,1.4286041259765625,44.1686897277832,987.0272874832153,14633.37957760971,14633.37957760971,2.2816548347473145,1907,29983.67756773367,86419.34772426868,203038.88888888888,104100.0,5.0,shift_20m_north,0,2.245790958404541,0.03586387634277344,2.558783801854588,1.6186158993514255,19.470968700246885,0.23372510029003024,23.88455780001823,0,0,171238,7597944,2.2537412752713104
event1,shift_20m_south,coupled_label,105527,7597944,2.2751407623291016,9.331446647644043,-0.6659150123596191,0.9126752965757262,0.881204539305098,3.2077219486236572,1.4286041259765625,1.4286041259765625,43.08155059814453,987.0272874832153,14612.293958216207,14612.293958216207,2.2751405239105225,1907,30017.768210007758,86388.77359054936,203650.0,104250.0,5.0,shift_20m_south,0,2.245790958404541,0.029349803924560547,2.614870100049302,1.6567585000302643,19.852195101091638,0.2382850997382775,24.36464170005638,0,0,171862,7597944,2.2619540233515805
event1,shift_20m_west,coupled_label,105527,7597944,2.2818262577056885,9.675809860229492,-0.6630873084068298,0.9126474126931163,0.8808969660692624,3.232618570327759,1.4286041259765625,1.4286041259765625,44.035003662109375,987.0272874832153,14893.854439215036,14893.854439215036,2.2818262577056885,1907,29937.86302584173,86452.79690673389,204844.44444444444,105422.22222222222,5.0,shift_20m_west,0,2.245790958404541,0.03603529930114746,2.6118328012526035,1.7061608989024535,19.70826660026796,0.23375270096585155,24.2625300999498,0,0,171970,7597944,2.2633754605193195
event1,shift_20m_east,coupled_label,105527,7597944,2.2828993797302246,9.697546005249023,-0.6649673581123352,0.9127359857349827,0.8814339464084494,3.2263453006744385,1.4286041259765625,1.4286041259765625,43.7847900390625,987.0272874832153,14580.555204114644,14580.555204114644,2.2828993797302246,1907,29973.249425385045,86519.09780893964,201938.88888888888,103766.66666666667,5.0,shift_20m_east,0,2.245790958404541,0.037108421325683594,2.548315899912268,1.6309424992650747,19.569715800578706,0.23412609926890582,23.9855464999564,0,0,171474,7597944,2.2568473787119254
event1,shift_40m_north,coupled_label,105527,7597944,2.29433012008667,9.74706745147705,-0.6550158262252808,0.9122164527044336,0.8805241014085942,3.2558059692382812,1.4286041259765625,1.4286041259765625,43.56772232055664,987.0272874832153,15409.033171636751,15409.033171636751,2.29433012008667,1907,29687.04394846718,85931.19477054244,204316.66666666666,104716.66666666667,5.0,shift_40m_north,0,2.245790958404541,0.048539161682128906,2.5779081996297464,1.6555042003747076,19.69066899921745,0.233122801175341,24.159748899983242,0,0,171389,7597944,2.2557286550150937
event1,shift_40m_south,coupled_label,105527,7597944,2.288515329360962,9.448136329650879,-0.6467128396034241,0.9121757420651979,0.880933359221076,3.2244651317596436,1.4286041259765625,1.4286041259765625,43.33118438720703,987.0272874832153,15972.879218365531,15972.879218365531,2.288515090942383,1907,29440.193262166213,85283.61789754592,202361.11111111112,104488.88888888889,5.0,shift_40m_south,0,2.245790958404541,0.0427243709564209,2.6285842017969117,1.6704150986624882,19.974344900576398,0.24090960016474128,24.51682359992992,0,0,171486,7597944,2.2570053161750074
event1,shift_40m_west,coupled_label,105527,7597944,2.288815975189209,9.690104484558105,-0.6475934386253357,0.9123184639600843,0.8805421424046906,3.2382779121398926,1.4286041259765625,1.4286041259765625,43.24563980102539,987.0272874832153,16048.735949263908,16048.735949263908,2.288815975189209,1907,29484.559354774232,85529.37669058377,201772.22222222222,105250.0,5.0,shift_40m_west,0,2.245790958404541,0.04302501678466797,2.629852199461311,1.6786568999523297,19.881863799877465,0.2474332997808233,24.440429899957962,0,0,171900,7597944,2.2624541586513405
event1,shift_40m_east,coupled_label,105527,7597944,2.2926785945892334,9.733028411865234,-0.6509023904800415,0.9126124072846379,0.8809075287978108,3.228883743286133,1.4286041259765625,1.4286041259765625,42.946807861328125,987.0272874832153,15440.944306434598,15440.944306434598,2.2926785945892334,1907,29542.038002030316,85646.55936651165,200872.22222222222,103466.66666666667,5.0,shift_40m_east,0,2.245790958404541,0.04688763618469238,2.5917954001342878,1.642876799334772,19.655291300150566,0.23892389971297234,24.131480799987912,0,0,171300,7597944,2.2545572854972344
event1,shift_80m_north,coupled_label,105527,7597944,2.319157600402832,9.813478469848633,-0.6140254735946655,0.9111715542587214,0.8800034369291674,3.2856478691101074,1.4286041259765625,1.4286041259765625,42.732540130615234,987.0272874832153,18777.01105438848,18777.01105438848,2.319157600402832,1907,28577.116107495476,83847.87625623657,204772.22222222222,105361.11111111111,5.0,shift_80m_north,0,2.245790958404541,0.07336664199829102,2.584856500150636,1.7516594988992438,19.637430400471203,0.23774309956934303,24.21433370001614,0,0,171055,7597944,2.251332728959308
event1,shift_80m_south,coupled_label,105527,7597944,2.319631338119507,9.680991172790527,-0.6117497086524963,0.9109464345809841,0.8802446662253679,3.262683153152466,1.2691020965576172,1.2691020965576172,41.8897819519043,987.0272874832153,18649.15347374929,18649.15347374929,2.319631338119507,1907,28442.777268900918,83387.44088250445,200472.22222222222,105144.44444444444,5.0,shift_80m_south,0,2.245790958404541,0.07384037971496582,2.584898199304007,1.6833259005798027,19.799243099987507,0.2372800981393084,24.307461100048386,0,0,171195,7597944,2.253175332695266
event1,shift_80m_west,coupled_label,105527,7597944,2.3064217567443848,9.755072593688965,-0.6237843036651611,0.9114042411829872,0.8799633213299839,3.2567009925842285,1.4286041259765625,1.4286041259765625,41.84906768798828,987.0272874832153,17502.5579655841,17502.5579655841,2.306421995162964,1907,28738.303201158156,83835.93094058055,200572.22222222222,107161.11111111111,5.0,shift_80m_west,0,2.245790958404541,0.06063079833984375,2.565118098864332,1.66538229980506,19.740833300864324,0.23842940013855696,24.21268640004564,0,0,171218,7597944,2.2534780461661734
event1,shift_80m_east,coupled_label,105527,7597944,2.3083863258361816,9.839553833007812,-0.6215786933898926,0.9122696207401938,0.8807613158907517,3.239731550216675,1.4286041259765625,1.4286041259765625,43.50773620605469,987.0272874832153,17566.449676862452,17566.449676862452,2.3083863258361816,1907,28677.4865581616,84046.7687916453,201361.11111111112,102316.66666666667,5.0,shift_80m_east,0,2.245790958404541,0.06259536743164062,2.5778747003059834,1.6585413999855518,19.716823000228032,0.23410170013085008,24.1900486999657,0,0,170543,7597944,2.244594063867804
event1,shift_160m_north,coupled_label,105527,7597944,2.368604898452759,10.187125205993652,-0.5427596569061279,0.9106925759545609,0.879429329583165,3.3340132236480713,1.4286041259765625,1.4286041259765625,40.896026611328125,987.0272874832153,24670.124636159046,24670.124636159046,2.368604898452759,1907,26963.818136926817,80714.38063451112,200638.88888888888,105883.33333333333,5.0,shift_160m_north,0,2.245790958404541,0.12281394004821777,2.5675911996513605,1.6896184994839132,19.793388299643993,0.23543230001814663,24.288691999972798,0,0,171220,7597944,2.253504369076687
event1,shift_160m_south,coupled_label,105527,7597944,2.3601536750793457,10.127802848815918,-0.5439503788948059,0.9099106902259692,0.8795367041079327,3.3414385318756104,-0.3063678741455078,0.3063678741455078,40.64478302001953,987.0272874832153,23730.38416408049,23730.38416408049,2.3601536750793457,1907,26790.20741058822,79987.94005518011,196394.44444444444,105944.44444444444,5.0,shift_160m_south,0,2.245790958404541,0.11436271667480469,2.5505351996980608,1.6494480997789651,19.582069999771193,0.23552289861254394,24.020259200013243,0,0,171048,7597944,2.25124059877251
event1,shift_160m_west,coupled_label,105527,7597944,2.3186824321746826,9.829444885253906,-0.5846142768859863,0.9113190889268108,0.8782569131351955,3.2551488876342773,-0.3960132598876953,0.3960132598876953,41.517601013183594,987.0272874832153,20300.48933407152,20300.48933407152,2.3186821937561035,1907,27714.581944703634,81538.36296501872,196755.55555555556,107938.88888888889,15.0,shift_160m_west,0,2.245790958404541,0.0728914737701416,2.6276535992510617,1.7024501997511834,20.024925201083533,0.2410715993028134,24.598755900049582,0,0,170916,7597944,2.249503286678607
event1,shift_160m_east,coupled_label,105527,7597944,2.3278567790985107,9.894913673400879,-0.5938748121261597,0.9116114282836616,0.8807195571955719,3.2413930892944336,1.4286041259765625,1.4286041259765625,40.916072845458984,987.0272874832153,19399.480471881805,19399.480471881805,2.3278567790985107,1907,27928.078475604954,82654.94414671417,200527.77777777778,102883.33333333333,5.0,shift_160m_east,0,2.245790958404541,0.08206582069396973,2.533545598620549,1.6119446001248434,19.413772098952904,0.23441829869989306,23.796363300061785,0,0,170410,7597944,2.242843590318644
event1,block_shuffle,coupled_label,105527,7597944,2.362398862838745,10.043583869934082,-0.4005080759525299,0.9125032365909237,0.8815357919225049,3.338726758956909,1.4286041259765625,1.4286041259765625,43.0087776184082,987.0272874832153,36352.014447064605,36352.014447064605,2.362398862838745,1907,24545.80692307888,72982.20592991286,199011.11111111112,98683.33333333333,5.0,block_shuffle,1,2.245790958404541,0.1166079044342041,2.595149399363436,1.6832115000579506,19.936670399736613,0.23447310039773583,24.452281600097194,0,0,167818,7597944,2.2087290982929066
event1,block_shuffle,coupled_label,105527,7597944,2.3526735305786133,9.981727600097656,-0.39741241931915283,0.9123312566241663,0.8826562236766403,3.3416764736175537,1.2691020965576172,1.2691020965576172,40.04927444458008,987.0272874832153,36373.9435873793,36373.9435873793,2.3526735305786133,1907,24438.147584380684,72680.38119774195,192511.11111111112,97122.22222222222,5.0,block_shuffle,2,2.245790958404541,0.10688257217407227,2.557826300850138,1.6234279002528638,19.700384898809716,0.2353706998983398,24.119734599953517,0,0,167334,7597944,2.2023589539485946
event1,block_shuffle,coupled_label,105527,7597944,2.3478121757507324,9.977831840515137,-0.4155701994895935,0.9125371698959243,0.880638813921922,3.3124687671661377,1.4286041259765625,1.4286041259765625,41.110877990722656,987.0272874832153,34476.01183527778,34476.01183527778,2.3478121757507324,1907,24624.38975228235,73439.05409920122,199833.33333333334,100816.66666666667,5.0,block_shuffle,3,2.245790958404541,0.1020212173461914,2.561123300692998,1.650891299941577,19.737829400692135,0.24051499995402992,24.193082300014794,0,0,167823,7597944,2.208794905569191
event1,block_shuffle,coupled_label,105527,7597944,2.3589723110198975,10.049034118652344,-0.42267733812332153,0.9127560312535975,0.8800829928255054,3.3494105339050293,1.4286041259765625,1.4286041259765625,40.94675064086914,987.0272874832153,33755.9881085169,33755.9881085169,2.3589723110198975,1907,24679.53464644541,73959.64603720116,201327.77777777778,100405.55555555556,5.0,block_shuffle,4,2.245790958404541,0.11318135261535645,2.6346118997316808,1.7177399995271116,20.092887598555535,0.2505727008683607,24.69861189997755,0,0,167493,7597944,2.2044516253344324
event1,block_shuffle,coupled_label,105527,7597944,2.3610970973968506,10.155240058898926,-0.39712467789649963,0.9120659689577798,0.8816340149673483,3.355159282684326,1.4286041259765625,1.4286041259765625,41.485721588134766,987.0272874832153,36013.129429250024,36013.129429250024,2.3610970973968506,1907,24318.70311747295,72397.4459408985,196333.33333333334,98133.33333333333,5.0,block_shuffle,5,2.245790958404541,0.11530613899230957,2.445826098206453,1.5848427007440478,18.62572340061888,0.22542789997532964,22.884207999915816,0,0,167629,7597944,2.2062415832493634
event1,block_shuffle,coupled_label,105527,7597944,2.3703103065490723,10.125411987304688,-0.4387473165988922,0.911476350992361,0.8794713818843067,3.362700939178467,0.8778572082519531,0.8778572082519531,40.22247314453125,987.0272874832153,32615.477745307842,32615.477745307842,2.3703103065490723,1907,24942.376699635977,74720.5602730019,194938.88888888888,103183.33333333333,5.0,block_shuffle,6,2.245790958404541,0.12451934814453125,2.4316561999730766,1.5510418995982036,18.487797900219448,0.22734870051499456,22.700145000009798,0,0,168294,7597944,2.214993950995164
event1,block_shuffle,coupled_label,105527,7597944,2.358363389968872,10.092446327209473,-0.44988158345222473,0.9117464130541442,0.8801766119495976,3.322728157043457,1.4286041259765625,1.4286041259765625,41.192378997802734,987.0272874832153,30678.69037165027,30678.69037165027,2.358363389968872,1907,24894.862911757496,74713.51392951002,196305.55555555556,101594.44444444444,5.0,block_shuffle,7,2.245790958404541,0.11257243156433105,2.397267899941653,1.5118639003485441,18.5576640983345,0.2205489007756114,22.689638099982403,0,0,167829,7597944,2.208873874300732
event1,block_shuffle,coupled_label,105527,7597944,2.3490262031555176,9.979386329650879,-0.4114912748336792,0.9126655110094789,0.8814612365531597,3.3286540508270264,1.4286041259765625,1.4286041259765625,41.32611083984375,987.0272874832153,34918.02801212575,34918.02801212575,2.3490262031555176,1907,24610.192889717368,73546.93844642001,195672.22222222222,98433.33333333333,5.0,block_shuffle,8,2.245790958404541,0.10323524475097656,2.4917645005043596,1.5807963006664068,18.93154750019312,0.23256450041662902,23.239177399897017,0,0,168509,7597944,2.2178236638753854
event1,block_shuffle,coupled_label,105527,7597944,2.338336706161499,9.93757438659668,-0.4174686670303345,0.9132363277519108,0.8814032454980161,3.332491159439087,1.4286041259765625,1.4286041259765625,42.200050354003906,987.0272874832153,34003.960293686716,34003.960293686716,2.338336706161499,1907,24655.903316679516,73576.12487345282,200655.55555555556,100111.11111111111,5.0,block_shuffle,9,2.245790958404541,0.09254574775695801,2.4009534993674606,1.5264718007529154,18.27793419943191,0.2236298006027937,22.43150019994937,0,0,167407,7597944,2.203319740182344
event1,block_shuffle,coupled_label,105527,7597944,2.3528459072113037,10.03237247467041,-0.4512854218482971,0.9121285357436367,0.8796466141271693,3.3378069400787354,1.4286041259765625,1.4286041259765625,42.247318267822266,987.0272874832153,32253.146990533918,32253.146990533918,2.3528459072113037,1907,25378.035562432604,75926.79128643009,203627.77777777778,102811.11111111111,5.0,block_shuffle,10,2.245790958404541,0.1070549488067627,2.3952185004018247,1.5401987007353455,18.487818898749538,0.22130370058584958,22.6470589999808,0,0,168231,7597944,2.214164779313983
event1,group_permutation,coupled_label,105527,7597944,2.3506994247436523,10.008834838867188,-0.6216230392456055,0.9096142617259684,0.8774555689278596,3.2942724227905273,1.2691020965576172,1.2691020965576172,40.41575622558594,987.0272874832153,17365.01907752175,17365.01907752175,2.3506994247436523,1907,28639.25145068158,84528.05436338368,193844.44444444444,111583.33333333333,5.0,group_permutation,1,2.245790958404541,0.10490846633911133,2.4116534010972828,1.5754448998486623,18.50621000060346,0.22279480146244168,22.718530100071803,0,0,170250,7597944,2.2407377574775493
event1,group_permutation,coupled_label,105527,7597944,2.352954626083374,10.048381805419922,-0.6321960687637329,0.9100685933188865,0.8778123267683171,3.291053295135498,1.2691020965576172,1.2691020965576172,42.85359191894531,987.0272874832153,16720.955311336787,16720.955311336787,2.352954626083374,1907,28983.608953060717,84967.79732672847,190783.33333333334,112961.11111111111,5.0,group_permutation,2,2.245790958404541,0.10716366767883301,2.4062823003623635,1.5435280001256615,18.457343200803734,0.22424389887601137,22.63376730005257,0,0,170212,7597944,2.2402376221777893
event1,group_permutation,coupled_label,105527,7597944,2.3560378551483154,9.975790977478027,-0.6271600723266602,0.9098019595333712,0.8786747252817276,3.314317464828491,0.9789466857910156,0.9789466857910156,40.72147750854492,987.0272874832153,17000.916643972974,17000.916643972974,2.3560378551483154,1907,28823.83024190184,84876.18116956693,188133.33333333334,111711.11111111111,15.0,group_permutation,3,2.245790958404541,0.11024689674377441,2.4688809991348535,1.5875497000524774,18.760888699791394,0.23362230055499822,23.053377899923362,0,0,170155,7597944,2.239487419228149
event1,group_permutation,coupled_label,105527,7597944,2.3432843685150146,10.008127212524414,-0.6148901581764221,0.9108033458369145,0.8787349804411259,3.2901625633239746,1.2269020080566406,1.2269020080566406,42.04640197753906,987.0272874832153,18265.86485966784,18265.86485966784,2.3432846069335938,1907,28515.17609749928,84590.6144707813,193222.22222222222,111011.11111111111,5.0,group_permutation,4,2.245790958404541,0.09749341011047363,2.3740695999003947,1.5210705004865304,18.354628500761464,0.21838739968370646,22.47046990005765,0,0,170220,7597944,2.240342913819844
event1,group_permutation,coupled_label,105527,7597944,2.3513004779815674,10.020188331604004,-0.6197088956832886,0.9101103888030408,0.8783241017081957,3.3057355880737305,1.2691020965576172,1.2691020965576172,42.655189514160156,987.0272874832153,17345.910603548866,17345.910603548866,2.3513004779815674,1907,28558.387849783412,84423.44863147219,190816.66666666666,111272.22222222222,5.0,group_permutation,5,2.245790958404541,0.10550951957702637,2.389019800000824,1.5337611994473264,18.321846200036816,0.21766800084151328,22.464608100010082,0,0,169995,7597944,2.237381586387054
event20,zero_static_network_fields,coupled_label,105527,7597944,2.09433913230896,8.62283992767334,-0.28748849034309387,0.8731829668529235,0.8400083662005497,3.565922260284424,0.1068115234375,0.1068115234375,23.695491790771484,814.2159581184387,-6227.400530974381,6227.400530974381,2.09433913230896,1907,15683.270967911587,56590.35440676357,191622.22222222222,60883.333333333336,0.0,zero_static_network_fields,0,2.1207780838012695,-0.02643895149230957,2.409999599913135,1.5352083002217114,18.19549070065841,0.2222585993586108,22.365342800039798,0,0,154265,7597944,2.0303518951969113
event20,shift_20m_north,coupled_label,105527,7597944,2.14528226852417,8.729939460754395,-0.6574383974075317,0.8656760260840906,0.8393315810586692,3.5132203102111816,0.1068115234375,0.1068115234375,24.757673263549805,814.2159581184387,-34655.197186991805,34655.197186991805,2.14528226852417,1907,28024.345430979636,83306.00069242716,356550.0,62638.88888888889,0.0,shift_20m_north,0,2.1207780838012695,0.02450418472290039,2.4320049001835287,1.6011833985103294,19.496086200815625,0.22992089937906712,23.761656799935736,0,0,194985,7597944,2.566286353255565
event20,shift_20m_south,coupled_label,105527,7597944,2.1421420574188232,8.670870780944824,-0.6573173403739929,0.8657210947512716,0.839507429878834,3.502842903137207,0.1068115234375,0.1068115234375,23.775482177734375,814.2159581184387,-34542.70772625948,34542.70772625948,2.1421420574188232,1907,28027.99449332019,83371.65001432318,356033.3333333333,63355.555555555555,0.0,shift_20m_south,0,2.1207780838012695,0.02136397361755371,2.4551498010987416,1.6022895991336554,18.85598609945737,0.2260757014155388,23.141974200028926,0,0,194391,7597944,2.558468448833
event20,shift_20m_west,coupled_label,105527,7597944,2.1464035511016846,8.754587173461914,-0.6595791578292847,0.8654624953542773,0.8390629116076347,3.5135412216186523,0.1068115234375,0.1068115234375,24.35837173461914,814.2159581184387,-34517.31424887059,34517.31424887059,2.1464035511016846,1907,28096.844055418464,83357.67887894926,361127.77777777775,63316.666666666664,0.0,shift_20m_west,0,2.1207780838012695,0.02562546730041504,2.4199501984985545,1.5638546000700444,18.75946629990358,0.2264450987568125,22.97216860007029,0,0,195575,7597944,2.574051611857102
event20,shift_20m_east,coupled_label,105527,7597944,2.143948793411255,8.781000137329102,-0.6546244025230408,0.8662544047597193,0.8394451196513139,3.5130820274353027,0.1068115234375,0.1068115234375,23.87554168701172,814.2159581184387,-34690.076760476455,34690.076760476455,2.143948793411255,1907,27924.977839821204,83162.16759222304,351844.44444444444,63016.666666666664,0.0,shift_20m_east,0,2.1207780838012695,0.02317070960998535,2.3736131001496688,1.53500670066569,18.283816799870692,0.21921070106327534,22.413989300024696,0,0,194708,7597944,2.5626406301494193
event20,shift_40m_north,coupled_label,105527,7597944,2.1542110443115234,8.828008651733398,-0.6450423002243042,0.8650805985474624,0.8390179966125432,3.5306594371795654,0.1068115234375,0.1068115234375,24.5615234375,814.2159581184387,-34013.53038117895,34013.53038117895,2.1542110443115234,1907,27546.411103013925,82444.87921833782,345122.22222222225,62766.666666666664,0.0,shift_40m_north,0,2.1207780838012695,0.033432960510253906,2.3908513992791995,1.552606000448577,18.370165499509312,0.22087930038105696,22.53698139998596,0,0,194367,7597944,2.558152573906836
event20,shift_40m_south,coupled_label,105527,7597944,2.1484146118164062,8.693967819213867,-0.6388676762580872,0.8651616232257592,0.8391339223714771,3.5183138847351074,0.1068115234375,0.1068115234375,24.67417335510254,814.2159581184387,-33025.143202329986,33025.143202329986,2.1484146118164062,1907,27323.158642863833,82121.03563681222,344116.6666666667,63005.555555555555,0.0,shift_40m_south,0,2.1207780838012695,0.02763652801513672,2.3557314006611705,1.541377199231647,18.234551201341674,0.21516829961910844,22.349168400047347,0,0,193087,7597944,2.5413059111780765
event20,shift_40m_west,coupled_label,105527,7597944,2.1512506008148193,8.779472351074219,-0.6455685496330261,0.8646300568390765,0.8392861419095284,3.524937391281128,0.1068115234375,0.1068115234375,24.141420364379883,814.2159581184387,-33351.41528763785,33351.41528763785,2.1512506008148193,1907,27563.68182141699,82354.34661780228,353094.44444444444,63150.0,0.0,shift_40m_west,0,2.1207780838012695,0.030472517013549805,2.5059506002580747,1.5940597999142483,19.120347800082527,0.23775199986994267,23.460529299918562,0,0,193843,7597944,2.55125597135225
event20,shift_40m_east,coupled_label,105527,7597944,2.147475004196167,8.794089317321777,-0.6371275782585144,0.8658996038694742,0.8392778037187362,3.531266450881958,0.1068115234375,0.1068115234375,23.28226661682129,814.2159581184387,-33577.69818785344,33577.69818785344,2.147475004196167,1907,27265.416197977753,82000.03219083091,337027.77777777775,62677.77777777778,0.0,shift_40m_east,0,2.1207780838012695,0.02669692039489746,2.5060822991654277,1.6393535999814048,19.342530300375074,0.22546810063067824,23.715916600078344,0,0,193925,7597944,2.552335210683311
event20,shift_80m_north,coupled_label,105527,7597944,2.1604340076446533,8.820792198181152,-0.6062796115875244,0.8648227509704017,0.8403359332443417,3.5406136512756348,0.1068115234375,0.1068115234375,23.601333618164062,814.2159581184387,-31292.918242892483,31292.918242892483,2.1604340076446533,1907,26088.8746897145,79795.79079201329,311805.55555555556,61850.0,0.0,shift_80m_north,0,2.1207780838012695,0.03965592384338379,2.383830599836074,1.5534489004639909,18.763202999252826,0.2226924013812095,22.925534799927846,0,0,192665,7597944,2.535751777059689
event20,shift_80m_south,coupled_label,105527,7597944,2.160024642944336,8.814910888671875,-0.6062445640563965,0.8646232617270835,0.8388784464903564,3.545330047607422,0.14853477478027344,0.14853477478027344,24.754444122314453,814.2159581184387,-30894.839570272015,30894.839570272015,2.160024642944336,1907,26097.436399612925,79914.37705188128,316555.55555555556,63077.77777777778,0.0,shift_80m_south,0,2.1207780838012695,0.039246559143066406,2.508347498369403,1.6511711995117366,19.261229000985622,0.22960439894814044,23.65276670001913,0,0,192612,7597944,2.535054219931076
event20,shift_80m_west,coupled_label,105527,7597944,2.1593337059020996,8.831347465515137,-0.6158137917518616,0.863681683963925,0.8389543375715346,3.547506332397461,0.1068115234375,0.1068115234375,24.62708854675293,814.2159581184387,-31435.06673254515,31435.06673254515,2.1593337059020996,1907,26437.628698265213,80313.25947576249,332511.1111111111,63138.88888888889,0.0,shift_80m_west,0,2.1207780838012695,0.03855562210083008,2.470529700163752,1.5848449999466538,19.143186099128798,0.23317690019030124,23.434128900058568,0,0,192373,7597944,2.5319086321246904
event20,shift_80m_east,coupled_label,105527,7597944,2.1524996757507324,8.836040496826172,-0.6011871099472046,0.8649874165091916,0.8392140203076666,3.5619454383850098,0.1068115234375,0.1068115234375,24.65235137939453,814.2159581184387,-31510.51473672618,31510.51473672618,2.1524996757507324,1907,25938.673264716388,79437.25606313976,315583.3333333333,62300.0,0.0,shift_80m_east,0,2.1207780838012695,0.03172159194946289,2.5247669991804287,1.5934469995554537,19.29013320035301,0.2351121990941465,23.645935100037605,0,0,190739,7597944,2.5104028142350088
event20,shift_160m_north,coupled_label,105527,7597944,2.1680142879486084,8.947495460510254,-0.5327885150909424,0.8647060759945459,0.8409603927790917,3.568739175796509,0.1068115234375,0.1068115234375,23.91716194152832,814.2159581184387,-25316.616050369805,25316.616050369805,2.1680142879486084,1907,23372.555579428543,74080.40579206496,263877.77777777775,61877.77777777778,0.0,shift_160m_north,0,2.1207780838012695,0.04723620414733887,2.385885000345297,1.5059164004633203,18.505983600509353,0.2246542995562777,22.62484109995421,0,0,191184,7597944,2.516259661824304
event20,shift_160m_south,coupled_label,105527,7597944,2.17615008354187,8.970885276794434,-0.5469674468040466,0.8649693995651563,0.8390927045304926,3.6066739559173584,2.8586387634277344,2.8586387634277344,24.12184715270996,814.2159581184387,-26748.5659222384,26748.5659222384,2.17615008354187,1907,23915.154893539257,75668.1419155947,273555.55555555556,62566.666666666664,0.0,shift_160m_south,0,2.1207780838012695,0.055371999740600586,2.3806043000658974,1.5365079991752282,18.475228099618107,0.2250236007384956,22.619799499982037,0,0,189471,7597944,2.4937140889693317
event20,shift_160m_west,coupled_label,105527,7597944,2.1583027839660645,8.834831237792969,-0.5708057284355164,0.8626423575381706,0.8399224504694259,3.5650997161865234,1.764059066772461,1.764059066772461,24.627347946166992,814.2159581184387,-28706.01850120048,28706.01850120048,2.1583027839660645,1907,24776.47112352914,77313.87154287077,305850.0,62200.0,0.0,shift_160m_west,0,2.1207780838012695,0.03752470016479492,2.390495298895985,1.5318649001419544,18.456803500535898,0.2234774004900828,22.605077999993227,0,0,190372,7597944,2.5055725601557475
event20,shift_160m_east,coupled_label,105527,7597944,2.1567721366882324,8.854354858398438,-0.5688108801841736,0.8644045267125037,0.8384863066168725,3.5653274059295654,0.1068115234375,0.1068115234375,23.480716705322266,814.2159581184387,-29313.52236920502,29313.52236920502,2.1567721366882324,1907,24746.360587700525,77013.3169868642,293794.44444444444,63561.11111111111,0.0,shift_160m_east,0,2.1207780838012695,0.03599405288696289,2.439778299885802,1.5585247995331883,18.852141500567086,0.22866360016632825,23.081539499922656,0,0,189453,7597944,2.4934771827747086
event20,block_shuffle,coupled_label,105527,7597944,2.1322035789489746,8.748035430908203,-0.3977695107460022,0.8691540570312373,0.839834218458447,3.566404104232788,0.1068115234375,0.1068115234375,23.51276397705078,814.2159581184387,-14968.907819003798,14968.907819003798,2.1322035789489746,1907,18750.386700869694,64519.27517159912,217827.77777777778,61727.77777777778,0.0,block_shuffle,1,2.1207780838012695,0.011425495147705078,2.389857100439258,1.5018776998622343,18.487149201217107,0.22165849921293557,22.602905599982478,0,0,171426,7597944,2.256215628859597
event20,block_shuffle,coupled_label,105527,7597944,2.1258366107940674,8.721467971801758,-0.3847142159938812,0.8695891307060996,0.8400540608423684,3.5774831771850586,0.14853477478027344,0.14853477478027344,23.627155303955078,814.2159581184387,-14083.075464164838,14083.075464164838,2.1258366107940674,1907,18549.177906115114,63591.87768193637,206100.0,61244.444444444445,0.0,block_shuffle,2,2.1207780838012695,0.0050585269927978516,2.3868281008908525,1.5167426001280546,18.458843300351873,0.22294439980760217,22.587811999954283,0,0,171455,7597944,2.256597311062045
event20,block_shuffle,coupled_label,105527,7597944,2.1240944862365723,8.746384620666504,-0.4027065932750702,0.8697772103657223,0.8411539611360239,3.5677130222320557,0.1068115234375,0.1068115234375,23.764570236206055,814.2159581184387,-15064.253303510603,15064.253303510603,2.1240944862365723,1907,18918.003846352996,65003.92082617921,219866.66666666666,59750.0,0.0,block_shuffle,3,2.1207780838012695,0.0033164024353027344,2.4295295994961634,1.5530737004010007,18.638150800019503,0.22543749923352152,22.848686299985275,0,0,170666,7597944,2.246212922864396
event20,block_shuffle,coupled_label,105527,7597944,2.1418144702911377,8.874661445617676,-0.4091866910457611,0.8689356394063157,0.8383993590740054,3.619401454925537,0.1068115234375,0.1068115234375,23.70669937133789,814.2159581184387,-17211.71354181762,17211.71354181762,2.1418144702911377,1907,19298.687596891916,65414.228112173034,207788.88888888888,62550.0,0.0,block_shuffle,4,2.1207780838012695,0.021036386489868164,2.358106899424456,1.5191001998027787,18.407125099212863,0.22020190011244267,22.506950299954042,0,0,172507,7597944,2.2704431619922443
event20,block_shuffle,coupled_label,105527,7597944,2.130640745162964,8.815566062927246,-0.384082168340683,0.8696261746631024,0.839055575822454,3.5868020057678223,0.1068115234375,0.1068115234375,23.60944938659668,814.2159581184387,-14426.047619964229,14426.047619964229,2.130640745162964,1907,18480.172024038315,63813.277004506206,201466.66666666666,62288.88888888889,0.0,block_shuffle,5,2.1207780838012695,0.009862661361694336,2.4447891989257187,1.5213204002939165,18.72987940069288,0.22708630003035069,22.925537700066343,0,0,171341,7597944,2.255096905162765
event20,block_shuffle,coupled_label,105527,7597944,2.1435539722442627,8.872330665588379,-0.4229317307472229,0.8688754018640625,0.8379926686480054,3.6142427921295166,3.9017200469970703,3.9017200469970703,24.05797004699707,814.2159581184387,-18228.44641521992,18228.44641521992,2.1435539722442627,1907,19749.48381799872,66678.06283439114,214233.33333333334,62988.88888888889,0.0,block_shuffle,6,2.1207780838012695,0.022775888442993164,2.372403199900873,1.507430300116539,18.409057699260302,0.22372719913255423,22.515015400014818,0,0,175263,7597944,2.306716132680104
event20,block_shuffle,coupled_label,105527,7597944,2.144951343536377,8.856362342834473,-0.42732763290405273,0.8674001123113803,0.8375313279460233,3.5912158489227295,0.1068115234375,0.1068115234375,23.77029800415039,814.2159581184387,-18951.828976169927,18951.828976169927,2.144951343536377,1907,19952.75818281752,66741.54949385207,213111.11111111112,63688.88888888889,0.0,block_shuffle,7,2.1207780838012695,0.024173259735107422,2.439500200212933,1.5799740999937057,18.76034069992602,0.23042840079870075,23.012817499926314,0,0,173771,7597944,2.287079241436894
event20,block_shuffle,coupled_label,105527,7597944,2.129150390625,8.751205444335938,-0.39478784799575806,0.8688921195918979,0.8392657478549433,3.6030361652374268,0.1068115234375,0.1068115234375,23.888851165771484,814.2159581184387,-15549.48442622996,15549.48442622996,2.129150629043579,1907,18886.235202186403,64546.465271744644,203883.33333333334,61466.666666666664,0.0,block_shuffle,8,2.1207780838012695,0.008372306823730469,2.363489299779758,1.4911924997577444,18.191392599837855,0.22225069941487163,22.270646199933253,0,0,174190,7597944,2.292593891189511
event20,block_shuffle,coupled_label,105527,7597944,2.1271891593933105,8.752443313598633,-0.39286935329437256,0.8705771040367924,0.8392086287921365,3.5836141109466553,0.1068115234375,0.1068115234375,23.478242874145508,814.2159581184387,-15534.247017887654,15534.247017887654,2.1271891593933105,1907,18823.053081386774,64434.85567641538,202355.55555555556,61850.0,0.0,block_shuffle,9,2.1207780838012695,0.006411075592041016,2.400603300658986,1.5206274004885927,18.63583209842909,0.22474000009242445,22.784259199979715,0,0,172974,7597944,2.27658956159719
event20,block_shuffle,coupled_label,105527,7597944,2.1399149894714355,8.833878517150879,-0.43241825699806213,0.868414994883131,0.8372240464612752,3.601078987121582,0.1068115234375,0.1068115234375,24.798757553100586,814.2159581184387,-18642.121316785226,18642.121316785226,2.1399149894714355,1907,19985.588432954377,67295.99583456526,223377.77777777778,64061.11111111111,0.0,block_shuffle,10,2.1207780838012695,0.019136905670166016,2.3449120006989688,1.4836898000212386,18.13815849914681,0.21898520039394498,22.188022500020452,0,0,176020,7597944,2.3166793543095343
event20,group_permutation,coupled_label,105527,7597944,2.196558713912964,9.012250900268555,-0.6087493300437927,0.8604714824139162,0.8398991924621823,3.592714309692383,0.14853477478027344,0.14853477478027344,23.538148880004883,814.2159581184387,-33066.67297536344,33066.67297536344,2.196558713912964,1907,26449.957802002,80821.4470249596,318994.44444444444,61872.22222222222,0.0,group_permutation,1,2.1207780838012695,0.07578063011169434,2.3522708994569257,1.4971720993053168,18.31644170114305,0.2146608984330669,22.38287779991515,0,0,182766,7597944,2.4054665314721984
event20,group_permutation,coupled_label,105527,7597944,2.198030471801758,9.0427885055542,-0.6159411072731018,0.8602945586183819,0.8383388417876132,3.610252857208252,0.11944770812988281,0.11944770812988281,23.49663734436035,814.2159581184387,-34581.38339190814,34581.38339190814,2.198030471801758,1907,26778.422382365326,81205.12133041886,321988.8888888889,63500.0,0.0,group_permutation,2,2.1207780838012695,0.07725238800048828,2.3452119999565184,1.4867760001216084,18.142141699325293,0.22186850127764046,22.198417700012214,0,0,182323,7597944,2.3996360067934166
event20,group_permutation,coupled_label,105527,7597944,2.1975090503692627,9.001388549804688,-0.6103763580322266,0.8608132988905137,0.8369785835314122,3.608581066131592,3.0164718627929688,3.0164718627929688,23.120187759399414,814.2159581184387,-34242.71038397215,34242.71038397215,2.1975090503692627,1907,26582.312011527818,80731.59301066119,315338.8888888889,64788.88888888889,0.0,group_permutation,3,2.1207780838012695,0.07673096656799316,2.327194500132464,1.478673999547027,18.120152299990878,0.21727339969947934,22.14564389991574,0,0,183465,7597944,2.4146663886967317
event20,group_permutation,coupled_label,105527,7597944,2.1919281482696533,9.004959106445312,-0.6045870184898376,0.8612590786407109,0.8386052080215505,3.599295139312744,0.14853477478027344,0.14853477478027344,24.985916137695312,814.2159581184387,-33269.501897004666,33269.501897004666,2.1919281482696533,1907,26318.672350414796,80369.29890443804,314077.77777777775,63172.22222222222,0.0,group_permutation,4,2.1207780838012695,0.07115006446838379,2.4162963988492265,1.5064568994566798,18.5292109005386,0.2264736999059096,22.680777300032787,0,0,183517,7597944,2.4153507843700877
event20,group_permutation,coupled_label,105527,7597944,2.1927592754364014,9.016585350036621,-0.6040598154067993,0.8614907004944217,0.8392290656611001,3.5998687744140625,1.848459243774414,1.848459243774414,23.761123657226562,814.2159581184387,-33044.33715822827,33044.33715822827,2.1927592754364014,1907,26311.648234127315,80377.43946556072,307555.55555555556,62111.11111111111,0.0,group_permutation,5,2.1207780838012695,0.07198119163513184,2.3268856999929994,1.4956410001032054,18.316791599732824,0.221117899636738,22.362880200031213,0,0,182746,7597944,2.4052033023670614
event65,zero_static_network_fields,coupled_label,105527,7597944,2.491492509841919,10.211374282836914,0.6289995312690735,0.9218883199173701,0.8983844921066689,3.9253015518188477,6.897211074829102,6.897211074829102,48.549110412597656,958.4585428237915,10.582913376158103,10.582913376158103,2.491492509841919,1907,27057.2578545839,66945.0239958323,460944.44444444444,65822.22222222222,0.0,zero_static_network_fields,0,2.217952013015747,0.2735404968261719,2.3438728998880833,1.505150800338015,18.30436949955765,0.2212465995689854,22.376974300015718,0,0,118431,7597944,1.5587243075231931
event65,shift_20m_north,coupled_label,105527,7597944,2.274519443511963,9.454297065734863,0.1574673056602478,0.9273731625373752,0.8975990137155185,3.496213912963867,6.897211074829102,6.897211074829102,51.88062286376953,958.4585428237915,-30534.958296654513,30534.958296654513,2.274519443511963,1907,17116.95609902272,36800.68070311216,309261.1111111111,71288.88888888889,0.0,shift_20m_north,0,2.217952013015747,0.05656743049621582,2.4035498986486346,1.5285834008827806,18.694808200467378,0.22692859987728298,22.856288200011477,0,0,145043,7597944,1.9089769548183035
event65,shift_20m_south,coupled_label,105527,7597944,2.267021417617798,9.283631324768066,0.16011479496955872,0.9275514773978906,0.8976841651130183,3.4916601181030273,6.897211074829102,6.897211074829102,51.47004699707031,958.4585428237915,-30277.1718864243,30277.1718864243,2.267021417617798,1907,17166.80640817966,36609.14978162013,307238.8888888889,70966.66666666667,0.0,shift_20m_south,0,2.217952013015747,0.04906940460205078,2.3460066998377442,1.5100991987856105,18.280342700658366,0.2169141008052975,22.35568419995252,0,0,144221,7597944,1.8981582385971785
event65,shift_20m_west,coupled_label,105527,7597944,2.269562005996704,9.520540237426758,0.1615598052740097,0.9281073941771482,0.8980597635962952,3.493143081665039,6.897211074829102,6.897211074829102,52.14207077026367,958.4585428237915,-29906.28434177232,29906.28434177232,2.269562005996704,1907,17097.132985875276,36439.78703414975,305894.44444444444,70433.33333333333,0.0,shift_20m_west,0,2.217952013015747,0.05160999298095703,2.323006800143048,1.497342899441719,18.189314500661567,0.2177686996292323,22.22976560005918,0,0,144886,7597944,1.906910606342979
event65,shift_20m_east,coupled_label,105527,7597944,2.2785465717315674,9.550844192504883,0.15942907333374023,0.9274126426145686,0.8972725591715977,3.4975950717926025,6.897211074829102,6.897211074829102,50.872169494628906,958.4585428237915,-30548.216307981405,30548.216307981405,2.2785465717315674,1907,17178.667714316904,36716.70326928864,309661.1111111111,72227.77777777778,0.0,shift_20m_east,0,2.217952013015747,0.06059455871582031,2.324665098800324,1.5054878006922081,18.209587699268013,0.21945359942037612,22.26150690007489,0,0,144262,7597944,1.898697858262709
event65,shift_40m_north,coupled_label,105527,7597944,2.2992966175079346,9.659133911132812,0.17081491649150848,0.9263222729674396,0.8972148357218348,3.5260496139526367,6.897211074829102,6.897211074829102,51.8118896484375,958.4585428237915,-29806.580944172805,29806.580944172805,2.2992966175079346,1907,17347.103595306537,37045.89729017392,315650.0,71711.11111111111,0.0,shift_40m_north,0,2.217952013015747,0.0813446044921875,2.365916099282913,1.5024087998317555,18.294238301110454,0.2232245997292921,22.388119400013238,0,0,144741,7597944,1.9050021953307368
event65,shift_40m_south,coupled_label,105527,7597944,2.292990207672119,9.428423881530762,0.1847420632839203,0.9264383630997585,0.897041066522098,3.5286753177642822,6.897211074829102,6.897211074829102,52.1285514831543,958.4585428237915,-28648.703907593852,28648.703907593852,2.292990207672119,1907,17596.08396313702,37771.0087805402,318316.6666666667,70838.88888888889,0.0,shift_40m_south,0,2.217952013015747,0.07503819465637207,2.3459080003667623,1.5011457002256066,18.29057269904297,0.22006480058189481,22.359999400097877,0,0,143551,7597944,1.8893400635750934
event65,shift_40m_west,coupled_label,105527,7597944,2.2922940254211426,9.633063316345215,0.18317000567913055,0.9269656025512076,0.897423734660687,3.5208566188812256,6.897211074829102,6.897211074829102,52.85902786254883,958.4585428237915,-28644.326170731336,28644.326170731336,2.2922937870025635,1907,17487.861275189658,37906.86450731079,316372.22222222225,69455.55555555556,0.0,shift_40m_west,0,2.217952013015747,0.07434201240539551,2.329881398822181,1.5207360002677888,18.31936149916146,0.21699590096250176,22.389309099991806,0,0,143850,7597944,1.8932753386968897
event65,shift_40m_east,coupled_label,105527,7597944,2.3074915409088135,9.650487899780273,0.17760509252548218,0.9265084642406897,0.8962457443039145,3.531689405441284,6.897211074829102,6.897211074829102,49.31364440917969,958.4585428237915,-29755.280211083358,29755.280211083358,2.3074915409088135,1907,17557.828903247097,37672.22797499108,322566.6666666667,73372.22222222222,0.0,shift_40m_east,0,2.217952013015747,0.0895395278930664,2.3200326992664486,1.4890342006692663,18.115968698635697,0.21750889986287802,22.144880900043063,0,0,144055,7597944,1.8959734370245425
event65,shift_80m_north,coupled_label,105527,7597944,2.343369245529175,9.7422456741333,0.2195543497800827,0.9249073151878224,0.8970880425842582,3.595764636993408,6.897211074829102,6.897211074829102,50.89375305175781,958.4585428237915,-26220.396541691618,26220.396541691618,2.343369245529175,1907,17976.354888098984,40039.15119675128,334727.77777777775,71344.44444444444,0.0,shift_80m_north,0,2.217952013015747,0.12541723251342773,2.3309332994977012,1.4922245008638129,18.339568199240603,0.2191086997045204,22.384140800102614,0,0,143430,7597944,1.8877475274890154
event65,shift_80m_south,coupled_label,105527,7597944,2.343071937561035,9.695707321166992,0.23059967160224915,0.9243613220572494,0.8969222380698604,3.6071219444274902,6.525754928588867,6.525754928588867,51.99989318847656,958.4585428237915,-25857.992818722967,25857.992818722967,2.343071937561035,1907,18355.45998642631,40654.33445186331,337366.6666666667,71727.77777777778,0.0,shift_80m_south,0,2.217952013015747,0.12511992454528809,2.3704020001459867,1.535752200637944,18.650125200278126,0.22462880017701536,22.783334699925035,0,0,143771,7597944,1.892235583731599
event65,shift_80m_west,coupled_label,105527,7597944,2.3366053104400635,9.784978866577148,0.21910473704338074,0.924996014666029,0.8966917594174787,3.581662654876709,6.897211074829102,6.897211074829102,52.81059646606445,958.4585428237915,-26801.118479214376,26801.118479214376,2.3366050720214844,1907,18156.612589114015,40316.68805079581,329022.22222222225,69744.44444444444,0.0,shift_80m_west,0,2.217952013015747,0.1186532974243164,2.314288300112821,1.490593399386853,18.253831900656223,0.2203130000270903,22.281363400048576,0,0,143361,7597944,1.8868393870762932
event65,shift_80m_east,coupled_label,105527,7597944,2.349412202835083,9.832000732421875,0.21470746397972107,0.9250665200005946,0.8956947879736211,3.593369722366333,6.897211074829102,6.897211074829102,51.487579345703125,958.4585428237915,-27747.522614973597,27747.522614973597,2.349412202835083,1907,18254.288315365862,40191.212751511484,336750.0,74150.0,0.0,shift_80m_east,0,2.217952013015747,0.13146018981933594,2.3188468007138,1.500292900716886,18.16190949990414,0.21221240074373782,22.19558139995206,0,0,141768,7597944,1.865873188852142
event65,shift_160m_north,coupled_label,105527,7597944,2.420595407485962,10.163532257080078,0.2901431918144226,0.92355053995565,0.8960297973154073,3.728184700012207,6.897211074829102,6.897211074829102,51.15787887573242,958.4585428237915,-20919.21744966344,20919.21744966344,2.420595407485962,1907,18976.263416318456,44783.29754630732,358983.3333333333,73944.44444444444,0.0,shift_160m_north,0,2.217952013015747,0.20264339447021484,2.3153624000260606,1.4914989999961108,18.162583600031212,0.2167687005130574,22.188680800027214,0,0,143266,7597944,1.8855890488268932
event65,shift_160m_south,coupled_label,105527,7597944,2.412442922592163,10.180612564086914,0.3019072711467743,0.9225776126019992,0.8956726478101629,3.7215735912323,3.3745765686035156,3.3745765686035156,50.40561294555664,958.4585428237915,-21324.91138061462,21324.91138061462,2.412442922592163,1907,19532.89749628231,45141.07437269366,346755.55555555556,71650.0,0.0,shift_160m_south,0,2.217952013015747,0.19449090957641602,2.3601940997177735,1.50758850062266,18.47410790005233,0.22379430069122463,22.56810440006666,0,0,141420,7597944,1.8612930024227607
event65,shift_160m_west,coupled_label,105527,7597944,2.378380298614502,9.962722778320312,0.2675151526927948,0.9233276320790574,0.8961418214492326,3.642474889755249,0.26798248291015625,0.26798248291015625,52.729427337646484,958.4585428237915,-24302.914955908433,24302.914955908433,2.378380298614502,1907,19153.438588082223,43684.03590821498,342033.3333333333,69938.88888888889,0.0,shift_160m_west,0,2.217952013015747,0.16042828559875488,2.4095443013357,1.539320899406448,18.80316189979203,0.2254741012584418,22.97992059995886,0,0,142422,7597944,1.8744807805901176
event65,shift_160m_east,coupled_label,105527,7597944,2.3825430870056152,9.886275291442871,0.24975629150867462,0.9240313088994662,0.8957155351885386,3.639554500579834,6.897211074829102,6.897211074829102,49.71176528930664,958.4585428237915,-25414.28717869753,25414.28717869753,2.3825430870056152,1907,18756.545598422734,42530.50638326444,344800.0,73300.0,0.0,shift_160m_east,0,2.217952013015747,0.16459107398986816,2.3591882997425273,1.5147503013722599,18.386147499550134,0.22004980058409274,22.48252050008159,0,0,140909,7597944,1.8545674987865137
event65,block_shuffle,coupled_label,105527,7597944,2.4712467193603516,10.12831974029541,0.48900365829467773,0.9228098003316577,0.8965829052994186,3.873161554336548,6.897211074829102,6.897211074829102,46.9527702331543,958.4585428237915,-9083.284509681864,9083.284509681864,2.4712467193603516,1907,23128.93995658585,58111.93889642577,425488.8888888889,71500.0,0.0,block_shuffle,1,2.217952013015747,0.2532947063446045,2.3341516993241385,1.5005369010614231,18.208157798857428,0.21731670014560223,22.26253700000234,0,0,129794,7597944,1.708277923606702
event65,block_shuffle,coupled_label,105527,7597944,2.467576265335083,10.127060890197754,0.49660158157348633,0.922380264506657,0.8970848070109669,3.836428165435791,6.8721771240234375,6.8721771240234375,49.81574249267578,958.4585428237915,-8856.01996046165,8856.01996046165,2.467576265335083,1907,23343.126850512996,58754.0754616824,426566.6666666667,66355.55555555556,0.0,block_shuffle,2,2.217952013015747,0.24962425231933594,2.3302003998542204,1.4861474002245814,18.111432098899968,0.21797229920048267,22.148092199931853,0,0,130744,7597944,1.7207813061007031
event65,block_shuffle,coupled_label,105527,7597944,2.47160267829895,10.131266593933105,0.4833162724971771,0.9222749700227939,0.8957869964468644,3.8600080013275146,6.897211074829102,6.897211074829102,48.90241241455078,958.4585428237915,-9713.92744384543,9713.92744384543,2.47160267829895,1907,23049.021158284166,58100.01002258132,420600.0,72888.88888888889,0.0,block_shuffle,3,2.217952013015747,0.2536506652832031,2.3450325997546315,1.5142471991712227,18.229934299946763,0.22284239972941577,22.314481299952604,0,0,130047,7597944,1.7116077717866833
event65,block_shuffle,coupled_label,105527,7597944,2.485332489013672,10.185139656066895,0.4579351544380188,0.9229950615196425,0.8937264333737259,3.8810064792633057,6.897211074829102,6.897211074829102,48.52743911743164,958.4585428237915,-11441.581159614027,11441.581159614027,2.485332489013672,1907,22489.764167636557,55900.377212052,419805.55555555556,75944.44444444444,0.0,block_shuffle,4,2.217952013015747,0.2673804759979248,2.138286998611875,1.4326771006453782,16.123733599903062,0.1949730997439474,19.8919427000219,0,0,131387,7597944,1.7292441218308532
event65,block_shuffle,coupled_label,105527,7597944,2.4804978370666504,10.306720733642578,0.5024741291999817,0.9219515307403428,0.8969442172016951,3.8437466621398926,6.897211074829102,6.897211074829102,48.64335250854492,958.4585428237915,-8441.339816829888,8441.339816829888,2.4804978370666504,1907,23506.1988882004,59205.39086720464,424222.22222222225,68805.55555555556,0.0,block_shuffle,5,2.217952013015747,0.2625458240509033,2.286168399383314,1.5053366996580735,17.74027779942844,0.21438300050795078,21.748466200078838,0,0,130617,7597944,1.7191098012830839
event65,block_shuffle,coupled_label,105527,7597944,2.495826244354248,10.29274845123291,0.4448201656341553,0.9226886005220882,0.8929740371600837,3.893909454345703,4.470586776733398,4.470586776733398,50.41292190551758,958.4585428237915,-12424.892815771746,12424.892815771746,2.495826244354248,1907,22193.842678581,54899.18291547545,411488.8888888889,78133.33333333333,0.0,block_shuffle,6,2.217952013015747,0.277874231338501,2.2252757989335805,1.4778362998040393,16.91216489940416,0.2011662988224998,20.818694400019012,0,0,132567,7597944,1.744774639033928
event65,block_shuffle,coupled_label,105527,7597944,2.4876837730407715,10.264288902282715,0.4417778551578522,0.9217235205494679,0.8952773463330617,3.8522467613220215,6.897211074829102,6.897211074829102,49.0532112121582,958.4585428237915,-13651.13589193835,13651.13589193835,2.4876837730407715,1907,22382.477215660987,55298.89865032304,405988.8888888889,72672.22222222222,0.0,block_shuffle,7,2.217952013015747,0.2697317600250244,2.2800291003659368,1.4777310990029946,17.637071500183083,0.2133202989352867,21.610364800086245,0,0,132041,7597944,1.7378517135688287
event65,block_shuffle,coupled_label,105527,7597944,2.479339599609375,10.13938045501709,0.4821798801422119,0.9223713610836807,0.8968796991325152,3.877005100250244,6.897211074829102,6.897211074829102,50.379817962646484,958.4585428237915,-10338.626520607388,10338.626520607388,2.479339599609375,1907,23134.22688944226,58190.290931442054,421933.3333333333,69166.66666666667,0.0,block_shuffle,8,2.217952013015747,0.26138758659362793,2.2865336008835584,1.4792605995899066,17.6398778995499,0.21467679971829057,21.622626499971375,0,0,132080,7597944,1.7383650103238455
event65,block_shuffle,coupled_label,105527,7597944,2.4648783206939697,10.097444534301758,0.4842602014541626,0.9225205799909616,0.8965576597373137,3.8450913429260254,6.897211074829102,6.897211074829102,48.52518081665039,958.4585428237915,-9976.55572583829,9976.55572583829,2.4648783206939697,1907,23097.39532111562,58243.64819854731,430022.22222222225,68716.66666666667,0.0,block_shuffle,9,2.217952013015747,0.24692630767822266,2.2801672980422154,1.484518802142702,17.706366699538194,0.21350199892185628,21.68680589995347,0,0,132004,7597944,1.7373647397243255
event65,block_shuffle,coupled_label,105527,7597944,2.471374988555908,10.195920944213867,0.43761730194091797,0.9226746296040165,0.8949652724375734,3.8454127311706543,6.897211074829102,6.897211074829102,49.35856246948242,958.4585428237915,-12525.25769886747,12525.25769886747,2.471374988555908,1907,21998.59960194061,54818.0666718611,421355.55555555556,74361.11111111111,0.0,block_shuffle,10,2.217952013015747,0.25342297554016113,2.283683200716041,1.4862753998022527,17.949118400691077,0.22048800089396536,21.941858000005595,0,0,133990,7597944,1.763503389864416
event65,group_permutation,coupled_label,105527,7597944,2.4285519123077393,10.016179084777832,0.2184911072254181,0.922195832851505,0.8947838706397454,3.7129552364349365,6.756782531738281,6.756782531738281,49.612945556640625,958.4585428237915,-26669.604034654098,26669.604034654098,2.42855167388916,1907,18023.861259777157,41136.61453257408,357555.55555555556,75955.55555555556,0.0,group_permutation,1,2.217952013015747,0.2105998992919922,2.3034709995845333,1.5103905004216358,17.77241579920519,0.21571439993567765,21.80419619998429,0,0,137650,7597944,1.811674316104462
event65,group_permutation,coupled_label,105527,7597944,2.4267873764038086,9.988085746765137,0.20442770421504974,0.9227993718635447,0.8943531058380322,3.7163949012756348,6.8721771240234375,6.8721771240234375,47.876373291015625,958.4585428237915,-27560.51796990866,27560.51796990866,2.4267873764038086,1907,17857.75242303496,39996.13642492611,356116.6666666667,78016.66666666667,0.0,group_permutation,2,2.217952013015747,0.20883536338806152,2.2900770992273465,1.4879109009634703,17.84755429904908,0.2144966988125816,21.842325699981302,0,0,137398,7597944,1.8083576293797374
event65,group_permutation,coupled_label,105527,7597944,2.4297072887420654,9.958584785461426,0.21514564752578735,0.9226716576842192,0.8939654481691721,3.7170863151550293,5.169153213500977,5.169153213500977,50.170597076416016,958.4585428237915,-26763.11711877957,26763.11711877957,2.4297072887420654,1907,17907.13063549139,40963.35966172209,355711.1111111111,77911.11111111111,0.0,group_permutation,3,2.217952013015747,0.21175527572631836,2.2903371995780617,1.487715498660691,17.927948800264858,0.20969000039622188,21.917874700040556,0,0,138115,7597944,1.817794392798894
event65,group_permutation,coupled_label,105527,7597944,2.4188060760498047,10.010089874267578,0.22430656850337982,0.9231388461276075,0.8943065630450459,3.7030837535858154,6.756782531738281,6.756782531738281,51.72248458862305,958.4585428237915,-25865.20749630104,25865.20749630104,2.4188060760498047,1907,17946.260426681725,41713.66710618534,360300.0,77172.22222222222,0.0,group_permutation,4,2.217952013015747,0.20085406303405762,2.290683401399292,1.5011840997030959,17.908017699723132,0.20871379924938083,21.910763999912888,0,0,137317,7597944,1.8072915515039332
event65,group_permutation,coupled_label,105527,7597944,2.4319658279418945,10.062379837036133,0.2273443043231964,0.9224555830865233,0.8939900167209147,3.719273805618286,6.756782531738281,6.756782531738281,50.35227584838867,958.4585428237915,-26050.005010224413,26050.005010224413,2.4319658279418945,1907,18130.007855807555,41406.150238310685,358888.8888888889,75244.44444444444,0.0,group_permutation,5,2.217952013015747,0.21401381492614746,2.3745956007624045,1.5355867993785068,18.468497998896055,0.22481080039869994,22.605775300064124,0,0,137261,7597944,1.80655451000955
event66,zero_static_network_fields,coupled_label,105527,7597944,2.5944550037384033,10.288503646850586,0.6866821646690369,0.9259563413438241,0.8960183869248535,4.055337905883789,5.382061004638672,5.382061004638672,33.47382354736328,971.0116386413574,-35863.7562057348,35863.7562057348,2.5944550037384033,1907,36907.029254507244,77558.14322104445,408122.22222222225,79100.0,0.0,zero_static_network_fields,0,2.292654037475586,0.3018009662628174,2.3212900994112715,1.5014471003087237,17.712785899522714,0.2126248007407412,21.750348999979906,0,0,100572,7597944,1.323673878091231
event66,shift_20m_north,coupled_label,105527,7597944,2.346346855163574,9.331144332885742,0.19450002908706665,0.9310828104514904,0.8970044920072385,3.635929822921753,5.382061004638672,5.382061004638672,32.50833511352539,971.0116386413574,-61574.006219691364,61574.006219691364,2.346346855163574,1907,27089.260241832715,64798.850799720036,316938.8888888889,78211.11111111111,0.0,shift_20m_north,0,2.292654037475586,0.05369281768798828,2.292550298734568,1.4922115006484091,17.641625300282612,0.21080040000379086,21.639434700016864,0,0,131107,7597944,1.7255589143589372
event66,shift_20m_south,coupled_label,105527,7597944,2.3369226455688477,9.055643081665039,0.19650867581367493,0.9309335340284993,0.8976168305072459,3.63285493850708,5.382061004638672,5.382061004638672,32.841793060302734,971.0116386413574,-61450.56620204169,61450.56620204169,2.3369226455688477,1907,27099.85452879424,64668.73074952117,315816.6666666667,77316.66666666667,0.0,shift_20m_south,0,2.292654037475586,0.04426860809326172,2.3445697999559343,1.523925298708491,17.89223090140149,0.21567809977568686,21.978619599947706,0,0,129999,7597944,1.7109760219343548
event66,shift_20m_west,coupled_label,105527,7597944,2.344735860824585,9.438013076782227,0.1999628245830536,0.9311743356149368,0.897071778231247,3.6418356895446777,5.382061004638672,5.382061004638672,32.810951232910156,971.0116386413574,-60898.72218142962,60898.72218142962,2.344735860824585,1907,26986.24212148845,64145.35802354547,314850.0,77311.11111111111,0.0,shift_20m_west,0,2.292654037475586,0.05208182334899902,2.292516899178736,1.484745500027202,17.563100801664405,0.21230980101972818,21.554842400015332,0,0,131487,7597944,1.7305602673565375
event66,shift_20m_east,coupled_label,105527,7597944,2.3505311012268066,9.485367774963379,0.1972225308418274,0.9309721449969938,0.8970063552235478,3.6375892162323,5.382061004638672,5.382061004638672,32.725955963134766,971.0116386413574,-61554.63527387846,61554.63527387846,2.3505311012268066,1907,27181.313018269648,64772.896270019235,317244.44444444444,77466.66666666667,0.0,shift_20m_east,0,2.292654037475586,0.0578770637512207,2.2812632989371195,1.5092285001883283,17.492436899570748,0.21231450058985502,21.497492800001055,0,0,130980,7597944,1.723887409541318
event66,shift_40m_north,coupled_label,105527,7597944,2.3711299896240234,9.586109161376953,0.20880834758281708,0.9305318671129077,0.8962175810578065,3.6592421531677246,5.382061004638672,5.382061004638672,32.639461517333984,971.0116386413574,-60812.425711584976,60812.425711584976,2.3711299896240234,1907,27329.647171109697,63927.44027108117,316205.55555555556,78283.33333333333,0.0,shift_40m_north,0,2.292654037475586,0.0784759521484375,2.288346100016497,1.4901140996953472,17.641901500173844,0.21281419962178916,21.63532560004387,0,0,129673,7597944,1.706685387520624
event66,shift_40m_south,coupled_label,105527,7597944,2.36320424079895,9.224997520446777,0.2242756336927414,0.9304065805588932,0.8972234842888959,3.667717456817627,5.382061004638672,5.382061004638672,33.45238494873047,971.0116386413574,-59986.41179630533,59986.41179630533,2.36320424079895,1907,27471.21494395945,63087.611790509894,320600.0,77555.55555555556,0.0,shift_40m_south,0,2.292654037475586,0.07055020332336426,2.3712188994977623,1.5153469000943005,17.994588400702924,0.2207819998729974,22.104215399944223,0,0,129115,7597944,1.6993412954873055
event66,shift_40m_west,coupled_label,105527,7597944,2.3638126850128174,9.509652137756348,0.21755929291248322,0.9304355536289568,0.8965411547689041,3.663604974746704,5.382061004638672,5.382061004638672,32.01334762573242,971.0116386413574,-59969.85514523019,59969.85514523019,2.3638126850128174,1907,27208.62416236486,63283.99157186877,318150.0,76672.22222222222,0.0,shift_40m_west,0,2.292654037475586,0.07115864753723145,2.286962999496609,1.50655760045629,17.6510894006351,0.2095866990275681,21.65641209995374,0,0,129675,7597944,1.7067117104311378
event66,shift_40m_east,coupled_label,105527,7597944,2.3741416931152344,9.542933464050293,0.21411572396755219,0.9306757170923151,0.89639182727141,3.662745237350464,5.382061004638672,5.382061004638672,34.64787292480469,971.0116386413574,-60854.44637682475,60854.44637682475,2.3741416931152344,1907,27489.02215316061,64015.84139030776,322088.8888888889,78077.77777777778,0.0,shift_40m_east,0,2.292654037475586,0.08148765563964844,2.3016849000705406,1.4967605002457276,17.82132519944571,0.21403319982346147,21.836022999952547,0,0,130619,7597944,1.7191361241935976
event66,shift_80m_north,coupled_label,105527,7597944,2.417893886566162,9.700682640075684,0.2600307762622833,0.9293950611141132,0.8960901048547586,3.7270238399505615,5.382061004638672,5.382061004638672,34.857994079589844,971.0116386413574,-57397.938517275266,57397.938517275266,2.417893648147583,1907,27875.452785218677,60241.582254358334,324733.3333333333,79672.22222222222,0.0,shift_80m_north,0,2.292654037475586,0.12523984909057617,2.3207196993753314,1.5012330999597907,17.740310100722127,0.2120552995475009,21.776525099994615,0,0,128790,7597944,1.6950638225288315
event66,shift_80m_south,coupled_label,105527,7597944,2.418792724609375,9.549308776855469,0.2776183485984802,0.9291204790499505,0.8963701261971172,3.7516751289367676,5.223512649536133,5.223512649536133,34.25838088989258,971.0116386413574,-57120.32916271081,57120.32916271081,2.418792724609375,1907,28318.858696526797,60030.32510055159,328883.3333333333,77994.44444444444,0.0,shift_80m_south,0,2.292654037475586,0.12613868713378906,2.299636200768873,1.4726980003761128,17.61484479845967,0.21549570106435567,21.6049015999306,0,0,131273,7597944,1.7277437159315732
event66,shift_80m_west,coupled_label,105527,7597944,2.408783435821533,9.689231872558594,0.24818183481693268,0.9289651190105617,0.8955537730541491,3.7215816974639893,5.382061004638672,5.382061004638672,32.49293518066406,971.0116386413574,-59272.16749052773,59272.16749052773,2.408783435821533,1907,27972.526996643886,62392.61827003653,327044.44444444444,76950.0,0.0,shift_80m_west,0,2.292654037475586,0.11612939834594727,2.3479472008766606,1.5303578006569296,18.123135499772616,0.21989850047975779,22.223594299983233,0,0,130216,7597944,1.7138320577250898
event66,shift_80m_east,coupled_label,105527,7597944,2.4173407554626465,9.75501823425293,0.24854135513305664,0.929479806909064,0.8957476261966504,3.7172086238861084,5.382061004638672,5.382061004638672,33.47708511352539,971.0116386413574,-59119.49977017334,59119.49977017334,2.4173407554626465,1907,28136.146568705837,62283.6905453552,327250.0,78794.44444444444,0.0,shift_80m_east,0,2.292654037475586,0.12468671798706055,2.3408751006936654,1.5133642002474517,17.910592798376456,0.2220141002908349,21.989105099928565,0,0,127787,7597944,1.6818628829062179
event66,shift_160m_north,coupled_label,105527,7597944,2.5070841312408447,10.170746803283691,0.34792810678482056,0.9282710092875539,0.8959923265028427,3.865952968597412,5.382061004638672,5.382061004638672,36.11436080932617,971.0116386413574,-51546.83931170637,51546.83931170637,2.5070841312408447,1907,29180.64434811799,54812.332235823385,336233.3333333333,82305.55555555556,0.0,shift_160m_north,0,2.292654037475586,0.2144300937652588,2.3186859989073128,1.5219735995633528,17.775456299772486,0.21493899927008897,21.833362499950454,0,0,128932,7597944,1.6969327491753032
event66,shift_160m_south,coupled_label,105527,7597944,2.49773907661438,10.15096664428711,0.3594121038913727,0.9278737704378531,0.8950490747652098,3.8797669410705566,6.980180740356445,6.980180740356445,33.92436599731445,971.0116386413574,-52151.57043009112,52151.57043009112,2.49773907661438,1907,29740.08268184086,55062.12877639523,337200.0,79400.0,0.0,shift_160m_south,0,2.292654037475586,0.20508503913879395,2.323940600734204,1.5050282997544855,17.872320499736816,0.2142640999518335,21.91785169998184,0,0,127360,7597944,1.6762429415115458
event66,shift_160m_west,coupled_label,105527,7597944,2.453524351119995,9.853808403015137,0.2980717122554779,0.9278585723661709,0.895292564892213,3.775667667388916,-3.1328201293945312,3.1328201293945312,33.45499801635742,971.0116386413574,-57594.153051591944,57594.153051591944,2.453524351119995,1907,29093.900955958827,60668.57203743723,334972.22222222225,78588.88888888889,0.0,shift_160m_west,0,2.292654037475586,0.16087031364440918,2.3566947001963854,1.5348420990630984,18.005714901606552,0.2206704985583201,22.120219300035387,0,0,129408,7597944,1.7031976018775605
event66,shift_160m_east,coupled_label,105527,7597944,2.4545633792877197,9.87355899810791,0.27793577313423157,0.9283688385897756,0.8959652604352479,3.769928455352783,5.382061004638672,5.382061004638672,33.24527359008789,971.0116386413574,-57942.74016054417,57942.74016054417,2.4545633792877197,1907,28736.394300596654,60736.75033515948,330922.22222222225,81466.66666666667,0.0,shift_160m_east,0,2.292654037475586,0.1619093418121338,2.3115691990824416,1.5026159002445638,17.78457439970225,0.21173369919415563,21.812764500034973,0,0,126852,7597944,1.6695569222410693
event66,block_shuffle,coupled_label,105527,7597944,2.563647508621216,10.183862686157227,0.5422967672348022,0.9271649864793459,0.8963398514569078,4.002953052520752,5.382061004638672,5.382061004638672,35.07270431518555,971.0116386413574,-42900.9567602498,42900.9567602498,2.563647508621216,1907,33710.6296766882,67609.2272124649,376244.44444444444,81516.66666666667,0.0,block_shuffle,1,2.292654037475586,0.2709934711456299,2.310007599648088,1.4947854992933571,17.865054301335476,0.2162599004805088,21.88834800000768,0,0,114779,7597944,1.5106586729252018
event66,block_shuffle,coupled_label,105527,7597944,2.5663537979125977,10.190045356750488,0.547319769859314,0.9263238847594327,0.8947570236543843,3.9854063987731934,5.223512649536133,5.223512649536133,35.57320022583008,971.0116386413574,-42459.65017786622,42459.65017786622,2.5663540363311768,1907,33668.23736848092,68261.31552649732,378200.0,78888.88888888889,0.0,block_shuffle,2,2.292654037475586,0.2736997604370117,2.304905999568291,1.4759974996559322,17.766443200060166,0.21462460001930594,21.764237500028685,0,0,115853,7597944,1.5247940758710514
event66,block_shuffle,coupled_label,105527,7597944,2.5605993270874023,10.168783187866211,0.5334089398384094,0.9268704628183931,0.895155280193989,3.9748480319976807,5.382061004638672,5.382061004638672,32.43003845214844,971.0116386413574,-44075.25502871955,44075.25502871955,2.5605995655059814,1907,33674.79489574823,67333.73831011076,376022.22222222225,80705.55555555556,0.0,block_shuffle,3,2.292654037475586,0.2679452896118164,2.289223100640811,1.4804188000271097,17.590439998311922,0.20866530016064644,21.570994399953634,0,0,115519,7597944,1.5203981498152659
event66,block_shuffle,coupled_label,105527,7597944,2.5745584964752197,10.215150833129883,0.5123634934425354,0.9268799356776706,0.8934276192436728,3.9911186695098877,5.382061004638672,5.382061004638672,33.41742706298828,971.0116386413574,-45425.98126306594,45425.98126306594,2.5745584964752197,1907,33253.55735943041,65976.69196611503,369438.8888888889,86288.88888888889,0.0,block_shuffle,4,2.292654037475586,0.2819044589996338,2.346200400730595,1.5119005998130888,18.07519170001615,0.21735940035432577,22.152879199944437,0,0,117022,7597944,1.540179817066301
event66,block_shuffle,coupled_label,105527,7597944,2.5734565258026123,10.334460258483887,0.5447596311569214,0.9264868860638418,0.8949617921537657,3.9824941158294678,5.382061004638672,5.382061004638672,33.5085334777832,971.0116386413574,-43345.282893766416,43345.282893766416,2.5734565258026123,1907,33771.93842929823,67744.44841213035,375516.6666666667,78850.0,0.0,block_shuffle,5,2.292654037475586,0.28080248832702637,2.325910800253041,1.5022540999343619,17.825537799973972,0.21471160009969026,21.870671599986963,0,0,116493,7597944,1.533217407235431
event66,block_shuffle,coupled_label,105527,7597944,2.578319787979126,10.294529914855957,0.48889830708503723,0.9272702066193195,0.8932865926606015,4.013575077056885,4.268169403076172,4.268169403076172,35.48122024536133,971.0116386413574,-46211.71738570952,46211.71738570952,2.578319787979126,1907,32806.80017861909,63937.17269998067,372661.1111111111,86322.22222222222,0.0,block_shuffle,6,2.292654037475586,0.28566575050354004,2.3207058999687433,1.4817378007574007,17.581809597671963,0.21410480001941323,21.600605600047857,0,0,117891,7597944,1.5516171216844978
event66,block_shuffle,coupled_label,105527,7597944,2.5764000415802,10.330340385437012,0.4772827625274658,0.9261600099385054,0.8928254476966262,3.978426456451416,5.382061004638672,5.382061004638672,33.730464935302734,971.0116386413574,-48384.748996236594,48384.748996236594,2.5764000415802,1907,33153.46103469169,62907.422685187776,370816.6666666667,85655.55555555556,0.0,block_shuffle,7,2.292654037475586,0.28374600410461426,2.272748700925149,1.4670691995415837,17.483315500663593,0.20799390028696507,21.433299700031057,0,0,117453,7597944,1.5458524042820005
event66,block_shuffle,coupled_label,105527,7597944,2.572375535964966,10.204452514648438,0.5197479724884033,0.9268805976328367,0.8946172375235732,4.001306533813477,5.382061004638672,5.382061004638672,37.68424606323242,971.0116386413574,-44780.38403621409,44780.38403621409,2.572375535964966,1907,33451.797612062,66476.40548820375,374733.3333333333,81605.55555555556,0.0,block_shuffle,8,2.292654037475586,0.2797214984893799,2.340446600341238,1.5059743993915617,18.090536301140673,0.2212264003464952,22.160457200021483,0,0,117720,7597944,1.5493665128355776
event66,block_shuffle,coupled_label,105527,7597944,2.5601537227630615,10.188000679016113,0.5233870148658752,0.9264867206952808,0.8938549815682808,3.9551737308502197,5.382061004638672,5.382061004638672,34.90834045410156,971.0116386413574,-44917.716699474724,44917.716699474724,2.5601537227630615,1907,33504.683005057246,66709.50777574582,379794.44444444444,80827.77777777778,0.0,block_shuffle,9,2.292654037475586,0.2674996852874756,2.3156048009404913,1.5120082994690165,17.805526299169287,0.2173915997846052,21.8527854999993,0,0,117248,7597944,1.5431543059543475
event66,block_shuffle,coupled_label,105527,7597944,2.555699586868286,10.164766311645508,0.4785397946834564,0.9268297591563428,0.8942794028455533,3.9571332931518555,5.382061004638672,5.382061004638672,31.887903213500977,971.0116386413574,-46280.89265173976,46280.89265173976,2.555699586868286,1907,32389.038322147913,63236.753717491636,376000.0,82744.44444444444,0.0,block_shuffle,10,2.292654037475586,0.2630455493927002,2.289691901532933,1.4877511988161132,17.822093900642358,0.21429510065354407,21.816079799900763,0,0,119012,7597944,1.566371113027419
event66,group_permutation,coupled_label,105527,7597944,2.5058321952819824,10.000751495361328,0.2247544229030609,0.9273915332552839,0.8937560145604664,3.864401340484619,5.223512649536133,5.223512649536133,35.7922477722168,971.0116386413574,-58655.07005343633,58655.07005343633,2.5058321952819824,1907,27684.43088586655,61484.40105178114,335361.1111111111,88872.22222222222,0.0,group_permutation,1,2.292654037475586,0.21317815780639648,2.31297570024617,1.5054717008024454,17.94440289994236,0.21344250009860843,21.97855149989482,0,0,136189,7597944,1.792445429974214
event66,group_permutation,coupled_label,105527,7597944,2.5105600357055664,10.040664672851562,0.20239707827568054,0.9277309623976968,0.8922398525117352,3.867175817489624,5.223512649536133,5.223512649536133,35.263023376464844,971.0116386413574,-60385.84895781288,60385.84895781288,2.5105602741241455,1907,27729.522911153326,63444.02338429331,332544.44444444444,90955.55555555556,0.0,group_permutation,2,2.292654037475586,0.21790599822998047,2.3373004010645673,1.4860016003949568,17.76946650026366,0.21479989995714277,21.809867300093174,0,0,136377,7597944,1.7949197835625006
event66,group_permutation,coupled_label,105527,7597944,2.504859209060669,9.926274299621582,0.20499634742736816,0.9275602245279653,0.8918700253041661,3.866947650909424,7.674217224121094,7.674217224121094,34.80615997314453,971.0116386413574,-59562.44103337964,59562.44103337964,2.504859209060669,1907,27449.567189789144,62712.238070005784,333655.55555555556,91622.22222222222,0.0,group_permutation,3,2.292654037475586,0.212205171585083,2.356634200317785,1.5146484994329512,18.113738900981843,0.22153509850613773,22.20879960001912,0,0,137348,7597944,1.8076995566168954
event66,group_permutation,coupled_label,105527,7597944,2.4985034465789795,10.005885124206543,0.22435222566127777,0.928007826893511,0.8923522146543288,3.860778331756592,5.021095275878906,5.021095275878906,37.450069427490234,971.0116386413574,-58066.72426211601,58066.72426211601,2.4985034465789795,1907,27377.160853304293,60939.60389352101,331044.44444444444,89083.33333333333,0.0,group_permutation,4,2.292654037475586,0.20584940910339355,2.33671119925566,1.5071318011032417,17.716878900420852,0.21493329876102507,21.777893000049517,0,0,136233,7597944,1.793024534005515
event66,group_permutation,coupled_label,105527,7597944,2.5143251419067383,10.066316604614258,0.2244764268398285,0.9273959520584407,0.8925444037725434,3.8799684047698975,5.223512649536133,5.223512649536133,35.062320709228516,971.0116386413574,-58795.96239585336,58795.96239585336,2.5143251419067383,1907,27781.900839586044,61799.98453117744,332455.55555555556,88877.77777777778,0.0,group_permutation,5,2.292654037475586,0.22167110443115234,2.313924200250767,1.4995795991271734,17.600298500154167,0.21499330003280193,21.630999300046824,0,0,136053,7597944,1.7906554720592833
event67,zero_static_network_fields,coupled_label,105527,7597944,2.780956506729126,13.272582054138184,0.9114943146705627,0.9320615203283662,0.92090501892323,5.659264087677002,-9.660720825195312,9.660720825195312,82.71499633789062,1139.8162841796875,81290.61679543159,81290.61679543159,2.780956268310547,1907,39217.988842079605,87865.53512343788,468844.44444444444,30511.11111111111,0.0,zero_static_network_fields,0,2.559483528137207,0.22147297859191895,2.320310100913048,1.494271999807097,18.094670799560845,0.2197774996748194,22.13128540001344,0,0,65979,7597944,0.8683796563912554
event67,shift_20m_north,coupled_label,105527,7597944,2.6051435470581055,12.608229637145996,0.5370599627494812,0.9374057494640158,0.9235215388077557,5.313035488128662,-9.660720825195312,9.660720825195312,87.194580078125,1139.8162841796875,51473.43218125263,51473.43218125263,2.6051435470581055,1907,25387.208302805582,58948.85679614288,377583.3333333333,16577.777777777777,0.0,shift_20m_north,0,2.559483528137207,0.04566001892089844,2.355864599812776,1.5226356002967805,17.953618899569847,0.21588789951056242,22.050266599981114,0,0,89352,7597944,1.1760023501094508
event67,shift_20m_south,coupled_label,105527,7597944,2.5934813022613525,12.2290678024292,0.539111316204071,0.9375203805372687,0.9240772814437245,5.293763637542725,-9.660720825195312,9.660720825195312,86.41395568847656,1139.8162841796875,51713.97639934672,51713.97639934672,2.5934813022613525,1907,25526.476683410812,59193.08018902829,378838.8888888889,16077.777777777777,0.0,shift_20m_south,0,2.559483528137207,0.03399777412414551,2.3003581993980333,1.486375900101848,17.782725099590607,0.20992780104279518,21.781688299961388,0,0,87662,7597944,1.1537594907253856
event67,shift_20m_west,coupled_label,105527,7597944,2.607201099395752,12.841824531555176,0.5524836778640747,0.9378457888410862,0.9231533064589362,5.319601058959961,-9.660720825195312,9.660720825195312,84.9153060913086,1139.8162841796875,52512.446854478214,52512.446854478214,2.607201099395752,1907,25991.057923607692,59983.89410762978,377416.6666666667,16194.444444444445,0.0,shift_20m_west,0,2.559483528137207,0.04771757125854492,2.2869057996431366,1.4760101995198056,18.113409400335513,0.2115629998734221,22.090144800022244,0,0,88770,7597944,1.168342383149968
event67,shift_20m_east,coupled_label,105527,7597944,2.608929395675659,12.837403297424316,0.5383955240249634,0.9374016325872349,0.9239540197199397,5.309997081756592,-9.660720825195312,9.660720825195312,88.09335327148438,1139.8162841796875,51588.98315153271,51588.98315153271,2.608929395675659,1907,25425.362367164038,59081.61507456377,380505.55555555556,16016.666666666666,0.0,shift_20m_east,0,2.559483528137207,0.04944586753845215,2.289987399824895,1.4948371010832489,17.822899099322967,0.21271409967448562,21.822700300021097,0,0,88854,7597944,1.1694479453915427
event67,shift_40m_north,coupled_label,105527,7597944,2.6210880279541016,12.868575096130371,0.5466775894165039,0.9372469729555415,0.9230605272973789,5.343391418457031,-9.660720825195312,9.660720825195312,87.5488052368164,1139.8162841796875,52319.62959542987,52319.62959542987,2.6210880279541016,1907,25698.135097759226,59805.77261928981,382633.3333333333,16605.555555555555,0.0,shift_40m_north,0,2.559483528137207,0.06160449981689453,2.2798696003155783,1.503678098670207,17.697075399802998,0.2115859006298706,21.69466330006253,0,0,88146,7597944,1.160129635069698
event67,shift_40m_south,coupled_label,105527,7597944,2.6153297424316406,12.396540641784668,0.5613248944282532,0.9368280442667508,0.9238429820611863,5.326982498168945,-9.660720825195312,9.660720825195312,84.71281433105469,1139.8162841796875,53196.37425127835,53196.37425127835,2.6153297424316406,1907,26333.211833711262,60698.52682892466,386044.44444444444,15805.555555555555,0.0,shift_40m_south,0,2.559483528137207,0.055846214294433594,2.1573767005465925,1.4371023993007839,16.596607098937966,0.19732560019474477,20.39059590001125,0,0,87211,7597944,1.1478236744045494
event67,shift_40m_west,coupled_label,105527,7597944,2.6164748668670654,12.841317176818848,0.5687322616577148,0.937161798929587,0.9228815215267374,5.3424072265625,-9.660720825195312,9.660720825195312,85.67436218261719,1139.8162841796875,53475.41318455851,53475.41318455851,2.6164748668670654,1907,26584.167710814265,61033.721978063695,384861.1111111111,16277.777777777777,0.0,shift_40m_west,0,2.559483528137207,0.0569913387298584,2.2444355003535748,1.451374100171961,17.639386000228114,0.20634209946729243,21.543714000028558,0,0,87267,7597944,1.1485607158989326
event67,shift_40m_east,coupled_label,105527,7597944,2.6306819915771484,12.954268455505371,0.5576779246330261,0.936719779394843,0.9234903965731657,5.341302871704102,-9.660720825195312,9.660720825195312,90.00141906738281,1139.8162841796875,52852.41079790238,52852.41079790238,2.6306819915771484,1907,26142.57997873368,60355.550080043264,387672.22222222225,16205.555555555555,0.0,shift_40m_east,0,2.559483528137207,0.0711984634399414,2.2761314002564177,1.4903129000449553,17.94834659958724,0.21354210062418133,21.93053980008699,0,0,88920,7597944,1.1703166014384945
event67,shift_80m_north,coupled_label,105527,7597944,2.6599676609039307,13.015141487121582,0.593072772026062,0.9360073532265062,0.9221084564298493,5.401396751403809,-9.660720825195312,9.660720825195312,87.65524291992188,1139.8162841796875,56158.94814988575,56158.94814988575,2.6599676609039307,1907,27397.07709449537,63587.02339877747,395994.44444444444,15966.666666666666,0.0,shift_80m_north,0,2.559483528137207,0.10048413276672363,2.2799952988279983,1.4827079002279788,17.915199899696745,0.2129993000999093,21.893103200010955,0,0,87270,7597944,1.148600200264703
event67,shift_80m_south,coupled_label,105527,7597944,2.6578564643859863,12.637564659118652,0.5991739630699158,0.9358635037413487,0.9230034439543306,5.396035671234131,-9.82975959777832,9.82975959777832,82.366943359375,1139.8162841796875,56114.693976748036,56114.693976748036,2.6578564643859863,1907,27675.530875106586,63582.070865089074,399605.55555555556,16605.555555555555,0.0,shift_80m_south,0,2.559483528137207,0.0983729362487793,2.2827047002501786,1.4817539000650868,17.750565200229175,0.21016630087979138,21.72735930001363,0,0,89596,7597944,1.1792137451921203
event67,shift_80m_west,coupled_label,105527,7597944,2.638295888900757,12.843032836914062,0.586323618888855,0.9361521588915449,0.9221799791548229,5.368148326873779,-9.660720825195312,9.660720825195312,82.3634033203125,1139.8162841796875,54441.716668814886,54441.716668814886,2.638295888900757,1907,27155.184228449372,62019.63088518428,396433.3333333333,16805.555555555555,0.0,shift_80m_west,0,2.559483528137207,0.0788123607635498,2.3355463995831087,1.5223089011851698,18.261682698852383,0.2203140005003661,22.342117300024256,0,0,88039,7597944,1.1587213593572157
event67,shift_80m_east,coupled_label,105527,7597944,2.653118133544922,12.97894287109375,0.592914879322052,0.935968789613061,0.9234592994573261,5.365217685699463,-9.660720825195312,9.660720825195312,87.41606903076172,1139.8162841796875,54834.53194058733,54834.53194058733,2.653118133544922,1907,27354.321655807744,62319.55094541563,398261.1111111111,16738.88888888889,0.0,shift_80m_east,0,2.559483528137207,0.09363460540771484,2.3180171012645587,1.5179684991016984,17.905126700759865,0.2146132995840162,21.958002800005488,0,0,85734,7597944,1.128384204990192
event67,shift_160m_north,coupled_label,105527,7597944,2.719712495803833,13.299534797668457,0.6624051332473755,0.9346265522500761,0.9218556786424981,5.493664264678955,-9.660720825195312,9.660720825195312,81.4469223022461,1139.8162841796875,62244.1391099419,62244.1391099419,2.719712734222412,1907,29989.763601102757,69385.15660067135,413105.55555555556,16805.555555555555,0.0,shift_160m_north,0,2.559483528137207,0.16022896766662598,2.3049198001390323,1.501425100141205,18.065546901430935,0.21543100045528263,22.08957890002057,0,0,87820,7597944,1.155839000655967
event67,shift_160m_south,coupled_label,105527,7597944,2.7121522426605225,13.265504837036133,0.6617958545684814,0.935290810140407,0.9208399628223507,5.475260257720947,-12.780904769897461,12.780904769897461,83.05945587158203,1139.8162841796875,60568.99083646666,60568.99083646666,2.7121522426605225,1907,30007.460766852484,67961.0129629015,410677.77777777775,19522.222222222223,0.0,shift_160m_south,0,2.559483528137207,0.15266871452331543,2.286417700815946,1.5130297993309796,17.86336980003398,0.21749939979054034,21.882581799989566,0,0,86964,7597944,1.144572794956109
event67,shift_160m_west,coupled_label,105527,7597944,2.6620094776153564,12.886877059936523,0.618173360824585,0.9355009707782719,0.9216101945829435,5.384514808654785,-13.436317443847656,13.436317443847656,82.92926025390625,1139.8162841796875,55800.424658613745,55800.424658613745,2.6620094776153564,1907,28239.103383837144,63376.73934392864,406088.8888888889,17922.222222222223,0.0,shift_160m_west,0,2.559483528137207,0.10252594947814941,2.3148651014780626,1.5017468995647505,17.8525173002854,0.21493999881204218,21.886298199999146,0,0,87915,7597944,1.1570893389053671
event67,shift_160m_east,coupled_label,105527,7597944,2.678150177001953,12.983502388000488,0.627524733543396,0.9351604343809528,0.9227886648363786,5.4116530418396,-9.660720825195312,9.660720825195312,82.98123931884766,1139.8162841796875,57193.589259466855,57193.589259466855,2.678150177001953,1907,28659.82303656114,64498.00221478916,409883.3333333333,16811.11111111111,0.0,shift_160m_east,0,2.559483528137207,0.1186666488647461,2.337329200352542,1.5242264999542385,18.4067629002966,0.21806490002200007,22.48869300005026,0,0,85390,7597944,1.123856664381838
event67,block_shuffle,coupled_label,105527,7597944,2.7921369075775146,13.413403511047363,0.8045051097869873,0.9330850174416928,0.9195349458563189,5.656891822814941,-9.660720825195312,9.660720825195312,87.23563385009766,1139.8162841796875,72762.18408997986,72762.18408997986,2.7921369075775146,1907,35252.00579321331,79578.30180983781,446655.55555555556,23711.11111111111,0.0,block_shuffle,1,2.559483528137207,0.23265337944030762,2.335952900466509,1.5301124004181474,17.929111899342388,0.2166137001477182,22.01403029996436,0,0,77076,7597944,1.014432325376444
event67,block_shuffle,coupled_label,105527,7597944,2.7580835819244385,13.179299354553223,0.8221737146377563,0.933313004275443,0.9203199145218567,5.617595672607422,-12.720346450805664,12.720346450805664,82.24869537353516,1139.8162841796875,74155.31939430325,74155.31939430325,2.7580835819244385,1907,35964.373320149294,81072.16722186655,453388.8888888889,25888.88888888889,0.0,block_shuffle,2,2.559483528137207,0.19860005378723145,2.2901382001582533,1.5032881997758523,18.01143410068471,0.2132934994297102,22.02044280001428,0,0,77514,7597944,1.0201970427789413
event67,block_shuffle,coupled_label,105527,7597944,2.763507127761841,13.183683395385742,0.7912200093269348,0.9325572107995594,0.9212326476986197,5.605398178100586,-9.660720825195312,9.660720825195312,83.37007141113281,1139.8162841796875,71404.68306498555,71404.68306498555,2.763507127761841,1907,34724.37854218177,78339.6151191059,451661.1111111111,21966.666666666668,0.0,block_shuffle,3,2.559483528137207,0.2040235996246338,2.3209434994496405,1.5206985995173454,18.058977199951187,0.2139932009158656,22.116855600033887,0,0,77233,7597944,1.0164986738517683
event67,block_shuffle,coupled_label,105527,7597944,2.7754011154174805,13.346212387084961,0.7762241363525391,0.9328551187293418,0.9206506161942413,5.5954909324646,-9.660720825195312,9.660720825195312,83.14167022705078,1139.8162841796875,69594.0589516752,69594.0589516752,2.7754008769989014,1907,34075.96166320739,76435.52100554784,449066.6666666667,23244.444444444445,0.0,block_shuffle,4,2.559483528137207,0.21591758728027344,2.3378535999218,1.5406157989054918,18.267098501091823,0.2238737983861938,22.371789500000887,0,0,77709,7597944,1.0227635265540256
event67,block_shuffle,coupled_label,105527,7597944,2.7544586658477783,13.335724830627441,0.8088465332984924,0.9330304251495659,0.9209724352168613,5.583024024963379,-9.660720825195312,9.660720825195312,83.00907897949219,1139.8162841796875,71908.29444932961,71908.29444932961,2.7544586658477783,1907,35353.689397367816,78429.608263992,447100.0,22627.777777777777,0.0,block_shuffle,5,2.559483528137207,0.1949751377105713,2.272292598965578,1.5088118005078286,17.879580300301313,0.21280380070675164,21.8757190000033,0,0,78247,7597944,1.0298443894822074
event67,block_shuffle,coupled_label,105527,7597944,2.7707438468933105,13.29038143157959,0.7724704742431641,0.9333086456498341,0.920556009683403,5.618558406829834,-13.569355010986328,13.569355010986328,86.15505981445312,1139.8162841796875,68958.6143982946,68958.6143982946,2.7707438468933105,1907,33976.76813570485,75675.87596364785,441666.6666666667,24566.666666666668,0.0,block_shuffle,6,2.559483528137207,0.21126031875610352,2.301746999961324,1.4895742004737258,18.025999099831097,0.2139008998638019,22.033480999991298,0,0,79027,7597944,1.040110324582545
event67,block_shuffle,coupled_label,105527,7597944,2.741183042526245,13.148738861083984,0.7681112289428711,0.9331276603963519,0.9221321798817685,5.556909084320068,-9.660720825195312,9.660720825195312,82.48898315429688,1139.8162841796875,67677.52891388489,67677.52891388489,2.741183042526245,1907,33738.69395826675,74290.63348712679,448266.6666666667,21616.666666666668,0.0,block_shuffle,7,2.559483528137207,0.18169951438903809,2.277293899678625,1.493047899683006,17.90590700111352,0.2080150991678238,21.886552600073628,0,0,78636,7597944,1.0349641955771194
event67,block_shuffle,coupled_label,105527,7597944,2.7588860988616943,13.265689849853516,0.7986608147621155,0.9329473510655347,0.920935543335993,5.607755661010742,-9.660720825195312,9.660720825195312,83.72362518310547,1139.8162841796875,70934.86762270844,70934.86762270844,2.7588865756988525,1907,35015.92531075791,77777.3833845486,447838.8888888889,25138.88888888889,0.0,block_shuffle,8,2.559483528137207,0.1994025707244873,2.2918976004002616,1.4880737009225413,17.825051198364235,0.21226180100347847,21.81948189996183,0,0,79318,7597944,1.0439403080622862
event67,block_shuffle,coupled_label,105527,7597944,2.749413013458252,13.188135147094727,0.798188328742981,0.9327697478274752,0.9207456550618235,5.587801933288574,-9.660720825195312,9.660720825195312,84.1600341796875,1139.8162841796875,71363.53796547512,71363.53796547512,2.749413013458252,1907,34950.28009391413,78214.05008691666,449877.77777777775,24000.0,0.0,block_shuffle,9,2.559483528137207,0.18992948532104492,2.335845000226982,1.4946765010245144,17.974469898617826,0.21723429998382926,22.024449900025502,0,0,78223,7597944,1.029528514556043
event67,block_shuffle,coupled_label,105527,7597944,2.757615804672241,13.05496597290039,0.7677895426750183,0.933087178233323,0.9208225856909283,5.593389511108398,-9.660720825195312,9.660720825195312,81.24576568603516,1139.8162841796875,69395.31344366074,69395.31344366074,2.757615804672241,1907,33745.217258049866,76259.95161089324,444500.0,21277.777777777777,0.0,block_shuffle,10,2.559483528137207,0.19813227653503418,2.2930760998278856,1.4879002016969025,18.069562199059874,0.2124948997516185,22.065287200035527,0,0,79795,7597944,1.0502183222198005
event67,group_permutation,coupled_label,105527,7597944,2.702638864517212,12.99235725402832,0.6170000433921814,0.9345171684612263,0.920959562587158,5.454874515533447,-12.889623641967773,12.889623641967773,83.81726837158203,1139.8162841796875,55692.60091519356,55692.60091519356,2.702638864517212,1907,28283.589519046804,63186.38648713194,416111.1111111111,15766.666666666666,0.0,group_permutation,1,2.559483528137207,0.14315533638000488,2.3102528002345935,1.5160977997584268,18.058759901090525,0.21339200041256845,22.10079840000253,0,0,92411,7597944,1.216263241740134
event67,group_permutation,coupled_label,105527,7597944,2.7122650146484375,13.074254989624023,0.6081394553184509,0.9345692752885808,0.9209515637482617,5.464208602905273,-12.720346450805664,12.720346450805664,84.8770523071289,1139.8162841796875,55369.08727070084,55369.08727070084,2.7122652530670166,1907,27914.186752244776,62620.12210161169,413855.55555555556,15855.555555555555,0.0,group_permutation,2,2.559483528137207,0.15278148651123047,2.3069727004040033,1.4971981997368857,17.889910600380972,0.21467479947023094,21.91104269993957,0,0,92813,7597944,1.2215541467533848
event67,group_permutation,coupled_label,105527,7597944,2.71671986579895,12.936232566833496,0.6174418330192566,0.9342050277524584,0.9209954681497937,5.481471538543701,-13.987302780151367,13.987302780151367,84.76299285888672,1139.8162841796875,56202.72262917762,56202.72262917762,2.71671986579895,1907,28318.06734808147,63519.56396113499,415638.8888888889,16944.444444444445,0.0,group_permutation,3,2.559483528137207,0.15723633766174316,2.36150219978299,1.5263657998293638,18.22412939951755,0.22344960051123053,22.337804800015874,0,0,93548,7597944,1.2312278163671646
event67,group_permutation,coupled_label,105527,7597944,2.705965757369995,13.042850494384766,0.6252937316894531,0.9346294533768007,0.921381353191288,5.472118854522705,-16.984939575195312,16.984939575195312,84.528564453125,1139.8162841796875,56974.93548197206,56974.93548197206,2.705965518951416,1907,28681.668640062664,64381.6212734431,412927.77777777775,16105.555555555555,0.0,group_permutation,4,2.559483528137207,0.14648222923278809,2.279091100092046,1.4900702979648486,17.85678080189973,0.2112039994681254,21.839366500033066,0,0,92742,7597944,1.220619683430149
event67,group_permutation,coupled_label,105527,7597944,2.7127060890197754,13.043505668640137,0.6169983744621277,0.9347363125681227,0.9203121272640169,5.478970527648926,-12.889623641967773,12.889623641967773,83.56843566894531,1139.8162841796875,55839.17915462307,55839.17915462307,2.7127060890197754,1907,28338.752521612572,63237.20225315448,413833.3333333333,16700.0,0.0,group_permutation,5,2.559483528137207,0.15322256088256836,2.2896413013804704,1.4792000991292298,17.81494829885196,0.21681040001567453,21.802851299988106,0,0,91648,7597944,1.2062210513791625
event68,zero_static_network_fields,coupled_label,105527,7597944,2.2592239379882812,10.753557205200195,0.3555518388748169,0.9382011247876888,0.9347027589796981,3.6382532119750977,-2.3183822631835938,2.3183822631835938,66.53238677978516,1125.7414817810059,47464.1747894506,47464.1747894506,2.2592239379882812,1907,15562.092964937015,50033.6575316845,360372.22222222225,41494.444444444445,0.0,zero_static_network_fields,0,2.047645330429077,0.2115786075592041,2.322361600701697,1.5077718006214127,18.556458800681867,0.21712499973364174,22.605928599950857,0,0,82395,7597944,1.0844381058875927
event68,shift_20m_north,coupled_label,105527,7597944,2.093862771987915,9.956028938293457,-0.15755587816238403,0.944623290617944,0.9337592841013492,3.177379846572876,-2.3183822631835938,2.3183822631835938,63.98725509643555,1125.7414817810059,10314.232620729133,10314.232620729133,2.093862771987915,1907,9181.502343964039,25037.23148158309,197166.66666666666,65544.44444444444,0.0,shift_20m_north,0,2.047645330429077,0.04621744155883789,2.29173459939193,1.5185477009508759,17.937447999836877,0.21231140044983476,21.96222420001868,0,0,117811,7597944,1.5505642052639503
event68,shift_20m_south,coupled_label,105527,7597944,2.0850143432617188,9.695001602172852,-0.15439578890800476,0.944351214998176,0.9340486849292706,3.15205979347229,-2.3183822631835938,2.3183822631835938,64.75882720947266,1125.7414817810059,10290.009573380696,10290.009573380696,2.0850143432617188,1907,9057.143950097787,24620.99772632867,201405.55555555556,65033.333333333336,0.0,shift_20m_south,0,2.047645330429077,0.0373690128326416,2.3249845006503165,1.4957864005118608,18.234541699755937,0.21292609977535903,22.270551300025545,0,0,117586,7597944,1.5476028778311606
event68,shift_20m_west,coupled_label,105527,7597944,2.0911922454833984,10.09860610961914,-0.15163619816303253,0.9447155378448233,0.9334223267453101,3.1731374263763428,-2.3183822631835938,2.3183822631835938,64.88953399658203,1125.7414817810059,10850.887535379967,10850.887535379967,2.0911922454833984,1907,9088.128992056154,24612.85283152014,200055.55555555556,65322.22222222222,0.0,shift_20m_west,0,2.047645330429077,0.04354691505432129,2.3087515990482643,1.5001171011244878,18.176118200295605,0.2153867002343759,22.202605900005437,0,0,118761,7597944,1.5630675877579514
event68,shift_20m_east,coupled_label,105527,7597944,2.095471143722534,10.110960960388184,-0.15740622580051422,0.9444337979869296,0.9338296527856244,3.171442747116089,-2.3183822631835938,2.3183822631835938,63.840187072753906,1125.7414817810059,10007.04007275193,10007.04007275193,2.095471143722534,1907,9076.58006399734,24798.481476358837,198488.88888888888,64633.333333333336,0.0,shift_20m_east,0,2.047645330429077,0.04782581329345703,2.360459499177523,1.5351799994241446,18.433520100079477,0.22073440009262413,22.552186299930327,0,0,117032,7597944,1.5403114316188695
event68,shift_40m_north,coupled_label,105527,7597944,2.11588454246521,10.158985137939453,-0.14805185794830322,0.9439145658470925,0.93311891992559,3.2201035022735596,-2.3183822631835938,2.3183822631835938,64.30608367919922,1125.7414817810059,11177.460439746035,11177.460439746035,2.11588454246521,1907,9175.141956032545,24695.00212375424,204361.11111111112,66633.33333333333,0.0,shift_40m_north,0,2.047645330429077,0.06823921203613281,2.306051099789329,1.501632401254028,18.230971400043927,0.21363730065058917,22.25455640000291,0,0,116375,7597944,1.5316643555151235
event68,shift_40m_south,coupled_label,105527,7597944,2.107666015625,9.82898998260498,-0.13580574095249176,0.9433984064618464,0.9338553972296572,3.1832361221313477,-2.3183822631835938,2.3183822631835938,64.80706787109375,1125.7414817810059,11395.19471449661,11395.19471449661,2.107666015625,1907,8813.691562911034,23628.79979412537,212500.0,65116.666666666664,0.0,shift_40m_south,0,2.047645330429077,0.06002068519592285,2.3462449993239716,1.5485864002257586,18.278672400978394,0.2167992991162464,22.392619699938223,0,0,116032,7597944,1.5271499763620264
event68,shift_40m_west,coupled_label,105527,7597944,2.106520414352417,10.174659729003906,-0.13728615641593933,0.9439742051447433,0.9331714235509702,3.2046501636505127,-2.3183822631835938,2.3183822631835938,67.08991241455078,1125.7414817810059,11912.779231090564,11912.779231090564,2.106520652770996,1907,8926.333370426297,23957.890295693884,208572.22222222222,64905.555555555555,0.0,shift_40m_west,0,2.047645330429077,0.058875083923339844,2.2634868999011815,1.472999599413015,18.027078800834715,0.21211910026613623,21.977857999969274,0,0,117374,7597944,1.5448126493167098
event68,shift_40m_east,coupled_label,105527,7597944,2.116983652114868,10.220911979675293,-0.14405514299869537,0.9437754812356758,0.933483100942532,3.2053537368774414,-2.3183822631835938,2.3183822631835938,64.99324035644531,1125.7414817810059,10783.838145007612,10783.838145007612,2.116983652114868,1907,8873.87397956399,23940.52147284802,211200.0,63844.444444444445,0.0,shift_40m_east,0,2.047645330429077,0.06933832168579102,2.3245873989071697,1.4974884007824585,17.920741000329144,0.21533299970906228,21.960414999979548,0,0,116252,7597944,1.530045496518532
event68,shift_80m_north,coupled_label,105527,7597944,2.1649930477142334,10.317462921142578,-0.09546728432178497,0.9421942983060837,0.9322472709021707,3.3014400005340576,-2.3183822631835938,2.3183822631835938,65.21686553955078,1125.7414817810059,15089.477855096338,15089.477855096338,2.1649930477142334,1907,8916.110398632525,22255.560802915366,225750.0,65977.77777777778,0.0,shift_80m_north,0,2.047645330429077,0.11734771728515625,2.322388900560327,1.50804329989478,18.20816299994476,0.21745529933832586,22.258329499978572,0,0,116813,7597944,1.5374290729176208
event68,shift_80m_south,coupled_label,105527,7597944,2.152876138687134,10.167563438415527,-0.0909586101770401,0.941861324638108,0.933400151491691,3.25573992729187,-3.747701644897461,3.747701644897461,66.10486602783203,1125.7414817810059,14772.785284320358,14772.785284320358,2.152876138687134,1907,8566.574901276505,21580.146886236966,233227.77777777778,65616.66666666667,0.0,shift_80m_south,0,2.047645330429077,0.10523080825805664,2.282536400365643,1.4840024003060535,18.041864799684845,0.21501440065912902,22.025660400046036,0,0,117451,7597944,1.5458260813714868
event68,shift_80m_west,coupled_label,105527,7597944,2.134669542312622,10.242640495300293,-0.10845991969108582,0.942620331488574,0.9325968676851117,3.2558534145355225,-2.3183822631835938,2.3183822631835938,65.6866455078125,1125.7414817810059,13332.292619323358,13332.292619323358,2.134669542312622,1907,8419.917099628225,21823.874201099155,227422.22222222222,66488.88888888889,0.0,shift_80m_west,0,2.047645330429077,0.08702421188354492,2.3158946997718886,1.538781600422226,18.042394600226544,0.21604759991168976,22.11538069997914,0,0,116776,7597944,1.5369420990731177
event68,shift_80m_east,coupled_label,105527,7597944,2.1457772254943848,10.300957679748535,-0.10654798150062561,0.9426541835295733,0.9333058751460894,3.252223491668701,-2.3183822631835938,2.3183822631835938,64.81340789794922,1125.7414817810059,12834.120953694684,12834.120953694684,2.1457772254943848,1907,8380.655107324556,21475.03399907099,227733.33333333334,61800.0,0.0,shift_80m_east,0,2.047645330429077,0.09813189506530762,2.294197700335644,1.4843397992663085,18.028618299751543,0.21434549998957664,22.02367000002414,0,0,114084,7597944,1.5015114615216958
event68,shift_160m_north,coupled_label,105527,7597944,2.2411367893218994,10.732542991638184,-0.019482987001538277,0.9407311102507931,0.9312279573440022,3.44459867477417,-2.3183822631835938,2.3183822631835938,67.18578338623047,1125.7414817810059,21706.495079757646,21706.495079757646,2.2411367893218994,1907,8947.285887438684,23312.449765494326,258372.22222222222,60738.88888888889,0.0,shift_160m_north,0,2.047645330429077,0.19349145889282227,2.3412690011318773,1.5283834994770586,18.452570900786668,0.21820049942471087,22.54275499994401,0,0,115045,7597944,1.5141596200235221
event68,shift_160m_south,coupled_label,105527,7597944,2.209758996963501,10.595621109008789,-0.008734951727092266,0.9413425483941246,0.9309854567774424,3.378727674484253,-6.67572021484375,6.67572021484375,66.69310760498047,1125.7414817810059,21105.103661947185,21105.103661947185,2.209758996963501,1907,8532.449118427783,23387.89875785215,256438.88888888888,61083.333333333336,0.0,shift_160m_south,0,2.047645330429077,0.16211366653442383,2.3270888002589345,1.495834100409411,18.254341099527664,0.21250400005374104,22.292033900041133,0,0,114591,7597944,1.5081843193369153
event68,shift_160m_west,coupled_label,105527,7597944,2.165095567703247,10.337669372558594,-0.06306115537881851,0.9415873147182476,0.9320260453912455,3.3116583824157715,-16.370534896850586,16.370534896850586,65.47431182861328,1125.7414817810059,14866.287573198788,14866.287573198788,2.165095567703247,1907,7639.717471638633,18554.827648006845,244261.11111111112,65866.66666666667,0.0,shift_160m_west,0,2.047645330429077,0.11745023727416992,2.316254899953492,1.5126829001819715,18.10864210012369,0.21290760103147477,22.152809499995783,0,0,114255,7597944,1.503762070370616
event68,shift_160m_east,coupled_label,105527,7597944,2.189753770828247,10.458602905273438,-0.07033683359622955,0.9409027594819164,0.9326122623862223,3.332212448120117,-2.3183822631835938,2.3183822631835938,67.52019500732422,1125.7414817810059,14776.56401170697,14776.56401170697,2.189753770828247,1907,8002.993839346367,19246.79369623284,243116.66666666666,61866.666666666664,0.0,shift_160m_east,0,2.047645330429077,0.14210844039916992,2.3059250998776406,1.510668000788428,18.015715599874966,0.21673080034088343,22.05123999994248,0,0,112601,7597944,1.4819930233757974
event68,block_shuffle,coupled_label,105527,7597944,2.2732274532318115,10.807391166687012,0.19513052701950073,0.9393594902336097,0.9318261892005145,3.614704132080078,-2.3183822631835938,2.3183822631835938,67.1546630859375,1125.7414817810059,35401.77725125244,35401.77725125244,2.2732274532318115,1907,10754.179547119937,38402.21605394315,323650.0,51994.444444444445,0.0,block_shuffle,1,2.047645330429077,0.22558212280273438,2.3479111002525315,1.5086796997347847,18.130433998419903,0.21289610082749277,22.202223300002515,0,0,97216,7597944,1.2795040342492654
event68,block_shuffle,coupled_label,105527,7597944,2.249285936355591,10.650374412536621,0.19617438316345215,0.9396927151290771,0.9334897739953902,3.592634439468384,-3.671884536743164,3.671884536743164,66.88321685791016,1125.7414817810059,36159.22154828627,36159.22154828627,2.249285936355591,1907,10806.545921279421,38871.643835088005,327361.1111111111,50133.333333333336,0.0,block_shuffle,2,2.047645330429077,0.20164060592651367,2.321223699254915,1.534456399967894,18.231543800910003,0.21662659931462258,22.3061360999709,0,0,99022,7597944,1.303273622443124
event68,block_shuffle,coupled_label,105527,7597944,2.265629291534424,10.708098411560059,0.18123488128185272,0.9384362185343673,0.9325077580288033,3.5944604873657227,-2.3183822631835938,2.3183822631835938,67.21345520019531,1125.7414817810059,33479.20841330942,33479.20841330942,2.265629291534424,1907,10187.39297646132,36378.987906062044,326005.55555555556,54794.444444444445,0.0,block_shuffle,3,2.047645330429077,0.21798396110534668,2.301128499209881,1.4819953013211489,17.96879859897308,0.2144102001329884,21.968609899980947,0,0,97476,7597944,1.2829260126160444
event68,block_shuffle,coupled_label,105527,7597944,2.252639055252075,10.754084587097168,0.15733842551708221,0.9396663338272052,0.9321438254739608,3.5515124797821045,-2.3183822631835938,2.3183822631835938,67.99220275878906,1125.7414817810059,31455.989447495667,31455.989447495667,2.252639055252075,1907,9746.367714837266,34866.76358003449,320261.1111111111,52438.88888888889,0.0,block_shuffle,4,2.047645330429077,0.20499372482299805,2.3065531991887838,1.511435299529694,18.064740200643428,0.21249139891006052,22.097514700028114,0,0,100769,7597944,1.3262666847768292
event68,block_shuffle,coupled_label,105527,7597944,2.2532713413238525,10.791581153869629,0.19988389313220978,0.9391755616872172,0.9330344938406092,3.5689141750335693,-2.3183822631835938,2.3183822631835938,67.48794555664062,1125.7414817810059,35715.38035623613,35715.38035623613,2.2532713413238525,1907,10715.356573500861,38287.09207220585,326688.8888888889,53494.444444444445,0.0,block_shuffle,5,2.047645330429077,0.2056260108947754,2.290459800628014,1.50126240006648,18.0663151005283,0.21221079933457077,22.072515200008638,0,0,97714,7597944,1.2860584389671732
event68,block_shuffle,coupled_label,105527,7597944,2.2665605545043945,10.733370780944824,0.13914754986763,0.9398661877017326,0.932014598540146,3.568268060684204,-7.027149200439453,7.027149200439453,66.45116424560547,1125.7414817810059,30366.74174664961,30366.74174664961,2.2665605545043945,1907,9206.820138779181,33285.132102390286,315961.1111111111,52327.77777777778,0.0,block_shuffle,6,2.047645330429077,0.21891522407531738,2.3348174003185704,1.5169256996596232,18.295212600380182,0.21776980010326952,22.36700650001876,0,0,101900,7597944,1.3411522906723188
event68,block_shuffle,coupled_label,105527,7597944,2.2646353244781494,10.717061996459961,0.14058539271354675,0.9385919865753515,0.9339873714971559,3.534503936767578,-2.3183822631835938,2.3183822631835938,67.26750946044922,1125.7414817810059,29884.451566412114,29884.451566412114,2.2646353244781494,1907,9257.818683703948,33066.8720778299,315027.77777777775,52116.666666666664,0.0,block_shuffle,7,2.047645330429077,0.21698999404907227,2.278127799392678,1.50632729975041,18.00884860032238,0.2134459993103519,22.00894980004523,0,0,99791,7597944,1.3133947815356364
event68,block_shuffle,coupled_label,105527,7597944,2.2459144592285156,10.666823387145996,0.17904655635356903,0.9396178219717999,0.9317346866438427,3.5760021209716797,-2.3183822631835938,2.3183822631835938,68.40229797363281,1125.7414817810059,33178.771793589694,33178.771793589694,2.2459144592285156,1907,10254.533393341966,36087.46018150146,326722.22222222225,52305.555555555555,0.0,block_shuffle,8,2.047645330429077,0.19826912879943848,2.3172723004827276,1.5349032010417432,18.079507800517604,0.2150518010603264,22.149031300097704,0,0,100218,7597944,1.3190147229303084
event68,block_shuffle,coupled_label,105527,7597944,2.241426944732666,10.643465042114258,0.19252179563045502,0.9393845797912976,0.9339917046054678,3.5650975704193115,-2.3183822631835938,2.3183822631835938,66.70703125,1125.7414817810059,34836.219981787726,34836.219981787726,2.241426944732666,1907,10755.670189493294,37760.13115820126,332911.1111111111,52155.555555555555,0.0,block_shuffle,9,2.047645330429077,0.19378161430358887,2.290527800563723,1.497939000488259,17.996454298961908,0.21076560055371374,21.997895099921152,0,0,100245,7597944,1.3193700822222434
event68,block_shuffle,coupled_label,105527,7597944,2.256911516189575,10.65095329284668,0.1388816237449646,0.9392176623895586,0.9314835527139482,3.577188014984131,-2.3183822631835938,2.3183822631835938,66.49221801757812,1125.7414817810059,30157.137119095074,30157.137119095074,2.256911516189575,1907,9139.50241922551,33255.05673726881,317861.1111111111,57027.77777777778,0.0,block_shuffle,10,2.047645330429077,0.20926618576049805,2.3384580990532413,1.5087172000203282,18.25743669969961,0.21907640085555613,22.32595670002047,0,0,102032,7597944,1.342889602766222
event68,group_permutation,coupled_label,105527,7597944,2.201415777206421,10.438492774963379,-0.1286497265100479,0.9418834326448352,0.930620553169501,3.3928394317626953,-3.747701644897461,3.747701644897461,70.7894515991211,1125.7414817810059,8692.917662079446,8692.917662079446,2.201415777206421,1907,7862.217750266918,21531.293608813547,257966.66666666666,71722.22222222222,0.0,group_permutation,1,2.047645330429077,0.15377044677734375,2.2800526008941233,1.4886791995959356,17.882442499161698,0.2173930008430034,21.870833099936135,0,0,113046,7597944,1.4878498709650927
event68,group_permutation,coupled_label,105527,7597944,2.210927724838257,10.506553649902344,-0.14396452903747559,0.9418942650350192,0.9309711060825223,3.3906848430633545,-3.671884536743164,3.671884536743164,71.75074768066406,1125.7414817810059,7087.0311102415435,7087.0311102415435,2.210927724838257,1907,7989.9132167380785,21899.32496622298,252316.66666666666,73700.0,0.0,group_permutation,2,2.047645330429077,0.1632823944091797,2.3190560995135456,1.5144059008453041,18.220674200099893,0.21728010033257306,22.27369559998624,0,0,113520,7597944,1.4940884007568362
event68,group_permutation,coupled_label,105527,7597944,2.2198081016540527,10.449041366577148,-0.12709417939186096,0.9413314030620228,0.9307279924473165,3.429236650466919,-7.027149200439453,7.027149200439453,70.5348129272461,1125.7414817810059,8869.43706346373,8869.43706346373,2.2198076248168945,1907,8034.060871711793,21596.840521948878,255333.33333333334,74533.33333333333,0.0,group_permutation,3,2.047645330429077,0.17216277122497559,2.312114000553265,1.5067857002140954,18.016128800343722,0.21415810007601976,22.05141640000511,0,0,113920,7597944,1.4993529828595735
event68,group_permutation,coupled_label,105527,7597944,2.20776104927063,10.510358810424805,-0.12442043423652649,0.9416027267889532,0.9308417787489482,3.3968565464019775,-10.663032531738281,10.663032531738281,68.24403381347656,1125.7414817810059,9042.357947554206,9042.357947554206,2.20776104927063,1907,8011.066957978567,21659.543753452366,251455.55555555556,73677.77777777778,0.0,group_permutation,4,2.047645330429077,0.16011571884155273,2.3046077991602942,1.505738900275901,17.894281499553472,0.21229359996505082,21.919154799892567,0,0,114621,7597944,1.5085791629946206
event68,group_permutation,coupled_label,105527,7597944,2.204207181930542,10.484322547912598,-0.12508980929851532,0.9419479803716903,0.9304637286716215,3.4110257625579834,-4.158735275268555,4.158735275268555,71.2263412475586,1125.7414817810059,8725.256143538514,8725.256143538514,2.204207181930542,1907,7927.316425671834,21663.368824200938,251633.33333333334,75811.11111111111,0.0,group_permutation,5,2.047645330429077,0.15656185150146484,2.2472528006182984,1.4755980006884784,17.65447550022509,0.20990580029319972,21.589461000054143,0,0,112893,7597944,1.4858361683107957
event69,zero_static_network_fields,coupled_label,105527,7597944,2.184316635131836,10.253771781921387,0.4129607081413269,0.9364805326078969,0.9330405209482985,3.395754814147949,-2.942800521850586,2.942800521850586,52.024967193603516,1106.3729524612427,39853.90687923669,39853.90687923669,2.184316635131836,1907,21242.12062141913,52036.58476779191,358711.1111111111,45805.555555555555,0.0,zero_static_network_fields,0,1.936173915863037,0.24814271926879883,2.350200900109485,1.5362411002861336,17.90784939948935,0.21981320064514875,22.016363899922,0,0,138784,7597944,1.826599406365722
event69,shift_20m_north,coupled_label,105527,7597944,1.9879673719406128,9.22232437133789,0.04161015525460243,0.9419831236459931,0.9311460779497073,2.9990155696868896,-2.942800521850586,2.942800521850586,52.177574157714844,1106.3729524612427,12430.284300338477,12430.284300338477,1.987967610359192,1907,9887.43383380673,24906.06131824688,248694.44444444444,61000.0,0.0,shift_20m_north,0,1.936173915863037,0.051793456077575684,2.301384399528615,1.4976508007384837,17.607364699826576,0.21163560030981898,21.620279800030403,0,0,153968,7597944,2.0264429429856285
event69,shift_20m_south,coupled_label,105527,7597944,1.976102590560913,8.870232582092285,0.047417327761650085,0.9420798211628428,0.9313794650000788,2.9702465534210205,-2.942800521850586,2.942800521850586,50.787845611572266,1106.3729524612427,12842.150840154849,12842.150840154849,1.976102590560913,1907,10171.255088981976,25347.720947645837,252744.44444444444,60694.444444444445,0.0,shift_20m_south,0,1.936173915863037,0.03992867469787598,2.305984499049373,1.4932109011569992,17.821425300091505,0.21184789983090013,21.834753400064074,0,0,153009,7597944,2.013821107394316
event69,shift_20m_west,coupled_label,105527,7597944,1.9866604804992676,9.40218448638916,0.05486520752310753,0.9421964016987855,0.9307498197548666,2.998065233230591,-2.942800521850586,2.942800521850586,51.6577033996582,1106.3729524612427,13420.160528433975,13420.160528433975,1.9866604804992676,1907,10346.619215076444,25754.474501434714,249350.0,60755.555555555555,0.0,shift_20m_west,0,1.936173915863037,0.05048656463623047,2.312441099784337,1.5041332020191476,17.9169173988048,0.21745520073454827,21.953219300019555,0,0,153690,7597944,2.0227840584242265
event69,shift_20m_east,coupled_label,105527,7597944,1.9940110445022583,9.452902793884277,0.03885630518198013,0.9418811631308325,0.9307215138248277,3.002019166946411,-2.942800521850586,2.942800521850586,53.03792190551758,1106.3729524612427,12246.564322859747,12246.564322859747,1.9940110445022583,1907,9876.004378769641,24758.327509389026,250100.0,61211.11111111111,0.0,shift_20m_east,0,1.936173915863037,0.05783712863922119,2.4099727995926514,1.549849200528115,18.389485599240288,0.22086999961175025,22.57253720005974,0,0,153631,7597944,2.0220075325640727
event69,shift_40m_north,coupled_label,105527,7597944,2.006727933883667,9.485977172851562,0.045764293521642685,0.9415105119524455,0.9307309752420698,3.0306930541992188,-2.942800521850586,2.942800521850586,52.287376403808594,1106.3729524612427,12841.506852570456,12841.506852570456,2.006727933883667,1907,9987.206805501692,25318.05590531975,256094.44444444444,61422.22222222222,0.0,shift_40m_north,0,1.936173915863037,0.07055401802062988,2.3548497998854145,1.537704999325797,17.9217453005258,0.21966660022735596,22.036254700040445,0,0,153323,7597944,2.0179538043449647
event69,shift_40m_south,coupled_label,105527,7597944,1.9971367120742798,9.121936798095703,0.06967759877443314,0.9412942281497538,0.9312181476798099,2.9975719451904297,-2.942800521850586,2.942800521850586,51.6916618347168,1106.3729524612427,14564.11235074792,14564.11235074792,1.9971369504928589,1907,10811.569701554427,27111.738664935343,261983.33333333334,61783.333333333336,0.0,shift_40m_south,0,1.936173915863037,0.060962796211242676,2.3283819999778643,1.5253773010335863,17.733655799995176,0.2149656997062266,21.804703200003132,0,0,152104,7597944,2.001909990386873
event69,shift_40m_west,coupled_label,105527,7597944,2.000924825668335,9.438393592834473,0.07300153374671936,0.9414448248662143,0.9304781877115962,3.0187485218048096,-2.942800521850586,2.942800521850586,52.06188201904297,1106.3729524612427,14582.183370534563,14582.183370534563,2.000924825668335,1907,10895.902930753593,26926.066263153683,258405.55555555556,60266.666666666664,0.0,shift_40m_west,0,1.936173915863037,0.06475090980529785,2.356189101585187,1.5246438988251612,18.035821000346914,0.21907720039598644,22.138033799943514,0,0,152921,7597944,2.012662899331714
event69,shift_40m_east,coupled_label,105527,7597944,2.0186197757720947,9.581116676330566,0.05026087909936905,0.9410524000940391,0.9304161157276112,3.041883707046509,-2.942800521850586,2.942800521850586,52.1768798828125,1106.3729524612427,12900.039831844391,12900.039831844391,2.0186197757720947,1907,10323.58964239872,25590.679456786485,260994.44444444444,60494.444444444445,0.0,shift_40m_east,0,1.936173915863037,0.08244585990905762,2.3484993000747636,1.5274510002927855,17.766634800005704,0.21903230098541826,21.863968200050294,0,0,154117,7597944,2.0284039998188983
event69,shift_80m_north,coupled_label,105527,7597944,2.04719614982605,9.619253158569336,0.089046910405159,0.9403600016992663,0.9303598880168065,3.095860004425049,-2.942800521850586,2.942800521850586,50.209651947021484,1106.3729524612427,16459.076473448193,16459.076473448193,2.04719614982605,1907,11440.740052209634,28812.25175089785,271261.1111111111,63794.444444444445,0.0,shift_80m_north,0,1.936173915863037,0.1110222339630127,2.3540013000601903,1.5191612008493394,17.990829099551775,0.22130589990410954,22.087522600078955,0,0,152833,7597944,2.0115046912691117
event69,shift_80m_south,coupled_label,105527,7597944,2.038226842880249,9.52857494354248,0.11157792061567307,0.9404945439983983,0.9308237765516246,3.06160569190979,-6.206750869750977,6.206750869750977,52.76649856567383,1106.3729524612427,17990.54650217085,17990.54650217085,2.038226842880249,1907,11999.759825889334,30178.375369021203,277233.3333333333,62361.11111111111,0.0,shift_80m_south,0,1.936173915863037,0.10205292701721191,2.2722691000672057,1.4975051999790594,17.559686600696295,0.2132429990451783,21.544948800001293,0,0,154290,7597944,2.030680931578332
event69,shift_80m_west,coupled_label,105527,7597944,2.033205986022949,9.49914264678955,0.09159035980701447,0.9405439495371385,0.9303647336302383,3.064361810684204,-2.942800521850586,2.942800521850586,52.07464599609375,1106.3729524612427,15536.479254527017,15536.479254527017,2.033205986022949,1907,11438.910013747496,27643.543109048158,270144.44444444444,61022.22222222222,0.0,shift_80m_west,0,1.936173915863037,0.09703207015991211,2.3123916988261044,1.4833978000096977,17.507578000659123,0.21707999962382019,21.5226669999538,0,0,153471,7597944,2.0199016997229777
event69,shift_80m_east,coupled_label,105527,7597944,2.048224925994873,9.727291107177734,0.07379414141178131,0.9400716589253588,0.9311124982254201,3.091940402984619,-2.942800521850586,2.942800521850586,52.89524459838867,1106.3729524612427,14137.449799875962,14137.449799875962,2.048224925994873,1907,11093.496851156748,27004.744481998263,271761.1111111111,60633.333333333336,0.0,shift_80m_east,0,1.936173915863037,0.11205101013183594,2.328395499731414,1.5214309997390956,17.697276299702935,0.21438180038239807,21.76374130009208,0,0,152375,7597944,2.0054767447614776
event69,shift_160m_north,coupled_label,105527,7597944,2.1233112812042236,10.292752265930176,0.15645524859428406,0.9391929343134672,0.9309845625143754,3.2253596782684326,-2.942800521850586,2.942800521850586,50.77461242675781,1106.3729524612427,22164.45377343474,22164.45377343474,2.1233112812042236,1907,13782.995377689966,34235.53379030293,291222.22222222225,64088.88888888889,0.0,shift_160m_north,0,1.936173915863037,0.18713736534118652,2.318007801193744,1.5124878998612985,17.920269598951563,0.21731000009458512,21.970318699954078,0,0,153061,7597944,2.014505503067672
event69,shift_160m_south,coupled_label,105527,7597944,2.093855381011963,10.126764297485352,0.1851407289505005,0.9402094170395434,0.9302405181013459,3.143763542175293,-8.658170700073242,8.658170700073242,50.99721145629883,1106.3729524612427,23320.095039392356,23320.095039392356,2.093855142593384,1907,14364.358071504774,35132.51316121756,292150.0,59338.88888888889,0.0,shift_160m_south,0,1.936173915863037,0.15768146514892578,2.313222598633729,1.5098691994789988,17.886686999700032,0.21388250007294118,21.92592299997341,0,0,151930,7597944,1.9996198971721824
event69,shift_160m_west,coupled_label,105527,7597944,2.0687015056610107,9.741497993469238,0.12929990887641907,0.9395492443049309,0.9300106116214152,3.1230363845825195,-6.695747375488281,6.695747375488281,52.918365478515625,1106.3729524612427,17160.849540275987,17160.849540275987,2.0687015056610107,1907,12666.95770624809,29382.824346538633,282111.1111111111,62427.77777777778,0.0,shift_160m_west,0,1.936173915863037,0.13252758979797363,2.3285319008864462,1.5136674996465445,17.667355800396763,0.21824140031822026,21.730049700010568,0,0,154154,7597944,2.0288909736634015
event69,shift_160m_east,coupled_label,105527,7597944,2.0864145755767822,9.82310676574707,0.10039114207029343,0.9389320703758567,0.9309489255065984,3.1612374782562256,-2.942800521850586,2.942800521850586,52.89871597290039,1106.3729524612427,15677.715991531266,15677.715991531266,2.0864145755767822,1907,12043.689719977316,28527.32429237268,279372.22222222225,61716.666666666664,0.0,shift_160m_east,0,1.936173915863037,0.15024065971374512,2.2939103001262993,1.511022200109437,17.594033000757918,0.21069290081504732,21.61188010009937,0,0,152265,7597944,2.0040289846832247
event69,block_shuffle,coupled_label,105527,7597944,2.1922800540924072,10.293269157409668,0.2942033112049103,0.9375468256934126,0.9292060878445557,3.3725645542144775,-2.942800521850586,2.942800521850586,52.69837188720703,1106.3729524612427,31596.12544836686,31596.12544836686,2.1922800540924072,1907,17748.943506933472,43696.93820574647,332255.55555555556,57822.22222222222,0.0,block_shuffle,1,1.936173915863037,0.2561061382293701,2.3245569991413504,1.5284314987948164,17.695915399468504,0.21720339951571077,21.768319500028156,0,0,146700,7597944,1.9307854861788927
event69,block_shuffle,coupled_label,105527,7597944,2.1604833602905273,10.041150093078613,0.2962546646595001,0.937605052286994,0.9314106298229712,3.338210105895996,-3.9882659912109375,3.9882659912109375,51.21302032470703,1106.3729524612427,32501.215818919707,32501.215818919707,2.1604833602905273,1907,17872.976519416505,44482.607550417306,337605.55555555556,51955.555555555555,0.0,block_shuffle,2,1.936173915863037,0.22430944442749023,2.351006201119162,1.5607773006195202,17.989572099992074,0.21625489986035973,22.119868799927644,0,0,146577,7597944,1.929166627182301
event69,block_shuffle,coupled_label,105527,7597944,2.1764307022094727,10.16020679473877,0.282132625579834,0.9371409533213666,0.9307104302377405,3.3403162956237793,-2.942800521850586,2.942800521850586,53.14332962036133,1106.3729524612427,30190.663872568402,30190.663872568402,2.1764307022094727,1907,17510.016188914837,42351.02427126374,332988.8888888889,56305.555555555555,0.0,block_shuffle,3,1.936173915863037,0.24025678634643555,2.2993457990232855,1.5075134000508115,17.64093839994166,0.2115876986645162,21.661619400023483,0,0,146746,7597944,1.9313909131207074
event69,block_shuffle,coupled_label,105527,7597944,2.1705565452575684,10.260814666748047,0.26121002435684204,0.9379223352911235,0.9313552035078716,3.347996711730957,-2.942800521850586,2.942800521850586,53.00205993652344,1106.3729524612427,27828.080809663283,27828.080809663283,2.1705565452575684,1907,16588.231182552947,40285.36360794073,332688.8888888889,54811.11111111111,0.0,block_shuffle,4,1.936173915863037,0.23438262939453125,2.3165705982828513,1.509265301283449,17.627032300108112,0.21304819884244353,21.668118700035848,0,0,147082,7597944,1.9358131620870067
event69,block_shuffle,coupled_label,105527,7597944,2.1751370429992676,10.482939720153809,0.3050116300582886,0.9372430994808127,0.931757147648665,3.3476858139038086,-2.942800521850586,2.942800521850586,52.36406707763672,1106.3729524612427,31844.60071559949,31844.60071559949,2.1751370429992676,1907,18145.910231423324,43756.22717675287,335305.55555555556,54677.77777777778,0.0,block_shuffle,5,1.936173915863037,0.23896312713623047,2.3084184003528208,1.5399046998936683,17.737999099539593,0.21315130114089698,21.80168379994575,0,0,147470,7597944,1.9409198067266618
event69,block_shuffle,coupled_label,105527,7597944,2.1955504417419434,10.291752815246582,0.2503824532032013,0.937572870314099,0.9307263273704128,3.3480050563812256,-7.534503936767578,7.534503936767578,51.37945556640625,1106.3729524612427,27590.711440707324,27590.711440707324,2.1955504417419434,1907,16518.275624637405,39730.060721717775,321377.77777777775,54144.444444444445,0.0,block_shuffle,6,1.936173915863037,0.25937652587890625,2.3210978005081415,1.4960325004067272,17.897264999570325,0.2194910990074277,21.93621539999731,0,0,147627,7597944,1.9429861552019863
event69,block_shuffle,coupled_label,105527,7597944,2.1632773876190186,10.166648864746094,0.23767127096652985,0.9376025241165713,0.9319028548002721,3.292881727218628,-2.942800521850586,2.942800521850586,52.101173400878906,1106.3729524612427,25134.199105972657,25134.199105972657,2.1632773876190186,1907,15997.715902825983,37620.25888101943,325222.22222222225,56655.555555555555,0.0,block_shuffle,7,1.936173915863037,0.22710347175598145,2.285234099137597,1.4944805002305657,17.65415760036558,0.21182510035578161,21.647901099990122,0,0,147912,7597944,1.9467371699501865
event69,block_shuffle,coupled_label,105527,7597944,2.1696279048919678,10.206037521362305,0.27427148818969727,0.9374813609213832,0.9307659430885165,3.3560245037078857,-2.942800521850586,2.942800521850586,52.672889709472656,1106.3729524612427,29258.18360903929,29258.18360903929,2.1696279048919678,1907,17247.92176815367,41677.227739527356,332022.22222222225,53633.333333333336,0.0,block_shuffle,8,1.936173915863037,0.23345398902893066,2.3248785991454497,1.499644401599653,17.84639369987417,0.21688929933588952,21.890096200047992,0,0,148295,7597944,1.9517780073135576
event69,block_shuffle,coupled_label,105527,7597944,2.1638197898864746,10.192950248718262,0.2683444023132324,0.9377731498249426,0.9308815060110863,3.339982032775879,-2.942800521850586,2.942800521850586,53.09353256225586,1106.3729524612427,29206.201415046817,29206.201415046817,2.1638197898864746,1907,17023.494047948476,41415.87705213949,336138.8888888889,53400.0,0.0,block_shuffle,9,1.936173915863037,0.2276458740234375,2.327077300637029,1.5055877001723275,17.80672330071684,0.21255840023513883,21.854239200009033,0,0,147649,7597944,1.9432757072176368
event69,block_shuffle,coupled_label,105527,7597944,2.1761021614074707,10.380199432373047,0.24016597867012024,0.9376209919437329,0.9297170628926712,3.348463535308838,-2.942800521850586,2.942800521850586,54.1000862121582,1106.3729524612427,27342.148685967317,27342.148685967317,2.1761021614074707,1907,16143.850095307047,39736.358308053575,329922.22222222225,59511.11111111111,0.0,block_shuffle,10,1.936173915863037,0.2399282455444336,2.286868700175546,1.4869782004971057,17.433256398886442,0.212469800026156,21.421780800097622,0,0,149383,7597944,1.966097670633003
event69,group_permutation,coupled_label,105527,7597944,2.1140170097351074,9.846887588500977,0.053916774690151215,0.9393336823176436,0.9290404188443899,3.168428659439087,-3.9882659912109375,3.9882659912109375,55.10226058959961,1106.3729524612427,13201.532352534588,13201.532352534588,2.1140170097351074,1907,10633.521808837308,25393.83164884709,288788.8888888889,68494.44444444444,0.0,group_permutation,1,1.936173915863037,0.1778430938720703,2.347643999499269,1.5141884009353817,18.0084454001626,0.21993359958287328,22.092498100013472,0,0,160480,7597944,2.1121503396181915
event69,group_permutation,coupled_label,105527,7597944,2.1269900798797607,10.010772705078125,0.02761187218129635,0.9393240711340781,0.9282648170078385,3.189678907394409,-3.9882659912109375,3.9882659912109375,56.865211486816406,1106.3729524612427,11384.31504033925,11384.31504033925,2.1269900798797607,1907,10009.949219575692,25050.133260958828,286872.22222222225,72266.66666666667,0.0,group_permutation,2,1.936173915863037,0.19081616401672363,2.297534499084577,1.493550100014545,17.66312909987755,0.21275170031003654,21.66914730006829,0,0,160687,7597944,2.114874760856358
event69,group_permutation,coupled_label,105527,7597944,2.1367950439453125,9.915726661682129,0.04121541604399681,0.9389786354948247,0.9285883438170267,3.2185940742492676,-7.534503936767578,7.534503936767578,53.10763931274414,1106.3729524612427,12288.137438498903,12288.137438498903,2.1367950439453125,1907,10454.315939462285,25462.699745687656,287288.8888888889,70861.11111111111,0.0,group_permutation,3,1.936173915863037,0.2006211280822754,2.3056495995260775,1.4876062995754182,17.597120201331563,0.21627179882489145,21.608857900020666,0,0,160981,7597944,2.11874422870187
event69,group_permutation,coupled_label,105527,7597944,2.121403694152832,9.893426895141602,0.05546970292925835,0.9391421627880345,0.9298027945336503,3.188506841659546,-7.688283920288086,7.688283920288086,54.628116607666016,1106.3729524612427,12835.221487833653,12835.221487833653,2.121403694152832,1907,10816.650641326392,25307.542410938768,287194.44444444444,68944.44444444444,0.0,group_permutation,4,1.936173915863037,0.18522977828979492,2.3028936000773683,1.496102401521057,17.616520999465138,0.21575510106049478,21.6335059000412,0,0,160925,7597944,2.118007187207487
event69,group_permutation,coupled_label,105527,7597944,2.1231884956359863,9.860206604003906,0.0551411472260952,0.9390674858370799,0.9290041317840647,3.179016351699829,-3.498077392578125,3.498077392578125,54.390106201171875,1106.3729524612427,13023.88326659007,13023.88326659007,2.1231887340545654,1907,10733.742071943103,24914.23104914138,287822.22222222225,69761.11111111111,0.0,group_permutation,5,1.936173915863037,0.18701457977294922,2.3522532004863024,1.5316559992497787,17.98935450031422,0.21991999936290085,22.09544189996086,0,0,159931,7597944,2.1049247006821847
event70,zero_static_network_fields,coupled_label,105527,7597944,2.2497220039367676,10.70556926727295,0.46809637546539307,0.939082866844193,0.9371527274983968,3.8317997455596924,-5.119562149047852,5.119562149047852,77.43757629394531,1134.0513229370117,42680.266829111846,42680.266829111846,2.2497220039367676,1907,20307.674192779905,50448.537953381194,392277.77777777775,35705.555555555555,0.0,zero_static_network_fields,0,2.0126914978027344,0.2370305061340332,2.258718900149688,1.50238640117459,18.573074402287602,0.20168879930861294,22.53833520016633,0,0,69307,7597944,0.9121809794860294
event70,shift_20m_north,coupled_label,105527,7597944,2.0626492500305176,9.757884979248047,0.007968146353960037,0.945381393493747,0.9367669143259506,3.4107961654663086,-5.119562149047852,5.119562149047852,74.3611831665039,1134.0513229370117,9945.517114705639,9945.517114705639,2.0626492500305176,1907,5797.931210682444,18204.607437222963,254594.44444444444,53038.88888888889,0.0,shift_20m_north,0,2.0126914978027344,0.0499577522277832,2.3443754978943616,1.5619011002127081,19.551327500026673,0.21622779895551503,23.676517999963835,0,0,86486,7597944,1.138281619343338
event70,shift_20m_south,coupled_label,105527,7597944,2.0505154132843018,9.44561767578125,0.010958291590213776,0.9454547928897451,0.9368958856881763,3.378714084625244,-5.119562149047852,5.119562149047852,75.73014831542969,1134.0513229370117,10198.176727352664,10198.176727352664,2.0505154132843018,1907,5881.502435147279,18503.998877078993,257561.11111111112,51977.77777777778,0.0,shift_20m_south,0,2.0126914978027344,0.03782391548156738,2.286135200643912,1.5084226010367274,19.117194002494216,0.20881549827754498,23.12315159989521,0,0,86420,7597944,1.1374129632963865
event70,shift_20m_west,coupled_label,105527,7597944,2.0603251457214355,9.999519348144531,0.017709072679281235,0.9457756337215325,0.9363402056502949,3.4028873443603516,-5.119562149047852,5.119562149047852,74.64361572265625,1134.0513229370117,10476.313544977922,10476.313544977922,2.0603251457214355,1907,5832.160518787454,18758.92023637984,253844.44444444444,53444.444444444445,0.0,shift_20m_west,0,2.0126914978027344,0.04763364791870117,2.2823077014181763,1.5120849006343633,19.091388799948618,0.20802770042791963,23.096164399990812,0,0,86231,7597944,1.134925448252843
event70,shift_20m_east,coupled_label,105527,7597944,2.067901372909546,10.02344799041748,0.008147859945893288,0.9452570097190314,0.9363264458519365,3.4061174392700195,-5.119562149047852,5.119562149047852,75.13372802734375,1134.0513229370117,9831.957696355646,9831.957696355646,2.067901372909546,1907,5780.386124933486,18131.508029267658,256800.0,53433.333333333336,0.0,shift_20m_east,0,2.0126914978027344,0.05520987510681152,2.282418697141111,1.5133395022712648,18.69612609827891,0.20420819986611605,22.698584400117397,0,0,85451,7597944,1.1246595131525055
event70,shift_40m_north,coupled_label,105527,7597944,2.0866236686706543,10.0772066116333,0.019203966483473778,0.9449328877516081,0.936174101218451,3.4495527744293213,-5.119562149047852,5.119562149047852,74.2201919555664,1134.0513229370117,10842.146685811225,10842.146685811225,2.0866236686706543,1907,5881.799190842994,19122.05438402109,262361.1111111111,54127.77777777778,0.0,shift_40m_north,0,2.0126914978027344,0.07393217086791992,2.1659395990427583,1.4474474997259676,18.144328001653776,0.19838030147366226,21.958431700011715,0,0,85818,7597944,1.129489767231767
event70,shift_40m_south,coupled_label,105527,7597944,2.0731351375579834,9.633119583129883,0.03611364588141441,0.9444156510341103,0.9364224272203554,3.406690835952759,-5.119562149047852,5.119562149047852,75.05797576904297,1134.0513229370117,11807.13147490914,11807.13147490914,2.0731351375579834,1907,6059.972149053029,20141.652562328614,269944.44444444444,52622.22222222222,0.0,shift_40m_south,0,2.0126914978027344,0.06044363975524902,2.2000714992173016,1.4533622001763433,18.34996300097555,0.1980470020789653,22.20385370007716,0,0,85836,7597944,1.12972667342639
event70,shift_40m_west,coupled_label,105527,7597944,2.0711214542388916,10.036443710327148,0.03615747392177582,0.9449082187990038,0.9359998339060116,3.426470994949341,-5.119562149047852,5.119562149047852,77.10575103759766,1134.0513229370117,11681.011079567717,11681.011079567717,2.0711214542388916,1907,6014.660516179464,19981.645203762688,264705.55555555556,52733.333333333336,0.0,shift_40m_west,0,2.0126914978027344,0.05842995643615723,2.212752500548959,1.467659902293235,18.513072596862912,0.2057110988534987,22.401583000086248,0,0,85864,7597944,1.1300951941735817
event70,shift_40m_east,coupled_label,105527,7597944,2.0916707515716553,10.175734519958496,0.026068061590194702,0.9446417193970006,0.9358761517390222,3.4421064853668213,-5.119562149047852,5.119562149047852,76.1979751586914,1134.0513229370117,11037.026063405909,11037.026063405909,2.0916707515716553,1907,5850.316819446731,19321.778449183097,269716.6666666667,51288.88888888889,0.0,shift_40m_east,0,2.0126914978027344,0.0789792537689209,2.153754500672221,1.4305439975578338,17.929857100127265,0.19489850010722876,21.711355299921706,0,0,85235,7597944,1.1218166388170274
event70,shift_80m_north,coupled_label,105527,7597944,2.1341896057128906,10.19664192199707,0.06492823362350464,0.9433309942321187,0.935483201129615,3.519131660461426,-5.119562149047852,5.119562149047852,76.80855560302734,1134.0513229370117,14606.631554253865,14606.631554253865,2.1341896057128906,1907,6550.939917623864,22702.760543422075,283305.55555555556,55477.77777777778,0.0,shift_80m_north,0,2.0126914978027344,0.12149810791015625,2.160116797545925,1.440989299211651,18.10823299968615,0.1940942001529038,21.905762299895287,0,0,85313,7597944,1.1228432323270612
event70,shift_80m_south,coupled_label,105527,7597944,2.1188650131225586,9.941601753234863,0.08394933491945267,0.9430347456142576,0.9361021502028141,3.4787709712982178,-12.462377548217773,12.462377548217773,76.12467193603516,1134.0513229370117,15677.444917016895,15677.444917016895,2.1188650131225586,1907,6940.263868218808,23699.688804596197,291683.3333333333,51672.22222222222,0.0,shift_80m_south,0,2.0126914978027344,0.10617351531982422,2.1560116021428257,1.4195977982599288,18.018398502841592,0.19589979946613312,21.79213620000519,0,0,86146,7597944,1.1338067245560115
event70,shift_80m_west,coupled_label,105527,7597944,2.1005899906158447,10.111931800842285,0.05635441094636917,0.9434898586449584,0.9354327700647561,3.47263240814209,-5.119562149047852,5.119562149047852,76.26443481445312,1134.0513229370117,12774.303387783468,12774.303387783468,2.1005897521972656,1907,6189.085758663398,20979.777458420256,281755.55555555556,54505.555555555555,0.0,shift_80m_west,0,2.0126914978027344,0.08789849281311035,2.1798225017264485,1.442151800962165,18.14432589802891,0.19660420017316937,21.965264899889007,0,0,86798,7597944,1.1423879933834733
event70,shift_80m_east,coupled_label,105527,7597944,2.1209771633148193,10.285709381103516,0.05770495906472206,0.9437214793825084,0.9357421303663195,3.4851222038269043,-5.119562149047852,5.119562149047852,75.6369857788086,1134.0513229370117,12681.163890752243,12681.163890752243,2.1209771633148193,1907,6130.477162895532,21278.771641513333,281638.8888888889,50950.0,0.0,shift_80m_east,0,2.0126914978027344,0.10828566551208496,2.2113400993403047,1.472230598796159,18.473699898226187,0.2007686011493206,22.360418899916112,0,0,83995,7597944,1.1054964342985418
event70,shift_160m_north,coupled_label,105527,7597944,2.211899995803833,10.790005683898926,0.14474552869796753,0.9421862587544159,0.9358277999941864,3.64587664604187,-5.119562149047852,5.119562149047852,77.68038940429688,1134.0513229370117,21573.79337947187,21573.79337947187,2.211899995803833,1907,8861.734932980868,29244.761634428287,311488.8888888889,53716.666666666664,0.0,shift_160m_north,0,2.0126914978027344,0.19920849800109863,2.174816698767245,1.4285956018138677,17.9470734980423,0.1941260974854231,21.74687930010259,0,0,83605,7597944,1.100363466748373
event70,shift_160m_south,coupled_label,105527,7597944,2.1839592456817627,10.63681697845459,0.16884131729602814,0.9426012307815569,0.9353427986670841,3.570892333984375,-4.746675491333008,4.746675491333008,76.45660400390625,1134.0513229370117,21829.318310215138,21829.318310215138,2.1839592456817627,1907,9653.3434580705,29996.88491899497,308166.6666666667,49205.555555555555,0.0,shift_160m_south,0,2.0126914978027344,0.17126774787902832,2.171374399214983,1.4392873006872833,18.174967498285696,0.1984014983754605,21.986323799937963,0,0,84793,7597944,1.1159992755935026
event70,shift_160m_west,coupled_label,105527,7597944,2.128854513168335,10.161883354187012,0.09732352197170258,0.9427480623559182,0.9348141385427797,3.5144073963165283,2.3641586303710938,2.3641586303710938,75.71607971191406,1134.0513229370117,14333.824138373137,14333.824138373137,2.128854513168335,1907,7120.7540765582025,23001.040868615033,300261.1111111111,53511.11111111111,0.0,shift_160m_west,0,2.0126914978027344,0.11616301536560059,2.1686558993533254,1.4272512984462082,18.217924499418586,0.19892850192263722,22.015094100032,0,0,84728,7597944,1.1151437810018079
event70,shift_160m_east,coupled_label,105527,7597944,2.1604483127593994,10.445991516113281,0.08974830061197281,0.9423335052685874,0.9353523913828079,3.5484161376953125,-5.119562149047852,5.119562149047852,78.6744155883789,1134.0513229370117,14387.522773624863,14387.522773624863,2.1604483127593994,1907,6897.011066451941,23209.40122982557,294111.1111111111,50538.88888888889,0.0,shift_160m_east,0,2.0126914978027344,0.14775681495666504,2.1469329027459025,1.4341801011469215,18.0068842000328,0.1922142005059868,21.782486699987203,0,0,82749,7597944,1.0890972610485152
event70,block_shuffle,coupled_label,105527,7597944,2.263934373855591,10.731517791748047,0.33277449011802673,0.9400962148681415,0.9351107504197522,3.8211915493011475,-5.119562149047852,5.119562149047852,77.44485473632812,1134.0513229370117,33379.8835506083,33379.8835506083,2.263934373855591,1907,15273.29315471771,41400.64024842554,361233.3333333333,42172.22222222222,0.0,block_shuffle,1,2.0126914978027344,0.25124287605285645,2.1762920012697577,1.4440754980314523,18.27613109908998,0.2005533983465284,22.0994015999604,0,0,75479,7597944,0.9934134813312654
event70,block_shuffle,coupled_label,105527,7597944,2.235572576522827,10.561188697814941,0.33067551255226135,0.9405046430894418,0.936266449071562,3.7876646518707275,-11.330127716064453,11.330127716064453,77.09222412109375,1134.0513229370117,33996.82760498719,33996.82760498719,2.235572576522827,1907,15224.772054405217,41795.67135152151,365744.44444444444,41488.88888888889,0.0,block_shuffle,2,2.0126914978027344,0.22288107872009277,2.2198470002040267,1.475139600224793,18.4860728001222,0.2019597995094955,22.38541840016842,0,0,75910,7597944,0.9990860685469648
event70,block_shuffle,coupled_label,105527,7597944,2.2424707412719727,10.651987075805664,0.31071218848228455,0.9397450270781196,0.9353012108102733,3.7954728603363037,-5.119562149047852,5.119562149047852,78.01432800292969,1134.0513229370117,31259.946093696402,31259.946093696402,2.2424707412719727,1907,14462.648825272561,39510.03229478025,363461.1111111111,46605.555555555555,0.0,block_shuffle,3,2.0126914978027344,0.22977924346923828,2.192898203153163,1.4416006016544998,18.294479400850832,0.19672300294041634,22.128033499931917,0,0,76186,7597944,1.0027186301978535
event70,block_shuffle,coupled_label,105527,7597944,2.250501871109009,10.759380340576172,0.29075607657432556,0.9402322690844206,0.9355146091621871,3.780061721801758,-5.119562149047852,5.119562149047852,78.5019302368164,1134.0513229370117,28947.817033338826,28947.817033338826,2.250501871109009,1907,13625.867215105583,37349.41516313446,361355.55555555556,44077.77777777778,0.0,block_shuffle,4,2.0126914978027344,0.23781037330627441,2.1956953005865216,1.4626777986995876,18.36401109932922,0.19868419785052538,22.223458100110292,0,0,77154,7597944,1.0154589188864778
event70,block_shuffle,coupled_label,105527,7597944,2.2358460426330566,10.907116889953613,0.34041884541511536,0.9400897770819223,0.9359063314892638,3.7717208862304688,-5.119562149047852,5.119562149047852,77.93526458740234,1134.0513229370117,33323.63321796083,33323.63321796083,2.2358460426330566,1907,15522.959715308369,41118.786419413984,364638.8888888889,43138.88888888889,0.0,block_shuffle,5,2.0126914978027344,0.22315454483032227,2.1952806999906898,1.4407680993899703,18.215643899748102,0.19500210089609027,22.049005900043994,0,0,75687,7597944,0.9961510640246888
event70,block_shuffle,coupled_label,105527,7597944,2.2651259899139404,10.74545955657959,0.26802918314933777,0.940631109186103,0.9357945691455853,3.764993190765381,-7.515430450439453,7.515430450439453,77.69078826904297,1134.0513229370117,27858.82451793272,27858.82451793272,2.2651259899139404,1907,12791.570653012837,35592.44790707133,355677.77777777775,44544.444444444445,0.0,block_shuffle,6,2.0126914978027344,0.25243449211120605,2.166530600283295,1.4186287021730095,18.167085097404197,0.199425300816074,21.95397809986025,0,0,77591,7597944,1.021210474833718
event70,block_shuffle,coupled_label,105527,7597944,2.241236448287964,10.65515422821045,0.2705381214618683,0.9401991796001974,0.9362983659019872,3.7156169414520264,-5.119562149047852,5.119562149047852,77.42312622070312,1134.0513229370117,27014.616846335353,27014.616846335353,2.241236448287964,1907,12834.938964973777,35127.017976255855,355677.77777777775,45533.333333333336,0.0,block_shuffle,7,2.0126914978027344,0.2285449504852295,2.1592966995667666,1.410778597695753,18.017871599411592,0.19810830266214907,21.788339300081134,0,0,77197,7597944,1.016024861462522
event70,block_shuffle,coupled_label,105527,7597944,2.237191915512085,10.708110809326172,0.3082786798477173,0.9402982010810405,0.9356613611984311,3.7865915298461914,-5.119562149047852,5.119562149047852,78.15296173095703,1134.0513229370117,30511.69518012996,30511.69518012996,2.237191677093506,1907,14359.65116606702,38665.78435349092,364694.44444444444,43050.0,0.0,block_shuffle,8,2.0126914978027344,0.22450041770935059,2.397338599199429,1.6173939004074782,19.594221100211143,0.21288229897618294,23.82456810004078,0,0,77500,7597944,1.0200127824053455
event70,block_shuffle,coupled_label,105527,7597944,2.229445219039917,10.626729011535645,0.3039338290691376,0.9401742330683949,0.9357167418602436,3.7786121368408203,-5.119562149047852,5.119562149047852,77.85421752929688,1134.0513229370117,30043.03189989715,30043.03189989715,2.229445219039917,1907,14129.223024114217,38642.9443030227,365838.8888888889,44272.22222222222,0.0,block_shuffle,9,2.0126914978027344,0.21675372123718262,2.2742446986958385,1.527448600390926,19.07817250280641,0.2136196994688362,23.096223099855706,0,0,76882,7597944,1.0118790030566163
event70,block_shuffle,coupled_label,105527,7597944,2.239450216293335,10.630847930908203,0.2685452103614807,0.9401876582959857,0.9346489473913251,3.769660711288452,-5.119562149047852,5.119562149047852,76.58525085449219,1134.0513229370117,28510.716026824433,28510.716026824433,2.239450216293335,1907,12791.306125005904,36377.313169453526,357350.0,48477.77777777778,0.0,block_shuffle,10,2.0126914978027344,0.22675871849060059,2.302881296025589,1.5043827996123582,19.09724980010651,0.21004850114695728,23.117242299951613,0,0,77278,7597944,1.0170909393383263
event70,group_permutation,coupled_label,105527,7597944,2.1906509399414062,10.361407279968262,0.04448354244232178,0.942590260903569,0.9343055238411558,3.6126084327697754,-12.462377548217773,12.462377548217773,81.52360534667969,1134.0513229370117,12803.159941273043,12803.159941273043,2.1906509399414062,1907,6305.8858166413165,21148.072601133958,315416.6666666667,56005.555555555555,0.0,group_permutation,1,2.0126914978027344,0.17795944213867188,2.2871329009067267,1.533941200003028,19.159992499742657,0.21760650048963726,23.201285000192,0,0,82345,7597944,1.0837800331247507
event70,group_permutation,coupled_label,105527,7597944,2.1996915340423584,10.506467819213867,0.029740381985902786,0.9429279987650299,0.9341308159585165,3.621445417404175,-11.87586784362793,11.87586784362793,82.00531768798828,1134.0513229370117,11372.025405262597,11372.025405262597,2.1996915340423584,1907,6060.605515809929,19796.605987379327,310072.22222222225,59733.333333333336,0.0,group_permutation,2,2.0126914978027344,0.18700003623962402,2.2948352014645934,1.5350241984706372,19.4956145985052,0.21780959982424974,23.545780299929902,0,0,82422,7597944,1.0847934651795275
event70,group_permutation,coupled_label,105527,7597944,2.2108426094055176,10.408280372619629,0.04106990247964859,0.9421150549267399,0.9344073241379883,3.65289306640625,-1.363515853881836,1.363515853881836,81.07552337646484,1134.0513229370117,12929.034228915581,12929.034228915581,2.2108426094055176,1907,6455.546855576275,21268.09012510837,310411.1111111111,59772.22222222222,0.0,group_permutation,3,2.0126914978027344,0.1981511116027832,2.347471097484231,1.5626810987014323,19.78510240255855,0.21315239858813584,23.910776400007308,0,0,82540,7597944,1.086346516899835
event70,group_permutation,coupled_label,105527,7597944,2.1948115825653076,10.369911193847656,0.046742070466279984,0.9425486767786494,0.9348294994077676,3.6180386543273926,-13.46135139465332,13.46135139465332,78.63977813720703,1134.0513229370117,13256.017500186805,13256.017500186805,2.1948115825653076,1907,6464.790911296114,21515.11245092028,309561.1111111111,59322.22222222222,0.0,group_permutation,4,2.0126914978027344,0.18212008476257324,2.3994789000134915,1.5741422001738101,19.815797800198197,0.23477460001595318,24.026838900055736,0,0,82761,7597944,1.0892551985115972
event70,group_permutation,coupled_label,105527,7597944,2.1939330101013184,10.386475563049316,0.047059375792741776,0.9424766274477921,0.9337622328812369,3.6169381141662598,-10.478496551513672,10.478496551513672,80.68040466308594,1134.0513229370117,12817.106473806547,12817.106473806547,2.1939330101013184,1907,6439.607825971496,21650.292449153494,307477.77777777775,60688.88888888889,0.0,group_permutation,5,2.0126914978027344,0.18124151229858398,2.32452110061422,1.5530435992404819,19.52989050000906,0.21419770177453756,23.624230900080875,0,0,82307,7597944,1.0832798978249905
